episode_id,arm,onset_w,mode,scores
EP00001,C1_variability,15,NONE,"0.1528,0.0767,0.0744,0.0951,0.1690,0.1826,0.0917,0.0565,0.2411,0.1801,0.2268,0.0543,0.2639,0.1378,0.5101,0.3754,0.5651,1.1149,1.0821,1.7861,1.0003,0.5508,0.7843,0.5920,0.6741,1.0490,1.2997,2.4333,3.0912,3.2448,3.2027,2.7024,2.2603,1.2398,0.3904,0.6384,0.6874,0.9692,0.9369,1.5291,1.9385,1.4671"
EP00001,C2_covariance,15,NONE,"1.0978,0.8719,0.7411,1.0772,0.9730,0.4585,0.0000,0.0067,0.1696,0.4193,0.4522,0.6817,0.4148,0.5337,0.6687,0.4065,0.6085,0.2563,0.6038,0.6496,0.5055,0.3352,0.0841,0.1405,0.0658,0.3003,0.2619,0.8536,0.7022,0.4962,0.8439,1.1254,0.7214,0.6559,0.6353,0.7090,0.9921,0.8203,0.8467,0.4856,0.3585,0.2656"
EP00001,C3_both,15,NONE,"1.0978,0.8719,0.7411,1.0772,0.9730,0.4585,0.0917,0.0565,0.2411,0.4193,0.4522,0.6817,0.4148,0.5337,0.6687,0.4065,0.6085,1.1149,1.0821,1.7861,1.0003,0.5508,0.7843,0.5920,0.6741,1.0490,1.2997,2.4333,3.0912,3.2448,3.2027,2.7024,2.2603,1.2398,0.6353,0.7090,0.9921,0.9692,0.9369,1.5291,1.9385,1.4671"
EP00002,C1_variability,25,RATE_LOSS,"0.2974,0.5005,0.2685,0.1496,0.2236,0.2017,0.1939,0.2220,0.5625,0.1931,0.0280,0.0000,0.3192,0.0836,0.2202,0.2479,0.3185,0.1357,0.2144,0.3494,0.8243,1.4218,2.1966,3.1315,4.0058,4.7036,4.8453,4.6836,4.4687,4.4710,4.3624,4.3992,4.4494,4.7510,5.0261,4.9657,4.8501,4.7837,4.7820,4.7754,4.6649,4.7591"
EP00002,C2_covariance,25,RATE_LOSS,"1.3611,1.1340,1.0025,1.3404,1.2356,0.7185,0.2576,0.2644,0.0872,0.1638,0.1969,0.4276,0.1593,0.2789,0.4145,0.1510,0.3540,0.0001,0.3493,0.4144,0.2485,0.0522,0.2758,0.2224,0.3117,0.0375,0.3984,0.8612,0.8135,0.7564,0.8565,1.0387,0.9828,0.9169,0.8962,0.9703,1.2549,1.0821,1.1087,0.7457,0.6190,0.5999"
EP00002,C3_both,25,RATE_LOSS,"1.3611,1.1340,1.0025,1.3404,1.2356,0.7185,0.2576,0.2644,0.5625,0.1931,0.1969,0.4276,0.3192,0.2789,0.4145,0.2479,0.3540,0.1357,0.3493,0.4144,0.8243,1.4218,2.1966,3.1315,4.0058,4.7036,4.8453,4.6836,4.4687,4.4710,4.3624,4.3992,4.4494,4.7510,5.0261,4.9657,4.8501,4.7837,4.7820,4.7754,4.6649,4.7591"
EP00003,C1_variability,21,RATE_LOSS,"0.1126,0.3119,0.1130,0.1338,0.2077,0.1858,0.1303,0.0951,0.4825,0.1054,0.0122,0.0158,0.3443,0.0994,0.2359,0.4620,1.3557,2.6644,4.5211,6.6104,8.8734,10.8530,12.1160,12.6159,12.6401,12.5870,12.4171,12.2482,12.0692,12.0711,11.9807,12.0113,12.0531,12.3044,12.5335,12.4833,12.3869,12.3316,12.3303,12.3248,12.2327,12.3112"
EP00003,C2_covariance,21,RATE_LOSS,"1.1562,1.0546,0.7420,1.0781,0.9739,0.4595,0.0012,0.0076,0.1687,0.4184,0.4513,0.6808,0.4139,0.5328,0.6678,0.3837,0.4331,0.0526,0.0347,0.0000,0.1244,0.3259,0.0703,0.1397,0.0649,0.2994,0.4741,1.0936,0.8253,0.5637,0.9043,1.2341,0.7809,0.6568,0.6362,0.7099,0.9931,0.8212,0.8477,0.4865,0.5689,0.5232"
EP00003,C3_both,21,RATE_LOSS,"1.1562,1.0546,0.7420,1.0781,0.9739,0.4595,0.1303,0.0951,0.4825,0.4184,0.4513,0.6808,0.4139,0.5328,0.6678,0.4620,1.3557,2.6644,4.5211,6.6104,8.8734,10.8530,12.1160,12.6159,12.6401,12.5870,12.4171,12.2482,12.0692,12.0711,11.9807,12.0113,12.0531,12.3044,12.5335,12.4833,12.3869,12.3316,12.3303,12.3248,12.2327,12.3112"
EP00004,C1_variability,14,RATE_LOSS,"0.4863,0.3195,0.0855,0.1063,0.1801,0.1583,0.1028,0.0676,0.0891,1.1666,2.7421,5.1871,8.2102,12.3063,17.8347,23.2653,26.5236,27.5634,27.6159,27.6001,27.6097,27.5245,27.5318,27.5819,27.5964,27.5645,27.4627,27.3614,27.2540,27.2552,27.2009,27.2193,27.2444,27.3951,27.5325,27.5023,27.4446,27.4114,27.4106,27.4073,27.3521,27.3991"
EP00004,C2_covariance,14,RATE_LOSS,"0.4283,0.3208,0.0877,0.2664,0.1639,0.3424,0.7937,0.7870,0.9496,1.1512,0.6539,0.5525,3.1472,5.0387,5.7398,1.3004,0.9276,1.0458,1.3879,1.4330,1.2911,1.1236,0.8764,0.9319,0.8584,1.0892,0.6561,0.6326,0.5460,0.3781,0.7045,0.9478,0.4190,0.1482,0.2271,0.0959,0.1827,0.0136,0.0396,0.3158,0.4409,0.5323"
EP00004,C3_both,14,RATE_LOSS,"0.4863,0.3208,0.0877,0.2664,0.1801,0.3424,0.7937,0.7870,0.9496,1.1666,2.7421,5.1871,8.2102,12.3063,17.8347,23.2653,26.5236,27.5634,27.6159,27.6001,27.6097,27.5245,27.5318,27.5819,27.5964,27.5645,27.4627,27.3614,27.2540,27.2552,27.2009,27.2193,27.2444,27.3951,27.5325,27.5023,27.4446,27.4114,27.4106,27.4073,27.3521,27.3991"
EP00005,C1_variability,25,RATE_LOSS,"0.3463,0.5493,0.3494,0.1810,0.2760,0.2459,0.2470,0.2691,0.6195,0.2214,0.0548,0.0000,0.2366,0.0836,0.2202,0.2479,0.3185,0.1357,0.2144,0.1891,0.2954,0.3074,0.5957,1.0889,1.6011,2.1332,2.5240,2.9613,3.2966,3.7224,3.9711,4.2343,4.4167,4.7510,5.0261,4.9657,4.8501,4.7837,4.7820,4.7754,4.6649,4.7591"
EP00005,C2_covariance,25,RATE_LOSS,"1.3611,1.1340,1.0025,1.3404,1.2356,0.7185,0.2576,0.2644,0.0872,0.1638,0.1969,0.4276,0.1593,0.2789,0.4145,0.1510,0.3540,0.0000,0.3493,0.3970,0.2496,0.0850,0.1834,0.1342,0.2443,0.0025,0.4347,0.7070,0.7968,0.7547,0.8287,1.1068,0.9844,0.9169,0.8962,0.9703,1.2549,1.0821,1.1087,0.7457,0.6296,0.6079"
EP00005,C3_both,25,RATE_LOSS,"1.3611,1.1340,1.0025,1.3404,1.2356,0.7185,0.2576,0.2691,0.6195,0.2214,0.1969,0.4276,0.2366,0.2789,0.4145,0.2479,0.3540,0.1357,0.3493,0.3970,0.2954,0.3074,0.5957,1.0889,1.6011,2.1332,2.5240,2.9613,3.2966,3.7224,3.9711,4.2343,4.4167,4.7510,5.0261,4.9657,4.8501,4.7837,4.7820,4.7754,4.6649,4.7591"
EP00006,C1_variability,21,RATE_LOSS,"0.0886,0.3161,0.1821,0.1338,0.2077,0.5915,0.1303,0.3339,0.4814,0.2987,0.0122,0.0158,0.3425,0.0994,0.2359,0.2645,0.4613,0.6284,1.2415,2.0150,2.9895,4.0381,5.2958,6.6892,7.9947,9.2420,10.1577,10.9364,11.4192,11.8472,11.9640,12.0113,12.0531,12.3044,12.5335,12.4833,12.3869,12.3316,12.3303,12.3248,12.2327,12.3112"
EP00006,C2_covariance,21,RATE_LOSS,"1.5168,1.2890,1.1571,1.4960,1.3909,0.8723,0.4100,0.4168,0.2390,0.0128,0.0459,0.2773,0.0082,0.1281,0.2642,0.0000,0.1922,0.1444,0.1731,0.2540,0.1072,0.0999,0.4463,0.4153,0.5763,0.3070,0.7180,0.8288,0.9758,0.9216,1.0086,1.1934,1.1373,1.0713,1.0505,1.1248,1.4103,1.2370,1.2637,0.8995,0.7714,0.6777"
EP00006,C3_both,21,RATE_LOSS,"1.5168,1.2890,1.1571,1.4960,1.3909,0.8723,0.4100,0.4168,0.4814,0.2987,0.0459,0.2773,0.3425,0.1281,0.2642,0.2645,0.4613,0.6284,1.2415,2.0150,2.9895,4.0381,5.2958,6.6892,7.9947,9.2420,10.1577,10.9364,11.4192,11.8472,11.9640,12.0113,12.0531,12.3044,12.5335,12.4833,12.3869,12.3316,12.3303,12.3248,12.2327,12.3112"
EP00007,C1_variability,20,RATE_LOSS,"0.1195,0.2992,0.1117,0.1325,0.2064,0.2600,0.1290,0.1516,0.4758,0.0848,0.0109,0.0171,0.2120,0.1007,0.2699,0.6808,1.5393,2.6137,4.2819,6.4637,9.0720,11.6607,14.2382,16.9743,19.5779,22.0690,24.0307,25.6711,26.6432,27.1705,27.1890,27.2074,27.2325,27.3832,27.5207,27.4905,27.4328,27.3996,27.3988,27.3954,27.3402,27.3873"
EP00007,C2_covariance,20,RATE_LOSS,"1.2640,1.0373,0.9061,1.2433,1.1387,0.6226,0.1626,0.1694,0.0075,0.2581,0.2910,0.5213,0.2535,0.3729,0.5035,0.2125,0.2900,0.1197,0.0559,0.0075,0.0941,0.3977,1.0001,1.1750,1.6858,1.1945,1.3767,1.0375,0.7886,0.6808,0.8400,1.1668,0.8864,0.8207,0.7999,0.8739,1.1580,0.9855,1.0121,0.6497,0.5441,0.5031"
EP00007,C3_both,20,RATE_LOSS,"1.2640,1.0373,0.9061,1.2433,1.1387,0.6226,0.1626,0.1694,0.4758,0.2581,0.2910,0.5213,0.2535,0.3729,0.5035,0.6808,1.5393,2.6137,4.2819,6.4637,9.0720,11.6607,14.2382,16.9743,19.5779,22.0690,24.0307,25.6711,26.6432,27.1705,27.1890,27.2074,27.2325,27.3832,27.5207,27.4905,27.4328,27.3996,27.3988,27.3954,27.3402,27.3873"
EP00008,C1_variability,22,RATE_LOSS,"0.1622,0.2824,0.3163,0.1377,0.2116,0.4976,0.1343,0.2555,0.5501,0.2699,0.0161,0.0119,0.4477,0.0954,0.2320,0.2597,0.3364,0.1964,0.3541,0.6416,0.6229,0.6368,0.8716,1.2130,1.4737,1.6440,1.6590,1.8550,2.5062,2.6810,2.6790,2.3282,2.6030,3.1472,3.6861,3.8543,4.0016,4.1649,4.3662,4.5209,4.5305,4.7094"
EP00008,C2_covariance,22,RATE_LOSS,"1.4861,1.2584,1.1266,1.4653,1.3603,0.8419,0.3799,0.3867,0.2090,0.0426,0.0757,0.3070,0.0380,0.1579,0.2939,0.0297,0.2327,0.1186,0.2294,0.2862,0.1428,0.0297,0.2968,0.2420,0.3289,0.0867,0.5264,0.8367,0.9212,0.8772,0.9616,1.1926,1.1261,1.0751,1.0317,1.1215,1.3698,1.2013,1.2277,0.8697,0.7455,0.6573"
EP00008,C3_both,22,RATE_LOSS,"1.4861,1.2584,1.1266,1.4653,1.3603,0.8419,0.3799,0.3867,0.5501,0.2699,0.0757,0.3070,0.4477,0.1579,0.2939,0.2597,0.3364,0.1964,0.3541,0.6416,0.6229,0.6368,0.8716,1.2130,1.4737,1.6440,1.6590,1.8550,2.5062,2.6810,2.6790,2.3282,2.6030,3.1472,3.6861,3.8543,4.0016,4.1649,4.3662,4.5209,4.5305,4.7094"
EP00009,C1_variability,14,RATE_LOSS,"0.2859,0.1522,0.0824,0.1032,0.2261,0.1552,0.0997,0.0645,0.1521,0.1445,0.3517,0.6335,0.9418,1.4225,1.9903,2.4778,2.9935,3.2835,3.7983,4.2339,4.6929,4.9713,5.4074,5.9460,6.4087,6.8005,7.0486,7.3329,7.5937,8.0149,8.3918,8.8427,9.3091,10.0146,10.7396,11.1228,11.4899,11.7699,12.0297,12.2072,12.2203,12.3342"
EP00009,C2_covariance,14,RATE_LOSS,"1.0944,0.8684,0.7377,1.0737,0.9695,0.4551,0.0034,0.0034,0.1696,0.4281,0.4541,0.6637,0.3950,0.4957,0.6215,0.3842,0.5749,0.2579,0.5902,0.6657,0.5322,0.3571,0.0762,0.1280,0.0286,0.2744,0.2839,0.7121,0.5843,0.4974,0.9399,1.4369,0.9367,0.7391,0.6676,0.7785,0.9784,0.8023,0.8279,0.4736,0.3513,0.2622"
EP00009,C3_both,14,RATE_LOSS,"1.0944,0.8684,0.7377,1.0737,0.9695,0.4551,0.0997,0.0645,0.1696,0.4281,0.4541,0.6637,0.9418,1.4225,1.9903,2.4778,2.9935,3.2835,3.7983,4.2339,4.6929,4.9713,5.4074,5.9460,6.4087,6.8005,7.0486,7.3329,7.5937,8.0149,8.3918,8.8427,9.3091,10.0146,10.7396,11.1228,11.4899,11.7699,12.0297,12.2072,12.2203,12.3342"
EP00010,C1_variability,20,RATE_LOSS,"0.0868,0.2953,0.2144,0.1325,0.2064,0.4924,0.1290,0.3102,0.4801,0.1284,0.0109,0.0171,0.2286,0.1007,0.2419,0.4115,0.8161,1.1878,1.9796,2.9345,4.0832,5.1354,6.2976,7.5900,8.7974,9.9755,11.0020,12.1270,13.2040,14.3469,15.5573,16.7240,17.9026,19.2942,20.7935,21.9282,23.2233,24.3555,25.3749,26.1904,26.7302,27.1719"
EP00010,C2_covariance,20,RATE_LOSS,"1.4201,1.1927,1.0611,1.3993,1.2945,0.7768,0.3154,0.3221,0.1447,0.1066,0.1397,0.3707,0.1020,0.2218,0.3568,0.0853,0.2520,0.0853,0.2246,0.3158,0.1945,0.1563,0.3379,0.3042,0.4588,0.2032,0.6511,0.8301,0.9175,0.9647,0.9887,2.0553,1.7773,1.4706,1.2660,1.5477,1.5605,1.3795,1.3531,0.9604,0.7727,0.6835"
EP00010,C3_both,20,RATE_LOSS,"1.4201,1.1927,1.0611,1.3993,1.2945,0.7768,0.3154,0.3221,0.4801,0.1284,0.1397,0.3707,0.2286,0.2218,0.3568,0.4115,0.8161,1.1878,1.9796,2.9345,4.0832,5.1354,6.2976,7.5900,8.7974,9.9755,11.0020,12.1270,13.2040,14.3469,15.5573,16.7240,17.9026,19.2942,20.7935,21.9282,23.2233,24.3555,25.3749,26.1904,26.7302,27.1719"
EP00011,C1_variability,26,CHANNEL_DROPOUT,"0.3079,0.5103,0.4577,0.1457,0.2510,0.1977,0.1831,0.2087,0.5544,0.3145,0.0240,0.0039,0.5889,0.0875,0.2241,0.2518,0.3224,0.1396,0.2183,0.1833,0.2013,0.0039,0.0270,0.1232,1.6236,1.4381,7.8596,13.6025,16.3918,16.7491,17.1931,17.2764,16.9911,16.9739,16.6193,16.5038,16.3993,16.4372,16.4202,16.2063,16.0672,15.6970"
EP00011,C2_covariance,26,CHANNEL_DROPOUT,"1.3836,1.1564,1.0249,1.3629,1.2581,0.7408,0.2797,0.2865,0.1091,0.1420,0.1750,0.4059,0.1374,0.2571,0.3928,0.1291,0.3322,0.0219,0.3275,0.3736,0.2212,0.0778,0.1711,0.1057,0.2902,0.0219,1.1709,1.9803,2.6723,2.5729,2.7430,3.0189,2.9887,2.9283,2.9132,3.0414,3.3185,3.0418,2.9698,2.6498,2.5528,2.4789"
EP00011,C3_both,26,CHANNEL_DROPOUT,"1.3836,1.1564,1.0249,1.3629,1.2581,0.7408,0.2797,0.2865,0.5544,0.3145,0.1750,0.4059,0.5889,0.2571,0.3928,0.2518,0.3322,0.1396,0.3275,0.3736,0.2212,0.0778,0.1711,0.1232,1.6236,1.4381,7.8596,13.6025,16.3918,16.7491,17.1931,17.2764,16.9911,16.9739,16.6193,16.5038,16.3993,16.4372,16.4202,16.2063,16.0672,15.6970"
EP00012,C1_variability,18,CHANNEL_DROPOUT,"0.1038,0.1012,0.0089,0.0297,0.1396,0.2327,0.0262,0.0823,0.4160,0.1315,0.0917,0.1196,0.1268,0.0657,0.0573,0.6260,1.1156,2.0425,20.1628,14.5833,25.5208,30.4845,30.4356,30.3584,30.3267,30.2317,30.4016,30.3513,30.5107,30.2809,30.2386,30.2915,30.2083,30.2083,30.2083,30.2083,30.2083,30.2083,30.2083,30.2083,30.2083,30.2083"
EP00012,C2_covariance,18,CHANNEL_DROPOUT,"1.0068,0.7813,0.6507,0.9862,0.8822,0.3687,0.0890,0.0823,0.2583,0.5076,0.5404,0.7696,0.4901,0.5848,0.5477,0.0823,1.2350,2.2779,2.0507,6.3484,8.8623,11.4650,11.5654,11.4749,11.7648,11.4084,11.9769,11.9920,12.0391,12.1165,12.2220,12.3545,12.1542,12.2925,12.3914,12.2011,12.3727,12.5927,12.5306,12.1155,12.1041,11.9157"
EP00012,C3_both,18,CHANNEL_DROPOUT,"1.0068,0.7813,0.6507,0.9862,0.8822,0.3687,0.0890,0.0823,0.4160,0.5076,0.5404,0.7696,0.4901,0.5848,0.5477,0.6260,1.2350,2.2779,20.1628,14.5833,25.5208,30.4845,30.4356,30.3584,30.3267,30.2317,30.4016,30.3513,30.5107,30.2809,30.2386,30.2915,30.2083,30.2083,30.2083,30.2083,30.2083,30.2083,30.2083,30.2083,30.2083,30.2083"
EP00013,C1_variability,23,CHANNEL_DROPOUT,"0.0938,0.2379,0.1730,0.0398,0.1136,0.1873,0.0363,0.1796,0.4413,0.1018,0.0816,0.1095,0.6898,0.1929,0.3292,0.3569,0.4273,0.2108,0.0981,0.7812,1.7248,2.8189,3.6086,21.1272,34.8958,56.2500,59.8958,59.8958,59.8958,59.8958,59.8958,59.8958,59.8958,59.8958,59.8958,59.8958,59.8958,59.8958,59.8958,59.8958,59.8958,59.8958"
EP00013,C2_covariance,23,CHANNEL_DROPOUT,"1.0978,0.8719,0.7411,1.0772,0.9730,0.4585,0.0000,0.0067,0.1696,0.4193,0.4522,0.6817,0.4148,0.5337,0.6687,0.4065,0.6085,0.2823,0.5177,0.7466,5.5109,9.7790,11.5338,14.2893,24.5725,35.6891,41.0137,41.2023,41.3491,41.4232,41.1598,41.1095,40.8079,40.8521,40.7343,40.5966,40.6158,40.5887,41.0284,40.6605,40.7322,40.9462"
EP00013,C3_both,23,CHANNEL_DROPOUT,"1.0978,0.8719,0.7411,1.0772,0.9730,0.4585,0.0363,0.1796,0.4413,0.4193,0.4522,0.6817,0.6898,0.5337,0.6687,0.4065,0.6085,0.2823,0.5177,0.7812,5.5109,9.7790,11.5338,21.1272,34.8958,56.2500,59.8958,59.8958,59.8958,59.8958,59.8958,59.8958,59.8958,59.8958,59.8958,59.8958,59.8958,59.8958,59.8958,59.8958,59.8958,59.8958"
EP00014,C1_variability,16,CHANNEL_DROPOUT,"0.0525,0.0590,0.0604,0.0811,0.1550,0.1560,0.0777,0.0555,0.4027,0.1796,0.1992,0.0673,0.0517,0.0212,0.6011,1.3126,1.6709,17.8327,17.9583,19.3996,19.5047,27.9317,27.7386,27.6873,27.6320,27.5234,28.1224,27.8825,27.6490,27.7155,27.5009,27.4539,27.3502,27.2652,27.3777,27.3374,27.9068,28.0037,28.1798,28.2981,28.3706,28.5321"
EP00014,C2_covariance,16,CHANNEL_DROPOUT,"1.1846,0.9583,0.8273,1.1640,1.0596,0.5443,0.0849,0.0917,0.0849,0.3351,0.3680,0.5971,0.3358,0.4860,0.5991,0.4175,0.6042,0.2076,0.4205,0.4099,0.1712,1.1296,1.4119,1.3571,1.4666,1.1965,1.9524,2.3843,2.5805,2.3542,2.3919,2.5982,2.5375,2.5091,2.5132,2.6741,2.8941,2.7625,2.7921,2.4474,2.3748,2.2229"
EP00014,C3_both,16,CHANNEL_DROPOUT,"1.1846,0.9583,0.8273,1.1640,1.0596,0.5443,0.0849,0.0917,0.4027,0.3351,0.3680,0.5971,0.3358,0.4860,0.6011,1.3126,1.6709,17.8327,17.9583,19.3996,19.5047,27.9317,27.7386,27.6873,27.6320,27.5234,28.1224,27.8825,27.6490,27.7155,27.5009,27.4539,27.3502,27.2652,27.3777,27.3374,27.9068,28.0037,28.1798,28.2981,28.3706,28.5321"
EP00015,C1_variability,20,CHANNEL_DROPOUT,"0.0662,0.2287,0.1915,0.0675,0.1413,0.3827,0.0640,0.4822,0.4328,0.0831,0.0540,0.1792,0.3526,0.1654,0.2948,0.2617,0.1658,0.3995,0.8355,2.4732,7.9990,16.1450,18.6036,16.5071,18.7338,28.8901,25.8408,23.9583,26.0417,29.6875,30.2083,30.2083,30.2083,30.2083,30.2083,30.2083,30.2083,30.2083,30.2083,30.2083,30.2083,30.2083"
EP00015,C2_covariance,20,CHANNEL_DROPOUT,"1.1332,0.9070,0.7762,1.1125,1.0082,0.4934,0.0346,0.0413,0.1351,0.3850,0.4179,0.6476,0.3805,0.4995,0.6382,0.3534,0.4612,0.0346,0.1635,0.6563,1.1534,2.2784,3.5295,4.6718,6.0783,6.7841,8.9211,11.3524,12.3768,13.5701,13.6029,14.0716,13.6208,13.5370,13.4435,13.5487,14.0220,13.8037,13.8869,13.5561,13.7061,13.6728"
EP00015,C3_both,20,CHANNEL_DROPOUT,"1.1332,0.9070,0.7762,1.1125,1.0082,0.4934,0.0640,0.4822,0.4328,0.3850,0.4179,0.6476,0.3805,0.4995,0.6382,0.3534,0.4612,0.3995,0.8355,2.4732,7.9990,16.1450,18.6036,16.5071,18.7338,28.8901,25.8408,23.9583,26.0417,29.6875,30.2083,30.2083,30.2083,30.2083,30.2083,30.2083,30.2083,30.2083,30.2083,30.2083,30.2083,30.2083"
EP00016,C1_variability,25,CHANNEL_DROPOUT,"0.2908,0.3476,0.1817,0.0951,0.1814,0.3217,0.0917,0.0975,0.4350,0.0811,0.0264,0.0543,0.2965,0.1378,0.2743,0.3019,0.3724,0.1899,0.2685,0.1544,0.0134,0.4321,0.9171,1.4176,2.1118,19.1493,27.4068,24.2671,29.8277,33.3333,38.7200,47.3958,56.7708,59.8958,59.8958,59.8958,59.8958,59.8958,59.8958,59.8958,59.8958,59.8958"
EP00016,C2_covariance,25,CHANNEL_DROPOUT,"1.3611,1.1340,1.0025,1.3404,1.2356,0.7185,0.2576,0.2644,0.0872,0.1638,0.1969,0.4276,0.1593,0.2789,0.4145,0.1510,0.3540,0.0000,0.3493,0.4946,0.4429,0.3946,0.3765,1.3001,3.0488,3.7294,5.4732,8.8431,12.9529,18.8275,21.7517,27.8192,37.6310,42.1908,41.7431,41.9875,41.9724,42.1073,42.2791,42.0804,41.8487,41.5454"
EP00016,C3_both,25,CHANNEL_DROPOUT,"1.3611,1.1340,1.0025,1.3404,1.2356,0.7185,0.2576,0.2644,0.4350,0.1638,0.1969,0.4276,0.2965,0.2789,0.4145,0.3019,0.3724,0.1899,0.3493,0.4946,0.4429,0.4321,0.9171,1.4176,3.0488,19.1493,27.4068,24.2671,29.8277,33.3333,38.7200,47.3958,56.7708,59.8958,59.8958,59.8958,59.8958,59.8958,59.8958,59.8958,59.8958,59.8958"
EP00017,C1_variability,24,CHANNEL_DROPOUT,"0.2952,0.3589,0.4729,0.1325,0.2911,0.3320,0.1726,0.2761,0.5986,0.3921,0.0573,0.0171,0.5361,0.1007,0.2372,0.2649,0.3354,0.1528,0.2352,0.1915,0.1976,0.0324,0.0546,0.0374,3.3665,3.6180,5.1709,6.1607,6.9126,7.0538,7.0031,6.7823,6.3482,10.1896,9.8172,9.3171,9.2672,15.1233,15.0003,14.9778,14.9769,16.4236"
EP00017,C2_covariance,24,CHANNEL_DROPOUT,"1.3868,1.1596,1.0280,1.3661,1.2612,0.7439,0.2828,0.2896,0.1122,0.1389,0.1720,0.4028,0.1343,0.2540,0.3897,0.1260,0.3292,0.0250,0.3145,0.3508,0.1787,0.0250,0.2272,0.1980,0.4867,0.2232,0.8249,1.0272,1.2233,1.1381,1.4799,1.6244,1.5029,1.6987,1.6242,1.7652,1.9668,2.1557,2.2134,1.8777,1.6965,2.1083"
EP00017,C3_both,24,CHANNEL_DROPOUT,"1.3868,1.1596,1.0280,1.3661,1.2612,0.7439,0.2828,0.2896,0.5986,0.3921,0.1720,0.4028,0.5361,0.2540,0.3897,0.2649,0.3354,0.1528,0.3145,0.3508,0.1976,0.0324,0.2272,0.1980,3.3665,3.6180,5.1709,6.1607,6.9126,7.0538,7.0031,6.7823,6.3482,10.1896,9.8172,9.3171,9.2672,15.1233,15.0003,14.9778,14.9769,16.4236"
EP00018,C1_variability,16,CHANNEL_DROPOUT,"0.1373,0.1405,0.0876,0.1084,0.1823,0.1604,0.1049,0.0697,0.3355,0.1144,0.0216,0.0371,0.1681,0.1089,0.4103,0.4830,3.9085,4.1691,6.7323,6.8466,15.3094,17.8060,16.7608,19.3097,17.7894,15.0859,15.4250,25.4756,29.2887,29.0070,30.9795,31.0479,32.0305,34.6925,33.9563,35.2169,35.0718,38.6128,42.4135,45.9069,49.7635,49.7248"
EP00018,C2_covariance,16,CHANNEL_DROPOUT,"1.1846,0.9583,0.8273,1.1640,1.0596,0.5443,0.0849,0.0917,0.0849,0.3351,0.3680,0.5759,0.3076,0.4414,0.5335,0.2909,0.4083,0.2433,0.5616,0.8421,0.6269,1.0890,1.7415,2.4980,2.5992,2.9645,3.4535,3.4828,4.5870,5.2074,5.3816,5.8116,5.8069,6.3481,7.3994,7.8949,8.3990,8.9059,10.1995,10.0048,11.2923,10.8746"
EP00018,C3_both,16,CHANNEL_DROPOUT,"1.1846,0.9583,0.8273,1.1640,1.0596,0.5443,0.1049,0.0917,0.3355,0.3351,0.3680,0.5759,0.3076,0.4414,0.5335,0.4830,3.9085,4.1691,6.7323,6.8466,15.3094,17.8060,16.7608,19.3097,17.7894,15.0859,15.4250,25.4756,29.2887,29.0070,30.9795,31.0479,32.0305,34.6925,33.9563,35.2169,35.0718,38.6128,42.4135,45.9069,49.7635,49.7248"
EP00019,C1_variability,23,CHANNEL_DROPOUT,"0.1242,0.1765,0.1408,0.0951,0.1690,0.4055,0.0917,0.2399,0.5298,0.1280,0.0264,0.0543,0.5664,0.1378,0.2743,0.3019,0.3724,0.1744,0.1238,0.7158,1.0597,1.7089,4.4402,10.1531,19.3591,25.3519,24.6498,16.0871,20.8333,21.8750,23.9583,26.5625,28.1250,35.3635,33.3333,36.4583,39.5833,41.6667,46.3542,51.7520,54.2355,58.1141"
EP00019,C2_covariance,23,CHANNEL_DROPOUT,"1.5167,1.2889,1.1570,1.4959,1.3908,0.8721,0.4098,0.4166,0.2389,0.0129,0.0460,0.2775,0.0083,0.1283,0.2644,0.0000,0.2036,0.1217,0.4209,0.6335,0.1048,0.3016,0.4167,1.2759,2.3702,3.8593,4.6658,5.9804,8.2426,9.5577,10.8769,12.8976,14.0351,15.4809,16.2535,17.9054,19.9127,21.6014,25.0761,28.4680,32.4060,34.4837"
EP00019,C3_both,23,CHANNEL_DROPOUT,"1.5167,1.2889,1.1570,1.4959,1.3908,0.8721,0.4098,0.4166,0.5298,0.1280,0.0460,0.2775,0.5664,0.1378,0.2743,0.3019,0.3724,0.1744,0.4209,0.7158,1.0597,1.7089,4.4402,10.1531,19.3591,25.3519,24.6498,16.0871,20.8333,21.8750,23.9583,26.5625,28.1250,35.3635,33.3333,36.4583,39.5833,41.6667,46.3542,51.7520,54.2355,58.1141"
EP00020,C1_variability,26,GAIN_DRIFT,"0.0874,0.2345,0.3397,0.1084,0.2519,0.1805,0.1049,0.1543,0.5806,0.3672,0.0762,0.0411,0.0332,0.1247,0.2612,0.2888,0.3593,0.1767,0.2553,0.2397,0.3687,2.4822,5.4243,8.4808,12.2706,15.6818,19.5036,19.5460,18.9201,20.1723,19.8899,20.3686,19.5355,20.3277,20.7249,19.6202,19.5561,19.6822,19.6358,18.7969,19.5570,19.1101"
EP00020,C2_covariance,26,GAIN_DRIFT,"1.3916,1.1643,1.0328,1.3708,1.2660,0.7486,0.2874,0.2942,0.1169,0.1343,0.1673,0.3982,0.1297,0.2494,0.3851,0.1214,0.3246,0.0296,0.3198,0.3659,0.2178,0.0541,0.0879,0.0231,0.2075,0.0231,0.4328,0.7554,0.8474,0.8043,0.9028,1.1520,1.0512,0.9915,0.9966,1.0531,1.3517,1.0967,1.1651,0.7940,0.6797,0.5928"
EP00020,C3_both,26,GAIN_DRIFT,"1.3916,1.1643,1.0328,1.3708,1.2660,0.7486,0.2874,0.2942,0.5806,0.3672,0.1673,0.3982,0.1297,0.2494,0.3851,0.2888,0.3593,0.1767,0.3198,0.3659,0.3687,2.4822,5.4243,8.4808,12.2706,15.6818,19.5036,19.5460,18.9201,20.1723,19.8899,20.3686,19.5355,20.3277,20.7249,19.6202,19.5561,19.6822,19.6358,18.7969,19.5570,19.1101"
EP00021,C1_variability,26,GAIN_DRIFT,"0.0402,0.2533,0.0876,0.1084,0.3591,0.4086,0.2257,0.1059,0.3894,0.0180,0.0132,0.0411,0.0875,0.1247,0.2612,0.2888,0.3593,0.1767,0.2553,0.2204,0.2327,2.6143,6.8000,10.1004,15.1781,22.7996,34.2571,42.7743,44.1234,45.3998,45.5363,45.5828,47.6907,46.2666,46.0211,46.2049,44.7412,44.8769,44.3742,45.1341,43.7437,43.5478"
EP00021,C2_covariance,26,GAIN_DRIFT,"1.3164,1.0894,0.9581,1.2957,1.1910,0.6744,0.2139,0.2206,0.0435,0.2073,0.2402,0.4708,0.2027,0.3222,0.4577,0.1944,0.3972,0.0435,0.3925,0.4385,0.2898,0.0824,0.1291,0.2866,0.6514,0.6484,0.9933,0.9039,1.1832,1.0490,1.1035,1.2551,1.2991,1.2480,1.2187,1.4346,1.7207,1.6397,1.5410,1.1572,1.0476,0.9653"
EP00021,C3_both,26,GAIN_DRIFT,"1.3164,1.0894,0.9581,1.2957,1.1910,0.6744,0.2257,0.2206,0.3894,0.2073,0.2402,0.4708,0.2027,0.3222,0.4577,0.2888,0.3972,0.1767,0.3925,0.4385,0.2898,2.6143,6.8000,10.1004,15.1781,22.7996,34.2571,42.7743,44.1234,45.3998,45.5363,45.5828,47.6907,46.2666,46.0211,46.2049,44.7412,44.8769,44.3742,45.1341,43.7437,43.5478"
EP00022,C1_variability,22,GAIN_DRIFT,"0.2556,0.4028,0.1331,0.0392,0.1130,0.1567,0.0358,0.0282,0.2759,0.0558,0.0822,0.1101,0.1021,0.1935,0.3298,0.3574,1.0156,5.4244,9.3477,14.9228,22.7367,36.2530,71.6317,116.6415,124.1993,124.6951,125.3372,128.8039,127.8668,127.9017,125.4293,125.6360,125.3630,123.7564,121.5675,120.2931,124.6453,123.9170,124.4899,125.8703,124.8657,125.6733"
EP00022,C2_covariance,22,GAIN_DRIFT,"1.1846,0.9583,0.8273,1.1640,1.0596,0.5443,0.0849,0.0917,0.0849,0.3351,0.3680,0.5979,0.3305,0.4497,0.5849,0.3223,0.5273,0.3377,0.5266,3.3031,5.5536,6.5980,4.6992,3.3584,2.1196,1.7955,2.1962,2.2551,2.2611,2.4151,2.6506,2.8119,2.7292,2.7433,2.6289,2.8663,3.0887,3.1514,3.5350,2.8756,2.8177,2.4087"
EP00022,C3_both,22,GAIN_DRIFT,"1.1846,0.9583,0.8273,1.1640,1.0596,0.5443,0.0849,0.0917,0.2759,0.3351,0.3680,0.5979,0.3305,0.4497,0.5849,0.3574,1.0156,5.4244,9.3477,14.9228,22.7367,36.2530,71.6317,116.6415,124.1993,124.6951,125.3372,128.8039,127.8668,127.9017,125.4293,125.6360,125.3630,123.7564,121.5675,120.2931,124.6453,123.9170,124.4899,125.8703,124.8657,125.6733"
EP00023,C1_variability,24,GAIN_DRIFT,"0.1466,0.3491,0.1907,0.1456,0.2196,0.2961,0.1422,0.3428,0.5276,0.2252,0.0240,0.0040,0.2271,0.0876,0.2242,0.2519,0.3224,0.1397,0.2184,0.3848,0.6743,1.4602,2.2441,3.4796,5.3875,7.4759,8.9890,9.8240,12.1025,13.5145,15.4885,17.5040,18.1849,18.4734,17.6192,18.1260,18.6359,17.3906,17.3034,17.4287,17.0787,17.8397"
EP00023,C2_covariance,24,GAIN_DRIFT,"1.3998,1.1725,1.0409,1.3790,1.2742,0.7567,0.2955,0.3022,0.1249,0.1263,0.1594,0.3903,0.1218,0.2414,0.3772,0.1135,0.3166,0.0376,0.3119,0.3546,0.2157,0.0376,0.2191,0.1635,0.2282,0.0244,0.4957,0.9692,0.9391,0.8867,0.9743,1.1922,1.1669,1.0431,1.0385,1.1160,1.3633,1.2037,1.2364,0.8884,0.7514,0.6245"
EP00023,C3_both,24,GAIN_DRIFT,"1.3998,1.1725,1.0409,1.3790,1.2742,0.7567,0.2955,0.3428,0.5276,0.2252,0.1594,0.3903,0.2271,0.2414,0.3772,0.2519,0.3224,0.1397,0.3119,0.3848,0.6743,1.4602,2.2441,3.4796,5.3875,7.4759,8.9890,9.8240,12.1025,13.5145,15.4885,17.5040,18.1849,18.4734,17.6192,18.1260,18.6359,17.3906,17.3034,17.4287,17.0787,17.8397"
EP00024,C1_variability,15,GAIN_DRIFT,"0.3456,0.2152,0.0000,0.0208,0.0945,0.0727,0.0173,0.0179,0.1046,0.0735,0.0845,1.1936,3.3030,5.9609,7.9067,10.7827,14.6851,19.5630,23.8525,27.2207,31.2433,35.3654,37.6959,39.5374,40.3810,42.6372,42.5706,42.5969,42.4700,41.9891,43.6459,43.0261,43.9127,45.2909,43.6544,42.6834,43.9662,42.8391,43.3207,43.2520,41.7448,41.6692"
EP00024,C2_covariance,15,GAIN_DRIFT,"1.0978,0.8719,0.7411,1.0772,0.9730,0.4585,0.0000,0.0067,0.1696,0.4190,0.4530,0.6859,0.4477,0.5528,0.6211,0.3331,0.5425,0.2282,0.5107,0.6868,0.5237,0.3059,0.0054,0.0060,0.1275,0.0244,0.4260,0.6650,0.7990,0.7677,0.9286,1.1224,1.0335,0.9625,0.9528,1.0215,1.1594,1.0098,1.0246,0.6502,0.5337,0.4093"
EP00024,C3_both,15,GAIN_DRIFT,"1.0978,0.8719,0.7411,1.0772,0.9730,0.4585,0.0173,0.0179,0.1696,0.4190,0.4530,1.1936,3.3030,5.9609,7.9067,10.7827,14.6851,19.5630,23.8525,27.2207,31.2433,35.3654,37.6959,39.5374,40.3810,42.6372,42.5706,42.5969,42.4700,41.9891,43.6459,43.0261,43.9127,45.2909,43.6544,42.6834,43.9662,42.8391,43.3207,43.2520,41.7448,41.6692"
EP00025,C1_variability,20,GAIN_DRIFT,"0.1887,0.2840,0.0184,0.0392,0.1130,0.2431,0.1987,0.0383,0.5469,0.2150,0.0822,0.1101,0.1021,0.1935,0.3284,0.8705,3.3221,8.3915,14.5101,23.9612,32.8635,46.1447,60.1100,66.4762,79.3277,87.9106,98.3535,107.9941,118.0258,119.5593,115.4945,119.3426,117.7030,121.0275,122.0491,122.3187,119.9717,117.7223,117.1685,113.7929,113.0855,113.9553"
EP00025,C2_covariance,20,GAIN_DRIFT,"1.5186,1.2908,1.1589,1.4978,1.3927,0.8741,0.4117,0.4185,0.2408,0.0110,0.0442,0.2756,0.0064,0.1264,0.2630,0.0318,0.2229,0.0964,0.3241,0.2501,0.0429,0.4813,1.0121,1.4702,2.3966,2.8597,3.0636,3.4000,3.0879,3.3399,3.5569,3.8320,3.6955,3.5957,3.4423,3.4071,3.6768,3.8286,3.7131,3.4079,3.7476,3.6308"
EP00025,C3_both,20,GAIN_DRIFT,"1.5186,1.2908,1.1589,1.4978,1.3927,0.8741,0.4117,0.4185,0.5469,0.2150,0.0822,0.2756,0.1021,0.1935,0.3284,0.8705,3.3221,8.3915,14.5101,23.9612,32.8635,46.1447,60.1100,66.4762,79.3277,87.9106,98.3535,107.9941,118.0258,119.5593,115.4945,119.3426,117.7030,121.0275,122.0491,122.3187,119.9717,117.7223,117.1685,113.7929,113.0855,113.9553"
EP00026,C1_variability,14,GAIN_DRIFT,"0.1657,0.0580,0.0523,0.0731,0.2450,0.1843,0.0696,0.0344,0.2050,0.2057,0.0771,0.4868,1.2349,1.3468,2.4965,3.1502,4.1133,5.2053,5.7695,6.0742,6.7822,7.5101,7.6417,8.8035,8.7298,9.6985,10.1111,10.3570,10.7893,11.1961,12.9650,13.0424,14.2744,14.9858,16.1709,16.9344,18.7233,18.5207,19.6380,19.9745,19.5635,19.6026"
EP00026,C2_covariance,14,GAIN_DRIFT,"1.0944,0.8684,0.7377,1.0737,0.9695,0.4551,0.0034,0.0034,0.1734,0.4257,0.4594,0.6900,0.4186,0.5499,0.6550,0.4005,0.6114,0.2682,0.6150,0.6767,0.5219,0.3529,0.0968,0.1517,0.0936,0.3348,0.2468,0.8200,0.5993,0.4892,0.7576,1.0681,0.7267,0.6608,0.6234,0.6974,0.9255,0.7287,0.7377,0.3849,0.3061,0.2035"
EP00026,C3_both,14,GAIN_DRIFT,"1.0944,0.8684,0.7377,1.0737,0.9695,0.4551,0.0696,0.0344,0.2050,0.4257,0.4594,0.6900,1.2349,1.3468,2.4965,3.1502,4.1133,5.2053,5.7695,6.0742,6.7822,7.5101,7.6417,8.8035,8.7298,9.6985,10.1111,10.3570,10.7893,11.1961,12.9650,13.0424,14.2744,14.9858,16.1709,16.9344,18.7233,18.5207,19.6380,19.9745,19.5635,19.6026"
EP00027,C1_variability,24,GAIN_DRIFT,"0.1154,0.3363,0.1411,0.1456,0.2196,0.3755,0.2048,0.2532,0.6322,0.2397,0.0978,0.0040,0.1507,0.0876,0.2242,0.2519,0.3224,0.1397,0.2224,0.3320,0.6544,2.4273,3.2610,4.5477,6.6102,8.9704,12.4667,13.7611,17.1763,19.3766,22.3126,24.9427,25.7461,28.8249,30.5771,32.5273,34.8406,37.9547,39.7408,42.8001,44.7974,45.6761"
EP00027,C2_covariance,24,GAIN_DRIFT,"1.4040,1.1767,1.0451,1.3832,1.2784,0.7609,0.2996,0.3064,0.1290,0.1222,0.1553,0.3862,0.1176,0.2373,0.3731,0.1093,0.3125,0.0418,0.3095,0.3654,0.2284,0.0418,0.1853,0.1150,0.1852,0.0011,0.4299,0.8495,0.8882,0.9010,0.9411,1.2689,1.3191,1.3339,1.3156,1.4939,1.8070,1.6717,1.7915,1.4951,1.3209,1.2204"
EP00027,C3_both,24,GAIN_DRIFT,"1.4040,1.1767,1.0451,1.3832,1.2784,0.7609,0.2996,0.3064,0.6322,0.2397,0.1553,0.3862,0.1507,0.2373,0.3731,0.2519,0.3224,0.1397,0.3095,0.3654,0.6544,2.4273,3.2610,4.5477,6.6102,8.9704,12.4667,13.7611,17.1763,19.3766,22.3126,24.9427,25.7461,28.8249,30.5771,32.5273,34.8406,37.9547,39.7408,42.8001,44.7974,45.6761"
EP00028,C1_variability,22,GAIN_DRIFT,"0.1739,0.3419,0.1169,0.1377,0.2116,0.2952,0.1343,0.0990,0.4440,0.0425,0.0161,0.0119,0.1442,0.0954,0.2320,0.2597,0.3329,0.5712,1.8238,3.8832,5.8023,9.9798,15.2673,21.5630,26.9572,32.5464,37.6923,43.8710,48.1207,53.6472,56.3198,59.5870,69.1487,70.0909,80.3056,82.5812,90.1917,95.3246,101.4159,104.4669,106.7768,107.5282"
EP00028,C2_covariance,22,GAIN_DRIFT,"1.5067,1.2790,1.1471,1.4859,1.3809,0.8623,0.4001,0.4069,0.2292,0.0225,0.0557,0.2870,0.0179,0.1379,0.2739,0.0096,0.2133,0.1461,0.2265,0.2852,0.1626,0.0096,0.3401,0.3836,0.6945,0.6878,1.3201,1.5941,1.7294,1.8115,1.7445,2.2802,2.3172,2.5865,3.0192,3.8277,3.9300,4.2768,4.6616,4.7229,4.0741,4.1694"
EP00028,C3_both,22,GAIN_DRIFT,"1.5067,1.2790,1.1471,1.4859,1.3809,0.8623,0.4001,0.4069,0.4440,0.0425,0.0557,0.2870,0.1442,0.1379,0.2739,0.2597,0.3329,0.5712,1.8238,3.8832,5.8023,9.9798,15.2673,21.5630,26.9572,32.5464,37.6923,43.8710,48.1207,53.6472,56.3198,59.5870,69.1487,70.0909,80.3056,82.5812,90.1917,95.3246,101.4159,104.4669,106.7768,107.5282"
EP00029,C1_variability,18,GEOMETRY_ROTATION,"0.4335,0.4072,0.1056,0.1264,0.2003,0.1784,0.1229,0.0877,0.0865,0.0312,0.0048,0.4065,1.0939,2.1563,3.4084,4.6868,5.9389,6.6312,7.0539,8.3498,9.4715,8.2192,8.0969,8.0858,8.7884,7.9519,8.4287,10.1137,11.0756,11.3819,11.4861,11.1563,10.6743,9.8873,9.2265,9.3616,8.9274,8.7871,8.6171,8.1656,8.5896,7.9486"
EP00029,C2_covariance,18,GEOMETRY_ROTATION,"0.7741,0.5554,0.4289,0.7541,0.6533,0.1555,0.2881,0.2816,0.4522,0.6938,0.7256,0.9477,0.6944,0.6551,0.2191,1.2165,2.2237,3.7092,4.9349,6.0684,6.7371,7.0673,7.4678,7.3823,7.3755,7.3078,7.8216,8.0159,8.2956,8.3814,8.4180,8.6540,8.3597,8.0950,7.7994,8.0485,8.5304,8.4312,8.5433,8.3072,8.2806,7.8446"
EP00029,C3_both,18,GEOMETRY_ROTATION,"0.7741,0.5554,0.4289,0.7541,0.6533,0.1784,0.2881,0.2816,0.4522,0.6938,0.7256,0.9477,1.0939,2.1563,3.4084,4.6868,5.9389,6.6312,7.0539,8.3498,9.4715,8.2192,8.0969,8.0858,8.7884,7.9519,8.4287,10.1137,11.0756,11.3819,11.4861,11.1563,10.6743,9.8873,9.2265,9.3616,8.9274,8.7871,8.6171,8.3072,8.5896,7.9486"
EP00030,C1_variability,22,GEOMETRY_ROTATION,"0.2223,0.3404,0.1169,0.1377,0.3987,0.1898,0.1343,0.0990,0.1980,0.0425,0.0161,0.0119,0.0039,0.0954,0.2320,0.2597,1.9049,3.0945,4.5592,5.9325,7.1979,8.3992,9.5557,10.1639,10.3342,10.2637,10.0103,10.1698,9.8010,10.1264,9.5438,9.6205,9.7748,10.0470,10.2709,10.2415,10.2146,10.1404,10.1164,10.1433,10.0542,10.1137"
EP00030,C2_covariance,22,GEOMETRY_ROTATION,"0.8189,0.6051,0.4813,0.7994,0.7008,0.2138,0.2202,0.2138,0.3807,0.6171,0.6482,0.8655,0.6128,0.7254,0.8532,0.6050,0.6468,1.0881,3.3371,5.8295,7.9000,10.1935,12.9017,13.9420,14.0981,13.8422,14.3084,14.7001,14.8927,15.0061,14.8750,15.2384,15.1746,14.9832,14.7613,14.7357,15.1681,14.9528,15.0488,14.9677,15.2086,15.1171"
EP00030,C3_both,22,GEOMETRY_ROTATION,"0.8189,0.6051,0.4813,0.7994,0.7008,0.2138,0.2202,0.2138,0.3807,0.6171,0.6482,0.8655,0.6128,0.7254,0.8532,0.6050,1.9049,3.0945,4.5592,5.9325,7.9000,10.1935,12.9017,13.9420,14.0981,13.8422,14.3084,14.7001,14.8927,15.0061,14.8750,15.2384,15.1746,14.9832,14.7613,14.7357,15.1681,14.9528,15.0488,14.9677,15.2086,15.1171"
EP00031,C1_variability,23,GEOMETRY_ROTATION,"0.2759,0.0902,0.1208,0.1417,0.2156,0.1937,0.1382,0.3287,0.3905,0.0719,0.0200,0.0080,0.6696,0.0915,0.2281,0.2558,0.3264,1.6661,3.3957,4.6715,6.1646,7.8481,11.7179,22.3462,27.6968,22.8309,22.7864,22.5585,22.4274,22.4712,22.3519,22.3017,22.2544,22.4344,22.6724,22.5106,22.4302,22.3999,22.4212,22.4292,22.2952,22.3736"
EP00031,C2_covariance,23,GEOMETRY_ROTATION,"0.4937,0.3415,0.2182,0.4778,0.3973,0.0000,0.3542,0.3489,0.4851,0.6780,0.7034,0.8807,0.6745,0.7664,0.8706,0.6681,0.8241,0.2138,3.7609,8.6409,11.5792,11.7118,12.7700,16.2738,18.1066,18.4126,18.5729,19.2595,19.3510,19.2864,19.4834,19.5530,19.5756,19.0941,19.0169,19.0257,19.4164,19.3760,19.5505,19.5400,19.3083,19.3161"
EP00031,C3_both,23,GEOMETRY_ROTATION,"0.4937,0.3415,0.2182,0.4778,0.3973,0.1937,0.3542,0.3489,0.4851,0.6780,0.7034,0.8807,0.6745,0.7664,0.8706,0.6681,0.8241,1.6661,3.7609,8.6409,11.5792,11.7118,12.7700,22.3462,27.6968,22.8309,22.7864,22.5585,22.4274,22.4712,22.3519,22.3017,22.2544,22.4344,22.6724,22.5106,22.4302,22.3999,22.4212,22.4292,22.2952,22.3736"
EP00032,C1_variability,16,GEOMETRY_ROTATION,"0.3429,0.2890,0.1339,0.1132,0.1870,0.1802,0.1097,0.0745,0.2685,0.0180,0.0787,0.4957,1.7512,2.4854,2.6474,3.1772,4.0376,4.6313,4.8091,5.3640,5.4589,5.7823,6.0452,6.8544,7.4151,7.2055,7.6792,8.3128,7.5485,7.6435,7.7748,7.0110,6.6884,6.1175,6.3210,6.3715,6.3591,6.1568,6.0289,6.1535,6.8755,6.6654"
EP00032,C2_covariance,16,GEOMETRY_ROTATION,"1.0944,0.8684,0.7377,1.0737,0.9695,0.4551,0.0034,0.0034,0.1729,0.4227,0.4540,0.6765,0.3761,0.4409,0.4123,0.0812,0.3621,1.2081,1.4711,2.2537,3.2832,4.2661,5.0038,5.3950,5.8148,5.7170,6.3698,6.7605,6.9982,6.8552,6.9837,7.2629,7.2976,6.9568,6.7491,7.0709,7.3544,7.1195,7.1912,7.0167,6.8841,6.8488"
EP00032,C3_both,16,GEOMETRY_ROTATION,"1.0944,0.8684,0.7377,1.0737,0.9695,0.4551,0.1097,0.0745,0.2685,0.4227,0.4540,0.6765,1.7512,2.4854,2.6474,3.1772,4.0376,4.6313,4.8091,5.3640,5.4589,5.7823,6.0452,6.8544,7.4151,7.2055,7.6792,8.3128,7.5485,7.6435,7.7748,7.2629,7.2976,6.9568,6.7491,7.0709,7.3544,7.1195,7.1912,7.0167,6.8841,6.8488"
EP00033,C1_variability,19,GEOMETRY_ROTATION,"0.1164,0.1964,0.1104,0.1312,0.2051,0.1832,0.1277,0.0925,0.3684,0.0360,0.0096,0.0184,0.5642,0.8161,1.0422,2.0782,3.9309,4.8184,5.5321,6.7341,8.1152,8.8475,9.5149,9.6465,9.4718,10.1715,9.9587,10.1520,9.4310,10.6602,10.9975,9.3703,9.4317,9.7596,10.1246,10.1379,10.0760,9.9634,9.9426,9.9313,9.8111,9.8459"
EP00033,C2_covariance,19,GEOMETRY_ROTATION,"1.0909,0.8650,0.7342,1.0703,0.9661,0.4517,0.0067,0.0000,0.1763,0.4260,0.4589,0.6884,0.4214,0.5388,0.6085,0.0544,0.6109,1.8449,2.9141,4.4396,5.9442,7.4845,8.7768,9.8847,10.8300,11.3050,12.2930,13.0965,13.4954,13.6558,13.7496,14.0693,14.1231,14.0453,13.8656,13.9500,14.2358,14.0019,13.9737,13.6000,13.6702,13.5896"
EP00033,C3_both,19,GEOMETRY_ROTATION,"1.0909,0.8650,0.7342,1.0703,0.9661,0.4517,0.1277,0.0925,0.3684,0.4260,0.4589,0.6884,0.5642,0.8161,1.0422,2.0782,3.9309,4.8184,5.5321,6.7341,8.1152,8.8475,9.5149,9.8847,10.8300,11.3050,12.2930,13.0965,13.4954,13.6558,13.7496,14.0693,14.1231,14.0453,13.8656,13.9500,14.2358,14.0019,13.9737,13.6000,13.6702,13.5896"
EP00034,C1_variability,14,GEOMETRY_ROTATION,"0.2604,0.0252,0.1117,0.1325,0.2064,0.1845,0.1290,0.0938,0.2877,1.9431,3.8979,4.9130,6.4745,6.5538,7.9620,9.3609,10.6845,11.8804,13.2241,14.7463,16.1595,17.7067,21.3450,22.8456,22.5298,25.0543,25.3430,25.6711,23.2304,25.0061,25.4641,25.8230,25.0849,26.1623,27.5299,25.6687,25.8219,29.1216,25.5820,26.8028,26.3153,24.2901"
EP00034,C2_covariance,14,GEOMETRY_ROTATION,"0.1722,0.0496,0.1780,0.1520,0.0496,0.4555,0.9057,0.8991,1.0788,0.8711,0.4119,2.0079,4.2751,6.5663,9.0276,11.5206,13.0620,14.8719,15.9105,16.8503,18.0937,19.2605,20.8500,21.5486,22.2482,22.3071,22.7768,23.2288,23.5968,23.6257,23.6767,23.9369,23.9212,23.3655,23.2320,23.6686,24.0234,23.8333,23.8096,23.3754,23.3211,23.5481"
EP00034,C3_both,14,GEOMETRY_ROTATION,"0.2604,0.0496,0.1780,0.1520,0.2064,0.4555,0.9057,0.8991,1.0788,1.9431,3.8979,4.9130,6.4745,6.5663,9.0276,11.5206,13.0620,14.8719,15.9105,16.8503,18.0937,19.2605,21.3450,22.8456,22.5298,25.0543,25.3430,25.6711,23.5968,25.0061,25.4641,25.8230,25.0849,26.1623,27.5299,25.6687,25.8219,29.1216,25.5820,26.8028,26.3153,24.2901"
EP00035,C1_variability,20,GEOMETRY_ROTATION,"0.0364,0.1849,0.1117,0.1325,0.2064,0.3480,0.1792,0.2938,0.4668,0.1045,0.0109,0.0171,0.3126,0.1007,0.2682,0.4700,0.8336,0.9735,1.3778,1.6778,2.0040,2.5219,2.4348,2.7664,3.0867,3.9982,4.8624,4.6537,5.7519,5.9341,6.1107,5.7952,5.9675,5.8218,4.8464,5.6867,6.1288,5.8589,6.5860,6.8739,7.3726,6.8557"
EP00035,C2_covariance,20,GEOMETRY_ROTATION,"1.4102,1.1828,1.0512,1.3894,1.2845,0.7670,0.3056,0.3124,0.1350,0.1163,0.1493,0.3803,0.1117,0.2314,0.3679,0.1037,0.3113,0.0688,0.1963,0.0688,0.2177,0.6118,1.0599,1.0629,1.3039,1.3471,2.0260,2.5704,3.0576,3.2036,3.5422,3.9238,4.1690,4.3227,4.4664,4.8407,5.4663,5.6966,5.7753,5.6062,5.6207,5.5656"
EP00035,C3_both,20,GEOMETRY_ROTATION,"1.4102,1.1828,1.0512,1.3894,1.2845,0.7670,0.3056,0.3124,0.4668,0.1163,0.1493,0.3803,0.3126,0.2314,0.3679,0.4700,0.8336,0.9735,1.3778,1.6778,2.0040,2.5219,2.4348,2.7664,3.0867,3.9982,4.8624,4.6537,5.7519,5.9341,6.1107,5.7952,5.9675,5.8218,4.8464,5.6867,6.1288,5.8589,6.5860,6.8739,7.3726,6.8557"
EP00036,C1_variability,21,GEOMETRY_ROTATION,"0.2197,0.1682,0.1462,0.1338,0.4459,0.2803,0.1303,0.0951,0.4212,0.0750,0.0122,0.0158,0.0832,0.0994,0.2359,0.3380,1.0994,1.9388,2.9448,3.9151,4.6713,5.2756,5.8585,6.4754,6.9269,7.2602,8.6861,9.6725,9.0059,9.3128,10.2902,8.3527,9.0991,9.2224,9.6892,9.7477,9.7563,9.9498,10.0446,10.1711,10.1836,10.3831"
EP00036,C2_covariance,21,GEOMETRY_ROTATION,"1.1892,0.9629,0.8318,1.1686,1.0641,0.5488,0.0894,0.0962,0.0804,0.3306,0.3635,0.5935,0.3261,0.4453,0.5805,0.3157,0.4924,0.0179,0.1363,0.8562,1.9993,3.4099,4.7025,5.9494,7.2101,8.2015,9.6609,11.1930,12.4027,12.8302,13.7999,14.4485,15.1729,15.6241,15.9767,16.6922,17.4838,17.6813,17.9597,17.9596,18.3295,18.5608"
EP00036,C3_both,21,GEOMETRY_ROTATION,"1.1892,0.9629,0.8318,1.1686,1.0641,0.5488,0.1303,0.0962,0.4212,0.3306,0.3635,0.5935,0.3261,0.4453,0.5805,0.3380,1.0994,1.9388,2.9448,3.9151,4.6713,5.2756,5.8585,6.4754,7.2101,8.2015,9.6609,11.1930,12.4027,12.8302,13.7999,14.4485,15.1729,15.6241,15.9767,16.6922,17.4838,17.6813,17.9597,17.9596,18.3295,18.5608"
EP00037,C1_variability,13,GEOMETRY_ROTATION,"0.9977,0.0026,0.1130,0.1338,0.2077,0.1858,0.1303,0.0259,0.7422,2.3925,3.1839,4.7707,5.6907,6.6234,8.1839,8.1866,9.2983,9.0794,10.0027,10.3493,10.6569,10.0386,10.5464,11.3469,11.9409,12.4429,12.9137,13.4546,14.0676,14.6668,15.4679,16.3067,17.1423,18.3663,19.5104,20.3873,21.2367,21.8806,22.6203,23.1173,23.2947,23.3461"
EP00037,C2_covariance,13,GEOMETRY_ROTATION,"0.6382,0.5285,0.1958,0.3312,0.2285,0.2784,0.7303,0.7239,0.8686,0.8028,0.3638,0.3604,1.8676,3.1777,4.4897,6.5707,7.5022,8.8619,9.6421,10.6158,11.7432,12.4357,13.2041,13.9506,14.6694,15.1907,16.0150,16.8946,17.2535,17.7004,18.0790,19.0198,19.4847,20.0659,19.9168,20.5107,20.8114,21.0959,21.5082,21.7394,22.0107,21.7990"
EP00037,C3_both,13,GEOMETRY_ROTATION,"0.9977,0.5285,0.1958,0.3312,0.2285,0.2784,0.7303,0.7239,0.8686,2.3925,3.1839,4.7707,5.6907,6.6234,8.1839,8.1866,9.2983,9.0794,10.0027,10.6158,11.7432,12.4357,13.2041,13.9506,14.6694,15.1907,16.0150,16.8946,17.2535,17.7004,18.0790,19.0198,19.4847,20.0659,19.9168,20.5107,21.2367,21.8806,22.6203,23.1173,23.2947,23.3461"
EP00038,C1_variability,19,NONE,"0.1477,0.4073,0.3566,0.2573,0.0567,0.5718,0.0795,0.0448,0.0177,0.1082,0.0000,0.1253,0.1036,0.1027,0.2507,0.3257,0.3418,0.3979,0.6931,0.7481,0.8560,1.9601,1.6878,1.7880,1.8041,1.8920,1.7766,1.5106,1.5441,0.8804,1.4059,1.9877,2.2459,2.4943,1.5932,1.2238,1.3942,1.1172,1.8292,0.7903,1.5408,1.8632"
EP00038,C2_covariance,19,NONE,"0.5123,0.3512,0.3173,0.1131,0.0978,0.2532,0.3023,0.1629,0.0982,0.0874,0.0000,0.0684,0.0258,0.2109,0.3183,0.2856,0.2790,0.2077,0.0093,1.0668,0.9628,1.1195,0.9237,1.5891,1.5875,0.3838,0.3479,0.2994,0.5660,0.0972,0.0571,0.2716,0.2486,0.1746,0.2807,0.0548,0.2930,0.2968,0.3843,0.2328,0.2203,0.3133"
EP00038,C3_both,19,NONE,"0.5123,0.4073,0.3566,0.2573,0.0978,0.5718,0.3023,0.1629,0.0982,0.1082,0.0000,0.1253,0.1036,0.2109,0.3183,0.3257,0.3418,0.3979,0.6931,1.0668,0.9628,1.9601,1.6878,1.7880,1.8041,1.8920,1.7766,1.5106,1.5441,0.8804,1.4059,1.9877,2.2459,2.4943,1.5932,1.2238,1.3942,1.1172,1.8292,0.7903,1.5408,1.8632"
EP00039,C1_variability,24,RATE_LOSS,"0.0453,0.5161,0.4423,0.3800,0.1942,0.7027,0.1100,0.0568,0.0057,0.0963,0.0120,0.0766,0.0917,0.0243,0.2627,0.3377,0.3539,0.3008,0.3291,0.0570,0.8259,1.4655,2.3939,2.9872,3.6392,4.2896,4.4009,4.4560,4.2594,4.5413,4.6852,4.5661,4.5671,4.5282,4.5739,4.5901,4.5641,4.6702,4.7111,4.6896,4.5835,4.5436"
EP00039,C2_covariance,24,RATE_LOSS,"0.2821,0.2074,0.1216,0.1155,0.0264,0.1815,0.2305,0.0913,0.0267,0.0159,0.0714,0.1396,0.0971,0.2820,0.3533,0.3566,0.1108,0.2788,0.0784,0.9258,0.6608,0.7229,0.6289,1.1956,1.2571,0.3414,0.2055,0.2276,0.4939,0.0257,0.0143,0.1999,0.1769,0.1030,0.2090,0.0167,0.2212,0.2251,0.3124,0.1611,0.1486,0.2415"
EP00039,C3_both,24,RATE_LOSS,"0.2821,0.5161,0.4423,0.3800,0.1942,0.7027,0.2305,0.0913,0.0267,0.0963,0.0714,0.1396,0.0971,0.2820,0.3533,0.3566,0.3539,0.3008,0.3291,0.9258,0.8259,1.4655,2.3939,2.9872,3.6392,4.2896,4.4009,4.4560,4.2594,4.5413,4.6852,4.5661,4.5671,4.5282,4.5739,4.5901,4.5641,4.6702,4.7111,4.6896,4.5835,4.5436"
EP00040,C1_variability,22,RATE_LOSS,"0.4070,0.8464,0.4107,0.3369,0.1108,0.6435,0.1366,0.1019,0.0394,0.0513,0.0571,0.0316,0.0467,0.0694,0.3080,0.3831,0.3574,0.8651,1.9875,3.5255,5.9688,8.0412,10.4948,11.6672,11.9962,12.0487,11.9673,12.0125,11.8485,12.0836,12.2037,12.1043,12.1051,12.0727,12.1108,12.1243,12.1026,12.1911,12.2252,12.2073,12.1188,12.0856"
EP00040,C2_covariance,22,RATE_LOSS,"0.2378,0.1462,0.1608,0.1166,0.0252,0.1803,0.2294,0.0902,0.0255,0.0148,0.0725,0.1408,0.0982,0.2831,0.3544,0.3577,0.0072,0.1409,0.4649,1.6242,1.3230,1.2404,0.5493,1.2786,1.3523,0.3107,0.2044,0.2265,0.4927,0.0246,0.0154,0.1988,0.1757,0.1019,0.2079,0.0178,0.2201,0.2239,0.3113,0.1600,0.1475,0.2403"
EP00040,C3_both,22,RATE_LOSS,"0.4070,0.8464,0.4107,0.3369,0.1108,0.6435,0.2294,0.1019,0.0394,0.0513,0.0725,0.1408,0.0982,0.2831,0.3544,0.3831,0.3574,0.8651,1.9875,3.5255,5.9688,8.0412,10.4948,11.6672,11.9962,12.0487,11.9673,12.0125,11.8485,12.0836,12.2037,12.1043,12.1051,12.0727,12.1108,12.1243,12.1026,12.1911,12.2252,12.2073,12.1188,12.0856"
EP00041,C1_variability,13,RATE_LOSS,"0.3263,0.2852,0.0987,0.0739,0.0234,0.3067,0.1598,0.0828,0.7489,2.5996,4.8527,7.9823,12.3350,17.8215,22.9184,26.0489,27.2660,27.3338,27.3116,27.3086,27.4154,27.3305,27.3909,27.2399,27.1881,27.2187,27.1698,27.1969,27.0985,27.2396,27.3117,27.2520,27.2526,27.2331,27.2560,27.2641,27.2511,27.3042,27.3246,27.3139,27.2608,27.2408"
EP00041,C2_covariance,13,RATE_LOSS,"0.4025,0.3254,0.1725,0.2959,0.1545,0.0000,0.0489,0.0894,0.0337,0.6512,1.7922,4.2079,4.8266,4.3480,1.7860,0.4984,0.3394,0.4586,0.2612,0.8096,0.6027,0.7500,0.5184,1.1565,1.1486,0.1299,0.1587,0.0460,0.3113,0.1552,0.1951,0.0184,0.0046,0.0782,0.0274,0.1974,0.0396,0.0434,0.1305,0.0203,0.0327,0.0598"
EP00041,C3_both,13,RATE_LOSS,"0.4025,0.3254,0.1725,0.2959,0.1545,0.3067,0.1598,0.0894,0.7489,2.5996,4.8527,7.9823,12.3350,17.8215,22.9184,26.0489,27.2660,27.3338,27.3116,27.3086,27.4154,27.3305,27.3909,27.2399,27.1881,27.2187,27.1698,27.1969,27.0985,27.2396,27.3117,27.2520,27.2526,27.2331,27.2560,27.2641,27.2511,27.3042,27.3246,27.3139,27.2608,27.2408"
EP00042,C1_variability,26,RATE_LOSS,"0.0542,0.3214,0.5355,0.4953,0.3561,0.8686,0.2994,0.0479,0.0145,0.1051,0.0031,0.0854,0.1005,0.0155,0.2538,0.3288,0.3670,0.2919,0.3411,0.3477,0.0888,0.7532,0.7698,0.8751,0.8926,1.2594,1.8110,2.5394,2.8795,3.7107,4.2002,4.3451,4.5131,4.5361,4.5820,4.5981,4.5722,4.6782,4.7191,4.6977,4.5916,4.5517"
EP00042,C2_covariance,26,RATE_LOSS,"0.3051,0.1749,0.0618,0.1276,0.0142,0.1693,0.2184,0.0792,0.0146,0.0038,0.0834,0.1517,0.1092,0.2940,0.3653,0.3686,0.1861,0.2908,0.0927,0.9816,0.7412,0.7146,0.4935,1.1076,1.2251,0.3922,0.2271,0.2275,0.5428,0.0064,0.0200,0.1881,0.1673,0.0909,0.1968,0.0288,0.2091,0.2129,0.3002,0.1490,0.1365,0.2293"
EP00042,C3_both,26,RATE_LOSS,"0.3051,0.3214,0.5355,0.4953,0.3561,0.8686,0.2994,0.0792,0.0146,0.1051,0.0834,0.1517,0.1092,0.2940,0.3653,0.3686,0.3670,0.2919,0.3411,0.9816,0.7412,0.7532,0.7698,1.1076,1.2251,1.2594,1.8110,2.5394,2.8795,3.7107,4.2002,4.3451,4.5131,4.5361,4.5820,4.5981,4.5722,4.6782,4.7191,4.6977,4.5916,4.5517"
EP00043,C1_variability,16,RATE_LOSS,"0.2501,0.3325,0.2482,0.1391,0.0120,0.4174,0.1484,0.1136,0.0511,0.0396,0.0674,0.1789,0.4489,0.7970,1.3174,2.0421,3.0395,4.1806,5.1798,6.2644,7.7195,8.6808,9.8282,10.4975,11.0166,11.5846,11.8282,12.0029,11.8395,12.0747,12.1948,12.0954,12.0962,12.0638,12.1019,12.1154,12.0938,12.1822,12.2163,12.1985,12.1100,12.0767"
EP00043,C2_covariance,16,RATE_LOSS,"0.4291,0.2368,0.2556,0.0949,0.0781,0.2333,0.2825,0.1431,0.0784,0.0676,0.0190,0.0885,0.0334,0.1788,0.3448,0.2937,0.2798,0.2115,0.1866,1.1760,0.7795,0.9955,0.9823,1.5311,1.5623,0.4460,0.3277,0.2790,0.5461,0.0774,0.0374,0.2518,0.2287,0.1548,0.2609,0.0350,0.2731,0.2770,0.3644,0.2129,0.2004,0.2934"
EP00043,C3_both,16,RATE_LOSS,"0.4291,0.3325,0.2556,0.1391,0.0781,0.4174,0.2825,0.1431,0.0784,0.0676,0.0674,0.1789,0.4489,0.7970,1.3174,2.0421,3.0395,4.1806,5.1798,6.2644,7.7195,8.6808,9.8282,10.4975,11.0166,11.5846,11.8282,12.0029,11.8395,12.0747,12.1948,12.0954,12.0962,12.0638,12.1019,12.1154,12.0938,12.1822,12.2163,12.1985,12.1100,12.0767"
EP00044,C1_variability,19,RATE_LOSS,"0.1436,0.3326,0.3562,0.2662,0.0234,0.5798,0.1598,0.1251,0.0625,0.0282,0.0802,0.0667,0.0236,0.0749,0.2397,0.8957,2.0587,3.6627,5.5436,8.0205,11.1816,13.6774,16.3786,18.9727,21.0355,23.2312,24.9970,26.3632,26.8824,27.2396,27.3117,27.2520,27.2526,27.2331,27.2560,27.2641,27.2511,27.3042,27.3246,27.3139,27.2608,27.2408"
EP00044,C2_covariance,19,RATE_LOSS,"0.3521,0.2096,0.2446,0.1238,0.0343,0.1731,0.2222,0.0830,0.0184,0.0076,0.0796,0.1479,0.1054,0.2870,0.4430,0.3478,0.1588,0.2357,0.6717,1.7282,1.1925,1.3862,1.1950,1.6723,2.9634,1.7137,0.8194,0.3260,0.6412,0.0174,0.0226,0.1916,0.1686,0.0947,0.2007,0.0250,0.2129,0.2167,0.3041,0.1528,0.1403,0.2331"
EP00044,C3_both,19,RATE_LOSS,"0.3521,0.3326,0.3562,0.2662,0.0343,0.5798,0.2222,0.1251,0.0625,0.0282,0.0802,0.1479,0.1054,0.2870,0.4430,0.8957,2.0587,3.6627,5.5436,8.0205,11.1816,13.6774,16.3786,18.9727,21.0355,23.2312,24.9970,26.3632,26.8824,27.2396,27.3117,27.2520,27.2526,27.2331,27.2560,27.2641,27.2511,27.3042,27.3246,27.3139,27.2608,27.2408"
EP00045,C1_variability,17,RATE_LOSS,"0.1243,0.4350,0.1781,0.0636,0.0006,0.3472,0.1369,0.1022,0.0397,0.0510,0.0574,0.0926,0.1013,0.2909,0.3140,0.4372,0.6596,0.8414,1.1706,1.0183,1.1855,1.9124,1.8604,1.9982,1.9980,2.0575,1.9346,2.1065,2.0851,2.5961,2.9316,3.0019,3.2095,3.3741,3.6169,3.8259,3.9982,4.2706,4.4549,4.5369,4.4995,4.4961"
EP00045,C2_covariance,17,RATE_LOSS,"0.3586,0.1892,0.2498,0.1057,0.0590,0.2142,0.2633,0.1240,0.0593,0.0486,0.0388,0.1073,0.0639,0.2447,0.3367,0.3326,0.2216,0.2525,0.0291,1.0341,0.9513,1.1244,0.9417,1.5587,1.5399,0.3679,0.3237,0.2579,0.5409,0.0529,0.0181,0.2334,0.2130,0.1401,0.2483,0.0254,0.2573,0.2507,0.3439,0.1935,0.1792,0.2736"
EP00045,C3_both,17,RATE_LOSS,"0.3586,0.4350,0.2498,0.1057,0.0590,0.3472,0.2633,0.1240,0.0593,0.0510,0.0574,0.1073,0.1013,0.2909,0.3367,0.4372,0.6596,0.8414,1.1706,1.0341,1.1855,1.9124,1.8604,1.9982,1.9980,2.0575,1.9346,2.1065,2.0851,2.5961,2.9316,3.0019,3.2095,3.3741,3.6169,3.8259,3.9982,4.2706,4.4549,4.5369,4.4995,4.4961"
EP00046,C1_variability,21,RATE_LOSS,"0.0894,0.4960,0.3109,0.2333,0.0390,0.5498,0.0972,0.0625,0.0000,0.0906,0.0177,0.0709,0.0860,0.1114,0.2685,0.3302,0.3169,0.2784,0.7152,0.5578,1.3137,1.6933,2.3817,2.6790,3.0591,3.6887,4.1893,4.8570,5.1975,6.0977,6.7715,7.2183,7.8154,8.3711,8.9790,9.5494,10.1072,10.7444,11.2823,11.6542,11.8519,12.0067"
EP00046,C2_covariance,21,RATE_LOSS,"0.4887,0.3024,0.2587,0.0856,0.0563,0.2115,0.2606,0.1213,0.0566,0.0458,0.0415,0.1098,0.0673,0.2522,0.3236,0.3278,0.2686,0.2377,0.0007,1.0361,0.7490,0.9855,0.8720,1.4981,1.4818,0.4300,0.3221,0.2682,0.5867,0.0577,0.0351,0.2523,0.2365,0.1658,0.2800,0.0638,0.2812,0.2491,0.3528,0.2007,0.1699,0.2704"
EP00046,C3_both,21,RATE_LOSS,"0.4887,0.4960,0.3109,0.2333,0.0563,0.5498,0.2606,0.1213,0.0566,0.0906,0.0415,0.1098,0.0860,0.2522,0.3236,0.3302,0.3169,0.2784,0.7152,1.0361,1.3137,1.6933,2.3817,2.6790,3.0591,3.6887,4.1893,4.8570,5.1975,6.0977,6.7715,7.2183,7.8154,8.3711,8.9790,9.5494,10.1072,10.7444,11.2823,11.6542,11.8519,12.0067"
EP00047,C1_variability,26,RATE_LOSS,"0.0542,0.3251,0.5392,0.4982,0.3579,0.8705,0.3013,0.0479,0.0145,0.1051,0.0031,0.0854,0.1005,0.0155,0.2538,0.3288,0.3841,0.2919,0.3411,0.3477,0.0939,0.7543,0.7803,0.9348,1.6118,2.8537,4.3021,6.0147,7.2700,9.2258,10.7914,12.1984,13.8022,15.3727,16.9318,18.4373,19.9773,21.5381,23.1422,24.5025,25.5607,26.3757"
EP00047,C2_covariance,26,RATE_LOSS,"0.2898,0.1797,0.0681,0.1276,0.0142,0.1693,0.2184,0.0792,0.0146,0.0038,0.0834,0.1517,0.1092,0.2940,0.3653,0.3686,0.1654,0.2908,0.0927,0.9816,0.7462,0.7295,0.5097,1.0498,1.4251,0.6391,0.4057,0.3745,0.8155,0.1708,0.2113,0.4453,0.4515,0.4070,0.5772,0.3969,0.6095,0.5297,0.7263,0.5569,0.3344,0.3533"
EP00047,C3_both,26,RATE_LOSS,"0.2898,0.3251,0.5392,0.4982,0.3579,0.8705,0.3013,0.0792,0.0146,0.1051,0.0834,0.1517,0.1092,0.2940,0.3653,0.3686,0.3841,0.2919,0.3411,0.9816,0.7462,0.7543,0.7803,1.0498,1.6118,2.8537,4.3021,6.0147,7.2700,9.2258,10.7914,12.1984,13.8022,15.3727,16.9318,18.4373,19.9773,21.5381,23.1422,24.5025,25.5607,26.3757"
EP00048,C1_variability,13,CHANNEL_DROPOUT,"0.2730,0.2052,0.1427,0.1779,0.1194,0.2087,0.0167,0.0103,0.0000,0.0344,0.2663,0.8380,1.4334,8.0867,32.2256,33.6141,33.9731,34.2272,34.8389,35.1865,35.5570,35.8992,35.6646,35.5508,35.4980,35.4462,35.1385,35.0917,35.1514,34.8525,34.4691,34.4293,34.1504,33.6343,33.4952,33.6256,33.7311,33.7029,33.8305,34.2491,34.1441,34.2625"
EP00048,C2_covariance,13,CHANNEL_DROPOUT,"0.4628,0.1645,0.0861,0.0379,0.1042,0.2595,0.3087,0.1584,0.0000,0.1574,0.3307,0.6018,0.8352,0.3814,0.4372,0.5644,0.9566,0.7355,0.9459,2.0002,1.7439,1.8440,1.3092,1.8515,2.1299,1.3401,1.2217,1.2598,1.4507,1.0317,1.0223,1.2319,1.2377,1.1377,1.2177,0.9483,1.2329,1.2614,1.2509,1.2134,1.1776,1.2208"
EP00048,C3_both,13,CHANNEL_DROPOUT,"0.4628,0.2052,0.1427,0.1779,0.1194,0.2595,0.3087,0.1584,0.0000,0.1574,0.3307,0.8380,1.4334,8.0867,32.2256,33.6141,33.9731,34.2272,34.8389,35.1865,35.5570,35.8992,35.6646,35.5508,35.4980,35.4462,35.1385,35.0917,35.1514,34.8525,34.4691,34.4293,34.1504,33.6343,33.4952,33.6256,33.7311,33.7029,33.8305,34.2491,34.1441,34.2625"
EP00049,C1_variability,25,CHANNEL_DROPOUT,"0.1366,0.3393,0.4041,0.3799,0.2572,0.8268,0.3114,0.0346,0.0970,0.1874,0.0794,0.1678,0.1828,0.0670,0.2628,0.2458,0.2619,0.2089,0.2580,0.2598,0.0993,0.5510,1.0312,2.2375,3.6206,15.3643,36.3304,49.3313,49.2681,49.1833,49.2624,49.0108,48.9511,48.8588,48.8487,48.6756,48.6287,48.7787,49.1802,49.3217,49.1798,49.1919"
EP00049,C2_covariance,25,CHANNEL_DROPOUT,"0.2748,0.2370,0.1407,0.1238,0.0181,0.1731,0.2222,0.0830,0.0184,0.0076,0.0796,0.1479,0.1054,0.2902,0.3615,0.3648,0.0166,0.2870,0.0889,0.9815,0.7792,1.0249,1.7042,3.3712,7.1341,5.5909,7.5710,10.8961,11.0537,10.5614,10.6985,10.9145,10.9120,10.9569,11.1559,11.0399,11.2245,10.7238,10.7754,10.7029,10.8435,10.9964"
EP00049,C3_both,25,CHANNEL_DROPOUT,"0.2748,0.3393,0.4041,0.3799,0.2572,0.8268,0.3114,0.0830,0.0970,0.1874,0.0796,0.1678,0.1828,0.2902,0.3615,0.3648,0.2619,0.2870,0.2580,0.9815,0.7792,1.0249,1.7042,3.3712,7.1341,15.3643,36.3304,49.3313,49.2681,49.1833,49.2624,49.0108,48.9511,48.8588,48.8487,48.6756,48.6287,48.7787,49.1802,49.3217,49.1798,49.1919"
EP00050,C1_variability,18,CHANNEL_DROPOUT,"0.1636,0.3795,0.1190,0.0441,0.0536,0.3778,0.0826,0.0479,0.0145,0.1051,0.0031,0.1610,0.0335,0.6199,1.5791,2.8280,4.0447,6.8786,41.4990,52.2262,55.7292,59.8958,59.8958,59.8958,59.8958,59.8958,59.8958,59.8958,59.8958,59.8958,59.8958,59.8958,59.8958,59.8958,59.8958,59.8958,59.8958,59.8958,59.8958,59.8958,59.8958,59.8958"
EP00050,C2_covariance,18,CHANNEL_DROPOUT,"0.4739,0.2702,0.1306,0.1419,0.0004,0.1549,0.2039,0.0648,0.0002,0.0106,0.0978,0.1661,0.0897,0.3153,3.0069,8.5140,13.0481,15.3017,16.4313,26.5656,36.6488,43.0684,42.7560,42.3299,42.5093,42.3868,42.0201,42.1992,42.7868,42.8972,42.9075,42.3983,42.3312,42.1743,41.9462,42.2837,42.7689,42.3352,42.7758,42.5464,42.8934,42.6520"
EP00050,C3_both,18,CHANNEL_DROPOUT,"0.4739,0.3795,0.1306,0.1419,0.0536,0.3778,0.2039,0.0648,0.0145,0.1051,0.0978,0.1661,0.0897,0.6199,3.0069,8.5140,13.0481,15.3017,41.4990,52.2262,55.7292,59.8958,59.8958,59.8958,59.8958,59.8958,59.8958,59.8958,59.8958,59.8958,59.8958,59.8958,59.8958,59.8958,59.8958,59.8958,59.8958,59.8958,59.8958,59.8958,59.8958,59.8958"
EP00051,C1_variability,19,CHANNEL_DROPOUT,"0.1683,0.3816,0.3717,0.2727,0.0567,0.5793,0.0795,0.0448,0.0177,0.1082,0.0000,0.1161,0.1036,0.0382,0.2533,0.3438,0.3895,0.4727,0.6822,0.7238,3.2792,6.7556,4.6821,18.6475,20.3597,20.6363,20.3997,19.9501,20.5557,19.0509,18.6390,18.5925,18.6048,18.7850,18.5915,18.4764,18.5389,18.5529,18.5993,18.5172,18.2197,18.3383"
EP00051,C2_covariance,19,CHANNEL_DROPOUT,"0.5094,0.3567,0.3192,0.1323,0.1237,0.2791,0.3283,0.1888,0.1240,0.1132,0.0258,0.0426,0.0187,0.1852,0.3804,0.3175,0.1900,0.4401,0.1874,0.7510,0.8395,0.8658,0.6263,1.6489,2.1540,1.3943,1.2799,1.1722,1.7373,1.3705,1.3092,1.5362,1.6278,1.4768,1.6132,1.3710,1.5649,1.5379,1.5631,1.5851,1.5986,1.6936"
EP00051,C3_both,19,CHANNEL_DROPOUT,"0.5094,0.3816,0.3717,0.2727,0.1237,0.5793,0.3283,0.1888,0.1240,0.1132,0.0258,0.1161,0.1036,0.1852,0.3804,0.3438,0.3895,0.4727,0.6822,0.7510,3.2792,6.7556,4.6821,18.6475,20.3597,20.6363,20.3997,19.9501,20.5557,19.0509,18.6390,18.5925,18.6048,18.7850,18.5915,18.4764,18.5389,18.5529,18.5993,18.5172,18.2197,18.3383"
EP00052,C1_variability,13,CHANNEL_DROPOUT,"0.2143,0.2263,0.0983,0.0508,0.0607,0.2944,0.0754,0.0407,0.0000,0.0567,0.1109,0.4583,0.8597,2.3630,8.0858,13.5035,22.2998,29.7522,34.3406,36.9593,36.3343,43.5262,42.4293,43.8788,39.4181,31.6149,31.7737,32.1381,32.2675,31.8763,31.7031,31.7161,31.9235,32.0189,32.1234,32.3851,32.3846,32.2365,31.8903,31.7928,32.2089,31.9563"
EP00052,C2_covariance,13,CHANNEL_DROPOUT,"0.5440,0.2563,0.1214,0.1238,0.0181,0.1731,0.2222,0.0830,0.0164,0.0809,0.1591,0.0858,0.1452,0.2006,0.6331,1.4793,2.4774,3.2371,4.1839,5.7423,5.9674,7.9779,8.9839,10.1878,10.9063,12.3464,12.3293,12.2248,12.2693,11.7729,11.6656,11.9619,12.0625,11.8534,12.0500,11.7838,12.1546,12.0023,12.2466,12.1199,12.0443,12.1204"
EP00052,C3_both,13,CHANNEL_DROPOUT,"0.5440,0.2563,0.1214,0.1238,0.0607,0.2944,0.2222,0.0830,0.0164,0.0809,0.1591,0.4583,0.8597,2.3630,8.0858,13.5035,22.2998,29.7522,34.3406,36.9593,36.3343,43.5262,42.4293,43.8788,39.4181,31.6149,31.7737,32.1381,32.2675,31.8763,31.7031,31.7161,31.9235,32.0189,32.1234,32.3851,32.3846,32.2365,31.8903,31.7928,32.2089,31.9563"
EP00053,C1_variability,21,CHANNEL_DROPOUT,"0.1209,0.4881,0.2552,0.1872,0.0690,0.5444,0.0671,0.0325,0.0300,0.1205,0.0123,0.1009,0.1159,0.1261,0.2383,0.3151,0.4221,0.5129,0.8990,1.2113,1.4703,12.1320,16.1062,18.3048,21.9307,27.5428,30.8061,43.1215,60.3694,52.0833,58.8542,59.8958,59.8958,59.8958,59.8958,59.8958,59.8958,59.8958,59.8958,59.8958,59.8958,59.8958"
EP00053,C2_covariance,21,CHANNEL_DROPOUT,"0.2086,0.2289,0.3092,0.2506,0.2185,0.2142,0.2633,0.1240,0.0593,0.0486,0.0388,0.1071,0.0645,0.2495,0.3209,0.3254,0.1856,0.4005,0.0646,1.3266,1.3122,2.5460,4.3752,5.7517,9.6855,12.6903,16.2885,22.2715,28.3009,31.0751,39.5060,41.2615,41.0650,41.0480,40.9463,40.6603,40.6555,40.6717,41.3455,41.3520,41.2387,41.2701"
EP00053,C3_both,21,CHANNEL_DROPOUT,"0.2086,0.4881,0.3092,0.2506,0.2185,0.5444,0.2633,0.1240,0.0593,0.1205,0.0388,0.1071,0.1159,0.2495,0.3209,0.3254,0.4221,0.5129,0.8990,1.3266,1.4703,12.1320,16.1062,18.3048,21.9307,27.5428,30.8061,43.1215,60.3694,52.0833,58.8542,59.8958,59.8958,59.8958,59.8958,59.8958,59.8958,59.8958,59.8958,59.8958,59.8958,59.8958"
EP00054,C1_variability,25,CHANNEL_DROPOUT,"0.1366,0.3566,0.5518,0.5031,0.3465,0.8641,0.2911,0.0346,0.0970,0.1874,0.0794,0.1678,0.1828,0.0670,0.1709,0.2458,0.3309,0.2089,0.2580,0.2707,0.2682,0.9746,1.1159,1.3292,1.4624,2.6492,2.9350,7.3912,7.5720,10.0075,9.8039,12.7919,12.8986,12.7534,14.1520,15.9047,15.9882,15.2733,15.3092,14.9142,14.9552,14.8855"
EP00054,C2_covariance,25,CHANNEL_DROPOUT,"0.3098,0.1533,0.0386,0.1238,0.0181,0.1731,0.2222,0.0830,0.0184,0.0076,0.0796,0.1479,0.1054,0.2902,0.3615,0.3648,0.2104,0.2870,0.0889,0.9911,0.7328,0.7475,0.5229,1.1678,1.0701,0.1741,0.8962,0.6970,0.8124,0.9218,0.7899,0.4493,0.3748,0.3869,0.8307,0.8193,1.0294,1.2905,1.4208,1.3180,1.2535,1.4616"
EP00054,C3_both,25,CHANNEL_DROPOUT,"0.3098,0.3566,0.5518,0.5031,0.3465,0.8641,0.2911,0.0830,0.0970,0.1874,0.0796,0.1678,0.1828,0.2902,0.3615,0.3648,0.3309,0.2870,0.2580,0.9911,0.7328,0.9746,1.1159,1.3292,1.4624,2.6492,2.9350,7.3912,7.5720,10.0075,9.8039,12.7919,12.8986,12.7534,14.1520,15.9047,15.9882,15.2733,15.3092,14.9142,14.9552,14.8855"
EP00055,C1_variability,16,CHANNEL_DROPOUT,"0.3171,0.3986,0.2571,0.1471,0.0447,0.4112,0.0915,0.0568,0.0057,0.0963,0.0221,0.1518,0.0375,0.3555,0.3906,0.5279,6.6393,7.9082,8.4341,11.9409,12.0310,13.7664,24.2095,27.0576,28.4485,31.4532,25.5562,26.4349,26.3844,25.3245,25.9487,24.6245,27.0979,30.3966,26.8060,28.3553,27.5382,25.8932,24.4792,25.5208,29.1667,29.6875"
EP00055,C2_covariance,16,CHANNEL_DROPOUT,"0.4660,0.2629,0.2464,0.0838,0.0776,0.2329,0.2820,0.1427,0.0779,0.0672,0.0186,0.0944,0.0672,0.2850,0.2999,0.1275,0.4689,0.7578,1.3146,2.5013,3.0378,3.1089,3.0444,3.9622,4.9703,4.2548,4.6892,5.1646,5.7025,5.5759,6.0206,6.1322,6.7555,7.3911,8.0216,7.7652,8.2914,8.5895,8.9705,9.9181,11.6365,11.9506"
EP00055,C3_both,16,CHANNEL_DROPOUT,"0.4660,0.3986,0.2571,0.1471,0.0776,0.4112,0.2820,0.1427,0.0779,0.0963,0.0221,0.1518,0.0672,0.3555,0.3906,0.5279,6.6393,7.9082,8.4341,11.9409,12.0310,13.7664,24.2095,27.0576,28.4485,31.4532,25.5562,26.4349,26.3844,25.3245,25.9487,24.6245,27.0979,30.3966,26.8060,28.3553,27.5382,25.8932,24.4792,25.5208,29.1667,29.6875"
EP00056,C1_variability,14,CHANNEL_DROPOUT,"0.2644,0.2358,0.1170,0.1087,0.0710,0.3145,0.0651,0.0305,0.0320,0.1276,0.0399,0.1616,0.3859,0.9091,2.3045,8.6523,17.6967,16.9633,25.1468,22.8779,22.0495,26.3918,23.9257,28.9114,40.6511,44.4638,48.8389,40.1872,44.7629,47.8524,44.5319,45.8111,48.6760,46.6316,47.9167,51.7417,52.5465,53.3014,55.4367,56.2500,58.3333,59.8958"
EP00056,C2_covariance,14,CHANNEL_DROPOUT,"0.4790,0.1945,0.0458,0.1034,0.0385,0.1937,0.2428,0.1035,0.0388,0.0701,0.1595,0.3400,0.3581,0.5909,0.5447,0.7376,1.1895,1.8000,3.1202,4.2741,4.9881,5.9370,5.7944,8.7239,11.4332,11.3146,12.4161,14.5931,15.7551,15.6013,17.8219,20.4559,22.5660,24.7858,26.2565,27.1523,30.8395,31.6325,33.9437,36.1113,38.5918,41.5680"
EP00056,C3_both,14,CHANNEL_DROPOUT,"0.4790,0.2358,0.1170,0.1087,0.0710,0.3145,0.2428,0.1035,0.0388,0.1276,0.1595,0.3400,0.3859,0.9091,2.3045,8.6523,17.6967,16.9633,25.1468,22.8779,22.0495,26.3918,23.9257,28.9114,40.6511,44.4638,48.8389,40.1872,44.7629,47.8524,44.5319,45.8111,48.6760,46.6316,47.9167,51.7417,52.5465,53.3014,55.4367,56.2500,58.3333,59.8958"
EP00057,C1_variability,26,GAIN_DRIFT,"0.1504,0.3763,0.5159,0.4424,0.2430,0.7150,0.0886,0.0485,0.1109,0.2013,0.0932,0.1816,0.1967,0.0809,0.1996,0.2318,0.4054,0.1950,0.2440,0.2507,0.3220,1.2039,2.8089,5.3602,7.1704,10.3343,13.9205,16.1648,16.6302,17.9063,17.8410,18.1133,17.8442,16.7157,17.5040,16.9640,16.4219,16.3271,16.1458,14.6414,16.0668,15.5870"
EP00057,C2_covariance,26,GAIN_DRIFT,"0.3928,0.2042,0.0804,0.1276,0.0142,0.1693,0.2184,0.0792,0.0146,0.0038,0.0834,0.1517,0.1092,0.2940,0.3653,0.3686,0.2663,0.2908,0.0927,0.9816,0.7508,0.6950,0.4708,1.4103,1.4386,0.3767,0.2199,0.2016,0.4763,0.1267,0.0208,0.1965,0.1730,0.1252,0.2394,0.0419,0.3086,0.3009,0.3997,0.2554,0.2212,0.3189"
EP00057,C3_both,26,GAIN_DRIFT,"0.3928,0.3763,0.5159,0.4424,0.2430,0.7150,0.2184,0.0792,0.1109,0.2013,0.0932,0.1816,0.1967,0.2940,0.3653,0.3686,0.4054,0.2908,0.2440,0.9816,0.7508,1.2039,2.8089,5.3602,7.1704,10.3343,13.9205,16.1648,16.6302,17.9063,17.8410,18.1133,17.8442,16.7157,17.5040,16.9640,16.4219,16.3271,16.1458,14.6414,16.0668,15.5870"
EP00058,C1_variability,23,GAIN_DRIFT,"0.1645,0.3358,0.3553,0.2771,0.0567,0.5418,0.0795,0.0448,0.0177,0.1082,0.0000,0.0886,0.1036,0.0123,0.2507,0.3257,0.3418,0.4497,2.1420,6.2157,10.1347,15.4279,25.8352,39.5689,45.8987,47.1802,47.3869,49.8964,50.3205,48.9860,50.2964,51.3342,47.5283,48.9828,48.1651,48.9624,47.2352,46.5934,47.2201,47.7600,47.0273,47.3920"
EP00058,C2_covariance,23,GAIN_DRIFT,"0.2259,0.2089,0.1170,0.1072,0.0347,0.1898,0.2389,0.0996,0.0350,0.0242,0.0631,0.1314,0.0888,0.2737,0.3450,0.3483,0.0009,0.2663,0.0922,1.0014,1.1185,1.4019,1.2239,1.4756,1.8414,0.8897,0.8193,0.7243,1.0133,0.5800,0.7235,0.9395,0.8784,0.8654,0.9569,0.7247,1.0550,1.2259,1.2443,1.1177,1.1581,1.2399"
EP00058,C3_both,23,GAIN_DRIFT,"0.2259,0.3358,0.3553,0.2771,0.0567,0.5418,0.2389,0.0996,0.0350,0.1082,0.0631,0.1314,0.1036,0.2737,0.3450,0.3483,0.3418,0.4497,2.1420,6.2157,10.1347,15.4279,25.8352,39.5689,45.8987,47.1802,47.3869,49.8964,50.3205,48.9860,50.2964,51.3342,47.5283,48.9828,48.1651,48.9624,47.2352,46.5934,47.2201,47.7600,47.0273,47.3920"
EP00059,C1_variability,19,GAIN_DRIFT,"0.1866,0.2283,0.1383,0.0598,0.0567,0.1659,0.0795,0.0448,0.0177,0.1082,0.1861,0.0886,0.1036,0.9603,5.4726,9.0747,14.0097,20.1329,32.8686,54.6092,84.1684,94.9668,98.4760,96.5012,97.9453,100.9298,101.4368,101.1744,103.5720,102.8541,101.7505,103.1966,102.4361,104.3435,102.3300,100.7899,100.7768,101.2074,101.5307,96.2758,98.0884,98.4105"
EP00059,C2_covariance,19,GAIN_DRIFT,"0.5694,0.3828,0.1847,0.1314,0.0104,0.1655,0.2146,0.0754,0.0108,0.0035,0.0872,0.1555,0.1130,0.3265,0.2159,1.2311,3.6398,6.8793,8.8962,9.9133,6.0881,5.8506,5.4279,5.8137,5.7885,5.2913,5.4687,5.6762,5.9813,6.0895,6.1784,6.1227,5.7556,6.1418,5.8118,5.2349,5.4640,5.6811,5.4109,5.2219,5.3938,5.8035"
EP00059,C3_both,19,GAIN_DRIFT,"0.5694,0.3828,0.1847,0.1314,0.0567,0.1659,0.2146,0.0754,0.0177,0.1082,0.1861,0.1555,0.1130,0.9603,5.4726,9.0747,14.0097,20.1329,32.8686,54.6092,84.1684,94.9668,98.4760,96.5012,97.9453,100.9298,101.4368,101.1744,103.5720,102.8541,101.7505,103.1966,102.4361,104.3435,102.3300,100.7899,100.7768,101.2074,101.5307,96.2758,98.0884,98.4105"
EP00060,C1_variability,17,GAIN_DRIFT,"0.5129,0.4068,0.1223,0.0114,0.0390,0.2698,0.0972,0.0625,0.0000,0.0906,0.0177,0.1300,0.1088,0.6054,1.7519,2.3824,4.6647,5.9908,6.9073,9.0629,11.9141,12.8954,14.2181,14.3129,15.6167,17.6971,17.2504,17.5034,17.0402,17.9542,18.6723,19.1085,19.2661,18.5782,19.3666,19.2293,19.4030,18.8754,19.1700,19.5104,19.5247,19.3409"
EP00060,C2_covariance,17,GAIN_DRIFT,"0.3640,0.1950,0.2546,0.1076,0.0590,0.2142,0.2633,0.1240,0.0593,0.0486,0.0388,0.1069,0.0648,0.2444,0.3249,0.2925,0.2245,0.2263,0.0404,1.1354,1.0922,1.2216,1.0056,1.6458,1.5971,0.5622,0.4429,0.4738,0.7081,0.1837,0.1386,0.3134,0.3407,0.2347,0.3544,0.1010,0.3770,0.4014,0.4779,0.3134,0.3344,0.4710"
EP00060,C3_both,17,GAIN_DRIFT,"0.5129,0.4068,0.2546,0.1076,0.0590,0.2698,0.2633,0.1240,0.0593,0.0906,0.0388,0.1300,0.1088,0.6054,1.7519,2.3824,4.6647,5.9908,6.9073,9.0629,11.9141,12.8954,14.2181,14.3129,15.6167,17.6971,17.2504,17.5034,17.0402,17.9542,18.6723,19.1085,19.2661,18.5782,19.3666,19.2293,19.4030,18.8754,19.1700,19.5104,19.5247,19.3409"
EP00061,C1_variability,14,GAIN_DRIFT,"0.3882,0.3313,0.1087,0.0255,0.0759,0.1332,0.0602,0.0255,0.0276,0.7756,1.8243,3.7398,5.5018,7.6877,10.7279,13.9614,17.5014,21.1641,25.5184,28.3300,31.9752,35.2869,36.8778,39.7900,41.8122,41.8715,42.2085,42.7905,40.9111,41.1881,40.3528,38.5903,39.6386,39.5513,39.7227,39.1369,41.4407,40.2959,40.2068,39.0046,39.6457,39.0204"
EP00061,C2_covariance,14,GAIN_DRIFT,"0.5302,0.2676,0.1960,0.0981,0.0438,0.1989,0.2480,0.1088,0.0431,0.0152,0.0537,0.1180,0.2138,0.3079,0.5607,0.4811,0.5910,0.4086,0.1979,1.1429,0.9131,1.1471,0.9698,1.5416,1.7168,0.8710,0.9552,0.7214,1.0751,0.3184,0.5112,0.5058,0.4773,0.3326,0.3815,0.3259,0.4237,0.2585,0.3273,0.1700,0.2591,0.2878"
EP00061,C3_both,14,GAIN_DRIFT,"0.5302,0.3313,0.1960,0.0981,0.0759,0.1989,0.2480,0.1088,0.0431,0.7756,1.8243,3.7398,5.5018,7.6877,10.7279,13.9614,17.5014,21.1641,25.5184,28.3300,31.9752,35.2869,36.8778,39.7900,41.8122,41.8715,42.2085,42.7905,40.9111,41.1881,40.3528,38.5903,39.6386,39.5513,39.7227,39.1369,41.4407,40.2959,40.2068,39.0046,39.6457,39.0204"
EP00062,C1_variability,22,GAIN_DRIFT,"0.4714,0.5911,0.1086,0.0348,0.0852,0.1676,0.0509,0.0162,0.0462,0.1367,0.0286,0.1171,0.1321,0.3511,0.2220,0.2969,0.4524,2.2371,5.3944,9.4757,17.1289,23.8715,35.7215,46.4120,54.5937,65.2466,76.1108,85.5090,91.4461,97.7117,102.7402,105.2226,102.5308,104.1357,105.2704,103.0160,102.8786,104.5376,106.5556,107.6815,105.4616,106.2020"
EP00062,C2_covariance,22,GAIN_DRIFT,"0.4467,0.2431,0.2358,0.0941,0.0478,0.2029,0.2521,0.1128,0.0481,0.0373,0.0500,0.1183,0.0757,0.2607,0.3320,0.3353,0.2704,0.2960,0.1240,1.1754,1.5331,1.3901,1.3562,1.7960,2.9096,2.3709,2.6732,2.4787,3.2745,2.2288,2.5122,2.5520,2.2428,2.4515,2.3084,1.9597,2.0832,2.0253,2.0514,2.2215,2.2915,2.3773"
EP00062,C3_both,22,GAIN_DRIFT,"0.4714,0.5911,0.2358,0.0941,0.0852,0.2029,0.2521,0.1128,0.0481,0.1367,0.0500,0.1183,0.1321,0.3511,0.3320,0.3353,0.4524,2.2371,5.3944,9.4757,17.1289,23.8715,35.7215,46.4120,54.5937,65.2466,76.1108,85.5090,91.4461,97.7117,102.7402,105.2226,102.5308,104.1357,105.2704,103.0160,102.8786,104.5376,106.5556,107.6815,105.4616,106.2020"
EP00063,C1_variability,17,GAIN_DRIFT,"0.2222,0.4155,0.1812,0.0813,0.0504,0.3348,0.0858,0.0511,0.0114,0.1020,0.0063,0.0823,0.0995,0.4662,1.0879,1.1396,2.4075,3.3079,4.4481,5.0100,4.3196,5.3368,6.4037,7.0428,7.7841,8.8920,9.3744,9.7300,11.1215,11.3178,11.6667,12.5389,13.3828,14.3889,14.4224,14.9011,15.8178,17.2323,17.6802,18.6849,19.0347,19.3281"
EP00063,C2_covariance,17,GAIN_DRIFT,"0.3618,0.1922,0.2535,0.1090,0.0590,0.2142,0.2633,0.1240,0.0593,0.0486,0.0388,0.1061,0.0611,0.2465,0.3288,0.3190,0.2396,0.2001,0.0181,1.0995,1.0395,1.1370,0.9278,1.6144,1.5807,0.3972,0.3429,0.3480,0.6225,0.1490,0.1168,0.3619,0.3803,0.3243,0.4967,0.2511,0.5316,0.5176,0.6197,0.4519,0.4518,0.5592"
EP00063,C3_both,17,GAIN_DRIFT,"0.3618,0.4155,0.2535,0.1090,0.0590,0.3348,0.2633,0.1240,0.0593,0.1020,0.0388,0.1061,0.0995,0.4662,1.0879,1.1396,2.4075,3.3079,4.4481,5.0100,4.3196,5.3368,6.4037,7.0428,7.7841,8.8920,9.3744,9.7300,11.1215,11.3178,11.6667,12.5389,13.3828,14.3889,14.4224,14.9011,15.8178,17.2323,17.6802,18.6849,19.0347,19.3281"
EP00064,C1_variability,13,GAIN_DRIFT,"0.5141,0.2503,0.1089,0.0511,0.0006,0.3335,0.1369,0.1020,0.1648,0.7600,0.8693,1.7585,2.9121,4.4515,6.4754,7.8705,10.0780,11.1364,12.4059,14.1010,15.9289,18.4912,18.4637,19.9575,21.0975,23.3208,24.3261,26.9401,29.5395,30.6350,31.9011,33.6218,35.6773,37.3551,37.6831,40.1126,42.8025,43.5861,44.6566,45.3931,44.8471,45.4570"
EP00064,C2_covariance,13,GAIN_DRIFT,"0.5570,0.2479,0.0931,0.1238,0.0181,0.1731,0.2222,0.0830,0.0204,0.0804,0.1537,0.1471,0.2404,0.2889,0.6268,0.5890,0.5535,0.3245,0.1183,1.0446,0.9419,1.1487,0.8417,1.4282,1.4962,0.5181,0.4371,0.3981,0.7648,0.4169,0.4505,0.6953,0.6519,0.7135,0.9232,0.8369,0.9143,0.9894,1.2058,1.2514,1.2759,1.5254"
EP00064,C3_both,13,GAIN_DRIFT,"0.5570,0.2503,0.1089,0.1238,0.0181,0.3335,0.2222,0.1020,0.1648,0.7600,0.8693,1.7585,2.9121,4.4515,6.4754,7.8705,10.0780,11.1364,12.4059,14.1010,15.9289,18.4912,18.4637,19.9575,21.0975,23.3208,24.3261,26.9401,29.5395,30.6350,31.9011,33.6218,35.6773,37.3551,37.6831,40.1126,42.8025,43.5861,44.6566,45.3931,44.8471,45.4570"
EP00065,C1_variability,13,GAIN_DRIFT,"0.4209,0.2560,0.0932,0.0194,0.0698,0.1425,0.0664,0.0319,0.0486,1.2156,2.0472,4.3234,7.0177,10.9540,16.2017,19.6065,22.9530,26.8325,30.1077,33.5330,37.3974,43.8060,48.3065,53.9453,59.1452,61.8459,64.4516,69.3415,75.1517,79.2685,81.0679,86.5209,91.2924,94.2194,94.6106,102.9695,108.8208,111.8038,113.3730,114.2185,118.7696,115.6769"
EP00065,C2_covariance,13,GAIN_DRIFT,"0.6183,0.3199,0.1913,0.1238,0.0181,0.1731,0.2222,0.0829,0.0128,0.0091,0.0880,0.1523,0.2207,0.3402,0.6550,0.7076,0.8964,0.8816,0.9746,1.6628,1.3639,1.3866,1.2673,1.8013,2.4390,1.7598,1.7905,2.0417,2.8067,1.4942,1.9092,2.0167,2.3008,2.9888,3.3750,3.5433,3.4024,3.1830,2.8522,2.9774,3.3317,3.2757"
EP00065,C3_both,13,GAIN_DRIFT,"0.6183,0.3199,0.1913,0.1238,0.0698,0.1731,0.2222,0.0829,0.0486,1.2156,2.0472,4.3234,7.0177,10.9540,16.2017,19.6065,22.9530,26.8325,30.1077,33.5330,37.3974,43.8060,48.3065,53.9453,59.1452,61.8459,64.4516,69.3415,75.1517,79.2685,81.0679,86.5209,91.2924,94.2194,94.6106,102.9695,108.8208,111.8038,113.3730,114.2185,118.7696,115.6769"
EP00066,C1_variability,18,GEOMETRY_ROTATION,"0.6644,0.8100,0.0918,0.1820,0.0277,0.2373,0.1641,0.1293,0.0668,0.0239,0.0845,0.0691,0.0246,1.5160,2.1566,2.7671,4.2356,4.8599,5.9825,6.5185,6.9342,7.0814,6.7163,7.3713,8.4008,8.5947,8.7270,9.2271,9.4555,8.6915,7.7055,7.9046,7.8123,7.5571,7.2965,7.4809,7.5751,7.2793,6.8792,6.6428,7.0589,7.0275"
EP00066,C2_covariance,18,GEOMETRY_ROTATION,"0.4677,0.2202,0.1405,0.1366,0.0052,0.1603,0.2093,0.0701,0.0055,0.0052,0.0924,0.1607,0.1183,0.2900,0.9291,1.2180,2.2709,2.8932,3.9697,5.7341,6.1614,6.2303,5.7392,6.5623,7.1763,6.5560,6.6514,6.4921,6.9194,6.4520,6.1509,6.4488,6.4414,6.3944,6.4009,6.2568,6.5248,6.3306,6.3809,5.9337,5.9698,5.9156"
EP00066,C3_both,18,GEOMETRY_ROTATION,"0.6644,0.8100,0.1405,0.1820,0.0277,0.2373,0.2093,0.1293,0.0668,0.0239,0.0924,0.1607,0.1183,1.5160,2.1566,2.7671,4.2356,4.8599,5.9825,6.5185,6.9342,7.0814,6.7163,7.3713,8.4008,8.5947,8.7270,9.2271,9.4555,8.6915,7.7055,7.9046,7.8123,7.5571,7.2965,7.4809,7.5751,7.2793,6.8792,6.6428,7.0589,7.0275"
EP00067,C1_variability,19,GEOMETRY_ROTATION,"0.5002,0.1969,0.0671,0.0824,0.0319,0.2981,0.1683,0.1336,0.0710,0.0197,0.0887,0.0084,0.0151,1.1294,2.3718,3.9769,4.8648,5.9520,7.2815,8.4534,9.4760,9.6078,9.6174,9.2641,9.0989,9.2533,9.1643,9.6031,10.2356,9.6141,11.0712,11.4217,10.2807,10.4670,10.0722,9.8866,9.3455,9.4761,9.6220,9.6360,9.5656,9.4888"
EP00067,C2_covariance,19,GEOMETRY_ROTATION,"0.5027,0.2602,0.0919,0.1418,0.0000,0.1550,0.2041,0.0649,0.0003,0.0104,0.0977,0.1659,0.1234,0.3013,2.3882,4.6246,5.9614,7.6435,9.5542,11.9554,13.7797,14.4560,14.3157,14.8416,14.9518,14.5641,14.7409,14.7822,14.7334,14.3396,14.5069,14.6550,14.8533,14.8369,15.0958,14.9098,14.5777,14.3417,14.4422,14.2667,14.1875,14.0503"
EP00067,C3_both,19,GEOMETRY_ROTATION,"0.5027,0.2602,0.0919,0.1418,0.0319,0.2981,0.2041,0.1336,0.0710,0.0197,0.0977,0.1659,0.1234,1.1294,2.3882,4.6246,5.9614,7.6435,9.5542,11.9554,13.7797,14.4560,14.3157,14.8416,14.9518,14.5641,14.7409,14.7822,14.7334,14.3396,14.5069,14.6550,14.8533,14.8369,15.0958,14.9098,14.5777,14.3417,14.4422,14.2667,14.1875,14.0503"
EP00068,C1_variability,20,GEOMETRY_ROTATION,"0.0459,0.2372,0.0438,0.0782,0.0277,0.2373,0.1641,0.1293,0.0668,0.0239,0.0845,0.2765,0.0194,0.6446,2.9229,4.0058,5.0877,6.3795,7.4162,11.2023,21.2565,27.3139,25.6980,23.8384,22.8248,25.2431,24.0933,24.6589,23.9557,24.1019,24.2062,22.2917,22.4130,22.2526,22.3719,23.4262,22.2855,22.2613,22.3207,22.7767,23.9116,24.3810"
EP00068,C2_covariance,20,GEOMETRY_ROTATION,"0.4669,0.3767,0.2112,0.1419,0.0002,0.1549,0.2039,0.0648,0.0002,0.0106,0.0978,0.1661,0.1236,0.3083,2.3923,5.9091,8.8013,11.6686,13.1990,16.8297,19.7674,21.5152,21.8510,22.2388,22.2651,21.7957,21.5770,22.1342,22.3464,22.2817,22.2044,22.3392,22.5024,22.1214,21.9993,21.8061,21.9947,22.1737,22.2751,22.1763,21.9257,21.9598"
EP00068,C3_both,20,GEOMETRY_ROTATION,"0.4669,0.3767,0.2112,0.1419,0.0277,0.2373,0.2039,0.1293,0.0668,0.0239,0.0978,0.2765,0.1236,0.6446,2.9229,5.9091,8.8013,11.6686,13.1990,16.8297,21.2565,27.3139,25.6980,23.8384,22.8248,25.2431,24.0933,24.6589,23.9557,24.1019,24.2062,22.3392,22.5024,22.2526,22.3719,23.4262,22.2855,22.2613,22.3207,22.7767,23.9116,24.3810"
EP00069,C1_variability,15,GEOMETRY_ROTATION,"0.6596,0.3484,0.1103,0.0739,0.0234,0.2330,0.1598,0.1251,0.0625,0.0940,0.2570,0.7636,1.3162,1.9467,2.5902,2.9639,4.7216,4.7333,5.7346,6.7565,6.5608,7.6435,6.7648,6.6581,6.9225,7.8934,6.5524,6.5241,7.1595,6.5443,6.5883,6.2076,6.6771,6.1563,5.5912,5.9855,6.3780,5.9338,6.5554,6.3616,6.8818,7.4052"
EP00069,C2_covariance,15,GEOMETRY_ROTATION,"0.5333,0.3242,0.3106,0.1473,0.0764,0.1731,0.2222,0.0830,0.0184,0.0070,0.0754,0.1200,0.0157,0.0439,0.4450,0.5174,1.2274,1.4617,2.0297,3.3238,3.6435,4.0908,4.2056,5.0190,5.6455,5.2764,5.1337,5.2364,5.4879,4.8234,4.5874,4.8244,4.6996,4.8623,4.8091,4.7600,5.2722,5.0856,5.1403,4.8258,4.8787,4.8789"
EP00069,C3_both,15,GEOMETRY_ROTATION,"0.6596,0.3484,0.3106,0.1473,0.0764,0.2330,0.2222,0.1251,0.0625,0.0940,0.2570,0.7636,1.3162,1.9467,2.5902,2.9639,4.7216,4.7333,5.7346,6.7565,6.5608,7.6435,6.7648,6.6581,6.9225,7.8934,6.5524,6.5241,7.1595,6.5443,6.5883,6.2076,6.6771,6.1563,5.5912,5.9855,6.3780,5.9338,6.5554,6.3616,6.8818,7.4052"
EP00070,C1_variability,21,GEOMETRY_ROTATION,"0.6886,0.7585,0.1337,0.0511,0.0006,0.2101,0.1369,0.1022,0.0397,0.0510,0.0574,0.0313,0.0464,0.3883,0.3083,0.5957,1.1125,2.6162,3.5548,5.0068,5.7880,8.2468,7.7229,8.6661,8.9878,9.0728,9.9292,10.9652,11.6393,9.7542,10.4999,11.4368,10.4342,11.9351,11.4999,10.5233,10.7073,11.5847,10.0179,9.8688,9.7692,9.7474"
EP00070,C2_covariance,21,GEOMETRY_ROTATION,"0.2126,0.1767,0.1041,0.1314,0.0104,0.1655,0.2146,0.0754,0.0108,0.0042,0.0872,0.1555,0.1130,0.2978,0.3691,0.3687,0.0498,0.5251,1.6423,3.9763,5.6055,7.2113,8.3719,10.5914,12.2884,13.0391,13.9975,15.1663,15.7616,15.9607,16.1317,16.1588,15.9645,15.5792,15.8624,15.8412,15.5529,15.4802,15.6739,15.6483,15.5441,15.6152"
EP00070,C3_both,21,GEOMETRY_ROTATION,"0.6886,0.7585,0.1337,0.1314,0.0104,0.2101,0.2146,0.1022,0.0397,0.0510,0.0872,0.1555,0.1130,0.3883,0.3691,0.5957,1.1125,2.6162,3.5548,5.0068,5.7880,8.2468,8.3719,10.5914,12.2884,13.0391,13.9975,15.1663,15.7616,15.9607,16.1317,16.1588,15.9645,15.5792,15.8624,15.8412,15.5529,15.4802,15.6739,15.6483,15.5441,15.6152"
EP00071,C1_variability,18,GEOMETRY_ROTATION,"0.6426,0.4234,0.0982,0.1272,0.0277,0.2373,0.1641,0.1293,0.0668,0.0239,0.0845,0.0043,0.3867,1.8640,2.7774,3.5138,5.0201,6.5685,7.2753,8.7305,10.6822,12.2099,14.1144,15.9920,17.8530,20.3415,21.8894,23.1227,23.4057,23.6046,23.7002,23.5762,23.5010,23.5834,23.6631,23.5896,23.4369,23.5320,23.5480,23.5072,23.4981,23.4511"
EP00071,C2_covariance,18,GEOMETRY_ROTATION,"0.5284,0.2963,0.1260,0.1419,0.0002,0.1549,0.2039,0.0648,0.0002,0.0106,0.0978,0.1661,0.1184,0.2104,3.5353,4.7362,6.0688,7.6739,9.9210,12.2522,13.8912,15.4373,16.6108,18.4835,20.3643,20.8292,21.2896,21.5407,22.1247,22.0656,22.1376,22.2276,22.2875,22.2563,22.3336,22.4514,22.1779,22.1400,22.1517,21.9939,21.8961,22.2518"
EP00071,C3_both,18,GEOMETRY_ROTATION,"0.6426,0.4234,0.1260,0.1419,0.0277,0.2373,0.2039,0.1293,0.0668,0.0239,0.0978,0.1661,0.3867,1.8640,3.5353,4.7362,6.0688,7.6739,9.9210,12.2522,13.8912,15.4373,16.6108,18.4835,20.3643,20.8292,21.8894,23.1227,23.4057,23.6046,23.7002,23.5762,23.5010,23.5834,23.6631,23.5896,23.4369,23.5320,23.5480,23.5072,23.4981,23.4511"
EP00072,C1_variability,23,GEOMETRY_ROTATION,"0.3232,0.6347,0.4164,0.3427,0.1421,0.6095,0.0972,0.0625,0.0000,0.0906,0.0177,0.0709,0.0860,0.0449,0.2685,0.3434,0.3596,0.3020,0.7217,1.1342,1.0945,2.4349,2.9345,2.5418,3.3944,3.6517,4.1908,4.6305,4.7476,4.9282,5.4149,6.2009,6.3614,5.6728,5.5376,6.5048,5.8168,5.4208,5.8101,7.0577,6.0300,6.0483"
EP00072,C2_covariance,23,GEOMETRY_ROTATION,"0.3309,0.2426,0.1722,0.1072,0.0347,0.1898,0.2389,0.0996,0.0350,0.0242,0.0631,0.1314,0.0888,0.2737,0.3450,0.3483,0.1342,0.2705,0.0713,1.0135,0.8502,0.9205,0.5797,1.3769,1.8217,1.3570,1.6271,2.1075,2.7442,2.7615,3.1049,3.7124,4.2454,4.4682,5.0803,5.3657,5.8854,6.0918,6.5865,6.5775,6.9227,6.9198"
EP00072,C3_both,23,GEOMETRY_ROTATION,"0.3309,0.6347,0.4164,0.3427,0.1421,0.6095,0.2389,0.0996,0.0350,0.0906,0.0631,0.1314,0.0888,0.2737,0.3450,0.3483,0.3596,0.3020,0.7217,1.1342,1.0945,2.4349,2.9345,2.5418,3.3944,3.6517,4.1908,4.6305,4.7476,4.9282,5.4149,6.2009,6.3614,5.6728,5.5376,6.5048,5.8854,6.0918,6.5865,7.0577,6.9227,6.9198"
EP00073,C1_variability,22,GEOMETRY_ROTATION,"0.2499,0.4333,0.3471,0.2705,0.0670,0.5744,0.1366,0.1019,0.0394,0.0513,0.0571,0.0316,0.0467,0.0694,0.3080,0.3831,0.5213,0.8214,1.3279,2.4474,3.6666,4.5848,5.4927,4.9730,6.1999,6.2005,6.4659,7.1878,7.2181,7.6792,8.3655,9.4695,10.2168,10.3797,9.3808,10.0221,10.7081,8.4710,8.6915,8.9499,9.0098,9.0420"
EP00073,C2_covariance,22,GEOMETRY_ROTATION,"0.3321,0.2765,0.2254,0.0988,0.0456,0.1982,0.2473,0.1080,0.0434,0.0326,0.0547,0.1230,0.0804,0.2654,0.3367,0.3400,0.0379,0.2560,0.0071,1.2558,1.6720,2.4965,3.0101,4.8019,5.8673,6.2599,7.3919,8.2955,9.2627,9.5159,9.8604,10.7254,11.5480,11.8686,12.4532,12.8517,13.5477,13.9447,14.3113,14.6100,15.1167,15.1594"
EP00073,C3_both,22,GEOMETRY_ROTATION,"0.3321,0.4333,0.3471,0.2705,0.0670,0.5744,0.2473,0.1080,0.0434,0.0513,0.0571,0.1230,0.0804,0.2654,0.3367,0.3831,0.5213,0.8214,1.3279,2.4474,3.6666,4.5848,5.4927,4.9730,6.1999,6.2599,7.3919,8.2955,9.2627,9.5159,9.8604,10.7254,11.5480,11.8686,12.4532,12.8517,13.5477,13.9447,14.3113,14.6100,15.1167,15.1594"
EP00074,C1_variability,22,GEOMETRY_ROTATION,"0.3355,0.2364,0.2094,0.1241,0.0120,0.4069,0.1484,0.1136,0.0511,0.0396,0.0688,0.0199,0.0350,0.2733,0.3198,0.3949,0.7909,1.7988,2.9615,3.9243,4.7926,6.6541,7.0577,7.1379,8.2141,8.3555,8.9774,9.6904,10.2441,11.4026,12.3088,12.9137,13.7972,14.7511,15.5811,16.4912,17.6058,18.8020,19.9686,21.0183,21.9467,22.5115"
EP00074,C2_covariance,22,GEOMETRY_ROTATION,"0.1861,0.1583,0.1232,0.1222,0.0351,0.1747,0.2238,0.0846,0.0199,0.0092,0.0781,0.1463,0.1038,0.2887,0.3599,0.3632,0.0016,0.0114,1.0252,3.3912,5.4059,7.3178,8.9371,11.6981,13.0099,13.8340,15.0329,16.0612,17.1239,17.4051,17.9134,18.5365,19.0145,19.4945,19.8462,20.2182,20.9323,21.0805,21.6039,21.8371,22.3336,22.5207"
EP00074,C3_both,22,GEOMETRY_ROTATION,"0.3355,0.2364,0.2094,0.1241,0.0351,0.4069,0.2238,0.1136,0.0511,0.0396,0.0781,0.1463,0.1038,0.2887,0.3599,0.3949,0.7909,1.7988,2.9615,3.9243,5.4059,7.3178,8.9371,11.6981,13.0099,13.8340,15.0329,16.0612,17.1239,17.4051,17.9134,18.5365,19.0145,19.4945,19.8462,20.2182,20.9323,21.0805,21.6039,21.8371,22.3336,22.5207"
EP00075,C1_variability,14,NONE,"0.6887,0.4514,0.1918,0.3159,0.2086,0.2945,0.2785,0.1565,0.0383,0.2228,0.9106,1.0227,1.2005,1.0733,1.0055,1.4052,1.6053,1.5906,2.0328,1.7801,1.8290,1.5159,1.4449,1.6236,1.7052,3.3190,3.5345,3.3543,3.2958,3.3671,3.4116,1.7362,1.6494,2.0695,2.3986,2.4949,2.7592,2.8970,3.1981,3.0748,2.9271,2.8210"
EP00075,C2_covariance,14,NONE,"0.0414,0.0695,0.1385,0.0199,0.1641,0.2720,0.6380,0.3335,0.1730,0.0484,0.4077,0.8215,1.0762,0.8634,1.0526,1.4113,1.3201,0.9671,0.8434,0.5892,0.4930,0.2884,0.0485,0.1388,0.1232,0.0728,0.2289,0.3066,0.5484,0.7528,1.0934,1.0173,1.0405,0.7110,0.7234,0.7552,0.7651,0.6732,1.0655,1.6463,1.6351,1.2130"
EP00075,C3_both,14,NONE,"0.6887,0.4514,0.1918,0.3159,0.2086,0.2945,0.6380,0.3335,0.1730,0.2228,0.9106,1.0227,1.2005,1.0733,1.0526,1.4113,1.6053,1.5906,2.0328,1.7801,1.8290,1.5159,1.4449,1.6236,1.7052,3.3190,3.5345,3.3543,3.2958,3.3671,3.4116,1.7362,1.6494,2.0695,2.3986,2.4949,2.7592,2.8970,3.1981,3.0748,2.9271,2.8210"
EP00076,C1_variability,25,RATE_LOSS,"1.1765,0.3345,0.6369,1.0304,0.7481,0.4933,0.3831,0.1183,0.1776,0.2612,0.2199,0.2604,0.2839,0.3071,0.2324,0.1778,0.1553,0.1132,0.1538,0.1642,0.6036,1.4255,2.0539,2.9022,3.9827,4.4416,4.7959,4.7632,4.8519,4.7492,4.5966,4.7424,4.8276,4.8359,4.8520,4.8204,4.8757,4.9160,4.7994,4.7741,4.8260,4.9273"
EP00076,C2_covariance,25,RATE_LOSS,"0.2713,0.1608,0.3678,0.2498,0.2514,0.5008,0.8651,0.5620,0.4022,0.1819,0.1758,0.5878,0.8413,0.6294,0.8177,1.1748,1.0840,0.7327,0.6096,0.3763,0.3066,0.1809,0.0000,0.1913,0.1323,0.1144,0.1656,0.0752,0.5324,0.6389,0.8544,0.8854,0.9005,0.5752,0.4900,0.5217,0.5316,0.4401,1.0451,1.5823,1.5743,1.1202"
EP00076,C3_both,25,RATE_LOSS,"1.1765,0.3345,0.6369,1.0304,0.7481,0.5008,0.8651,0.5620,0.4022,0.2612,0.2199,0.5878,0.8413,0.6294,0.8177,1.1748,1.0840,0.7327,0.6096,0.3763,0.6036,1.4255,2.0539,2.9022,3.9827,4.4416,4.7959,4.7632,4.8519,4.7492,4.5966,4.7424,4.8276,4.8359,4.8520,4.8204,4.8757,4.9160,4.7994,4.7741,4.8260,4.9273"
EP00077,C1_variability,17,RATE_LOSS,"0.6563,0.0957,0.0859,0.4876,0.2034,0.1612,0.1452,0.0228,0.1724,0.3574,0.3160,0.3055,0.2988,0.9004,2.3703,4.1230,6.1526,8.5975,10.6086,12.0363,12.4426,12.5168,12.3860,12.3797,12.5542,12.3169,12.3006,12.2306,12.3046,12.2188,12.0915,12.2132,12.2843,12.2913,12.3046,12.2783,12.3245,12.3581,12.2607,12.2396,12.2829,12.3675"
EP00077,C2_covariance,17,RATE_LOSS,"0.0897,0.0587,0.1866,0.0682,0.0606,0.3201,0.6857,0.3815,0.2211,0.0000,0.3590,0.7722,1.0578,0.8790,1.4088,2.2668,2.4583,1.6451,1.2017,0.5896,0.4455,0.2399,0.0031,0.1870,0.0757,0.0133,0.1327,0.2580,0.3959,0.6735,0.9395,0.8429,0.8642,0.6620,0.6744,0.7062,0.7161,0.6242,0.9578,1.5184,1.4981,1.1082"
EP00077,C3_both,17,RATE_LOSS,"0.6563,0.0957,0.1866,0.4876,0.2034,0.3201,0.6857,0.3815,0.2211,0.3574,0.3590,0.7722,1.0578,0.9004,2.3703,4.1230,6.1526,8.5975,10.6086,12.0363,12.4426,12.5168,12.3860,12.3797,12.5542,12.3169,12.3006,12.2306,12.3046,12.2188,12.0915,12.2132,12.2843,12.2913,12.3046,12.2783,12.3245,12.3581,12.2607,12.2396,12.2829,12.3675"
EP00078,C1_variability,23,RATE_LOSS,"1.3387,0.5504,0.8936,1.2859,1.0004,0.7030,0.5688,0.1198,0.0766,0.2612,0.2302,0.2100,0.2839,0.3071,0.2324,0.1778,0.1553,0.0784,0.9096,3.0066,5.5975,9.0954,13.6598,20.3020,25.4246,27.3290,27.4236,27.3816,27.4260,27.3746,27.2983,27.3712,27.4138,27.4180,27.4260,27.4102,27.4379,27.4580,27.3997,27.3871,27.4130,27.4636"
EP00078,C2_covariance,23,RATE_LOSS,"0.7261,0.6327,0.8077,0.7080,0.6745,0.9201,1.2280,0.9719,0.8367,0.6505,0.3482,0.0000,0.2143,0.0438,0.1944,0.4962,0.4195,0.1664,0.2411,1.1238,3.2066,6.2009,7.4499,3.8486,0.5244,0.6167,0.5733,0.4332,0.3376,0.2852,0.7059,0.5466,0.6057,0.2354,0.0826,0.1252,0.0475,0.1248,0.6614,1.2057,1.1817,0.7548"
EP00078,C3_both,23,RATE_LOSS,"1.3387,0.6327,0.8936,1.2859,1.0004,0.9201,1.2280,0.9719,0.8367,0.6505,0.3482,0.2100,0.2839,0.3071,0.2324,0.4962,0.4195,0.1664,0.9096,3.0066,5.5975,9.0954,13.6598,20.3020,25.4246,27.3290,27.4236,27.3816,27.4260,27.3746,27.2983,27.3712,27.4138,27.4180,27.4260,27.4102,27.4379,27.4580,27.3997,27.3871,27.4130,27.4636"
EP00079,C1_variability,15,RATE_LOSS,"0.5918,0.1879,0.1724,0.3953,0.1145,0.1456,0.1295,0.0072,0.1881,0.3432,0.2478,0.3536,0.5552,0.4603,0.9060,1.3511,1.7908,2.2653,2.6713,3.2555,3.6658,4.1391,4.2968,4.5429,4.9217,4.7364,4.7466,4.6625,4.7513,4.6483,4.4955,4.6416,4.7270,4.7353,4.7514,4.7197,4.7752,4.8156,4.6987,4.6734,4.7253,4.8269"
EP00079,C2_covariance,15,RATE_LOSS,"0.0613,0.0496,0.1583,0.0398,0.0815,0.2918,0.6576,0.3533,0.1928,0.0338,0.3810,0.7763,1.0476,0.8177,1.0311,1.4395,1.3704,0.9903,0.8863,0.6270,0.5259,0.3180,0.0603,0.1504,0.0714,0.0373,0.1615,0.2866,0.4514,0.7024,1.0050,0.9182,0.9399,0.6909,0.7032,0.7350,0.7449,0.6530,1.0039,1.5733,1.5570,1.1373"
EP00079,C3_both,15,RATE_LOSS,"0.5918,0.1879,0.1724,0.3953,0.1145,0.2918,0.6576,0.3533,0.1928,0.3432,0.3810,0.7763,1.0476,0.8177,1.0311,1.4395,1.7908,2.2653,2.6713,3.2555,3.6658,4.1391,4.2968,4.5429,4.9217,4.7364,4.7466,4.6625,4.7513,4.6483,4.4955,4.6416,4.7270,4.7353,4.7514,4.7197,4.7752,4.8156,4.6987,4.6734,4.7253,4.8269"
EP00080,C1_variability,14,RATE_LOSS,"0.5362,0.3115,0.0690,0.3141,0.0342,0.1204,0.1044,0.0181,0.2129,0.3084,0.9924,1.1175,1.3508,1.7862,2.7960,3.8227,4.8836,6.0022,7.0209,8.2385,9.2871,10.3218,10.9831,11.6172,12.2154,12.2209,12.2698,12.1996,12.2737,12.1879,12.0604,12.1823,12.2535,12.2604,12.2738,12.2474,12.2936,12.3273,12.2298,12.2087,12.2521,12.3367"
EP00080,C2_covariance,14,RATE_LOSS,"0.0418,0.0712,0.1385,0.0199,0.1486,0.2720,0.6380,0.3335,0.1731,0.0632,0.3969,0.7754,1.0835,0.8426,1.0975,1.5942,1.5680,1.1495,1.0800,0.8246,0.7206,0.5013,0.1851,0.0957,0.0829,0.0619,0.2357,0.3066,0.5404,0.7484,1.1107,1.0184,1.0445,0.7110,0.7234,0.7552,0.7651,0.6732,1.0535,1.6390,1.6253,1.2085"
EP00080,C3_both,14,RATE_LOSS,"0.5362,0.3115,0.1385,0.3141,0.1486,0.2720,0.6380,0.3335,0.2129,0.3084,0.9924,1.1175,1.3508,1.7862,2.7960,3.8227,4.8836,6.0022,7.0209,8.2385,9.2871,10.3218,10.9831,11.6172,12.2154,12.2209,12.2698,12.1996,12.2737,12.1879,12.0604,12.1823,12.2535,12.2604,12.2738,12.2474,12.2936,12.3273,12.2298,12.2087,12.2521,12.3367"
EP00081,C1_variability,22,RATE_LOSS,"1.2146,0.6446,1.0318,1.4785,1.1596,0.8228,0.6718,0.0553,0.1398,0.3247,0.2833,0.2734,0.3474,0.3706,0.2958,0.2412,0.0044,0.6906,1.7066,3.3578,5.3381,7.9481,10.6789,13.5973,16.5144,19.1882,21.8279,24.0589,25.7900,26.8185,27.2263,27.3427,27.3853,27.3895,27.3975,27.3817,27.4094,27.4295,27.3711,27.3585,27.3845,27.4352"
EP00081,C2_covariance,22,RATE_LOSS,"0.6481,0.5385,0.7439,0.6268,0.5875,0.8759,1.2374,0.9366,0.7780,0.5594,0.2044,0.2044,0.4560,0.2457,0.4326,0.7870,0.7373,0.4847,0.5689,0.6294,0.7887,0.8847,0.7214,0.5687,0.9318,1.1678,1.1604,0.3403,0.4475,0.2381,0.6256,0.5688,0.6521,0.2771,0.1075,0.1389,0.1487,0.0579,0.7164,1.2335,1.2397,0.7917"
EP00081,C3_both,22,RATE_LOSS,"1.2146,0.6446,1.0318,1.4785,1.1596,0.8759,1.2374,0.9366,0.7780,0.5594,0.2833,0.2734,0.4560,0.3706,0.4326,0.7870,0.7373,0.6906,1.7066,3.3578,5.3381,7.9481,10.6789,13.5973,16.5144,19.1882,21.8279,24.0589,25.7900,26.8185,27.2263,27.3427,27.3853,27.3895,27.3975,27.3817,27.4094,27.4295,27.3711,27.3585,27.3845,27.4352"
EP00082,C1_variability,14,RATE_LOSS,"0.6972,0.4282,0.1984,0.3160,0.1111,0.1971,0.1811,0.0589,0.1275,0.2780,0.9204,1.0334,1.2209,1.0644,0.9911,1.3938,1.5910,1.5734,2.0277,1.8180,1.9410,1.9787,1.9918,2.1675,2.5642,3.2675,3.5092,3.3347,3.2966,3.3898,3.4490,3.4130,3.6744,3.8624,4.0645,4.2138,4.4468,4.6223,4.6069,4.6556,4.7549,4.8735"
EP00082,C2_covariance,14,RATE_LOSS,"0.0414,0.0695,0.1385,0.0199,0.1661,0.2720,0.6380,0.3335,0.1740,0.0514,0.4038,0.8088,1.0717,0.8493,1.0492,1.4286,1.3466,0.9819,0.8665,0.6095,0.5112,0.3073,0.0668,0.1230,0.1111,0.0665,0.2499,0.2909,0.5414,0.7418,1.0939,1.0192,1.0422,0.7132,0.7197,0.7542,0.7564,0.6678,1.0657,1.6438,1.6395,1.2174"
EP00082,C3_both,14,RATE_LOSS,"0.6972,0.4282,0.1984,0.3160,0.1661,0.2720,0.6380,0.3335,0.1740,0.2780,0.9204,1.0334,1.2209,1.0644,1.0492,1.4286,1.5910,1.5734,2.0277,1.8180,1.9410,1.9787,1.9918,2.1675,2.5642,3.2675,3.5092,3.3347,3.2966,3.3898,3.4490,3.4130,3.6744,3.8624,4.0645,4.2138,4.4468,4.6223,4.6069,4.6556,4.7549,4.8735"
EP00083,C1_variability,21,RATE_LOSS,"1.2307,0.8383,1.2248,1.6725,1.3481,1.0098,0.8595,0.2363,0.1917,0.2612,0.2295,0.3952,0.2839,0.3071,0.2324,0.1706,0.0664,0.1522,0.4050,0.9281,1.3777,2.0244,2.4284,3.0014,3.7718,4.0726,4.6411,5.1472,5.8029,6.2665,6.6807,7.3981,8.0277,8.6025,9.2036,9.7482,10.4022,10.9875,11.3512,11.7062,12.0412,12.3257"
EP00083,C2_covariance,21,RATE_LOSS,"0.4455,0.3354,0.5417,0.4241,0.3846,0.6742,1.0372,0.7352,0.5759,0.3564,0.0000,0.4105,0.6632,0.4520,0.6397,0.9964,0.9164,0.5782,0.4820,0.2491,0.1542,0.0421,0.2823,0.4765,0.3454,0.3105,0.2998,0.1342,0.4226,0.3790,0.6988,0.6813,0.7501,0.3995,0.3241,0.3635,0.3447,0.2750,0.7305,1.2381,1.3095,0.8632"
EP00083,C3_both,21,RATE_LOSS,"1.2307,0.8383,1.2248,1.6725,1.3481,1.0098,1.0372,0.7352,0.5759,0.3564,0.2295,0.4105,0.6632,0.4520,0.6397,0.9964,0.9164,0.5782,0.4820,0.9281,1.3777,2.0244,2.4284,3.0014,3.7718,4.0726,4.6411,5.1472,5.8029,6.2665,6.6807,7.3981,8.0277,8.6025,9.2036,9.7482,10.4022,10.9875,11.3512,11.7062,12.0412,12.3257"
EP00084,C1_variability,24,RATE_LOSS,"0.9609,0.5250,0.8829,1.3016,1.0090,0.7126,0.5770,0.1565,0.1478,0.2228,0.3312,0.2504,0.2455,0.2686,0.1940,0.1394,0.1170,0.0749,0.1592,0.2891,0.6962,1.4274,2.1175,3.2294,4.7605,5.9341,7.3647,8.7422,10.2224,11.5217,12.7714,14.3143,15.7337,17.1345,18.5832,19.9679,21.4910,22.8947,24.1162,25.2153,26.1570,26.8984"
EP00084,C2_covariance,24,RATE_LOSS,"0.3504,0.2402,0.4468,0.3290,0.2895,0.5796,0.9433,0.6407,0.4811,0.2612,0.0959,0.5072,0.7603,0.5488,0.7368,1.0933,1.0027,0.6519,0.5269,0.3021,0.2242,0.0762,0.0762,0.2033,0.0857,0.0426,0.4449,0.0225,0.4488,0.5248,0.8801,0.9484,0.9538,0.7281,0.6934,0.7648,0.7328,0.7352,0.6580,1.1622,1.4491,1.0636"
EP00084,C3_both,24,RATE_LOSS,"0.9609,0.5250,0.8829,1.3016,1.0090,0.7126,0.9433,0.6407,0.4811,0.2612,0.3312,0.5072,0.7603,0.5488,0.7368,1.0933,1.0027,0.6519,0.5269,0.3021,0.6962,1.4274,2.1175,3.2294,4.7605,5.9341,7.3647,8.7422,10.2224,11.5217,12.7714,14.3143,15.7337,17.1345,18.5832,19.9679,21.4910,22.8947,24.1162,25.2153,26.1570,26.8984"
EP00085,C1_variability,15,CHANNEL_DROPOUT,"0.6324,0.2394,0.2311,0.3874,0.2466,0.3325,0.3165,0.1946,0.0000,0.1844,0.3595,0.4171,0.5913,0.6287,0.7472,0.8182,7.9614,8.6621,17.4899,17.3245,17.1788,17.0018,16.7669,16.6168,16.8693,16.7369,16.8050,16.9131,17.2022,17.1982,16.8922,17.0650,17.0724,16.9729,16.7388,16.7333,17.0744,16.8859,17.0092,17.1715,17.2730,17.3770"
EP00085,C2_covariance,15,CHANNEL_DROPOUT,"0.0613,0.0623,0.1583,0.0398,0.1579,0.2918,0.6576,0.3533,0.1928,0.0285,0.3427,0.7549,1.0341,0.8728,1.2209,1.6652,2.0105,1.7659,2.1635,2.0022,1.9839,1.7228,1.5279,1.3124,1.4417,1.4564,1.5598,1.7349,1.8258,2.1811,1.9160,2.2526,2.1143,2.0306,2.1018,2.0941,2.1067,2.0542,2.0910,2.4601,2.6270,2.5165"
EP00085,C3_both,15,CHANNEL_DROPOUT,"0.6324,0.2394,0.2311,0.3874,0.2466,0.3325,0.6576,0.3533,0.1928,0.1844,0.3595,0.7549,1.0341,0.8728,1.2209,1.6652,7.9614,8.6621,17.4899,17.3245,17.1788,17.0018,16.7669,16.6168,16.8693,16.7369,16.8050,16.9131,17.2022,17.1982,16.8922,17.0650,17.0724,16.9729,16.7388,16.7333,17.0744,16.8859,17.0092,17.1715,17.2730,17.3770"
EP00086,C1_variability,23,CHANNEL_DROPOUT,"0.8803,0.9049,0.8175,1.1751,0.9129,0.6462,0.5220,0.2951,0.1009,0.0831,0.0419,0.4317,0.1057,0.1289,0.0544,0.0000,0.0224,0.0579,0.1136,0.2874,0.8821,1.7258,2.5570,14.3000,26.7183,28.6458,30.2083,30.2083,30.2083,30.2083,30.2083,30.2083,30.2083,30.2083,30.2083,30.2083,30.2083,30.2083,30.2083,30.2083,30.2083,30.2083"
EP00086,C2_covariance,23,CHANNEL_DROPOUT,"0.7620,0.6539,0.8565,0.7410,0.7022,0.9866,1.3432,1.0465,0.8901,0.6745,0.3244,0.0788,0.3269,0.1759,0.3038,0.6533,0.5645,0.2247,0.0000,0.3794,1.7128,4.7987,6.2268,4.7038,6.9606,10.0153,10.2726,10.6590,11.2058,11.3957,11.0367,11.5201,11.3763,11.5207,11.5226,11.0369,10.9978,11.0368,11.0849,11.3391,11.3767,11.5437"
EP00086,C3_both,23,CHANNEL_DROPOUT,"0.8803,0.9049,0.8565,1.1751,0.9129,0.9866,1.3432,1.0465,0.8901,0.6745,0.3244,0.4317,0.3269,0.1759,0.3038,0.6533,0.5645,0.2247,0.1136,0.3794,1.7128,4.7987,6.2268,14.3000,26.7183,28.6458,30.2083,30.2083,30.2083,30.2083,30.2083,30.2083,30.2083,30.2083,30.2083,30.2083,30.2083,30.2083,30.2083,30.2083,30.2083,30.2083"
EP00087,C1_variability,13,CHANNEL_DROPOUT,"0.2248,0.0009,0.0675,0.0955,0.1704,0.2564,0.2404,0.0330,0.9454,1.7478,3.0357,4.3589,10.1564,39.6908,58.5907,79.2819,59.8958,59.8958,59.8958,59.8958,59.8958,59.8958,59.8958,59.8958,59.8958,59.8958,59.8958,59.8958,59.8958,59.8958,59.8958,59.8958,59.8958,59.8958,59.8958,59.8958,59.8958,59.8958,59.8958,59.8958,59.8958,59.8958"
EP00087,C2_covariance,13,CHANNEL_DROPOUT,"0.0335,0.0775,0.1305,0.0119,0.0792,0.2641,0.6302,0.3374,0.0009,1.4388,5.6503,10.2668,13.4337,16.5678,24.3444,34.0051,44.4637,43.8918,43.8975,43.5304,43.5107,43.4478,43.2478,43.0600,43.5037,43.6503,43.7843,43.9691,44.0359,44.0371,43.6883,43.6628,43.5324,43.4496,43.1571,43.2615,43.2781,43.5748,43.4977,44.3065,44.3569,44.3737"
EP00087,C3_both,13,CHANNEL_DROPOUT,"0.2248,0.0775,0.1305,0.0955,0.1704,0.2641,0.6302,0.3374,0.9454,1.7478,5.6503,10.2668,13.4337,39.6908,58.5907,79.2819,59.8958,59.8958,59.8958,59.8958,59.8958,59.8958,59.8958,59.8958,59.8958,59.8958,59.8958,59.8958,59.8958,59.8958,59.8958,59.8958,59.8958,59.8958,59.8958,59.8958,59.8958,59.8958,59.8958,59.8958,59.8958,59.8958"
EP00088,C1_variability,23,CHANNEL_DROPOUT,"1.1002,0.5266,0.8848,1.3159,1.0128,0.6942,0.5468,0.2310,0.0365,0.1477,0.1799,0.2376,0.1703,0.1935,0.1189,0.0645,0.0420,0.0000,0.0052,0.2887,0.5839,1.5622,2.0246,2.8789,2.5541,11.3219,9.5151,11.5861,13.8057,14.6023,14.5686,14.3821,14.4879,14.2610,14.2353,14.1018,13.9271,13.7610,13.7334,13.8636,13.9391,14.0062"
EP00088,C2_covariance,23,CHANNEL_DROPOUT,"0.4042,0.2941,0.5005,0.3828,0.3433,0.6331,0.9965,0.6942,0.5348,0.3151,0.0416,0.4525,0.7053,0.4940,0.6818,1.0380,0.9475,0.5970,0.4742,0.2098,0.1464,0.0000,0.2532,0.4450,0.2719,0.0492,0.3095,0.7973,1.3412,2.1214,1.9678,2.2056,2.2393,2.1758,2.1662,2.1966,2.1396,2.0458,2.1701,2.4827,2.7115,2.5901"
EP00088,C3_both,23,CHANNEL_DROPOUT,"1.1002,0.5266,0.8848,1.3159,1.0128,0.6942,0.9965,0.6942,0.5348,0.3151,0.1799,0.4525,0.7053,0.4940,0.6818,1.0380,0.9475,0.5970,0.4742,0.2887,0.5839,1.5622,2.0246,2.8789,2.5541,11.3219,9.5151,11.5861,13.8057,14.6023,14.5686,14.3821,14.4879,14.2610,14.2353,14.1018,13.9271,13.7610,13.7334,13.8636,13.9391,14.0062"
EP00089,C1_variability,17,CHANNEL_DROPOUT,"1.0716,0.2588,0.2909,0.7068,0.4182,0.4006,0.3847,0.2629,0.0686,0.1155,0.2920,0.1718,0.2374,0.4144,0.5641,1.0089,1.2482,4.2342,12.0993,19.1319,23.0845,28.2114,36.8205,35.2721,30.0546,25.1429,23.9583,35.4338,34.5915,34.8946,35.0573,35.2103,35.3561,35.4956,35.4237,35.1650,35.1805,35.2832,35.1358,35.1036,35.1054,35.2486"
EP00089,C2_covariance,17,CHANNEL_DROPOUT,"0.0897,0.0493,0.1866,0.0682,0.0547,0.3201,0.6857,0.3815,0.2211,0.0000,0.3590,0.7725,1.0544,0.8372,1.0643,1.5810,1.7385,1.5836,2.1359,2.4956,4.3225,5.2620,5.6526,6.7459,8.1129,9.0617,9.4833,11.4809,12.5496,13.1963,12.8818,13.0797,12.7896,13.3039,13.2406,13.3796,13.4813,13.3959,13.4223,13.7049,13.8375,13.5081"
EP00089,C3_both,17,CHANNEL_DROPOUT,"1.0716,0.2588,0.2909,0.7068,0.4182,0.4006,0.6857,0.3815,0.2211,0.1155,0.3590,0.7725,1.0544,0.8372,1.0643,1.5810,1.7385,4.2342,12.0993,19.1319,23.0845,28.2114,36.8205,35.2721,30.0546,25.1429,23.9583,35.4338,34.5915,34.8946,35.0573,35.2103,35.3561,35.4956,35.4237,35.1650,35.1805,35.2832,35.1358,35.1036,35.1054,35.2486"
EP00090,C1_variability,19,CHANNEL_DROPOUT,"1.1504,0.5713,0.6475,0.9098,0.6344,0.4644,0.4485,0.3269,0.1328,0.0510,0.1367,0.0000,0.0736,0.1039,0.0833,0.1243,0.4025,0.8706,2.1420,13.9506,22.5645,29.4050,21.8575,36.3206,28.6458,35.4167,42.7083,111.3047,55.7292,59.8958,59.8958,59.8958,59.8958,59.8958,59.8958,59.8958,59.8958,59.8958,59.8958,59.8958,59.8958,59.8958"
EP00090,C2_covariance,19,CHANNEL_DROPOUT,"0.1108,0.1392,0.2077,0.0893,0.1360,0.3410,0.7065,0.4025,0.2421,0.0211,0.3377,0.7510,1.0053,0.7522,0.9384,1.3811,1.4414,1.3293,2.0497,3.0758,5.6108,7.8693,10.0371,12.1887,17.1373,21.0168,26.4279,30.3070,36.0882,42.3112,41.9134,41.8804,42.3270,42.1482,42.2634,42.5320,42.9597,42.4473,42.7889,43.1745,43.2753,43.5058"
EP00090,C3_both,19,CHANNEL_DROPOUT,"1.1504,0.5713,0.6475,0.9098,0.6344,0.4644,0.7065,0.4025,0.2421,0.0510,0.3377,0.7510,1.0053,0.7522,0.9384,1.3811,1.4414,1.3293,2.1420,13.9506,22.5645,29.4050,21.8575,36.3206,28.6458,35.4167,42.7083,111.3047,55.7292,59.8958,59.8958,59.8958,59.8958,59.8958,59.8958,59.8958,59.8958,59.8958,59.8958,59.8958,59.8958,59.8958"
EP00091,C1_variability,23,CHANNEL_DROPOUT,"1.0172,0.5776,0.9612,1.4001,1.0917,0.7661,0.6163,0.1946,0.0000,0.1844,0.1870,0.1822,0.2070,0.2302,0.1556,0.1011,0.0786,0.0366,0.0825,0.2245,0.4663,0.2429,0.5605,0.4550,1.3861,5.6820,5.6390,5.4962,7.2096,7.1759,11.0739,9.1355,8.5137,8.6310,10.2651,11.1294,11.1343,13.5309,17.3575,17.3341,19.4336,19.2195"
EP00091,C2_covariance,23,CHANNEL_DROPOUT,"0.3345,0.2242,0.4309,0.3130,0.2807,0.5637,0.9276,0.6249,0.4652,0.2452,0.1120,0.5235,0.7766,0.5650,0.7531,1.1097,1.0191,0.6682,0.5452,0.3074,0.2325,0.0000,0.2343,0.4346,0.1820,0.1095,0.2222,0.3643,0.6622,0.9181,1.0100,1.3287,1.1053,0.9890,1.1256,1.1914,1.1098,1.1896,1.4897,1.7982,2.2050,2.0971"
EP00091,C3_both,23,CHANNEL_DROPOUT,"1.0172,0.5776,0.9612,1.4001,1.0917,0.7661,0.9276,0.6249,0.4652,0.2452,0.1870,0.5235,0.7766,0.5650,0.7531,1.1097,1.0191,0.6682,0.5452,0.3074,0.4663,0.2429,0.5605,0.4550,1.3861,5.6820,5.6390,5.4962,7.2096,7.1759,11.0739,9.1355,8.5137,8.6310,10.2651,11.1294,11.1343,13.5309,17.3575,17.3341,19.4336,19.2195"
EP00092,C1_variability,19,CHANNEL_DROPOUT,"1.0915,0.4472,0.4585,0.8890,0.6247,0.4644,0.4485,0.3269,0.1328,0.0510,0.2682,0.1432,0.0736,0.0977,0.0485,0.0456,0.3111,0.3840,0.9673,10.4658,14.2419,17.8438,17.5359,18.0782,14.2798,13.5235,13.3784,12.7153,15.9750,21.9536,27.3810,30.0581,30.1188,26.1126,30.8767,25.5322,26.0923,25.0000,25.5208,26.0417,37.7986,32.7789"
EP00092,C2_covariance,19,CHANNEL_DROPOUT,"0.1108,0.1685,0.2077,0.0893,0.1733,0.3410,0.7065,0.4025,0.2421,0.0211,0.3377,0.7510,1.0053,0.7939,0.9516,1.3366,1.3142,1.0156,1.1056,1.1469,1.5297,1.7409,1.6282,1.4749,3.0291,3.6737,3.8247,4.0040,4.2586,5.9317,6.2481,7.0794,7.8465,9.0346,9.6787,9.9812,10.0270,10.3538,11.0283,11.7811,12.2348,12.6501"
EP00092,C3_both,19,CHANNEL_DROPOUT,"1.0915,0.4472,0.4585,0.8890,0.6247,0.4644,0.7065,0.4025,0.2421,0.0510,0.3377,0.7510,1.0053,0.7939,0.9516,1.3366,1.3142,1.0156,1.1056,10.4658,14.2419,17.8438,17.5359,18.0782,14.2798,13.5235,13.3784,12.7153,15.9750,21.9536,27.3810,30.0581,30.1188,26.1126,30.8767,25.5322,26.0923,25.0000,25.5208,26.0417,37.7986,32.7789"
EP00093,C1_variability,14,CHANNEL_DROPOUT,"0.4330,0.3173,0.2262,0.3110,0.2086,0.2945,0.2785,0.1565,0.0383,0.2258,0.8582,0.9465,1.0959,1.0128,4.6660,8.2582,8.4946,14.4664,18.8065,16.5881,21.2143,18.9418,23.1366,31.3828,32.5306,38.0972,42.2753,37.3200,45.0858,46.0670,47.3528,42.2042,47.9009,49.4095,46.8750,47.3958,76.0507,54.7335,54.6875,55.7292,58.3333,59.3750"
EP00093,C2_covariance,14,CHANNEL_DROPOUT,"0.0414,0.0695,0.1385,0.0199,0.1542,0.2720,0.6380,0.3335,0.1730,0.0890,0.3778,0.7223,0.9687,0.7920,1.2752,1.9540,3.6059,4.4810,5.0593,5.1045,6.1252,6.6490,7.9047,8.7494,9.0403,9.7439,10.6452,12.0866,13.6840,17.4064,18.3254,20.5941,22.7084,25.1958,27.6617,28.2619,31.9326,33.2567,37.3169,38.4303,42.1171,43.4533"
EP00093,C3_both,14,CHANNEL_DROPOUT,"0.4330,0.3173,0.2262,0.3110,0.2086,0.2945,0.6380,0.3335,0.1730,0.2258,0.8582,0.9465,1.0959,1.0128,4.6660,8.2582,8.4946,14.4664,18.8065,16.5881,21.2143,18.9418,23.1366,31.3828,32.5306,38.0972,42.2753,37.3200,45.0858,46.0670,47.3528,42.2042,47.9009,49.4095,46.8750,47.3958,76.0507,54.7335,54.6875,55.7292,58.3333,59.3750"
EP00094,C1_variability,18,GAIN_DRIFT,"0.8910,0.1637,0.4204,0.8709,0.6025,0.2945,0.2785,0.1565,0.0383,0.2228,0.5151,0.2856,0.2159,0.7424,2.5813,4.3739,6.4387,8.4561,11.6408,13.7218,13.8889,14.6629,14.7967,14.6549,13.5397,14.5316,13.7443,13.8230,14.5235,15.1480,15.2386,14.3090,15.3969,14.7091,13.8520,14.9233,13.9587,15.5764,16.1729,16.8850,16.9004,15.3079"
EP00094,C2_covariance,18,GAIN_DRIFT,"0.1003,0.0455,0.1971,0.0787,0.0623,0.3306,0.6961,0.3920,0.2316,0.0106,0.3483,0.7617,1.0184,0.8125,0.9936,1.3957,1.3820,0.9727,0.9172,0.6426,0.6033,0.3933,0.1668,0.0027,0.1350,0.1758,0.2045,0.3757,0.5154,0.8096,0.9311,0.8974,0.8792,0.8086,0.8224,0.8113,0.8472,0.7835,0.8969,1.4498,1.4532,1.2832"
EP00094,C3_both,18,GAIN_DRIFT,"0.8910,0.1637,0.4204,0.8709,0.6025,0.3306,0.6961,0.3920,0.2316,0.2228,0.5151,0.7617,1.0184,0.8125,2.5813,4.3739,6.4387,8.4561,11.6408,13.7218,13.8889,14.6629,14.7967,14.6549,13.5397,14.5316,13.7443,13.8230,14.5235,15.1480,15.2386,14.3090,15.3969,14.7091,13.8520,14.9233,13.9587,15.5764,16.1729,16.8850,16.9004,15.3079"
EP00095,C1_variability,13,GAIN_DRIFT,"0.4437,0.0000,0.0675,0.0955,0.1704,0.2564,0.2404,0.3472,2.2634,4.9749,9.6491,15.3618,21.1820,30.2201,40.7433,47.3974,49.7998,47.9476,47.5722,46.8371,47.3880,47.3526,48.4258,47.9502,49.8702,48.5030,46.6821,46.2910,46.8869,47.0528,43.6034,42.0911,43.2222,42.9867,44.1072,44.7677,46.0183,45.2026,47.7815,47.8904,48.7340,47.7413"
EP00095,C2_covariance,13,GAIN_DRIFT,"0.0216,0.0894,0.1186,0.0000,0.2323,0.2522,0.6184,0.3201,0.1538,0.1642,0.7683,1.3090,1.8731,1.4576,1.4843,1.8788,1.8414,1.3443,1.3421,0.9447,0.8119,0.7636,0.4955,0.3871,0.5101,0.7095,0.7796,0.9475,0.9187,1.1715,1.2826,1.1474,1.1076,0.9758,0.9320,1.0582,0.9434,0.9682,1.1581,1.5380,1.7561,1.7144"
EP00095,C3_both,13,GAIN_DRIFT,"0.4437,0.0894,0.1186,0.0955,0.2323,0.2564,0.6184,0.3472,2.2634,4.9749,9.6491,15.3618,21.1820,30.2201,40.7433,47.3974,49.7998,47.9476,47.5722,46.8371,47.3880,47.3526,48.4258,47.9502,49.8702,48.5030,46.6821,46.2910,46.8869,47.0528,43.6034,42.0911,43.2222,42.9867,44.1072,44.7677,46.0183,45.2026,47.7815,47.8904,48.7340,47.7413"
EP00096,C1_variability,25,GAIN_DRIFT,"0.8393,0.1785,0.5042,0.3958,0.3470,0.4327,0.4167,0.2951,0.1009,0.0831,0.0419,0.0320,0.2540,0.1289,0.0544,0.0000,0.1141,0.2647,0.4853,2.6119,7.7203,13.0796,19.4035,28.1803,50.3587,101.5628,123.2800,121.6310,119.4269,120.0269,123.5349,120.6888,118.3953,120.8818,121.3652,119.8972,116.8707,116.3946,116.2586,116.4909,118.3968,117.7612"
EP00096,C2_covariance,25,GAIN_DRIFT,"0.7528,0.6560,0.8374,0.7340,0.6993,0.9540,1.2732,1.0076,0.8676,0.6745,0.3610,0.0000,0.2222,0.2029,0.2375,0.5145,0.4645,0.2177,0.0191,0.2557,0.5029,4.4178,7.7143,9.1712,8.6801,4.8997,2.3085,1.5075,1.9250,1.9528,2.0336,2.3354,2.1711,2.1445,2.1846,2.1327,2.1581,1.6875,1.5782,1.9417,2.1243,2.1877"
EP00096,C3_both,25,GAIN_DRIFT,"0.8393,0.6560,0.8374,0.7340,0.6993,0.9540,1.2732,1.0076,0.8676,0.6745,0.3610,0.0320,0.2540,0.2029,0.2375,0.5145,0.4645,0.2647,0.4853,2.6119,7.7203,13.0796,19.4035,28.1803,50.3587,101.5628,123.2800,121.6310,119.4269,120.0269,123.5349,120.6888,118.3953,120.8818,121.3652,119.8972,116.8707,116.3946,116.2586,116.4909,118.3968,117.7612"
EP00097,C1_variability,19,GAIN_DRIFT,"1.0667,0.3001,0.4278,0.7560,0.4964,0.4644,0.4485,0.3269,0.1328,0.0510,0.3841,0.1454,0.1327,0.1088,0.0864,0.4672,1.4611,3.3169,4.6112,6.2102,7.7134,9.8191,11.0305,14.1805,15.4180,16.8288,18.1478,18.0991,18.2536,19.0341,19.3888,18.0799,19.5272,20.3019,19.6697,19.1911,20.0515,20.0580,19.1671,19.6878,19.8636,20.5147"
EP00097,C2_covariance,19,GAIN_DRIFT,"0.1108,0.1417,0.2077,0.0893,0.1508,0.3410,0.7065,0.4025,0.2421,0.0211,0.3377,0.7510,1.0053,0.7936,0.9741,1.3244,1.2139,0.8723,0.7468,0.5029,0.3817,0.1601,0.0745,0.2447,0.1568,0.0175,0.2307,0.3055,0.3847,0.6762,0.8238,0.7321,0.8381,0.6557,0.7044,0.7556,0.7659,0.6648,0.7553,1.2548,1.2353,1.1350"
EP00097,C3_both,19,GAIN_DRIFT,"1.0667,0.3001,0.4278,0.7560,0.4964,0.4644,0.7065,0.4025,0.2421,0.0510,0.3841,0.7510,1.0053,0.7936,0.9741,1.3244,1.4611,3.3169,4.6112,6.2102,7.7134,9.8191,11.0305,14.1805,15.4180,16.8288,18.1478,18.0991,18.2536,19.0341,19.3888,18.0799,19.5272,20.3019,19.6697,19.1911,20.0515,20.0580,19.1671,19.6878,19.8636,20.5147"
EP00098,C1_variability,25,GAIN_DRIFT,"1.0714,0.5109,0.3331,0.7149,0.4102,0.4105,0.3945,0.2728,0.0785,0.1056,0.0643,0.0670,0.1282,0.1513,0.0768,0.0224,0.0000,0.0420,0.1054,0.1696,1.4930,2.9718,4.5087,9.1108,12.9220,18.9028,24.9698,29.0387,32.7812,35.4583,36.7369,37.9782,38.6117,40.9898,42.0592,42.6745,43.6083,42.7909,41.5225,40.6129,42.9047,39.9364"
EP00098,C2_covariance,25,GAIN_DRIFT,"0.1108,0.0243,0.2077,0.0893,0.2233,0.3410,0.7065,0.4025,0.2421,0.0211,0.3377,0.7510,1.0053,0.7927,0.9817,1.3399,1.2489,0.8964,0.7729,0.5168,0.4054,0.1622,0.1584,0.3289,0.0843,0.0100,0.1261,0.2976,0.3683,0.6665,0.6752,0.9300,1.0592,0.8046,0.8705,0.9592,0.8938,0.7886,0.9284,1.0798,1.3099,1.3257"
EP00098,C3_both,25,GAIN_DRIFT,"1.0714,0.5109,0.3331,0.7149,0.4102,0.4105,0.7065,0.4025,0.2421,0.1056,0.3377,0.7510,1.0053,0.7927,0.9817,1.3399,1.2489,0.8964,0.7729,0.5168,1.4930,2.9718,4.5087,9.1108,12.9220,18.9028,24.9698,29.0387,32.7812,35.4583,36.7369,37.9782,38.6117,40.9898,42.0592,42.6745,43.6083,42.7909,41.5225,40.6129,42.9047,39.9364"
EP00099,C1_variability,20,GAIN_DRIFT,"0.9166,0.4831,0.5164,0.9054,0.5833,0.4330,0.4170,0.2954,0.1012,0.0828,0.1544,0.0318,0.1055,0.1286,0.0425,1.2400,3.2498,6.9183,12.4851,19.1449,27.5535,39.9416,49.4949,60.7130,68.7502,74.1369,89.8247,96.3706,99.8539,100.7857,106.9462,104.3549,104.4218,103.5903,105.4163,103.7285,98.9794,102.6692,102.4976,101.0115,102.3411,103.9357"
EP00099,C2_covariance,20,GAIN_DRIFT,"0.2787,0.1683,0.3752,0.2572,0.2177,0.5082,0.8724,0.5694,0.4096,0.1893,0.1683,0.5802,0.8337,0.6218,0.8174,1.2097,1.1029,0.7412,0.9330,1.0434,1.6456,2.0026,1.7109,1.9056,2.9282,3.4965,2.8728,2.5965,2.6774,2.9296,2.9011,3.1791,3.5377,3.4643,3.5987,3.6241,3.3193,3.1964,3.2302,3.4942,3.5904,3.4808"
EP00099,C3_both,20,GAIN_DRIFT,"0.9166,0.4831,0.5164,0.9054,0.5833,0.5082,0.8724,0.5694,0.4096,0.1893,0.1683,0.5802,0.8337,0.6218,0.8174,1.2400,3.2498,6.9183,12.4851,19.1449,27.5535,39.9416,49.4949,60.7130,68.7502,74.1369,89.8247,96.3706,99.8539,100.7857,106.9462,104.3549,104.4218,103.5903,105.4163,103.7285,98.9794,102.6692,102.4976,101.0115,102.3411,103.9357"
EP00100,C1_variability,16,GAIN_DRIFT,"0.5431,0.1107,0.1781,0.5291,0.2808,0.3666,0.3506,0.2288,0.0343,0.1499,0.1761,0.1015,0.2135,0.3149,0.4492,1.0429,2.2046,2.9010,3.5838,5.2408,5.3536,6.7763,6.3311,7.5300,7.7479,8.6410,9.1497,9.4963,10.6501,12.3808,13.6709,14.5950,14.5366,14.1621,14.5070,15.6503,17.1820,17.9922,18.0053,18.3067,19.1898,18.5398"
EP00100,C2_covariance,16,GAIN_DRIFT,"0.0755,0.0394,0.1725,0.0540,0.0608,0.3059,0.6717,0.3674,0.2069,0.0142,0.3733,0.7889,1.0443,0.8257,1.0163,1.3837,1.2869,0.9477,0.8256,0.5569,0.4666,0.2719,0.0462,0.1330,0.0654,0.0778,0.2097,0.3114,0.4974,0.7478,1.0389,0.9790,1.0166,0.7804,0.7599,0.7872,0.8277,0.8047,0.9603,1.5836,1.5820,1.3275"
EP00100,C3_both,16,GAIN_DRIFT,"0.5431,0.1107,0.1781,0.5291,0.2808,0.3666,0.6717,0.3674,0.2069,0.1499,0.3733,0.7889,1.0443,0.8257,1.0163,1.3837,2.2046,2.9010,3.5838,5.2408,5.3536,6.7763,6.3311,7.5300,7.7479,8.6410,9.1497,9.4963,10.6501,12.3808,13.6709,14.5950,14.5366,14.1621,14.5070,15.6503,17.1820,17.9922,18.0053,18.3067,19.1898,18.5398"
EP00101,C1_variability,14,GAIN_DRIFT,"0.2888,0.0633,0.0957,0.1651,0.1986,0.2845,0.2685,0.1465,0.0978,0.3216,1.1087,1.2745,1.6561,2.8767,4.3018,6.0522,7.3934,8.8876,10.1108,11.1957,13.1001,16.1096,16.4544,18.3401,20.5755,20.8787,22.3497,22.4188,24.9932,29.1827,31.5092,33.2108,33.4672,35.6154,37.2866,39.4248,40.1868,39.8129,41.2609,38.2281,40.1313,39.1294"
EP00101,C2_covariance,14,GAIN_DRIFT,"0.0414,0.0695,0.1385,0.0199,0.1658,0.2720,0.6380,0.3335,0.1716,0.0570,0.4122,0.8296,1.0875,0.8599,1.0277,1.4315,1.3594,0.9995,0.9128,0.6800,0.5544,0.3925,0.1905,0.0425,0.1617,0.2068,0.2879,0.4765,0.6332,0.9564,1.0814,1.1425,1.2184,1.2580,1.3721,1.3781,1.4714,1.5040,1.5064,1.7607,1.8586,1.7117"
EP00101,C3_both,14,GAIN_DRIFT,"0.2888,0.0695,0.1385,0.1651,0.1986,0.2845,0.6380,0.3335,0.1716,0.3216,1.1087,1.2745,1.6561,2.8767,4.3018,6.0522,7.3934,8.8876,10.1108,11.1957,13.1001,16.1096,16.4544,18.3401,20.5755,20.8787,22.3497,22.4188,24.9932,29.1827,31.5092,33.2108,33.4672,35.6154,37.2866,39.4248,40.1868,39.8129,41.2609,38.2281,40.1313,39.1294"
EP00102,C1_variability,15,GAIN_DRIFT,"0.6836,0.1676,0.0675,0.2416,0.1704,0.2564,0.2404,0.1183,0.0766,0.2566,0.9515,2.0594,3.0662,5.3747,7.9049,11.5075,16.0988,20.1766,24.9519,26.5993,31.5837,36.3018,39.9735,44.6459,46.3464,51.5113,53.2409,59.1576,60.6801,68.9677,71.6496,76.2096,84.5749,89.9941,96.4192,97.2840,102.8356,105.0436,104.6313,109.4121,113.2087,113.1483"
EP00102,C2_covariance,15,GAIN_DRIFT,"0.0613,0.0496,0.1583,0.0398,0.0740,0.2918,0.6576,0.3533,0.1928,0.0283,0.3745,0.7500,1.0006,0.7844,1.0125,1.4441,1.4563,1.1600,1.1726,1.1211,1.2846,1.0273,0.8737,0.7744,1.0679,1.2177,1.3725,1.9522,2.4339,3.3252,3.6654,4.6280,5.0122,5.5168,6.7186,8.1434,9.1167,9.9667,10.5965,11.4808,11.6419,11.4438"
EP00102,C3_both,15,GAIN_DRIFT,"0.6836,0.1676,0.1583,0.2416,0.1704,0.2918,0.6576,0.3533,0.1928,0.2566,0.9515,2.0594,3.0662,5.3747,7.9049,11.5075,16.0988,20.1766,24.9519,26.5993,31.5837,36.3018,39.9735,44.6459,46.3464,51.5113,53.2409,59.1576,60.6801,68.9677,71.6496,76.2096,84.5749,89.9941,96.4192,97.2840,102.8356,105.0436,104.6313,109.4121,113.2087,113.1483"
EP00103,C1_variability,14,GEOMETRY_ROTATION,"0.3523,0.2063,0.1385,0.1190,0.0351,0.0512,0.0351,0.0875,0.6945,1.4216,3.2556,3.9657,5.0642,6.1549,6.8418,7.0439,7.6636,7.5533,8.1090,8.6084,8.7274,8.9811,8.5582,9.2927,8.4972,8.7584,9.0201,8.9551,8.6489,8.2750,9.0232,7.8537,7.4044,7.7705,8.3668,8.8892,8.7566,8.7736,9.2438,9.0943,8.7337,8.4577"
EP00103,C2_covariance,14,GEOMETRY_ROTATION,"0.0414,0.0695,0.1385,0.0199,0.1278,0.2720,0.6380,0.3335,0.1686,0.0715,0.9421,2.8094,4.3138,5.0717,6.3625,7.5786,8.0503,7.8554,7.8918,7.4287,7.2872,7.0788,7.1109,7.0837,6.8334,7.3630,7.5456,7.7177,7.8319,8.1889,8.4092,8.4780,8.1512,7.8328,7.8504,7.7933,7.8796,7.6775,7.7406,8.2999,8.5347,8.5440"
EP00103,C3_both,14,GEOMETRY_ROTATION,"0.3523,0.2063,0.1385,0.1190,0.1278,0.2720,0.6380,0.3335,0.6945,1.4216,3.2556,3.9657,5.0642,6.1549,6.8418,7.5786,8.0503,7.8554,8.1090,8.6084,8.7274,8.9811,8.5582,9.2927,8.4972,8.7584,9.0201,8.9551,8.6489,8.2750,9.0232,8.4780,8.1512,7.8328,8.3668,8.8892,8.7566,8.7736,9.2438,9.0943,8.7337,8.5440"
EP00104,C1_variability,21,GEOMETRY_ROTATION,"0.8704,0.9191,1.2859,0.7057,0.4265,0.1612,0.1452,0.0228,0.1724,0.3574,0.3160,0.3061,0.3802,0.4034,0.3285,1.0326,2.7754,4.6150,5.2573,7.4060,8.0462,10.7806,11.2498,10.3694,9.9917,9.7728,9.8121,9.7039,9.7748,9.7049,9.5093,9.8662,10.0323,10.7085,10.0179,9.8648,11.5453,11.0378,10.6901,10.2331,10.7347,11.2743"
EP00104,C2_covariance,21,GEOMETRY_ROTATION,"0.4455,0.3354,0.5417,0.4241,0.3846,0.6742,1.0372,0.7352,0.5759,0.3564,0.0000,0.4105,0.6632,0.4520,0.6397,1.0275,2.5674,4.7755,7.0710,8.9555,11.2259,13.2527,14.9838,15.3210,15.3184,15.4198,15.5495,15.7130,15.9974,16.2711,16.2897,16.2834,16.1421,16.1887,16.2456,16.5882,16.5120,16.4352,16.5631,16.8717,16.6696,16.6706"
EP00104,C3_both,21,GEOMETRY_ROTATION,"0.8704,0.9191,1.2859,0.7057,0.4265,0.6742,1.0372,0.7352,0.5759,0.3574,0.3160,0.4105,0.6632,0.4520,0.6397,1.0326,2.7754,4.7755,7.0710,8.9555,11.2259,13.2527,14.9838,15.3210,15.3184,15.4198,15.5495,15.7130,15.9974,16.2711,16.2897,16.2834,16.1421,16.1887,16.2456,16.5882,16.5120,16.4352,16.5631,16.8717,16.6696,16.6706"
EP00105,C1_variability,17,GEOMETRY_ROTATION,"0.3169,0.1710,0.1033,0.0752,0.0000,0.0863,0.0702,0.0523,0.2479,0.4331,0.7080,2.2223,3.2910,3.8236,4.9112,6.9461,10.6250,16.9741,21.6978,22.0742,22.0971,22.0842,21.9135,22.0362,22.1377,21.9843,22.0271,22.0545,22.1217,21.9231,21.7941,21.9303,21.8932,21.9330,22.0408,22.0830,22.1924,22.1792,22.1020,22.0713,21.9699,21.9369"
EP00105,C2_covariance,17,GEOMETRY_ROTATION,"0.0897,0.0211,0.1866,0.0682,0.0452,0.3201,0.6857,0.3815,0.2211,0.0000,0.3590,3.2977,10.1080,13.5162,15.8175,16.9999,20.3668,23.2624,24.7093,25.4446,25.0495,24.9217,25.1229,24.8102,24.9982,25.2689,25.2434,25.5207,25.7659,26.1816,26.0633,26.1984,26.0788,26.1697,26.0868,25.9899,25.6051,25.3991,25.4108,25.8315,26.2595,26.1480"
EP00105,C3_both,17,GEOMETRY_ROTATION,"0.3169,0.1710,0.1866,0.0752,0.0452,0.3201,0.6857,0.3815,0.2479,0.4331,0.7080,3.2977,10.1080,13.5162,15.8175,16.9999,20.3668,23.2624,24.7093,25.4446,25.0495,24.9217,25.1229,24.8102,24.9982,25.2689,25.2434,25.5207,25.7659,26.1816,26.0633,26.1984,26.0788,26.1697,26.0868,25.9899,25.6051,25.3991,25.4108,25.8315,26.2595,26.1480"
EP00106,C1_variability,22,GEOMETRY_ROTATION,"1.5068,0.3787,0.6007,0.9965,0.6902,0.3508,0.2068,0.0846,0.1104,0.2952,0.2538,0.2439,0.3179,0.3411,0.2663,0.2117,0.4963,1.0283,1.8581,2.7285,2.7305,3.6366,3.9948,4.7070,5.2029,5.5151,6.4114,6.2771,6.0310,6.4107,5.9153,6.3318,7.1268,6.7196,6.7831,7.5027,8.9957,7.4077,6.0602,6.5695,7.4712,6.9588"
EP00106,C2_covariance,22,GEOMETRY_ROTATION,"0.6072,0.4975,0.7031,0.5859,0.5466,0.8352,1.1970,0.8960,0.7372,0.5184,0.1632,0.2460,0.4978,0.2873,0.4744,0.8291,0.7384,0.3944,0.3161,0.1632,0.3520,0.5913,1.1417,1.6655,2.6346,3.6354,4.6363,5.4442,6.0836,6.7473,6.8371,6.9921,6.7347,6.5945,6.6126,6.5304,6.4741,6.4990,6.4996,7.0130,7.0304,6.9398"
EP00106,C3_both,22,GEOMETRY_ROTATION,"1.5068,0.4975,0.7031,0.9965,0.6902,0.8352,1.1970,0.8960,0.7372,0.5184,0.2538,0.2460,0.4978,0.3411,0.4744,0.8291,0.7384,1.0283,1.8581,2.7285,2.7305,3.6366,3.9948,4.7070,5.2029,5.5151,6.4114,6.2771,6.0836,6.7473,6.8371,6.9921,7.1268,6.7196,6.7831,7.5027,8.9957,7.4077,6.4996,7.0130,7.4712,6.9588"
EP00107,C1_variability,13,GEOMETRY_ROTATION,"0.4039,0.2577,0.1899,0.1617,0.0864,0.0000,0.0161,0.2985,1.6625,2.7633,4.2169,4.5843,5.5091,6.7023,6.7377,8.1833,8.3243,7.6068,8.4854,9.7853,10.2688,9.8638,10.1030,10.2555,9.9665,9.5564,9.5510,9.4168,9.4279,9.3424,9.1729,9.4209,9.5163,9.7819,9.6318,9.6253,10.3530,9.6685,9.5529,9.5175,9.5897,9.6620"
EP00107,C2_covariance,13,GEOMETRY_ROTATION,"0.0522,0.1152,0.1491,0.0306,0.2457,0.2827,0.6486,0.3338,0.0004,0.5773,1.9256,3.5914,5.6907,7.1697,8.7795,10.2081,11.3246,12.0850,13.0517,13.5202,14.3200,14.8538,15.4799,15.5979,15.6540,15.8648,16.2337,16.2412,16.1913,16.2127,16.1829,16.1381,16.0319,15.9399,15.7084,15.7075,15.6764,15.8333,15.8482,16.4851,16.6869,16.8507"
EP00107,C3_both,13,GEOMETRY_ROTATION,"0.4039,0.2577,0.1899,0.1617,0.2457,0.2827,0.6486,0.3338,1.6625,2.7633,4.2169,4.5843,5.6907,7.1697,8.7795,10.2081,11.3246,12.0850,13.0517,13.5202,14.3200,14.8538,15.4799,15.5979,15.6540,15.8648,16.2337,16.2412,16.1913,16.2127,16.1829,16.1381,16.0319,15.9399,15.7084,15.7075,15.6764,15.8333,15.8482,16.4851,16.6869,16.8507"
EP00108,C1_variability,20,GEOMETRY_ROTATION,"1.1146,0.3866,0.7925,0.7746,0.4747,0.1498,0.1338,0.0114,0.1839,0.3689,0.3275,0.3176,0.3917,0.4149,0.6945,2.2818,3.9460,5.4014,6.1670,8.0138,9.1486,10.6498,12.0297,13.6210,15.3556,18.9486,21.1913,22.2842,22.0455,22.4551,22.4415,22.4380,22.5083,22.4764,22.4636,22.4295,22.3664,22.4263,22.3997,22.3590,22.5001,22.6094"
EP00108,C2_covariance,20,GEOMETRY_ROTATION,"0.2787,0.1683,0.3752,0.2572,0.2177,0.5082,0.8724,0.5694,0.4096,0.1893,0.1683,0.5802,0.8337,0.6218,0.8952,2.1917,4.3400,6.3455,8.4896,10.8651,13.0099,14.7792,16.5166,18.1984,19.5813,20.6158,21.2370,22.1822,23.1590,23.7525,23.4374,23.6827,23.7955,23.8034,23.7498,23.5430,23.6553,23.8724,23.8820,24.2039,24.2388,23.9290"
EP00108,C3_both,20,GEOMETRY_ROTATION,"1.1146,0.3866,0.7925,0.7746,0.4747,0.5082,0.8724,0.5694,0.4096,0.3689,0.3275,0.5802,0.8337,0.6218,0.8952,2.2818,4.3400,6.3455,8.4896,10.8651,13.0099,14.7792,16.5166,18.1984,19.5813,20.6158,21.2370,22.2842,23.1590,23.7525,23.4374,23.6827,23.7955,23.8034,23.7498,23.5430,23.6553,23.8724,23.8820,24.2039,24.2388,23.9290"
EP00109,C1_variability,15,GEOMETRY_ROTATION,"0.7065,0.1186,0.1631,0.4039,0.1349,0.1384,0.1224,0.0000,0.1953,0.3477,0.6901,0.8630,1.3146,1.9006,2.3352,3.0897,3.9807,4.6811,5.5407,5.0094,5.2025,5.2619,4.9694,5.3919,4.4672,6.6269,6.9902,6.9079,6.8272,6.8218,7.1673,5.9924,5.4790,6.0647,6.2018,7.1708,6.5886,6.0503,5.5426,6.0516,6.9998,7.1720"
EP00109,C2_covariance,15,GEOMETRY_ROTATION,"0.0613,0.0496,0.1583,0.0398,0.0784,0.2918,0.6576,0.3533,0.1928,0.0286,0.3859,0.8149,1.0720,0.9262,1.2369,1.7405,1.8331,1.6368,1.8416,1.6604,1.9675,1.9324,2.0060,2.0660,2.3314,2.7227,3.2463,3.8158,4.2418,4.8564,4.9202,5.4631,5.5392,5.7675,5.8598,6.1410,6.4330,6.3827,6.6610,6.9349,7.1985,7.1258"
EP00109,C3_both,15,GEOMETRY_ROTATION,"0.7065,0.1186,0.1631,0.4039,0.1349,0.2918,0.6576,0.3533,0.1953,0.3477,0.6901,0.8630,1.3146,1.9006,2.3352,3.0897,3.9807,4.6811,5.5407,5.0094,5.2025,5.2619,4.9694,5.3919,4.4672,6.6269,6.9902,6.9079,6.8272,6.8218,7.1673,5.9924,5.5392,6.0647,6.2018,7.1708,6.5886,6.3827,6.6610,6.9349,7.1985,7.1720"
EP00110,C1_variability,14,GEOMETRY_ROTATION,"0.3110,0.1817,0.0974,0.0864,0.0059,0.0921,0.0761,0.0464,0.6880,0.7522,2.3660,3.2729,4.8141,6.3115,7.7860,8.8346,9.6446,10.2524,10.7830,10.9384,11.1566,11.1615,11.0615,11.0459,10.5039,11.6086,11.5063,11.0569,11.2575,11.8810,12.1503,11.8758,11.6972,11.3651,11.6067,12.4577,12.9332,12.4742,12.6451,11.1918,12.2742,11.9142"
EP00110,C2_covariance,14,GEOMETRY_ROTATION,"0.0414,0.0695,0.1385,0.0199,0.1452,0.2720,0.6380,0.3335,0.1729,0.0435,0.4799,1.0948,1.7836,2.4267,3.6470,4.9432,6.0397,6.9599,7.8437,8.6946,9.5678,10.0942,10.8037,11.5243,12.3159,13.2277,13.7513,14.6776,15.5803,16.2755,16.9071,17.4236,17.7385,17.6975,18.0355,18.2938,18.6254,18.5940,18.6189,19.1553,19.5199,19.3581"
EP00110,C3_both,14,GEOMETRY_ROTATION,"0.3110,0.1817,0.1385,0.0864,0.1452,0.2720,0.6380,0.3335,0.6880,0.7522,2.3660,3.2729,4.8141,6.3115,7.7860,8.8346,9.6446,10.2524,10.7830,10.9384,11.1566,11.1615,11.0615,11.5243,12.3159,13.2277,13.7513,14.6776,15.5803,16.2755,16.9071,17.4236,17.7385,17.6975,18.0355,18.2938,18.6254,18.5940,18.6189,19.1553,19.5199,19.3581"
EP00111,C1_variability,25,GEOMETRY_ROTATION,"1.6125,0.5925,0.4708,0.8632,0.6101,0.2564,0.2404,0.1183,0.0766,0.2612,0.2725,0.2100,0.2839,0.3071,0.2324,0.1778,0.1553,0.1132,0.4816,1.2562,1.7920,3.6240,3.9911,5.7048,6.3039,6.8116,7.6370,8.2517,8.9938,9.7494,10.4035,11.4829,12.3398,13.3358,14.5034,15.5005,16.7879,18.0065,19.3129,20.5623,21.7577,22.7973"
EP00111,C2_covariance,25,GEOMETRY_ROTATION,"0.7599,0.6544,0.8521,0.7394,0.7016,0.9792,1.3272,1.0377,0.8850,0.6745,0.3328,0.0608,0.3030,0.1006,0.2805,0.6216,0.5349,0.1993,0.0816,0.1611,0.0000,0.7834,2.1336,4.1307,6.0273,8.3709,10.0137,11.8247,13.0823,14.4540,15.4135,15.9266,16.4027,16.8926,17.4328,18.0026,18.2779,18.7767,19.0507,20.1057,20.7565,21.0459"
EP00111,C3_both,25,GEOMETRY_ROTATION,"1.6125,0.6544,0.8521,0.8632,0.7016,0.9792,1.3272,1.0377,0.8850,0.6745,0.3328,0.2100,0.3030,0.3071,0.2805,0.6216,0.5349,0.1993,0.4816,1.2562,1.7920,3.6240,3.9911,5.7048,6.3039,8.3709,10.0137,11.8247,13.0823,14.4540,15.4135,15.9266,16.4027,16.8926,17.4328,18.0026,18.2779,18.7767,19.3129,20.5623,21.7577,22.7973"
EP00112,C1_variability,26,NONE,"0.5013,0.2437,0.4959,0.2256,0.2059,0.1982,0.0198,0.0282,0.0376,0.0198,0.0767,0.4132,0.4251,0.5173,0.6118,0.5765,0.3104,0.2028,0.1657,0.0794,0.0619,0.0892,0.0412,0.4456,0.7323,1.7166,1.8241,2.2923,2.2264,2.5291,2.5396,2.1218,2.1080,1.8571,1.5695,1.3886,1.4040,1.8771,2.0194,2.3118,2.6956,2.9756"
EP00112,C2_covariance,26,NONE,"1.4925,1.3982,1.2553,0.0436,0.1450,0.6318,0.9338,0.5772,0.4792,0.2213,0.4369,0.7855,0.7799,0.8387,0.2080,0.4647,0.0355,0.2772,0.2724,0.4053,0.2777,0.3418,0.5156,0.6798,0.6791,0.2633,0.7008,0.6681,0.5654,0.8588,0.6400,0.8216,0.4169,0.7707,0.8505,0.6313,0.7684,1.0320,1.0869,1.3028,1.5435,2.1579"
EP00112,C3_both,26,NONE,"1.4925,1.3982,1.2553,0.2256,0.2059,0.6318,0.9338,0.5772,0.4792,0.2213,0.4369,0.7855,0.7799,0.8387,0.6118,0.5765,0.3104,0.2772,0.2724,0.4053,0.2777,0.3418,0.5156,0.6798,0.7323,1.7166,1.8241,2.2923,2.2264,2.5291,2.5396,2.1218,2.1080,1.8571,1.5695,1.3886,1.4040,1.8771,2.0194,2.3118,2.6956,2.9756"
EP00113,C1_variability,13,RATE_LOSS,"0.6746,0.1930,0.2013,0.0275,0.0077,0.0000,0.1791,0.1677,0.1946,0.4668,0.8396,1.4806,2.4213,3.2105,3.8527,4.3278,4.7690,5.0042,4.9707,4.8927,4.8768,4.9015,4.8582,4.7812,4.7288,4.7481,4.7808,4.7224,4.6896,4.7130,4.8266,4.9586,4.9360,4.9596,4.8763,5.0036,5.0769,5.1075,5.0900,5.1356,5.1155,4.9306"
EP00113,C2_covariance,13,RATE_LOSS,"0.4755,0.2050,0.2267,0.2633,0.3643,0.0388,0.1370,0.1854,0.0842,0.0107,0.2633,0.6996,0.6327,0.7222,0.1335,0.3761,0.2532,0.4959,0.4911,0.6235,0.4964,0.5603,0.7332,0.8967,0.8961,0.4821,0.9176,0.8851,0.7966,1.1669,0.8571,1.0379,0.6350,0.9872,1.0667,0.8484,0.9849,1.2474,1.2629,1.4745,1.8565,2.3819"
EP00113,C3_both,13,RATE_LOSS,"0.6746,0.2050,0.2267,0.2633,0.3643,0.0388,0.1791,0.1854,0.1946,0.4668,0.8396,1.4806,2.4213,3.2105,3.8527,4.3278,4.7690,5.0042,4.9707,4.8927,4.8768,4.9015,4.8582,4.7812,4.7288,4.7481,4.7808,4.7224,4.6896,4.7130,4.8266,4.9586,4.9360,4.9596,4.8763,5.0036,5.0769,5.1075,5.0900,5.1356,5.1155,4.9306"
EP00114,C1_variability,26,RATE_LOSS,"0.5499,0.2775,0.3117,0.1550,0.1353,0.1276,0.0511,0.0427,0.1085,0.0907,0.1477,0.3091,0.4408,0.5339,0.5419,0.6047,0.1668,0.2354,0.0951,0.0086,0.0724,0.8577,2.3722,4.0690,6.0095,8.1896,10.6644,12.0193,12.3377,12.3571,12.4516,12.5613,12.5425,12.5621,12.4929,12.5987,12.6596,12.6851,12.6705,12.7084,12.6917,12.5380"
EP00114,C2_covariance,26,RATE_LOSS,"1.4403,1.3685,1.2395,0.1174,0.2187,0.5883,0.8954,0.5337,0.4413,0.1471,0.3623,0.8544,0.8557,0.9100,0.1337,0.5259,0.1093,0.3507,0.3459,0.4787,0.3455,0.3373,0.2531,0.0028,0.1828,0.6669,0.5048,0.6601,0.6385,0.9231,0.7130,0.8943,0.4902,0.8435,0.9232,0.7043,0.8412,1.1044,1.1741,1.3923,1.6391,2.2463"
EP00114,C3_both,26,RATE_LOSS,"1.4403,1.3685,1.2395,0.1550,0.2187,0.5883,0.8954,0.5337,0.4413,0.1471,0.3623,0.8544,0.8557,0.9100,0.5419,0.6047,0.1668,0.3507,0.3459,0.4787,0.3455,0.8577,2.3722,4.0690,6.0095,8.1896,10.6644,12.0193,12.3377,12.3571,12.4516,12.5613,12.5425,12.5621,12.4929,12.5987,12.6596,12.6851,12.6705,12.7084,12.6917,12.5380"
EP00115,C1_variability,22,RATE_LOSS,"0.4479,0.0170,0.1028,0.1805,0.1608,0.1532,0.0254,0.0170,0.0828,0.0650,0.1219,0.2340,0.1418,0.1995,0.2687,0.3101,0.5121,2.4370,4.8365,7.6983,11.6257,17.2907,23.4823,26.7046,27.4337,27.4434,27.4597,27.4305,27.4142,27.4258,27.4825,27.5483,27.5370,27.5488,27.5073,27.5707,27.6073,27.6225,27.6138,27.6365,27.6265,27.5343"
EP00115,C2_covariance,22,RATE_LOSS,"0.4753,0.2651,0.1849,0.2635,0.3645,0.0390,0.1368,0.1848,0.0794,0.0007,0.2149,0.2775,0.3054,0.3499,0.0131,0.0589,0.2637,0.0899,1.5803,3.8456,6.1940,5.1207,1.9567,0.5385,0.8963,0.4823,0.9178,0.8853,0.7831,0.8862,0.8573,1.0381,0.6352,0.9874,1.0669,0.8487,0.9851,1.2476,1.1891,1.2698,1.4866,1.9981"
EP00115,C3_both,22,RATE_LOSS,"0.4753,0.2651,0.1849,0.2635,0.3645,0.1532,0.1368,0.1848,0.0828,0.0650,0.2149,0.2775,0.3054,0.3499,0.2687,0.3101,0.5121,2.4370,4.8365,7.6983,11.6257,17.2907,23.4823,26.7046,27.4337,27.4434,27.4597,27.4305,27.4142,27.4258,27.4825,27.5483,27.5370,27.5488,27.5073,27.5707,27.6073,27.6225,27.6138,27.6365,27.6265,27.5343"
EP00116,C1_variability,16,RATE_LOSS,"0.6224,0.1459,0.1467,0.1528,0.1330,0.4101,0.0533,0.0449,0.1108,0.0929,0.1494,0.2182,0.5564,0.6175,0.7187,0.8426,1.2951,1.9817,2.3909,2.7317,3.1437,3.6130,4.0043,4.2614,4.4798,4.6892,4.8489,4.8355,4.8032,4.8265,4.9399,5.0715,5.0489,5.0725,4.9895,5.1164,5.1895,5.2201,5.2026,5.2481,5.2281,5.0436"
EP00116,C2_covariance,16,RATE_LOSS,"0.4951,0.3346,0.2145,0.2440,0.3450,0.0194,0.3701,0.1653,0.0991,0.0198,0.2346,0.2882,0.3042,0.3507,0.0708,0.0214,0.2643,0.5035,0.5049,0.5774,0.4576,0.5304,0.7231,0.8744,0.8812,0.4510,0.9034,0.8661,0.7638,1.0161,0.8380,1.0189,0.6158,0.9682,1.0477,0.8294,0.9659,1.2285,1.1699,1.2507,1.5507,2.1078"
EP00116,C3_both,16,RATE_LOSS,"0.6224,0.3346,0.2145,0.2440,0.3450,0.4101,0.3701,0.1653,0.1108,0.0929,0.2346,0.2882,0.5564,0.6175,0.7187,0.8426,1.2951,1.9817,2.3909,2.7317,3.1437,3.6130,4.0043,4.2614,4.4798,4.6892,4.8489,4.8355,4.8032,4.8265,4.9399,5.0715,5.0489,5.0725,4.9895,5.1164,5.1895,5.2201,5.2026,5.2481,5.2281,5.0436"
EP00117,C1_variability,21,RATE_LOSS,"0.5330,0.0717,0.1198,0.1975,0.1778,0.1701,0.0084,0.0000,0.0658,0.0480,0.1049,0.2170,0.2086,0.2981,0.3586,0.4285,0.2245,0.8820,1.4911,2.2229,3.2391,4.5262,5.8314,7.0163,8.2543,9.4300,10.5129,11.2816,11.8789,12.2629,12.4825,12.5932,12.5744,12.5940,12.5249,12.6305,12.6914,12.7169,12.7023,12.7402,12.7235,12.5699"
EP00117,C2_covariance,21,RATE_LOSS,"1.2878,1.0188,0.8117,0.1202,0.2215,0.6049,0.9560,0.5417,0.5263,0.1443,0.3595,0.2877,0.2920,0.3828,0.1309,0.0824,0.1292,0.3517,0.3396,0.3404,0.2139,0.3005,0.5138,0.6176,0.6255,0.0987,0.6463,0.6329,0.6242,0.9859,0.7155,0.8971,0.4930,0.8462,0.9260,0.7071,0.8439,1.1072,1.0484,1.1294,1.3793,1.9792"
EP00117,C3_both,21,RATE_LOSS,"1.2878,1.0188,0.8117,0.1975,0.2215,0.6049,0.9560,0.5417,0.5263,0.1443,0.3595,0.2877,0.2920,0.3828,0.3586,0.4285,0.2245,0.8820,1.4911,2.2229,3.2391,4.5262,5.8314,7.0163,8.2543,9.4300,10.5129,11.2816,11.8789,12.2629,12.4825,12.5932,12.5744,12.5940,12.5249,12.6305,12.6914,12.7169,12.7023,12.7402,12.7235,12.5699"
EP00118,C1_variability,18,RATE_LOSS,"0.5840,0.1140,0.1096,0.1208,0.1011,0.3580,0.0854,0.0770,0.1429,0.1250,0.1821,0.2943,0.4309,0.5280,0.9385,1.9367,3.8327,6.0670,8.4872,10.8359,13.2637,15.8268,18.4248,20.7722,22.9463,24.7314,26.1847,27.0170,27.3736,27.3988,27.4555,27.5213,27.5101,27.5219,27.4803,27.5438,27.5804,27.5957,27.5869,27.6097,27.5997,27.5074"
EP00118,C2_covariance,18,RATE_LOSS,"0.4951,0.2269,0.0703,0.2440,0.3450,0.0299,0.4103,0.1653,0.0991,0.0198,0.2346,0.1463,0.2421,0.2433,0.1797,0.0917,0.1172,0.1682,0.1596,0.1923,0.4531,0.5312,0.2932,0.3926,0.2233,0.5283,0.5819,0.7175,0.7586,0.9557,0.8380,1.0189,0.6158,0.9682,1.0477,0.8294,0.9659,1.2285,1.1699,1.2507,1.4676,1.9362"
EP00118,C3_both,18,RATE_LOSS,"0.5840,0.2269,0.1096,0.2440,0.3450,0.3580,0.4103,0.1653,0.1429,0.1250,0.2346,0.2943,0.4309,0.5280,0.9385,1.9367,3.8327,6.0670,8.4872,10.8359,13.2637,15.8268,18.4248,20.7722,22.9463,24.7314,26.1847,27.0170,27.3736,27.3988,27.4555,27.5213,27.5101,27.5219,27.4803,27.5438,27.5804,27.5957,27.5869,27.6097,27.5997,27.5074"
EP00119,C1_variability,21,RATE_LOSS,"0.6212,0.3301,0.3102,0.1975,0.1778,0.1701,0.0084,0.0000,0.0658,0.0480,0.1049,0.2436,0.2798,0.3713,0.4424,0.5086,0.3086,0.4804,0.4300,0.5027,0.6807,0.9307,1.1176,1.2526,1.4192,2.2379,2.3673,2.8473,2.7588,3.0215,3.0208,3.2258,3.4240,3.6771,3.8240,4.1817,4.4564,4.7010,4.8652,5.0637,5.1638,5.0511"
EP00119,C2_covariance,21,RATE_LOSS,"1.3163,1.0759,0.8756,0.1202,0.2215,0.6100,0.9497,0.5493,0.5081,0.1443,0.3595,0.3033,0.3090,0.3793,0.1309,0.0834,0.1181,0.3589,0.3565,0.4697,0.3486,0.4165,0.5983,0.7545,0.7586,0.3236,0.7694,0.7357,0.6450,0.9184,0.7095,0.8917,0.4803,0.8393,0.9303,0.7256,0.8394,1.0961,1.0354,1.1215,1.4006,2.0144"
EP00119,C3_both,21,RATE_LOSS,"1.3163,1.0759,0.8756,0.1975,0.2215,0.6100,0.9497,0.5493,0.5081,0.1443,0.3595,0.3033,0.3090,0.3793,0.4424,0.5086,0.3086,0.4804,0.4300,0.5027,0.6807,0.9307,1.1176,1.2526,1.4192,2.2379,2.3673,2.8473,2.7588,3.0215,3.0208,3.2258,3.4240,3.6771,3.8240,4.1817,4.4564,4.7010,4.8652,5.0637,5.1638,5.0511"
EP00120,C1_variability,16,RATE_LOSS,"0.6241,0.1485,0.1506,0.1208,0.1011,0.3820,0.0854,0.0770,0.1429,0.1250,0.1504,0.1566,0.5675,0.6119,0.7205,1.0057,1.7415,2.4566,2.8962,3.2665,3.7076,4.2066,4.6588,5.0445,5.4655,5.9331,6.4498,6.8763,7.3403,7.8396,8.4158,8.9995,9.4489,9.9551,10.3739,10.9683,11.4456,11.8586,12.1542,12.4375,12.5896,12.5066"
EP00120,C2_covariance,16,RATE_LOSS,"0.4959,0.3551,0.2394,0.2500,0.3510,0.0255,0.3698,0.1713,0.0930,0.0138,0.2320,0.3042,0.3038,0.3510,0.0936,0.0133,0.2713,0.5103,0.5125,0.5801,0.4606,0.5342,0.7260,0.8708,0.8809,0.4196,0.8751,0.8402,0.7662,0.9342,0.8160,0.9979,0.5772,0.9428,1.0507,0.8665,0.9477,1.2040,1.1438,1.2385,1.5677,2.1327"
EP00120,C3_both,16,RATE_LOSS,"0.6241,0.3551,0.2394,0.2500,0.3510,0.3820,0.3698,0.1713,0.1429,0.1250,0.2320,0.3042,0.5675,0.6119,0.7205,1.0057,1.7415,2.4566,2.8962,3.2665,3.7076,4.2066,4.6588,5.0445,5.4655,5.9331,6.4498,6.8763,7.3403,7.8396,8.4158,8.9995,9.4489,9.9551,10.3739,10.9683,11.4456,11.8586,12.1542,12.4375,12.5896,12.5066"
EP00121,C1_variability,23,RATE_LOSS,"0.6735,0.2403,0.5684,0.1975,0.1778,0.1701,0.0084,0.0000,0.0658,0.0480,0.1049,0.2170,0.3190,0.4047,0.4687,0.5345,0.2431,0.3893,0.2940,0.5697,1.1199,1.9279,2.9543,4.1158,5.4204,6.7268,8.1474,9.4736,10.8669,12.2572,13.6984,15.1264,16.4535,17.8583,19.2048,20.6742,21.9382,23.2826,24.5197,25.6639,26.5984,27.1242"
EP00121,C2_covariance,23,RATE_LOSS,"1.5299,1.3944,1.2326,0.1024,0.2037,0.7329,1.0437,0.6772,0.5861,0.1621,0.3775,0.6948,0.6962,0.7435,0.1488,0.3699,0.0944,0.3358,0.3368,0.4288,0.3092,0.3338,0.5019,0.6037,0.6119,0.0575,0.5342,0.4752,0.4643,0.7118,0.4331,1.0848,0.7560,0.4799,0.6614,0.5366,0.3820,0.5643,0.8302,1.1294,1.5745,2.3867"
EP00121,C3_both,23,RATE_LOSS,"1.5299,1.3944,1.2326,0.1975,0.2037,0.7329,1.0437,0.6772,0.5861,0.1621,0.3775,0.6948,0.6962,0.7435,0.4687,0.5345,0.2431,0.3893,0.3368,0.5697,1.1199,1.9279,2.9543,4.1158,5.4204,6.7268,8.1474,9.4736,10.8669,12.2572,13.6984,15.1264,16.4535,17.8583,19.2048,20.6742,21.9382,23.2826,24.5197,25.6639,26.5984,27.1242"
EP00122,C1_variability,18,CHANNEL_DROPOUT,"0.5724,0.1180,0.2016,0.2792,0.2596,0.2519,0.0737,0.0821,0.0164,0.0342,0.0227,0.1345,0.3658,0.5613,0.6449,0.7115,0.8413,1.0938,0.7699,12.9881,12.9960,13.0164,13.2652,13.5197,13.7048,14.0191,13.5206,13.7583,13.5246,13.6271,13.2395,12.9908,13.3339,12.8829,12.6776,12.2248,12.1881,11.8586,11.5667,11.2567,10.4755,10.2897"
EP00122,C2_covariance,18,CHANNEL_DROPOUT,"0.5766,0.2283,0.1002,0.1636,0.2648,0.0613,0.4258,0.0848,0.1800,0.1006,0.3157,0.2111,0.2317,0.3366,0.0879,0.0960,0.1471,0.2509,0.2984,0.0805,0.7851,1.1689,0.9283,0.7165,0.7369,1.1271,0.6767,0.6642,0.6582,0.9824,0.5980,0.6563,0.8318,0.5878,0.4723,0.7412,0.5824,0.5370,0.8330,1.0648,1.5537,2.1339"
EP00122,C3_both,18,CHANNEL_DROPOUT,"0.5766,0.2283,0.2016,0.2792,0.2648,0.2519,0.4258,0.0848,0.1800,0.1006,0.3157,0.2111,0.3658,0.5613,0.6449,0.7115,0.8413,1.0938,0.7699,12.9881,12.9960,13.0164,13.2652,13.5197,13.7048,14.0191,13.5206,13.7583,13.5246,13.6271,13.2395,12.9908,13.3339,12.8829,12.6776,12.2248,12.1881,11.8586,11.5667,11.2567,10.4755,10.2897"
EP00123,C1_variability,18,CHANNEL_DROPOUT,"0.5732,0.1391,0.2048,0.2824,0.2627,0.2550,0.0768,0.0852,0.0195,0.0373,0.0195,0.1314,0.2534,0.4708,1.0332,1.5856,1.8066,2.9942,29.5987,54.0551,58.0012,57.7629,57.8909,58.2220,58.3953,58.6567,58.1294,58.2204,58.0836,58.0279,57.4552,57.1111,57.4608,56.7858,56.3251,56.0677,55.9862,55.8892,55.5473,55.5588,55.6864,55.6706"
EP00123,C2_covariance,18,CHANNEL_DROPOUT,"0.4314,0.0806,0.0744,0.3068,0.4077,0.0825,0.0931,0.2282,0.0359,0.0433,0.1712,0.5174,0.5464,0.3650,0.4944,1.1763,2.0668,2.9483,4.6693,7.8754,10.7995,11.6304,11.4672,11.3216,11.2148,11.4257,10.8854,10.9581,10.9941,10.8880,10.9464,10.8464,11.3842,11.1297,10.9177,11.0505,11.0122,10.5527,10.4744,10.4630,10.3819,10.0434"
EP00123,C3_both,18,CHANNEL_DROPOUT,"0.5732,0.1391,0.2048,0.3068,0.4077,0.2550,0.0931,0.2282,0.0359,0.0433,0.1712,0.5174,0.5464,0.4708,1.0332,1.5856,2.0668,2.9942,29.5987,54.0551,58.0012,57.7629,57.8909,58.2220,58.3953,58.6567,58.1294,58.2204,58.0836,58.0279,57.4552,57.1111,57.4608,56.7858,56.3251,56.0677,55.9862,55.8892,55.5473,55.5588,55.6864,55.6706"
EP00124,C1_variability,19,CHANNEL_DROPOUT,"0.4352,0.1323,0.2179,0.2955,0.2759,0.2682,0.0900,0.0984,0.0327,0.0505,0.0063,0.1181,0.4644,0.6213,0.7921,1.7032,2.5070,3.2346,14.8285,29.4411,44.2708,59.3750,59.8958,59.8958,59.8958,59.8958,59.8958,59.8958,59.8958,59.8958,59.8958,59.8958,59.8958,59.8958,59.8958,59.8958,59.8958,59.8958,59.8958,59.8958,59.8958,59.8958"
EP00124,C2_covariance,19,CHANNEL_DROPOUT,"0.4620,0.0787,0.0728,0.2765,0.3775,0.0521,0.1236,0.1979,0.0663,0.0129,0.2017,0.4081,0.4415,0.3738,0.9439,2.4805,6.3619,10.2807,11.4891,20.1839,30.4001,38.8450,39.4013,39.4436,39.3660,39.6638,39.4390,40.3532,40.5248,40.5526,40.8110,40.3048,40.5038,40.0585,39.6249,39.3756,39.3318,38.9601,38.9013,39.0421,38.9506,39.1787"
EP00124,C3_both,19,CHANNEL_DROPOUT,"0.4620,0.1323,0.2179,0.2955,0.3775,0.2682,0.1236,0.1979,0.0663,0.0505,0.2017,0.4081,0.4644,0.6213,0.9439,2.4805,6.3619,10.2807,14.8285,29.4411,44.2708,59.3750,59.8958,59.8958,59.8958,59.8958,59.8958,59.8958,59.8958,59.8958,59.8958,59.8958,59.8958,59.8958,59.8958,59.8958,59.8958,59.8958,59.8958,59.8958,59.8958,59.8958"
EP00125,C1_variability,27,CHANNEL_DROPOUT,"0.4786,0.4888,0.1676,0.2980,0.2255,0.2179,0.0395,0.0479,0.0178,0.0000,0.0569,0.4593,0.5046,0.5949,0.5843,0.6495,0.1614,0.2226,0.1854,0.0991,0.0816,0.1009,0.0156,0.2424,1.0176,2.2623,3.3701,15.6838,11.6045,10.9887,17.5363,17.7391,23.1109,23.7199,21.4588,21.7354,21.7155,21.9494,22.2073,21.9483,22.0382,22.3034"
EP00125,C2_covariance,27,CHANNEL_DROPOUT,"1.5180,1.3996,1.2497,0.0081,0.1096,0.6583,0.9708,0.6006,0.5230,0.2570,0.4727,0.7952,0.7867,0.8601,0.2436,0.4864,0.0000,0.2419,0.2371,0.3701,0.2424,0.3187,0.4696,0.6182,0.6276,0.0744,0.2856,0.3606,0.4587,0.7810,0.5540,0.5753,0.9693,0.7138,0.8454,1.0570,0.9047,0.7956,1.2201,1.4108,1.5457,2.1587"
EP00125,C3_both,27,CHANNEL_DROPOUT,"1.5180,1.3996,1.2497,0.2980,0.2255,0.6583,0.9708,0.6006,0.5230,0.2570,0.4727,0.7952,0.7867,0.8601,0.5843,0.6495,0.1614,0.2419,0.2371,0.3701,0.2424,0.3187,0.4696,0.6182,1.0176,2.2623,3.3701,15.6838,11.6045,10.9887,17.5363,17.7391,23.1109,23.7199,21.4588,21.7354,21.7155,21.9494,22.2073,21.9483,22.0382,22.3034"
EP00126,C1_variability,26,CHANNEL_DROPOUT,"0.5000,0.3189,0.3154,0.2541,0.2344,0.2267,0.0484,0.0568,0.0089,0.0089,0.0480,0.3860,0.3282,0.4094,0.4140,0.4659,0.0793,0.2314,0.1943,0.1080,0.0679,0.0209,0.1375,0.6174,1.0489,2.3353,25.1473,27.1568,37.4186,30.4605,33.7223,24.3376,26.5625,34.6712,38.1608,38.2701,38.6774,38.6908,38.8476,39.2717,39.5237,39.7323"
EP00126,C2_covariance,26,CHANNEL_DROPOUT,"1.5905,1.3904,1.2079,0.0966,0.1980,0.8070,1.1429,0.7455,0.7022,0.1680,0.3833,0.7110,0.7073,0.7904,0.1546,0.4137,0.0886,0.3300,0.3252,0.4580,0.3403,0.2919,0.4494,0.3017,0.0058,1.5113,2.1851,3.2889,5.2623,7.0139,8.1023,9.1192,10.5342,11.2447,11.8430,12.0906,12.2702,11.8693,11.9772,11.8477,11.5572,11.1995"
EP00126,C3_both,26,CHANNEL_DROPOUT,"1.5905,1.3904,1.2079,0.2541,0.2344,0.8070,1.1429,0.7455,0.7022,0.1680,0.3833,0.7110,0.7073,0.7904,0.4140,0.4659,0.0886,0.3300,0.3252,0.4580,0.3403,0.2919,0.4494,0.6174,1.0489,2.3353,25.1473,27.1568,37.4186,30.4605,33.7223,24.3376,26.5625,34.6712,38.1608,38.2701,38.6774,38.6908,38.8476,39.2717,39.5237,39.7323"
EP00127,C1_variability,18,CHANNEL_DROPOUT,"0.5602,0.1170,0.2026,0.2802,0.2606,0.3534,0.0747,0.0831,0.0174,0.0352,0.0216,0.1335,0.3748,0.4122,0.4826,0.5056,0.5946,1.5214,7.7655,14.9678,16.3259,29.9175,24.6347,34.2036,38.5417,44.2708,70.2605,52.0833,59.3750,59.8958,59.8958,59.8958,59.8958,59.8958,59.8958,59.8958,59.8958,59.8958,59.8958,59.8958,59.8958,59.8958"
EP00127,C2_covariance,18,CHANNEL_DROPOUT,"0.5171,0.1828,0.0230,0.2404,0.3414,0.0590,0.4643,0.1617,0.1235,0.0234,0.2382,0.2109,0.2658,0.3554,0.0158,0.1792,0.1361,0.1370,1.4997,4.5241,6.4457,9.2195,10.4469,16.9217,20.8671,26.9015,30.0547,32.9428,39.5558,40.7137,40.7290,40.6254,40.8979,40.9455,40.8207,41.2777,41.6960,41.0733,40.4721,40.3109,40.1327,39.9638"
EP00127,C3_both,18,CHANNEL_DROPOUT,"0.5602,0.1828,0.2026,0.2802,0.3414,0.3534,0.4643,0.1617,0.1235,0.0352,0.2382,0.2109,0.3748,0.4122,0.4826,0.5056,0.5946,1.5214,7.7655,14.9678,16.3259,29.9175,24.6347,34.2036,38.5417,44.2708,70.2605,52.0833,59.3750,59.8958,59.8958,59.8958,59.8958,59.8958,59.8958,59.8958,59.8958,59.8958,59.8958,59.8958,59.8958,59.8958"
EP00128,C1_variability,14,CHANNEL_DROPOUT,"0.5937,0.0983,0.1479,0.2256,0.2059,0.1982,0.0198,0.0282,0.1010,0.0415,0.3555,0.3748,0.7069,0.7828,0.9694,1.0930,1.5048,3.8908,3.3959,10.2606,10.2271,10.1557,9.9594,12.7238,12.8598,14.3337,13.8012,13.5752,13.1685,11.9549,11.5154,11.1784,11.2677,15.3597,15.5716,17.5492,17.8558,17.6192,17.6117,17.8648,17.7237,17.5076"
EP00128,C2_covariance,14,CHANNEL_DROPOUT,"0.4951,0.1739,0.1072,0.2440,0.3450,0.0194,0.2145,0.1653,0.0991,0.0198,0.2346,0.4766,0.5061,0.6065,0.0083,0.1559,0.3669,0.3929,0.4060,0.0657,0.0384,0.0453,0.2027,0.1980,0.1461,0.5175,0.4529,0.7569,0.7007,1.1678,0.6338,1.0317,0.4983,0.5561,0.3740,0.8319,0.6321,0.7715,1.1556,1.3047,1.8992,2.2115"
EP00128,C3_both,14,CHANNEL_DROPOUT,"0.5937,0.1739,0.1479,0.2440,0.3450,0.1982,0.2145,0.1653,0.1010,0.0415,0.3555,0.4766,0.7069,0.7828,0.9694,1.0930,1.5048,3.8908,3.3959,10.2606,10.2271,10.1557,9.9594,12.7238,12.8598,14.3337,13.8012,13.5752,13.1685,11.9549,11.5154,11.1784,11.2677,15.3597,15.5716,17.5492,17.8558,17.6192,17.6117,17.8648,17.7237,17.5076"
EP00129,C1_variability,23,CHANNEL_DROPOUT,"0.6748,0.4010,0.6564,0.2452,0.2255,0.2179,0.0395,0.0479,0.0178,0.0000,0.0569,0.3439,0.2927,0.2849,0.6760,0.5705,0.2234,0.2586,0.1626,0.0430,0.0072,0.0762,2.8261,12.6110,13.8355,17.4537,22.9312,26.4463,29.0209,29.3467,27.7943,33.9850,36.5082,42.1263,44.4563,41.2813,36.8924,37.0105,35.8844,34.3657,35.3822,28.8575"
EP00129,C2_covariance,23,CHANNEL_DROPOUT,"1.4218,1.2918,1.1322,0.1024,0.2037,0.6182,0.9291,0.5627,0.4717,0.1621,0.3775,0.6074,0.6079,0.6570,0.1488,0.2828,0.0944,0.3299,0.3107,0.4168,0.4077,0.4086,0.4652,0.1470,0.3106,1.4307,1.4658,2.2111,3.1617,3.4614,3.7248,4.0730,5.0808,5.3043,5.6479,6.7493,7.3370,8.5487,9.0051,9.6358,9.3689,9.6518"
EP00129,C3_both,23,CHANNEL_DROPOUT,"1.4218,1.2918,1.1322,0.2452,0.2255,0.6182,0.9291,0.5627,0.4717,0.1621,0.3775,0.6074,0.6079,0.6570,0.6760,0.5705,0.2234,0.3299,0.3107,0.4168,0.4077,0.4086,2.8261,12.6110,13.8355,17.4537,22.9312,26.4463,29.0209,29.3467,27.7943,33.9850,36.5082,42.1263,44.4563,41.2813,36.8924,37.0105,35.8844,34.3657,35.3822,28.8575"
EP00130,C1_variability,26,CHANNEL_DROPOUT,"0.4695,0.2195,0.4579,0.2541,0.2344,0.2267,0.0484,0.0568,0.0089,0.0089,0.0480,0.4308,0.3856,0.4763,0.4772,0.5379,0.3897,0.2314,0.1943,0.1080,0.0889,0.0856,0.2471,0.9864,1.6101,2.5166,4.2501,14.4510,27.3042,29.7076,33.1207,36.9687,33.0470,31.6635,34.3376,29.8777,35.0289,36.9792,39.5833,44.2708,45.8333,62.2020"
EP00130,C2_covariance,26,CHANNEL_DROPOUT,"1.5541,1.3618,1.1867,0.0907,0.1920,0.7571,1.0921,0.6929,0.6514,0.1739,0.3893,0.7059,0.7037,0.7870,0.1606,0.4137,0.0826,0.3241,0.3193,0.4521,0.3319,0.3970,0.5658,0.6173,0.4367,0.3675,0.8822,1.4772,2.5779,4.0597,5.5671,6.0501,7.0841,8.7367,10.0982,11.8682,15.4647,17.7839,21.1232,25.4685,25.5373,26.9797"
EP00130,C3_both,26,CHANNEL_DROPOUT,"1.5541,1.3618,1.1867,0.2541,0.2344,0.7571,1.0921,0.6929,0.6514,0.1739,0.3893,0.7059,0.7037,0.7870,0.4772,0.5379,0.3897,0.3241,0.3193,0.4521,0.3319,0.3970,0.5658,0.9864,1.6101,2.5166,4.2501,14.4510,27.3042,29.7076,33.1207,36.9687,33.0470,31.6635,34.3376,29.8777,35.0289,36.9792,39.5833,44.2708,45.8333,62.2020"
EP00131,C1_variability,21,GAIN_DRIFT,"0.4563,0.1386,0.2242,0.3018,0.2821,0.2744,0.0963,0.1047,0.0390,0.0568,0.0000,0.1118,0.1865,0.2908,0.3383,0.6876,1.3689,3.4551,5.5406,8.1934,9.9371,13.2388,14.9383,14.4256,14.7735,14.7907,15.0548,14.6388,13.8020,14.7579,13.7730,13.9797,13.5685,14.8531,14.3099,14.6709,16.6027,15.9380,16.1189,16.6489,16.5892,17.4810"
EP00131,C2_covariance,21,GAIN_DRIFT,"1.3413,1.0906,0.8857,0.1202,0.2215,0.6383,0.9789,0.5787,0.5409,0.1443,0.3595,0.3031,0.3046,0.3838,0.1309,0.0783,0.1030,0.3952,0.4123,0.5855,0.4821,0.5004,0.5982,0.7669,0.7759,0.3814,0.8473,0.8154,0.6583,1.0943,0.7302,0.8997,0.5292,0.8644,0.9435,0.7389,0.8860,1.1147,1.0495,1.1771,1.5235,2.0857"
EP00131,C3_both,21,GAIN_DRIFT,"1.3413,1.0906,0.8857,0.3018,0.2821,0.6383,0.9789,0.5787,0.5409,0.1443,0.3595,0.3031,0.3046,0.3838,0.3383,0.6876,1.3689,3.4551,5.5406,8.1934,9.9371,13.2388,14.9383,14.4256,14.7735,14.7907,15.0548,14.6388,13.8020,14.7579,13.7730,13.9797,13.5685,14.8531,14.3099,14.6709,16.6027,15.9380,16.1189,16.6489,16.5892,17.4810"
EP00132,C1_variability,13,GAIN_DRIFT,"0.1610,0.0424,0.1281,0.2059,0.1862,0.1785,0.0129,0.0140,1.4335,3.7838,7.8868,12.8471,19.5164,24.8688,32.9631,41.6689,41.6200,41.7372,41.5528,42.7735,44.2311,44.2277,42.7906,44.2188,44.7125,44.9910,42.7322,46.3353,43.4136,43.4023,43.9126,41.7255,41.6776,41.4039,41.1253,41.0999,41.8799,43.4235,43.1465,43.3749,44.4374,43.5048"
EP00132,C2_covariance,13,GAIN_DRIFT,"0.4620,0.0954,0.0591,0.2765,0.3775,0.0521,0.3327,0.2000,0.0476,0.0953,0.3802,0.2795,0.3028,0.3293,0.7505,0.3734,0.0982,0.0671,0.0347,0.2917,0.1290,0.3889,0.5257,0.5643,0.5816,0.1380,0.5924,0.8041,0.7892,1.2074,0.7088,1.1609,0.7257,0.7582,0.8760,0.5866,0.6293,0.9017,1.0288,1.2926,1.6906,2.1135"
EP00132,C3_both,13,GAIN_DRIFT,"0.4620,0.0954,0.1281,0.2765,0.3775,0.1785,0.3327,0.2000,1.4335,3.7838,7.8868,12.8471,19.5164,24.8688,32.9631,41.6689,41.6200,41.7372,41.5528,42.7735,44.2311,44.2277,42.7906,44.2188,44.7125,44.9910,42.7322,46.3353,43.4136,43.4023,43.9126,41.7255,41.6776,41.4039,41.1253,41.0999,41.8799,43.4235,43.1465,43.3749,44.4374,43.5048"
EP00133,C1_variability,22,GAIN_DRIFT,"0.8150,0.1707,0.2562,0.3337,0.3141,0.3064,0.1284,0.1368,0.0712,0.0951,0.0322,0.0796,0.4054,0.2343,0.3601,0.7597,1.8627,6.9606,13.0766,18.1893,26.9167,39.8591,71.2982,101.6362,105.5906,107.3517,105.1693,101.7862,104.6210,102.8944,100.5336,102.3489,110.3844,110.0345,105.2530,108.9456,107.9483,106.8851,102.0397,103.7668,100.1155,98.7778"
EP00133,C2_covariance,22,GAIN_DRIFT,"0.4820,0.2435,0.1400,0.2569,0.3579,0.0324,0.1926,0.1782,0.0861,0.0069,0.2215,0.1669,0.2615,0.2337,0.0064,0.0523,0.2185,0.3869,0.5279,2.0741,5.2774,5.7113,3.3903,0.9761,0.5839,1.1278,0.9391,1.0848,1.0027,1.1049,1.1125,0.7808,0.9722,0.6870,0.5904,0.6294,0.5874,0.1067,0.4590,0.3545,0.2464,0.4599"
EP00133,C3_both,22,GAIN_DRIFT,"0.8150,0.2435,0.2562,0.3337,0.3579,0.3064,0.1926,0.1782,0.0861,0.0951,0.2215,0.1669,0.4054,0.2343,0.3601,0.7597,1.8627,6.9606,13.0766,18.1893,26.9167,39.8591,71.2982,101.6362,105.5906,107.3517,105.1693,101.7862,104.6210,102.8944,100.5336,102.3489,110.3844,110.0345,105.2530,108.9456,107.9483,106.8851,102.0397,103.7668,100.1155,98.7778"
EP00134,C1_variability,20,GAIN_DRIFT,"0.6092,0.1079,0.1936,0.2712,0.2515,0.2995,0.2922,0.0740,0.0083,0.0261,0.0307,0.1426,0.0680,0.1543,0.2202,0.3332,0.8748,1.4578,2.6485,4.5478,5.9588,7.8471,10.2886,11.2123,12.7017,14.1773,15.9413,17.3844,19.1077,18.2545,19.0693,19.1559,18.4107,18.5210,19.1239,19.0985,20.4670,18.9446,17.4404,18.2534,17.3640,18.1709"
EP00134,C2_covariance,20,GAIN_DRIFT,"0.8330,0.5992,0.4233,0.1602,0.2614,0.2048,0.5666,0.1437,0.1835,0.1041,0.3192,0.1686,0.1850,0.2704,0.0908,0.0401,0.1618,0.3956,0.3989,0.5396,0.3706,0.4562,0.6126,0.7632,0.7525,0.2671,0.6792,0.6238,0.5176,0.9178,0.5830,0.7699,0.3808,0.7211,0.7961,0.6495,0.7824,1.0132,0.9604,1.0728,1.2928,1.7528"
EP00134,C3_both,20,GAIN_DRIFT,"0.8330,0.5992,0.4233,0.2712,0.2614,0.2995,0.5666,0.1437,0.1835,0.1041,0.3192,0.1686,0.1850,0.2704,0.2202,0.3332,0.8748,1.4578,2.6485,4.5478,5.9588,7.8471,10.2886,11.2123,12.7017,14.1773,15.9413,17.3844,19.1077,18.2545,19.0693,19.1559,18.4107,18.5210,19.1239,19.0985,20.4670,18.9446,17.4404,18.2534,17.3640,18.1709"
EP00135,C1_variability,23,GAIN_DRIFT,"0.5553,0.1011,0.5122,0.2644,0.2447,0.2371,0.0588,0.0672,0.0015,0.0193,0.0376,0.1495,0.1553,0.2270,0.2784,0.3490,0.1191,0.2770,0.8039,2.5360,4.0428,7.2432,12.8067,18.0958,23.5246,28.0639,32.7607,38.9065,44.0242,46.0026,49.4050,52.4331,51.0171,48.4025,47.7922,46.4610,44.4534,46.4711,43.9230,44.1746,44.2743,46.3409"
EP00135,C2_covariance,23,GAIN_DRIFT,"1.5448,1.3614,1.1882,0.1024,0.2037,0.7418,1.0723,0.6814,0.6334,0.1621,0.3775,0.6975,0.6926,0.7762,0.1488,0.4006,0.0944,0.3342,0.3410,0.4848,0.3842,0.4582,0.5199,0.4955,0.3341,0.1657,0.2059,0.0471,0.1351,0.1435,0.0891,0.3267,0.1155,0.2294,0.4826,0.1439,0.2482,0.4372,0.4519,0.3615,0.7227,1.3547"
EP00135,C3_both,23,GAIN_DRIFT,"1.5448,1.3614,1.1882,0.2644,0.2447,0.7418,1.0723,0.6814,0.6334,0.1621,0.3775,0.6975,0.6926,0.7762,0.2784,0.4006,0.1191,0.3342,0.8039,2.5360,4.0428,7.2432,12.8067,18.0958,23.5246,28.0639,32.7607,38.9065,44.0242,46.0026,49.4050,52.4331,51.0171,48.4025,47.7922,46.4610,44.4534,46.4711,43.9230,44.1746,44.2743,46.3409"
EP00136,C1_variability,17,GAIN_DRIFT,"0.9436,0.4219,0.3648,0.2356,0.2159,0.2082,0.0299,0.0383,0.0275,0.0097,0.0666,0.1644,1.4082,4.2200,8.1971,14.6151,23.0180,34.1566,41.7857,50.6185,59.4531,69.0760,80.4133,94.2633,102.1649,107.3593,108.8740,112.0295,109.2475,111.9813,107.4615,110.9759,111.3659,112.2934,112.4755,113.0558,115.6085,114.0146,115.3611,113.8784,113.5512,114.5197"
EP00136,C2_covariance,17,GAIN_DRIFT,"0.4864,0.3838,0.2805,0.2637,0.3647,0.0434,0.3768,0.1851,0.0792,0.0000,0.2146,0.3000,0.2642,0.0709,0.3714,0.5864,0.6340,0.3883,0.7518,1.9498,2.7345,3.6365,4.5957,4.9346,5.4408,6.5526,5.5701,6.2781,6.3374,6.5177,6.6696,6.6751,6.9248,6.6042,6.3688,6.2899,6.2239,6.4745,6.7801,7.3424,6.9931,7.4126"
EP00136,C3_both,17,GAIN_DRIFT,"0.9436,0.4219,0.3648,0.2637,0.3647,0.2082,0.3768,0.1851,0.0792,0.0097,0.2146,0.3000,1.4082,4.2200,8.1971,14.6151,23.0180,34.1566,41.7857,50.6185,59.4531,69.0760,80.4133,94.2633,102.1649,107.3593,108.8740,112.0295,109.2475,111.9813,107.4615,110.9759,111.3659,112.2934,112.4755,113.0558,115.6085,114.0146,115.3611,113.8784,113.5512,114.5197"
EP00137,C1_variability,15,GAIN_DRIFT,"0.5839,0.0846,0.1677,0.2454,0.2257,0.2180,0.0397,0.0481,0.1136,0.0355,0.1894,0.5061,0.8029,0.9253,1.9913,2.8364,3.7454,4.3285,4.6309,5.3433,5.4313,5.8652,5.9797,6.8429,7.6641,9.0444,9.5368,9.6376,10.7362,12.4027,11.9101,12.3604,11.8843,12.3763,13.2375,13.2456,14.1911,14.7898,14.4587,14.8474,14.0681,14.8368"
EP00137,C2_covariance,15,GAIN_DRIFT,"0.5476,0.5042,0.4243,0.2572,0.3582,0.0327,0.3393,0.1785,0.0858,0.0066,0.2211,0.5332,0.5598,0.6112,0.0000,0.1700,0.2395,0.4744,0.4699,0.5947,0.4554,0.5255,0.7009,0.8496,0.8644,0.4302,0.8765,0.8180,0.7004,1.0588,0.7493,0.9200,0.5388,0.9480,0.9902,0.7684,0.9190,1.1690,1.1089,1.2108,1.6188,2.1921"
EP00137,C3_both,15,GAIN_DRIFT,"0.5839,0.5042,0.4243,0.2572,0.3582,0.2180,0.3393,0.1785,0.1136,0.0355,0.2211,0.5332,0.8029,0.9253,1.9913,2.8364,3.7454,4.3285,4.6309,5.3433,5.4313,5.8652,5.9797,6.8429,7.6641,9.0444,9.5368,9.6376,10.7362,12.4027,11.9101,12.3604,11.8843,12.3763,13.2375,13.2456,14.1911,14.7898,14.4587,14.8474,14.0681,14.8368"
EP00138,C1_variability,23,GAIN_DRIFT,"0.7099,0.2741,0.4939,0.2630,0.2433,0.2356,0.0573,0.0657,0.0000,0.0178,0.0390,0.1509,0.2513,0.3459,0.3856,0.4441,0.1753,0.3389,0.1841,0.1405,1.0656,2.6609,4.3487,5.8725,8.1100,11.0144,13.2796,14.5557,17.7804,20.6221,23.7805,26.9890,27.0229,29.9337,32.8484,34.0876,36.0657,38.7064,40.4423,40.8877,42.4842,43.7580"
EP00138,C2_covariance,23,GAIN_DRIFT,"1.4922,1.3445,1.1800,0.1024,0.2037,0.6962,1.0121,0.6389,0.5582,0.1621,0.3775,0.6497,0.6503,0.7055,0.1488,0.3316,0.0944,0.3358,0.3339,0.4742,0.3614,0.4636,0.6189,0.7921,0.7571,0.3864,0.8492,0.7990,0.6892,0.8618,0.7221,0.9300,0.5113,0.8544,0.9582,0.7031,0.7610,0.9648,1.2203,1.4138,1.6186,2.2473"
EP00138,C3_both,23,GAIN_DRIFT,"1.4922,1.3445,1.1800,0.2630,0.2433,0.6962,1.0121,0.6389,0.5582,0.1621,0.3775,0.6497,0.6503,0.7055,0.3856,0.4441,0.1753,0.3389,0.3339,0.4742,1.0656,2.6609,4.3487,5.8725,8.1100,11.0144,13.2796,14.5557,17.7804,20.6221,23.7805,26.9890,27.0229,29.9337,32.8484,34.0876,36.0657,38.7064,40.4423,40.8877,42.4842,43.7580"
EP00139,C1_variability,24,GAIN_DRIFT,"0.4793,0.1004,0.4570,0.2637,0.2440,0.2363,0.0581,0.0665,0.0007,0.0185,0.0383,0.1502,0.3386,0.4548,0.4955,0.6638,0.3657,0.5043,0.1820,0.9064,2.4951,5.3128,8.4224,12.7548,17.7113,23.4868,28.2426,34.1347,37.9185,43.5935,50.3692,53.3859,59.8386,65.2642,74.7113,78.0119,85.8551,87.8666,92.0232,96.4783,98.8597,104.2236"
EP00139,C2_covariance,24,GAIN_DRIFT,"1.4826,1.3743,1.2261,0.0907,0.1920,0.6428,0.9502,0.5873,0.4906,0.1739,0.3893,0.7432,0.7425,0.7937,0.1606,0.4202,0.0826,0.3241,0.3218,0.4339,0.2906,0.3297,0.6066,0.6958,0.6962,0.0196,0.4145,0.6935,0.6523,1.0800,1.1189,2.0397,2.5744,1.5279,0.9415,0.8571,1.4240,1.3529,1.2095,1.2908,0.9352,0.9111"
EP00139,C3_both,24,GAIN_DRIFT,"1.4826,1.3743,1.2261,0.2637,0.2440,0.6428,0.9502,0.5873,0.4906,0.1739,0.3893,0.7432,0.7425,0.7937,0.4955,0.6638,0.3657,0.5043,0.3218,0.9064,2.4951,5.3128,8.4224,12.7548,17.7113,23.4868,28.2426,34.1347,37.9185,43.5935,50.3692,53.3859,59.8386,65.2642,74.7113,78.0119,85.8551,87.8666,92.0232,96.4783,98.8597,104.2236"
EP00140,C1_variability,19,GEOMETRY_ROTATION,"0.4081,0.0860,0.0903,0.0779,0.0582,0.0505,0.1285,0.1200,0.1860,0.1681,0.2252,0.3375,0.3027,1.3558,2.0862,2.9066,3.9435,4.4121,5.3585,6.1202,6.1299,6.3092,6.8535,7.0777,6.5183,6.4166,6.9121,7.9172,8.0338,7.6927,7.0365,7.2967,7.3328,7.3142,6.7362,6.5864,7.2135,7.6028,7.4111,7.7029,7.5592,7.5050"
EP00140,C2_covariance,19,GEOMETRY_ROTATION,"0.4620,0.3573,0.2667,0.2765,0.3775,0.0521,0.1504,0.1979,0.0663,0.0129,0.2017,0.3073,0.3381,0.3774,0.1742,1.0036,2.0652,2.8128,3.9432,4.9303,5.6373,5.8430,5.7175,5.6656,5.6649,6.0075,5.7350,5.7012,5.9657,5.6954,5.7552,5.2399,5.5620,5.2156,5.0155,5.2593,5.2871,5.0653,5.0801,5.0861,4.8883,4.8250"
EP00140,C3_both,19,GEOMETRY_ROTATION,"0.4620,0.3573,0.2667,0.2765,0.3775,0.0521,0.1504,0.1979,0.1860,0.1681,0.2252,0.3375,0.3381,1.3558,2.0862,2.9066,3.9435,4.4121,5.3585,6.1202,6.1299,6.3092,6.8535,7.0777,6.5183,6.4166,6.9121,7.9172,8.0338,7.6927,7.0365,7.2967,7.3328,7.3142,6.7362,6.5864,7.2135,7.6028,7.4111,7.7029,7.5592,7.5050"
EP00141,C1_variability,13,GEOMETRY_ROTATION,"0.4700,0.1641,0.0780,0.0000,0.0198,0.0275,0.2067,0.3156,2.1960,4.2947,6.2877,8.1613,8.7904,8.8349,10.3482,9.9431,10.2347,11.0786,11.2297,11.2565,10.9297,10.3409,10.5413,11.0059,10.1771,10.0374,10.1641,10.4673,9.9709,10.7471,11.4413,11.3727,11.7705,12.4880,11.7540,11.2842,10.4545,10.9565,11.6530,11.3699,12.4384,13.0535"
EP00141,C2_covariance,13,GEOMETRY_ROTATION,"0.3376,0.1233,0.1366,0.3992,0.4999,0.1753,0.0000,0.2892,1.4604,4.1470,6.9940,8.6115,10.4210,12.4489,14.4068,15.5269,16.0897,15.7485,15.9544,15.9115,16.0496,16.0991,15.5673,15.6722,15.8494,15.8410,15.2026,15.2516,15.3649,15.4901,15.5128,15.1249,15.3073,15.0243,15.0541,15.3134,15.2437,15.2792,15.2318,15.0215,14.6159,14.0179"
EP00141,C3_both,13,GEOMETRY_ROTATION,"0.4700,0.1641,0.1366,0.3992,0.4999,0.1753,0.2067,0.3156,2.1960,4.2947,6.9940,8.6115,10.4210,12.4489,14.4068,15.5269,16.0897,15.7485,15.9544,15.9115,16.0496,16.0991,15.5673,15.6722,15.8494,15.8410,15.2026,15.2516,15.3649,15.4901,15.5128,15.1249,15.3073,15.0243,15.0541,15.3134,15.2437,15.2792,15.2318,15.0215,14.6159,14.0179"
EP00142,C1_variability,21,GEOMETRY_ROTATION,"0.4794,0.0000,0.0858,0.1636,0.1439,0.1362,0.0424,0.0340,0.0999,0.0820,0.1390,0.2511,0.3126,0.3793,0.4123,1.2976,3.0883,3.7579,4.8950,6.6755,9.9287,15.0854,22.9050,23.0175,23.0989,23.1368,23.1743,23.1463,23.1071,23.0586,23.2234,23.2317,23.3284,23.3107,23.1495,23.2319,23.2363,23.3879,23.3656,23.4817,23.4845,23.3990"
EP00142,C2_covariance,21,GEOMETRY_ROTATION,"0.4620,0.0535,0.0133,0.2765,0.3775,0.0698,0.3738,0.1979,0.0663,0.0129,0.2017,0.1745,0.2812,0.1567,0.0262,0.0402,4.8434,7.9299,10.2068,12.0946,15.3962,18.9631,21.7505,23.1645,23.1716,23.2304,23.1114,22.7831,22.4452,22.3337,22.5218,22.7031,22.7179,22.5767,22.5984,22.7877,22.3755,21.8826,22.0663,21.9922,21.5753,21.3803"
EP00142,C3_both,21,GEOMETRY_ROTATION,"0.4794,0.0535,0.0858,0.2765,0.3775,0.1362,0.3738,0.1979,0.0999,0.0820,0.2017,0.2511,0.3126,0.3793,0.4123,1.2976,4.8434,7.9299,10.2068,12.0946,15.3962,18.9631,22.9050,23.1645,23.1716,23.2304,23.1743,23.1463,23.1071,23.0586,23.2234,23.2317,23.3284,23.3107,23.1495,23.2319,23.2363,23.3879,23.3656,23.4817,23.4845,23.3990"
EP00143,C1_variability,15,GEOMETRY_ROTATION,"0.4913,0.1366,0.0505,0.0275,0.0077,0.0000,0.1791,0.1707,0.2367,0.4657,1.5839,1.9564,2.7671,3.8748,4.0462,4.4570,4.3224,4.8500,5.3501,6.1025,5.7143,6.1541,6.3208,6.2592,6.9311,6.8846,6.9365,7.5334,7.1764,8.0765,7.0331,7.8886,6.9654,7.1098,7.6828,7.7024,7.2368,7.4995,7.2395,7.5616,7.7620,8.5584"
EP00143,C2_covariance,15,GEOMETRY_ROTATION,"0.4709,0.0740,0.0770,0.2678,0.3687,0.0433,0.1325,0.1891,0.0751,0.0000,0.2380,0.5827,0.6109,0.4978,0.9912,1.6482,2.3518,2.8029,3.5405,3.9201,4.5009,5.1822,5.5533,5.9638,6.2460,6.8338,6.5029,6.7852,7.0678,6.7895,6.8866,6.5500,6.8486,6.2756,6.3663,6.5969,6.4860,6.2712,6.2904,6.1829,5.9045,5.3708"
EP00143,C3_both,15,GEOMETRY_ROTATION,"0.4913,0.1366,0.0770,0.2678,0.3687,0.0433,0.1791,0.1891,0.2367,0.4657,1.5839,1.9564,2.7671,3.8748,4.0462,4.4570,4.3224,4.8500,5.3501,6.1025,5.7143,6.1541,6.3208,6.2592,6.9311,6.8846,6.9365,7.5334,7.1764,8.0765,7.0331,7.8886,6.9654,7.1098,7.6828,7.7024,7.2368,7.4995,7.2395,7.5616,7.7620,8.5584"
EP00144,C1_variability,17,GEOMETRY_ROTATION,"0.6707,0.2193,0.1996,0.0779,0.0582,0.0548,0.1285,0.1200,0.1860,0.1681,0.2252,0.3317,0.9678,1.6454,2.9480,3.5692,4.7320,5.2323,6.3954,6.8105,6.9389,7.5294,7.9659,8.8144,8.7019,9.0134,9.4195,9.4645,9.4715,9.4930,9.6795,9.8354,9.6558,9.9113,9.6936,9.7752,10.0908,9.8946,9.8965,9.8809,9.8442,9.7234"
EP00144,C2_covariance,17,GEOMETRY_ROTATION,"0.4973,0.4066,0.2986,0.2637,0.3647,0.0392,0.3348,0.1851,0.0792,0.0003,0.2146,0.3020,0.3431,0.4033,0.3433,1.1518,2.2455,3.0535,4.4125,5.4204,6.5275,7.8422,8.9367,9.9591,10.8007,11.5266,11.4283,11.6636,11.8951,11.7497,11.8610,11.7224,11.7229,11.4226,11.2562,11.4001,11.2992,10.9247,10.8309,11.0407,10.8060,10.7398"
EP00144,C3_both,17,GEOMETRY_ROTATION,"0.6707,0.4066,0.2986,0.2637,0.3647,0.0548,0.3348,0.1851,0.1860,0.1681,0.2252,0.3317,0.9678,1.6454,2.9480,3.5692,4.7320,5.2323,6.3954,6.8105,6.9389,7.8422,8.9367,9.9591,10.8007,11.5266,11.4283,11.6636,11.8951,11.7497,11.8610,11.7224,11.7229,11.4226,11.2562,11.4001,11.2992,10.9247,10.8309,11.0407,10.8060,10.7398"
EP00145,C1_variability,26,GEOMETRY_ROTATION,"0.4692,0.4353,0.0772,0.1550,0.1353,0.2123,0.0511,0.0427,0.1085,0.0907,0.1477,0.2598,0.1414,0.2209,0.2945,0.3203,0.1100,0.1549,0.0951,0.0086,1.1902,2.6647,3.9350,5.0461,6.4062,8.0503,10.0852,11.8242,14.0176,16.4821,19.0658,22.6012,22.4990,23.0529,23.0067,23.1566,23.3242,23.3299,23.2955,23.3497,23.3741,23.2341"
EP00145,C2_covariance,26,GEOMETRY_ROTATION,"0.5016,0.3854,0.2689,0.2376,0.3386,0.0394,0.3730,0.1589,0.1055,0.0263,0.2410,0.2637,0.2977,0.3264,0.0130,0.0329,0.2295,0.4703,0.4655,0.5980,0.2728,1.1651,3.3522,5.3926,7.4556,10.1346,11.8623,14.0835,16.1874,18.0574,19.0861,19.7680,20.6533,20.5055,20.4491,20.6186,20.7297,20.8093,20.7417,20.5332,20.2866,20.1909"
EP00145,C3_both,26,GEOMETRY_ROTATION,"0.5016,0.4353,0.2689,0.2376,0.3386,0.2123,0.3730,0.1589,0.1085,0.0907,0.2410,0.2637,0.2977,0.3264,0.2945,0.3203,0.2295,0.4703,0.4655,0.5980,1.1902,2.6647,3.9350,5.3926,7.4556,10.1346,11.8623,14.0835,16.1874,18.0574,19.0861,22.6012,22.4990,23.0529,23.0067,23.1566,23.3242,23.3299,23.2955,23.3497,23.3741,23.2341"
EP00146,C1_variability,16,GEOMETRY_ROTATION,"0.5264,0.1113,0.0655,0.0527,0.0329,0.1029,0.1538,0.1454,0.2114,0.1935,0.2561,0.7263,1.0195,1.4344,2.2718,2.9299,2.6520,3.1329,3.4008,3.5864,3.7645,3.9253,4.3754,5.3969,5.1603,6.2006,5.8690,6.2813,5.9672,6.9749,6.8083,7.1083,6.7954,7.6861,6.9210,7.6926,6.5578,6.9528,7.3934,7.4847,6.9613,6.9446"
EP00146,C2_covariance,16,GEOMETRY_ROTATION,"0.4958,0.3501,0.2346,0.2635,0.3645,0.0390,0.3693,0.1848,0.0794,0.0009,0.2122,0.2883,0.3408,0.3574,0.1030,0.2021,0.2698,0.2014,0.4726,0.5429,0.9159,1.2573,1.4563,1.8025,2.0621,2.7814,2.5073,3.0218,3.5101,3.7416,3.9883,4.0556,4.7006,4.7899,4.9511,5.3360,5.6307,5.6228,5.6520,5.6554,5.4810,5.3190"
EP00146,C3_both,16,GEOMETRY_ROTATION,"0.5264,0.3501,0.2346,0.2635,0.3645,0.1029,0.3693,0.1848,0.2114,0.1935,0.2561,0.7263,1.0195,1.4344,2.2718,2.9299,2.6520,3.1329,3.4008,3.5864,3.7645,3.9253,4.3754,5.3969,5.1603,6.2006,5.8690,6.2813,5.9672,6.9749,6.8083,7.1083,6.7954,7.6861,6.9210,7.6926,6.5578,6.9528,7.3934,7.4847,6.9613,6.9446"
EP00147,C1_variability,17,GEOMETRY_ROTATION,"0.5529,0.1003,0.1179,0.0779,0.0582,0.4210,0.1285,0.1200,0.1860,0.1681,0.2252,0.2988,1.3836,1.9087,2.8187,3.7189,4.9112,5.5085,6.5122,6.6629,6.8959,7.4479,7.9727,8.5529,8.5782,9.6628,9.2123,9.0259,8.6324,9.1706,10.9229,9.8408,9.9958,9.8225,10.2669,9.9148,9.6631,9.9345,9.9171,10.1141,12.2019,13.4384"
EP00147,C2_covariance,17,GEOMETRY_ROTATION,"0.4946,0.3789,0.2713,0.2637,0.3647,0.0392,0.3726,0.1851,0.0792,0.0007,0.2146,0.2500,0.3108,0.3317,0.3648,0.8726,1.3432,2.0248,2.9274,3.5986,4.5236,5.4878,6.2617,6.8418,7.6556,8.8067,8.8317,9.6588,10.2308,10.4293,11.1362,11.2688,11.9522,12.0883,12.4987,13.0070,13.0657,13.1313,13.2691,13.2808,13.2770,13.2818"
EP00147,C3_both,17,GEOMETRY_ROTATION,"0.5529,0.3789,0.2713,0.2637,0.3647,0.4210,0.3726,0.1851,0.1860,0.1681,0.2252,0.2988,1.3836,1.9087,2.8187,3.7189,4.9112,5.5085,6.5122,6.6629,6.8959,7.4479,7.9727,8.5529,8.5782,9.6628,9.2123,9.6588,10.2308,10.4293,11.1362,11.2688,11.9522,12.0883,12.4987,13.0070,13.0657,13.1313,13.2691,13.2808,13.2770,13.4384"
EP00148,C1_variability,17,GEOMETRY_ROTATION,"0.5889,0.1433,0.1599,0.0275,0.0077,0.0552,0.1791,0.1707,0.2367,0.2188,0.2759,1.4531,1.9008,3.3234,4.6375,5.8702,7.1812,7.9517,8.8784,9.4856,9.8950,9.4788,10.8289,10.5342,10.2436,10.7390,11.4221,11.9820,12.5750,13.2511,14.0506,14.8773,15.6533,16.5840,17.4830,18.5007,19.3869,20.3681,23.1419,23.2190,24.2622,24.8793"
EP00148,C2_covariance,17,GEOMETRY_ROTATION,"0.4620,0.0000,0.0133,0.2765,0.3775,0.0521,0.1468,0.1979,0.0663,0.0129,0.2017,0.7360,0.6678,0.9500,2.2142,4.0142,6.0189,7.4550,8.9593,10.0988,11.4907,12.4920,13.2702,13.9258,14.5857,15.5120,15.7591,16.2673,16.8471,17.3269,17.9367,18.0580,18.8049,18.7269,18.7276,19.6230,20.0326,20.3375,20.7254,20.6893,20.3825,20.1823"
EP00148,C3_both,17,GEOMETRY_ROTATION,"0.5889,0.1433,0.1599,0.2765,0.3775,0.0552,0.1791,0.1979,0.2367,0.2188,0.2759,1.4531,1.9008,3.3234,4.6375,5.8702,7.1812,7.9517,8.9593,10.0988,11.4907,12.4920,13.2702,13.9258,14.5857,15.5120,15.7591,16.2673,16.8471,17.3269,17.9367,18.0580,18.8049,18.7269,18.7276,19.6230,20.0326,20.3681,23.1419,23.2190,24.2622,24.8793"
EP00149,C1_variability,21,NONE,"0.3971,0.4047,0.8811,1.0570,0.4484,0.2590,0.0844,0.0835,0.0183,0.0069,0.2439,0.2639,0.5060,0.4233,0.4240,0.4287,0.2274,0.0976,0.0241,0.1665,0.3812,0.8265,0.4479,1.0431,1.1337,1.2489,1.7119,2.3422,2.3093,2.6413,2.8476,2.6652,2.7737,3.1223,2.4032,2.3015,1.8579,1.7505,1.6594,1.5036,1.3730,0.1376,0.7621"
EP00149,C2_covariance,21,NONE,"0.2181,0.2888,0.3317,0.6412,0.6233,0.5072,0.2420,0.2464,0.3270,0.3581,0.3254,0.0183,0.3430,0.5684,0.2168,0.0525,0.1953,0.0032,0.6720,0.4049,0.4884,0.4978,0.5301,0.9204,0.9016,1.1584,1.4405,1.8697,1.4144,1.4554,1.6194,1.2200,0.6984,0.7841,0.9430,1.1313,1.0712,0.7918,0.6481,0.3944,0.8167,0.0817,0.1096"
EP00149,C3_both,21,NONE,"0.3971,0.4047,0.8811,1.0570,0.6233,0.5072,0.2420,0.2464,0.3270,0.3581,0.3254,0.2639,0.5060,0.5684,0.4240,0.4287,0.2274,0.0976,0.6720,0.4049,0.4884,0.8265,0.5301,1.0431,1.1337,1.2489,1.7119,2.3422,2.3093,2.6413,2.8476,2.6652,2.7737,3.1223,2.4032,2.3015,1.8579,1.7505,1.6594,1.5036,1.3730,0.1376,0.7621"
EP00150,C1_variability,18,RATE_LOSS,"0.3340,0.1078,0.4589,0.6211,0.1011,0.0202,0.0211,0.0202,0.0450,0.0564,0.1785,0.3276,0.4292,0.2722,0.7919,1.2944,2.1727,3.1139,4.0954,4.6247,4.7883,4.8998,4.9415,4.9082,4.7656,4.9244,5.1513,5.1514,4.9712,4.8509,4.9089,4.7461,4.6104,4.4640,4.5905,4.7619,4.8748,5.0215,5.0386,4.9558,4.9702,5.0158,4.9561"
EP00150,C2_covariance,18,RATE_LOSS,"0.2800,0.3506,0.3934,0.3487,0.3824,0.4444,0.1630,0.1714,0.3888,0.4198,0.3871,0.0439,0.2838,0.5267,0.2214,0.1582,0.2578,0.0439,0.9942,0.4615,0.5413,0.5593,0.5917,0.9814,0.9627,1.2191,1.5008,1.8840,1.4208,1.3911,1.5352,1.0761,0.7597,0.8453,1.0040,1.1921,1.1321,0.8530,0.7095,0.5083,1.0975,0.1438,0.1717"
EP00150,C3_both,18,RATE_LOSS,"0.3340,0.3506,0.4589,0.6211,0.3824,0.4444,0.1630,0.1714,0.3888,0.4198,0.3871,0.3276,0.4292,0.5267,0.7919,1.2944,2.1727,3.1139,4.0954,4.6247,4.7883,4.8998,4.9415,4.9082,4.7656,4.9244,5.1513,5.1514,4.9712,4.8509,4.9089,4.7461,4.6104,4.4640,4.5905,4.7619,4.8748,5.0215,5.0386,4.9558,4.9702,5.0158,4.9561"
EP00151,C1_variability,27,RATE_LOSS,"0.4982,0.5594,1.0349,1.2967,0.6344,0.5106,0.1396,0.0814,0.0000,0.0114,0.1333,0.2823,0.4272,0.4417,0.3607,0.2751,0.2458,0.1160,0.0058,0.0183,0.1526,0.2137,1.3143,2.9128,4.7161,6.9954,9.3395,11.6088,12.4235,12.4096,12.4579,12.3223,12.2093,12.0875,12.1928,12.3355,12.4295,12.5516,12.5659,12.4969,12.5089,12.5469,12.4972"
EP00151,C2_covariance,27,RATE_LOSS,"0.0087,0.0797,0.1227,0.6045,0.6574,0.7197,0.1089,0.2103,0.1181,0.1493,0.1164,0.2287,0.5547,0.7811,0.4280,0.2631,0.4065,0.2135,0.7513,0.2153,0.2802,0.3147,0.1972,0.1133,0.2262,0.4921,0.7034,1.6468,1.2543,1.3424,1.5686,1.1214,0.5307,0.5770,0.7366,0.9257,0.8654,0.5848,0.4405,0.2127,0.7961,0.1283,0.1002"
EP00151,C3_both,27,RATE_LOSS,"0.4982,0.5594,1.0349,1.2967,0.6574,0.7197,0.1396,0.2103,0.1181,0.1493,0.1333,0.2823,0.5547,0.7811,0.4280,0.2751,0.4065,0.2135,0.7513,0.2153,0.2802,0.3147,1.3143,2.9128,4.7161,6.9954,9.3395,11.6088,12.4235,12.4096,12.4579,12.3223,12.2093,12.0875,12.1928,12.3355,12.4295,12.5516,12.5659,12.4969,12.5089,12.5469,12.4972"
EP00152,C1_variability,22,RATE_LOSS,"0.4237,0.3880,0.8562,1.0421,0.4305,0.2211,0.0537,0.0528,0.0124,0.0238,0.3688,0.2948,0.4397,0.4542,0.3732,0.3690,0.0768,1.7544,3.7693,6.4650,9.9896,14.7699,21.5883,25.8240,27.3669,27.4769,27.5903,27.5903,27.5003,27.4402,27.4692,27.3878,27.3200,27.2468,27.3101,27.3957,27.4521,27.5254,27.5339,27.4926,27.4998,27.5226,27.4927"
EP00152,C2_covariance,22,RATE_LOSS,"0.4101,0.4805,0.5232,0.1318,0.2506,0.3125,0.2934,0.2843,0.5186,0.5496,0.5169,0.1746,0.1488,0.3734,0.0231,0.1405,0.0395,0.0318,1.1391,3.2740,5.3477,7.5147,3.3389,0.0334,1.0585,1.3467,1.6277,1.9669,1.5479,1.4474,1.4612,0.9859,0.8885,0.9739,1.1321,1.3198,1.2599,0.9816,0.8384,0.5857,1.1855,0.2742,0.3020"
EP00152,C3_both,22,RATE_LOSS,"0.4237,0.4805,0.8562,1.0421,0.4305,0.3125,0.2934,0.2843,0.5186,0.5496,0.5169,0.2948,0.4397,0.4542,0.3732,0.3690,0.0768,1.7544,3.7693,6.4650,9.9896,14.7699,21.5883,25.8240,27.3669,27.4769,27.5903,27.5903,27.5003,27.4402,27.4692,27.3878,27.3200,27.2468,27.3101,27.3957,27.4521,27.5254,27.5339,27.4926,27.4998,27.5226,27.4927"
EP00153,C1_variability,13,RATE_LOSS,"0.2095,0.0000,0.2957,0.3727,0.2093,0.1283,0.0868,0.0704,0.0566,0.3055,1.4139,1.5024,2.5144,2.6394,2.7954,2.8583,2.3007,2.8121,3.3454,3.7127,3.9407,4.2988,4.5770,4.6966,4.6456,4.8270,5.0544,5.0546,4.8739,4.7534,4.8115,4.6483,4.5123,4.3656,4.4924,4.6642,4.7773,4.9243,4.9415,4.8585,4.8730,4.9187,4.8588"
EP00153,C2_covariance,13,RATE_LOSS,"0.1174,0.1882,0.2312,0.6733,0.6928,0.6094,0.0071,0.1022,0.2217,0.2806,0.2757,0.0788,0.4218,0.6775,0.3440,0.2002,0.3769,0.4769,1.1623,0.6637,0.5160,0.4652,0.4253,0.8164,0.8001,1.0596,1.3422,1.5997,1.2620,1.2726,1.5193,1.1026,0.5987,0.6845,0.8437,1.0324,0.9722,0.6923,0.5482,0.6024,1.1376,0.1296,0.0087"
EP00153,C3_both,13,RATE_LOSS,"0.2095,0.1882,0.2957,0.6733,0.6928,0.6094,0.0868,0.1022,0.2217,0.3055,1.4139,1.5024,2.5144,2.6394,2.7954,2.8583,2.3007,2.8121,3.3454,3.7127,3.9407,4.2988,4.5770,4.6966,4.6456,4.8270,5.0544,5.0546,4.8739,4.7534,4.8115,4.6483,4.5123,4.3656,4.4924,4.6642,4.7773,4.9243,4.9415,4.8585,4.8730,4.9187,4.8588"
EP00154,C1_variability,16,RATE_LOSS,"0.2016,0.0871,0.4332,0.5775,0.1218,0.0409,0.0004,0.0004,0.0657,0.0771,0.1399,0.4413,0.9442,1.0536,1.7615,2.8046,3.9754,5.1386,6.3768,7.4095,8.3571,9.4670,10.4781,11.2012,11.6851,12.2117,12.5819,12.6107,12.4605,12.3602,12.4085,12.2728,12.1597,12.0376,12.1431,12.2860,12.3801,12.5024,12.5166,12.4476,12.4597,12.4977,12.4479"
EP00154,C2_covariance,16,RATE_LOSS,"0.2246,0.2953,0.3382,0.4183,0.4386,0.5006,0.1075,0.0808,0.3335,0.3646,0.3440,0.0065,0.3359,0.6072,0.3261,0.2236,0.2821,0.1227,1.0150,0.4473,0.2918,0.3008,0.4534,0.8555,0.8803,1.1766,1.4433,1.7629,1.3667,1.3052,1.4846,1.0314,0.7048,0.7905,0.9494,1.1377,1.0776,0.7983,0.6545,0.5261,1.1123,0.0926,0.1162"
EP00154,C3_both,16,RATE_LOSS,"0.2246,0.2953,0.4332,0.5775,0.4386,0.5006,0.1075,0.0808,0.3335,0.3646,0.3440,0.4413,0.9442,1.0536,1.7615,2.8046,3.9754,5.1386,6.3768,7.4095,8.3571,9.4670,10.4781,11.2012,11.6851,12.2117,12.5819,12.6107,12.4605,12.3602,12.4085,12.2728,12.1597,12.0376,12.1431,12.2860,12.3801,12.5024,12.5166,12.4476,12.4597,12.4977,12.4479"
EP00155,C1_variability,14,RATE_LOSS,"0.3330,0.0106,0.3616,0.4466,0.2200,0.1390,0.0975,0.0984,0.1613,0.3399,0.9661,1.3513,2.5209,4.1161,6.3086,8.5624,11.0537,13.3449,15.8136,18.0100,20.1613,22.2440,24.1917,25.6151,26.6219,27.2819,27.5224,27.5225,27.4322,27.3719,27.4009,27.3193,27.2513,27.1780,27.2414,27.3273,27.3838,27.4574,27.4659,27.4244,27.4317,27.4545,27.4246"
EP00155,C2_covariance,14,RATE_LOSS,"0.1641,0.2348,0.2778,0.5422,0.5513,0.5620,0.0468,0.0543,0.2726,0.3484,0.3752,0.0468,0.5008,0.9275,0.8252,0.8507,0.8317,0.6950,0.7434,0.5768,0.9493,0.9594,0.3825,0.3413,0.6447,1.1076,1.3878,1.6265,1.3076,1.2479,1.4705,1.0409,0.6449,0.7307,0.8897,1.0783,1.0181,0.7384,0.5945,0.5269,1.0814,0.0600,0.0555"
EP00155,C3_both,14,RATE_LOSS,"0.3330,0.2348,0.3616,0.5422,0.5513,0.5620,0.0975,0.0984,0.2726,0.3484,0.9661,1.3513,2.5209,4.1161,6.3086,8.5624,11.0537,13.3449,15.8136,18.0100,20.1613,22.2440,24.1917,25.6151,26.6219,27.2819,27.5224,27.5225,27.4322,27.3719,27.4009,27.3193,27.2513,27.1780,27.2414,27.3273,27.3838,27.4574,27.4659,27.4244,27.4317,27.4545,27.4246"
EP00156,C1_variability,20,RATE_LOSS,"0.4088,0.1898,0.6616,0.8326,0.2288,0.0304,0.0718,0.0709,0.0057,0.0057,0.2512,0.2766,0.5285,0.4360,0.3763,0.3858,0.1357,0.0972,0.3653,0.5153,0.5909,1.3893,1.1658,1.3487,1.4826,1.8176,2.2607,2.4914,2.5123,2.5976,2.8889,2.9491,3.0273,3.1086,3.4450,3.8378,4.1868,4.5518,4.7487,4.8020,4.9124,5.0257,4.9995"
EP00156,C2_covariance,20,RATE_LOSS,"0.2171,0.2877,0.3306,0.5926,0.5758,0.5083,0.1778,0.1738,0.3260,0.3571,0.3243,0.0194,0.3440,0.5694,0.2173,0.0581,0.1953,0.0010,0.7816,0.3944,0.4597,0.4811,0.5302,0.9130,0.8974,1.1626,1.4235,1.8633,1.4302,1.4520,1.6457,1.2573,0.6970,0.7824,0.9288,1.1221,1.0749,0.8096,0.6655,0.4001,0.9061,0.0779,0.1082"
EP00156,C3_both,20,RATE_LOSS,"0.4088,0.2877,0.6616,0.8326,0.5758,0.5083,0.1778,0.1738,0.3260,0.3571,0.3243,0.2766,0.5285,0.5694,0.3763,0.3858,0.1953,0.0972,0.7816,0.5153,0.5909,1.3893,1.1658,1.3487,1.4826,1.8176,2.2607,2.4914,2.5123,2.5976,2.8889,2.9491,3.0273,3.1086,3.4450,3.8378,4.1868,4.5518,4.7487,4.8020,4.9124,5.0257,4.9995"
EP00157,C1_variability,26,RATE_LOSS,"0.4818,0.5365,1.0175,1.2772,0.6123,0.4866,0.1098,0.1863,0.0057,0.0057,0.2222,0.2766,0.4215,0.4360,0.4351,0.3720,0.2401,0.1103,0.0115,0.1288,0.1045,0.1454,0.4638,0.8063,1.1602,1.9492,2.8105,3.5240,3.9934,4.5263,5.2969,5.8482,6.3931,6.9744,7.7318,8.5612,9.3871,10.2149,10.8959,11.3710,11.8025,12.1858,12.3773"
EP00157,C2_covariance,26,RATE_LOSS,"0.0044,0.0753,0.1880,0.7424,0.7424,0.7241,0.2623,0.2195,0.1137,0.1449,0.1120,0.2331,0.5591,0.7855,0.4324,0.2675,0.4109,0.2179,0.6752,0.1919,0.2662,0.2924,0.3248,0.6891,0.6680,0.9431,1.2538,1.7566,1.3801,1.4168,1.6478,1.3747,0.7032,0.5901,0.6580,0.8590,0.8427,0.6186,0.4754,0.1716,0.7922,0.1642,0.1120"
EP00157,C3_both,26,RATE_LOSS,"0.4818,0.5365,1.0175,1.2772,0.7424,0.7241,0.2623,0.2195,0.1137,0.1449,0.2222,0.2766,0.5591,0.7855,0.4351,0.3720,0.4109,0.2179,0.6752,0.1919,0.2662,0.2924,0.4638,0.8063,1.1602,1.9492,2.8105,3.5240,3.9934,4.5263,5.2969,5.8482,6.3931,6.9744,7.7318,8.5612,9.3871,10.2149,10.8959,11.3710,11.8025,12.1858,12.3773"
EP00158,C1_variability,23,RATE_LOSS,"0.5583,0.4488,0.9436,1.1717,0.5341,0.3758,0.0661,0.0652,0.0000,0.0114,0.1713,0.2823,0.4272,0.4417,0.5149,0.4849,0.2458,0.0947,0.2333,0.6127,1.0667,1.9892,3.1380,4.3998,5.6617,7.1858,8.6269,10.0389,11.1784,12.3709,13.8246,15.1033,16.3324,17.6573,19.0071,20.4380,21.9325,23.3918,24.6668,25.6501,26.4293,27.0521,27.3951"
EP00158,C2_covariance,23,RATE_LOSS,"0.1174,0.1882,0.2658,0.7242,0.7106,0.6094,0.3312,0.3183,0.2265,0.2577,0.2249,0.1195,0.4448,0.6707,0.3184,0.1538,0.2969,0.0971,0.6298,0.2475,0.2123,0.2484,0.3041,0.6471,0.6356,0.9568,1.2595,1.8242,1.4801,1.2690,1.7479,1.4463,0.8236,0.6687,0.6881,0.6005,0.8754,0.5083,0.4034,0.1149,0.9191,0.1314,0.0003"
EP00158,C3_both,23,RATE_LOSS,"0.5583,0.4488,0.9436,1.1717,0.7106,0.6094,0.3312,0.3183,0.2265,0.2577,0.2249,0.2823,0.4448,0.6707,0.5149,0.4849,0.2969,0.0971,0.6298,0.6127,1.0667,1.9892,3.1380,4.3998,5.6617,7.1858,8.6269,10.0389,11.1784,12.3709,13.8246,15.1033,16.3324,17.6573,19.0071,20.4380,21.9325,23.3918,24.6668,25.6501,26.4293,27.0521,27.3951"
EP00159,C1_variability,23,CHANNEL_DROPOUT,"0.4318,0.4681,0.9570,1.1842,0.5494,0.3862,0.1890,0.1882,0.1231,0.1118,0.4129,0.2617,0.3770,0.4322,0.5205,0.4921,0.1221,0.0000,0.0908,0.1542,0.2657,0.3850,0.3805,8.2013,8.6829,15.4543,15.5259,15.6475,15.3795,16.3763,16.9091,17.0759,17.3565,17.5678,17.7174,17.1482,17.0224,16.8720,16.7611,16.6826,16.4187,16.1520,16.0229"
EP00159,C2_covariance,23,CHANNEL_DROPOUT,"0.1174,0.1882,0.2608,0.7277,0.7169,0.6094,0.3314,0.3170,0.2265,0.2577,0.2249,0.1195,0.4448,0.6707,0.3184,0.1538,0.2969,0.0801,0.6280,0.3107,0.3058,0.2825,0.3860,0.3383,0.4431,0.9922,1.4435,1.8076,1.4157,1.4149,1.5605,1.1559,1.0677,1.0923,0.8562,0.6769,0.7085,0.9769,1.1408,1.3071,1.4611,1.7065,1.7418"
EP00159,C3_both,23,CHANNEL_DROPOUT,"0.4318,0.4681,0.9570,1.1842,0.7169,0.6094,0.3314,0.3170,0.2265,0.2577,0.4129,0.2617,0.4448,0.6707,0.5205,0.4921,0.2969,0.0801,0.6280,0.3107,0.3058,0.3850,0.3860,8.2013,8.6829,15.4543,15.5259,15.6475,15.3795,16.3763,16.9091,17.0759,17.3565,17.5678,17.7174,17.1482,17.0224,16.8720,16.7611,16.6826,16.4187,16.1520,16.0229"
EP00160,C1_variability,19,CHANNEL_DROPOUT,"0.4733,0.2084,0.4352,0.5951,0.0000,0.0807,0.1220,0.1211,0.0560,0.0446,0.0772,0.2260,0.3708,0.4200,0.6031,0.8247,1.1607,1.5430,1.8806,20.4771,23.1707,43.7959,48.4745,48.4312,48.4877,48.3383,48.1531,48.3839,48.4224,48.8219,49.0244,49.3694,49.6381,50.1335,50.1397,50.1855,49.6596,49.3412,49.4502,49.4212,49.1155,48.5725,48.4594"
EP00160,C2_covariance,19,CHANNEL_DROPOUT,"0.3872,0.4576,0.5003,0.2651,0.2739,0.3357,0.2704,0.1698,0.4957,0.5267,0.4940,0.1515,0.1720,0.3887,0.0551,0.4379,1.2340,1.8722,2.9919,3.3851,7.1588,9.9405,11.7087,11.0416,11.1553,10.7929,10.4943,10.4901,10.9491,11.0251,11.1576,11.4944,11.5367,11.5408,11.3462,11.1274,11.2301,11.2192,11.6564,11.7709,12.1829,12.2709,12.3195"
EP00160,C3_both,19,CHANNEL_DROPOUT,"0.4733,0.4576,0.5003,0.5951,0.2739,0.3357,0.2704,0.1698,0.4957,0.5267,0.4940,0.2260,0.3708,0.4200,0.6031,0.8247,1.2340,1.8722,2.9919,20.4771,23.1707,43.7959,48.4745,48.4312,48.4877,48.3383,48.1531,48.3839,48.4224,48.8219,49.0244,49.3694,49.6381,50.1335,50.1397,50.1855,49.6596,49.3412,49.4502,49.4212,49.1155,48.5725,48.4594"
EP00161,C1_variability,21,CHANNEL_DROPOUT,"0.3064,0.2852,0.5657,0.7358,0.1506,0.1577,0.1989,0.1980,0.1330,0.1216,0.3003,0.1486,0.5114,0.3076,0.2267,0.2109,0.6757,1.4094,2.1934,3.1937,3.7312,43.2268,43.7500,59.8958,59.8958,59.8958,59.8958,59.8958,59.8958,59.8958,59.8958,59.8958,59.8958,59.8958,59.8958,59.8958,59.8958,59.8958,59.8958,59.8958,59.8958,59.8958,59.8958"
EP00161,C2_covariance,21,CHANNEL_DROPOUT,"0.3872,0.4576,0.5003,0.3018,0.2801,0.3357,0.2704,0.1698,0.4957,0.5267,0.4940,0.1515,0.1720,0.3967,0.0463,0.1024,0.7730,2.4090,6.5901,10.8105,10.7041,18.5294,26.9883,41.2683,41.7230,41.1550,40.9557,40.9216,41.1153,40.5628,40.5441,41.2048,41.1190,41.2988,41.1360,41.1697,41.2260,41.1068,40.9429,41.0721,41.6259,42.0021,42.3859"
EP00161,C3_both,21,CHANNEL_DROPOUT,"0.3872,0.4576,0.5657,0.7358,0.2801,0.3357,0.2704,0.1980,0.4957,0.5267,0.4940,0.1515,0.5114,0.3967,0.2267,0.2109,0.7730,2.4090,6.5901,10.8105,10.7041,43.2268,43.7500,59.8958,59.8958,59.8958,59.8958,59.8958,59.8958,59.8958,59.8958,59.8958,59.8958,59.8958,59.8958,59.8958,59.8958,59.8958,59.8958,59.8958,59.8958,59.8958,59.8958"
EP00162,C1_variability,23,CHANNEL_DROPOUT,"0.4154,0.4506,0.9396,1.1659,0.5323,0.3717,0.1220,0.1211,0.0560,0.0446,0.3497,0.2708,0.3708,0.4373,0.5254,0.4969,0.1896,0.0599,0.0617,0.1064,0.2628,0.2786,0.1657,1.0297,4.5871,10.9386,11.5582,11.5792,8.5702,10.3327,10.0838,9.5166,9.3153,8.4949,7.8607,7.7262,8.0680,8.0577,7.6711,7.4547,7.7434,7.6946,7.6584"
EP00162,C2_covariance,23,CHANNEL_DROPOUT,"0.1174,0.1882,0.2513,0.7191,0.7055,0.6094,0.3245,0.3314,0.2265,0.2577,0.2249,0.1195,0.4448,0.6707,0.3184,0.1538,0.2969,0.1043,0.6993,0.3595,0.4799,0.4821,0.6154,1.0506,0.9191,1.3592,1.7442,2.0458,1.6678,1.6322,1.7698,1.1771,0.9507,1.2172,1.1939,0.9487,1.0837,0.6131,0.6538,0.8959,1.0244,1.1606,1.0463"
EP00162,C3_both,23,CHANNEL_DROPOUT,"0.4154,0.4506,0.9396,1.1659,0.7055,0.6094,0.3245,0.3314,0.2265,0.2577,0.3497,0.2708,0.4448,0.6707,0.5254,0.4969,0.2969,0.1043,0.6993,0.3595,0.4799,0.4821,0.6154,1.0506,4.5871,10.9386,11.5582,11.5792,8.5702,10.3327,10.0838,9.5166,9.3153,8.4949,7.8607,7.7262,8.0680,8.0577,7.6711,7.4547,7.7434,7.6946,7.6584"
EP00163,C1_variability,26,CHANNEL_DROPOUT,"0.2978,0.3454,0.8316,1.0787,0.4237,0.2937,0.1903,0.1894,0.1244,0.1130,0.2369,0.1573,0.3018,0.3163,0.3817,0.3305,0.1208,0.0087,0.1301,0.1061,0.1171,0.1918,0.3939,0.7866,1.3112,1.6918,12.3084,13.8996,20.4525,33.9507,38.4324,35.8702,29.7773,38.5381,37.6720,36.3687,35.6827,35.1334,35.1974,35.0006,34.5811,34.6503,34.5141"
EP00163,C2_covariance,26,CHANNEL_DROPOUT,"0.0044,0.0753,0.1222,0.5976,0.6618,0.7241,0.1356,0.2147,0.1137,0.1449,0.1120,0.2331,0.5591,0.7855,0.4324,0.2675,0.4109,0.2179,0.6129,0.1919,0.3451,0.5131,0.5443,0.6330,0.9728,0.6532,0.7450,2.1149,3.3617,4.8046,7.0280,9.0200,10.8113,12.0257,12.0309,11.7556,11.4874,11.7743,11.8988,12.2906,12.3451,12.7559,12.5100"
EP00163,C3_both,26,CHANNEL_DROPOUT,"0.2978,0.3454,0.8316,1.0787,0.6618,0.7241,0.1903,0.2147,0.1244,0.1449,0.2369,0.2331,0.5591,0.7855,0.4324,0.3305,0.4109,0.2179,0.6129,0.1919,0.3451,0.5131,0.5443,0.7866,1.3112,1.6918,12.3084,13.8996,20.4525,33.9507,38.4324,35.8702,29.7773,38.5381,37.6720,36.3687,35.6827,35.1334,35.1974,35.0006,34.5811,34.6503,34.5141"
EP00164,C1_variability,17,CHANNEL_DROPOUT,"0.2149,0.1666,0.4684,0.6058,0.0420,0.0387,0.0801,0.0792,0.0140,0.0026,0.2287,0.3035,0.8153,1.1545,1.6628,2.1951,2.4697,25.2185,36.9554,42.1579,43.9369,56.5653,35.0132,39.5833,42.7083,45.8333,52.6042,59.3750,59.8958,59.8958,59.8958,59.8958,59.8958,59.8958,59.8958,59.8958,59.8958,59.8958,59.8958,59.8958,59.8958,59.8958,59.8958"
EP00164,C2_covariance,17,CHANNEL_DROPOUT,"0.2250,0.2956,0.3385,0.5015,0.5260,0.5003,0.1078,0.0069,0.3339,0.3649,0.3322,0.0000,0.3381,0.5759,0.6222,0.7393,1.5465,4.0876,6.4887,9.6798,12.2521,15.4298,17.0820,20.4827,22.1638,25.5691,31.8717,38.0202,39.1340,39.3046,39.2164,39.8363,39.6533,39.0842,38.8916,38.6980,38.8753,39.1419,38.9064,39.4391,39.1072,39.4213,39.5155"
EP00164,C3_both,17,CHANNEL_DROPOUT,"0.2250,0.2956,0.4684,0.6058,0.5260,0.5003,0.1078,0.0792,0.3339,0.3649,0.3322,0.3035,0.8153,1.1545,1.6628,2.1951,2.4697,25.2185,36.9554,42.1579,43.9369,56.5653,35.0132,39.5833,42.7083,45.8333,52.6042,59.3750,59.8958,59.8958,59.8958,59.8958,59.8958,59.8958,59.8958,59.8958,59.8958,59.8958,59.8958,59.8958,59.8958,59.8958,59.8958"
EP00165,C1_variability,13,CHANNEL_DROPOUT,"0.2152,0.1645,0.2975,0.3750,0.0442,0.0366,0.0779,0.0716,0.0000,0.3103,1.4521,1.5010,2.5489,4.6285,4.7109,4.6225,4.1210,4.1231,3.7711,3.5322,3.1140,13.5761,13.4614,12.4509,11.8265,11.0682,10.7758,9.8518,10.1484,10.6765,10.6253,11.0554,11.6726,11.6971,15.1416,15.1915,15.8421,15.8398,15.6742,15.9385,16.4589,18.8919,19.0975"
EP00165,C2_covariance,13,CHANNEL_DROPOUT,"0.1174,0.1882,0.2312,0.6334,0.6517,0.6094,0.0062,0.0961,0.2327,0.2832,0.2346,0.1054,0.4312,0.8553,0.5018,0.3236,0.4971,0.5039,1.1802,0.6818,0.4401,0.5590,0.4420,0.4938,0.5686,1.0645,1.3877,1.6989,1.4026,1.4658,1.6397,1.1172,0.8390,1.2021,1.2164,1.2065,1.4265,0.9057,0.9469,1.0231,1.3311,0.9521,0.9515"
EP00165,C3_both,13,CHANNEL_DROPOUT,"0.2152,0.1882,0.2975,0.6334,0.6517,0.6094,0.0779,0.0961,0.2327,0.3103,1.4521,1.5010,2.5489,4.6285,4.7109,4.6225,4.1210,4.1231,3.7711,3.5322,3.1140,13.5761,13.4614,12.4509,11.8265,11.0682,10.7758,9.8518,10.1484,10.6765,10.6253,11.0554,11.6726,11.6971,15.1416,15.1915,15.8421,15.8398,15.6742,15.9385,16.4589,18.8919,19.0975"
EP00166,C1_variability,19,CHANNEL_DROPOUT,"0.3395,0.2084,0.4690,0.6383,0.0359,0.0807,0.1220,0.1211,0.0560,0.0446,0.2032,0.2263,0.3767,0.3853,0.3346,0.3557,0.2294,0.1499,0.2193,0.7533,1.0054,11.6331,19.8551,23.3556,23.7815,26.3975,22.8526,24.3065,23.5022,27.5014,20.3363,20.0127,17.3654,17.7083,22.6575,22.3266,26.6497,27.3998,25.5208,26.5625,27.0833,29.1667,30.2083"
EP00166,C2_covariance,19,CHANNEL_DROPOUT,"0.2181,0.2888,0.3317,0.4594,0.4452,0.5072,0.1010,0.1202,0.3270,0.3581,0.3254,0.0183,0.3430,0.5684,0.2168,0.0505,0.1298,0.1199,0.7084,0.4666,0.6363,0.1054,0.9052,1.3269,1.3292,1.1462,1.9400,2.1468,2.3426,3.4719,4.2669,5.0462,5.6146,6.5575,6.8050,6.6370,8.8404,9.5182,10.0292,10.0278,10.5443,11.8499,12.4540"
EP00166,C3_both,19,CHANNEL_DROPOUT,"0.3395,0.2888,0.4690,0.6383,0.4452,0.5072,0.1220,0.1211,0.3270,0.3581,0.3254,0.2263,0.3767,0.5684,0.3346,0.3557,0.2294,0.1499,0.7084,0.7533,1.0054,11.6331,19.8551,23.3556,23.7815,26.3975,22.8526,24.3065,23.5022,27.5014,20.3363,20.0127,17.3654,17.7083,22.6575,22.3266,26.6497,27.3998,25.5208,26.5625,27.0833,29.1667,30.2083"
EP00167,C1_variability,21,CHANNEL_DROPOUT,"0.4570,0.2852,0.6127,0.7884,0.1845,0.1577,0.1989,0.1980,0.1330,0.1216,0.3750,0.1486,0.6265,0.3076,0.2267,0.1737,0.1744,0.2053,0.1918,0.4201,0.6453,4.3878,23.9047,28.4445,27.2947,28.4214,26.7096,28.1596,28.1273,23.4375,25.5208,27.6042,28.6458,30.7292,37.5000,39.5833,50.3833,46.3542,288.9837,53.4418,55.2083,58.3333,58.8542"
EP00167,C2_covariance,21,CHANNEL_DROPOUT,"0.2181,0.2888,0.3317,0.7333,0.7304,0.5072,0.2173,0.1191,0.3270,0.3581,0.3254,0.0183,0.3430,0.5684,0.2168,0.0545,0.1136,0.0925,0.7851,0.0976,0.1078,0.3290,1.0788,1.3933,2.2618,2.3379,3.3719,5.0595,6.6654,8.7471,10.0056,11.9628,13.5212,14.6688,18.3977,20.0864,21.8525,24.1964,27.9592,31.8962,34.4152,39.2592,40.3355"
EP00167,C3_both,21,CHANNEL_DROPOUT,"0.4570,0.2888,0.6127,0.7884,0.7304,0.5072,0.2173,0.1980,0.3270,0.3581,0.3750,0.1486,0.6265,0.5684,0.2267,0.1737,0.1744,0.2053,0.7851,0.4201,0.6453,4.3878,23.9047,28.4445,27.2947,28.4214,26.7096,28.1596,28.1273,23.4375,25.5208,27.6042,28.6458,30.7292,37.5000,39.5833,50.3833,46.3542,288.9837,53.4418,55.2083,58.3333,58.8542"
EP00168,C1_variability,14,GAIN_DRIFT,"0.3218,0.1642,0.2409,0.2981,0.1333,0.0363,0.0776,0.0767,0.0024,0.9503,3.0423,4.6230,7.2374,9.8055,13.4842,16.7095,16.2473,17.1249,16.8755,16.8814,17.2774,16.8072,16.5392,16.6127,18.3215,19.1142,18.8031,19.2294,18.8478,17.1140,17.3957,17.9266,17.4129,16.5196,16.6373,17.6790,16.6376,16.9909,17.4288,19.6387,17.7280,17.9869,18.5559"
EP00168,C2_covariance,14,GAIN_DRIFT,"0.1661,0.2368,0.2797,0.5295,0.5387,0.5601,0.0488,0.0523,0.2715,0.3030,0.3172,0.0488,0.3490,0.5925,0.2861,0.1795,0.3712,0.3174,0.9814,0.4517,0.3071,0.3164,0.3563,0.7619,0.7975,1.0178,1.3452,1.6566,1.2974,1.2960,1.5553,1.1721,0.6648,0.6987,0.8543,1.0377,0.9655,0.6585,0.5147,0.2674,0.8022,0.0396,0.0261"
EP00168,C3_both,14,GAIN_DRIFT,"0.3218,0.2368,0.2797,0.5295,0.5387,0.5601,0.0776,0.0767,0.2715,0.9503,3.0423,4.6230,7.2374,9.8055,13.4842,16.7095,16.2473,17.1249,16.8755,16.8814,17.2774,16.8072,16.5392,16.6127,18.3215,19.1142,18.8031,19.2294,18.8478,17.1140,17.3957,17.9266,17.4129,16.5196,16.6373,17.6790,16.6376,16.9909,17.4288,19.6387,17.7280,17.9869,18.5559"
EP00169,C1_variability,21,GAIN_DRIFT,"0.2297,0.2084,0.2463,0.1708,0.0000,0.0807,0.1220,0.1211,0.0560,0.0446,0.0772,0.2260,0.5150,0.5951,0.7591,0.7284,1.9717,6.5737,11.0967,16.6942,22.2766,34.5120,40.2547,43.0305,45.9541,45.8367,44.9599,45.2037,46.6330,45.6522,44.1427,43.9998,44.6686,43.0009,43.3024,44.8465,44.5268,45.1640,45.3331,47.2209,45.8149,45.6221,44.9067"
EP00169,C2_covariance,21,GAIN_DRIFT,"0.2712,0.3418,0.3846,0.4653,0.4487,0.4534,0.1542,0.1108,0.3800,0.4110,0.3783,0.0350,0.2893,0.5145,0.1632,0.0128,0.0601,0.2207,0.4457,0.1607,0.3057,0.3135,0.0889,0.3635,0.5112,0.8527,1.2628,1.5930,1.1752,1.1266,1.3389,1.0056,0.7656,0.5470,0.7449,0.5942,0.6295,0.2672,0.0017,0.1930,0.3116,0.4474,0.4209"
EP00169,C3_both,21,GAIN_DRIFT,"0.2712,0.3418,0.3846,0.4653,0.4487,0.4534,0.1542,0.1211,0.3800,0.4110,0.3783,0.2260,0.5150,0.5951,0.7591,0.7284,1.9717,6.5737,11.0967,16.6942,22.2766,34.5120,40.2547,43.0305,45.9541,45.8367,44.9599,45.2037,46.6330,45.6522,44.1427,43.9998,44.6686,43.0009,43.3024,44.8465,44.5268,45.1640,45.3331,47.2209,45.8149,45.6221,44.9067"
EP00170,C1_variability,26,GAIN_DRIFT,"0.2978,0.2766,0.5094,0.7604,0.1075,0.1491,0.1903,0.1894,0.1244,0.1130,0.0655,0.8070,0.3018,0.3163,0.2354,0.1872,0.1208,0.0087,0.1301,0.1061,2.5184,7.7060,11.8447,16.8565,24.8726,45.7005,80.0813,108.3404,109.0902,111.0747,108.0966,111.0877,107.9022,107.4204,106.4462,106.1196,101.2798,106.5179,107.4599,107.9787,106.6019,107.1730,106.9363"
EP00170,C2_covariance,26,GAIN_DRIFT,"0.2534,0.3240,0.3668,0.2766,0.4094,0.4715,0.1363,0.0691,0.3622,0.3933,0.3605,0.0171,0.3073,0.5326,0.1812,0.0171,0.1598,0.0322,0.7079,0.4400,0.5260,0.6978,3.4854,6.6145,8.4016,7.8834,5.4061,2.3028,2.3861,2.4103,2.2990,3.0981,2.9604,3.2694,2.8100,2.7110,2.6042,3.0788,3.4280,3.3572,3.6575,3.6743,3.6340"
EP00170,C3_both,26,GAIN_DRIFT,"0.2978,0.3240,0.5094,0.7604,0.4094,0.4715,0.1903,0.1894,0.3622,0.3933,0.3605,0.8070,0.3073,0.5326,0.2354,0.1872,0.1598,0.0322,0.7079,0.4400,2.5184,7.7060,11.8447,16.8565,24.8726,45.7005,80.0813,108.3404,109.0902,111.0747,108.0966,111.0877,107.9022,107.4204,106.4462,106.1196,101.2798,106.5179,107.4599,107.9787,106.6019,107.1730,106.9363"
EP00171,C1_variability,14,GAIN_DRIFT,"0.5799,0.1525,0.3286,0.4323,0.0562,0.0246,0.0659,0.0651,0.0041,0.5270,1.2079,2.0173,2.2280,3.1230,4.6458,5.8691,7.6291,9.5160,10.9005,12.9087,14.1805,15.5779,15.9073,17.5640,17.8691,18.2340,17.7035,18.3429,17.0467,18.8455,17.2824,18.0407,17.5283,17.4937,17.1340,17.9937,17.7465,18.0029,18.2684,18.4910,18.4367,19.2624,17.7553"
EP00171,C2_covariance,14,GAIN_DRIFT,"0.1678,0.2385,0.2815,0.5180,0.5263,0.5583,0.0505,0.0505,0.2754,0.3170,0.2927,0.0594,0.3834,0.5977,0.2478,0.0997,0.2356,0.3058,1.0109,0.4420,0.4177,0.3823,0.4337,0.7912,0.7743,1.0294,1.3008,1.6395,1.1995,1.2524,1.4851,1.1027,0.5520,0.6608,0.8452,1.0706,1.0187,0.7198,0.5639,0.3384,0.8306,0.0168,0.0288"
EP00171,C3_both,14,GAIN_DRIFT,"0.5799,0.2385,0.3286,0.5180,0.5263,0.5583,0.0659,0.0651,0.2754,0.5270,1.2079,2.0173,2.2280,3.1230,4.6458,5.8691,7.6291,9.5160,10.9005,12.9087,14.1805,15.5779,15.9073,17.5640,17.8691,18.2340,17.7035,18.3429,17.0467,18.8455,17.2824,18.0407,17.5283,17.4937,17.1340,17.9937,17.7465,18.0029,18.2684,18.4910,18.4367,19.2624,17.7553"
EP00172,C1_variability,22,GAIN_DRIFT,"0.3244,0.3032,0.4779,0.6457,0.0952,0.1757,0.2169,0.2160,0.1510,0.1397,0.1519,0.1304,0.5498,0.6429,0.7785,0.7833,0.2307,0.4092,2.2795,3.9058,6.3398,9.9092,15.5241,19.9037,24.2698,29.7769,34.0123,36.7053,40.8589,42.4295,45.7149,45.8042,47.3802,48.6453,47.3442,48.2493,47.1629,48.0281,46.3587,47.4724,46.2911,47.2362,46.8380"
EP00172,C2_covariance,22,GAIN_DRIFT,"0.1615,0.2322,0.2752,0.7558,0.7433,0.5647,0.3134,0.2876,0.2705,0.3017,0.2689,0.0752,0.4002,0.6259,0.2739,0.1095,0.2512,0.0442,0.7248,0.4352,0.5580,0.5766,0.4991,0.8906,0.7378,1.0721,1.5265,1.8268,1.3957,1.3126,1.4177,0.9350,0.5185,0.7671,1.0270,1.0600,1.1612,0.6556,0.6013,0.5303,1.1880,0.2184,0.2134"
EP00172,C3_both,22,GAIN_DRIFT,"0.3244,0.3032,0.4779,0.7558,0.7433,0.5647,0.3134,0.2876,0.2705,0.3017,0.2689,0.1304,0.5498,0.6429,0.7785,0.7833,0.2512,0.4092,2.2795,3.9058,6.3398,9.9092,15.5241,19.9037,24.2698,29.7769,34.0123,36.7053,40.8589,42.4295,45.7149,45.8042,47.3802,48.6453,47.3442,48.2493,47.1629,48.0281,46.3587,47.4724,46.2911,47.2362,46.8380"
EP00173,C1_variability,27,GAIN_DRIFT,"0.5030,0.5206,0.9778,1.1619,0.5685,0.3628,0.1989,0.1980,0.1330,0.1216,0.2687,0.3555,0.5024,0.3076,0.2315,0.2318,0.1122,0.0173,0.1387,0.1147,0.1706,1.0839,3.2244,9.1961,16.5844,26.1772,36.6324,51.4526,58.7417,72.7624,85.6141,96.7912,104.5652,108.4376,109.7024,112.3360,110.7417,109.9077,107.4462,109.1381,108.7600,108.2183,107.9976"
EP00173,C2_covariance,27,GAIN_DRIFT,"0.0014,0.0709,0.1432,0.6495,0.6662,0.7286,0.1459,0.2191,0.1094,0.1406,0.1077,0.2375,0.5636,0.7900,0.4368,0.2719,0.4153,0.2223,0.7025,0.1876,0.2715,0.2627,0.2541,0.6422,0.4221,0.2480,0.0237,1.0816,2.6330,3.7392,3.2467,1.7678,2.4072,2.1726,1.6804,1.3328,1.3450,1.4780,1.3691,1.6510,1.8919,1.9504,1.9696"
EP00173,C3_both,27,GAIN_DRIFT,"0.5030,0.5206,0.9778,1.1619,0.6662,0.7286,0.1989,0.2191,0.1330,0.1406,0.2687,0.3555,0.5636,0.7900,0.4368,0.2719,0.4153,0.2223,0.7025,0.1876,0.2715,1.0839,3.2244,9.1961,16.5844,26.1772,36.6324,51.4526,58.7417,72.7624,85.6141,96.7912,104.5652,108.4376,109.7024,112.3360,110.7417,109.9077,107.4462,109.1381,108.7600,108.2183,107.9976"
EP00174,C1_variability,15,GAIN_DRIFT,"0.1860,0.1647,0.3093,0.4082,0.0439,0.0369,0.0782,0.0773,0.0121,0.1886,0.7186,0.7472,1.6561,1.7506,2.0326,2.7866,4.1483,4.3915,4.8859,5.0055,5.8277,6.1595,6.6743,7.2513,8.5434,9.6066,9.9046,11.3541,12.6469,12.3664,12.0206,12.9202,12.0898,12.8205,13.6934,15.6908,16.3178,16.3436,17.2308,17.3012,16.8112,15.8020,16.5920"
EP00174,C2_covariance,15,GAIN_DRIFT,"0.2181,0.2888,0.3317,0.4712,0.4687,0.5072,0.1010,0.0045,0.3270,0.3591,0.3253,0.0209,0.3427,0.5642,0.2057,0.0253,0.1668,0.2357,1.0117,0.4504,0.5314,0.5258,0.5432,0.9162,0.8927,1.1472,1.4240,1.7769,1.3604,1.2698,1.4932,1.0739,0.6556,0.7626,0.9400,1.1551,1.0785,0.7985,0.6730,0.4465,0.6807,0.0901,0.1464"
EP00174,C3_both,15,GAIN_DRIFT,"0.2181,0.2888,0.3317,0.4712,0.4687,0.5072,0.1010,0.0773,0.3270,0.3591,0.7186,0.7472,1.6561,1.7506,2.0326,2.7866,4.1483,4.3915,4.8859,5.0055,5.8277,6.1595,6.6743,7.2513,8.5434,9.6066,9.9046,11.3541,12.6469,12.3664,12.0206,12.9202,12.0898,12.8205,13.6934,15.6908,16.3178,16.3436,17.2308,17.3012,16.8112,15.8020,16.5920"
EP00175,C1_variability,16,GAIN_DRIFT,"0.1865,0.1653,0.3406,0.4735,0.0433,0.0374,0.0787,0.0779,0.0127,0.0013,0.2587,0.5914,1.1686,1.3934,2.7226,3.8854,5.4841,6.4917,8.5092,10.1018,11.4691,13.4765,15.5931,17.0389,19.6966,21.7031,23.5767,25.1828,28.3159,28.7325,30.9547,33.0054,34.2692,35.9054,37.6564,40.2561,42.5843,44.7289,47.0030,47.2456,46.0954,45.0097,47.2536"
EP00175,C2_covariance,16,GAIN_DRIFT,"0.2246,0.2952,0.3381,0.4790,0.4697,0.5007,0.1074,0.0786,0.3334,0.3645,0.3314,0.0064,0.3311,0.5464,0.2175,0.0627,0.1656,0.2636,1.1457,0.6501,0.5523,0.5574,0.5724,0.9969,0.8978,1.1397,1.3996,1.7119,1.1958,1.0478,1.1541,0.6696,0.5434,0.5768,0.7863,0.9503,1.2679,0.8439,0.8954,1.2152,1.5263,0.8351,0.3324"
EP00175,C3_both,16,GAIN_DRIFT,"0.2246,0.2952,0.3406,0.4790,0.4697,0.5007,0.1074,0.0786,0.3334,0.3645,0.3314,0.5914,1.1686,1.3934,2.7226,3.8854,5.4841,6.4917,8.5092,10.1018,11.4691,13.4765,15.5931,17.0389,19.6966,21.7031,23.5767,25.1828,28.3159,28.7325,30.9547,33.0054,34.2692,35.9054,37.6564,40.2561,42.5843,44.7289,47.0030,47.2456,46.0954,45.0097,47.2536"
EP00176,C1_variability,13,GAIN_DRIFT,"0.1585,0.1373,0.1752,0.2161,0.1158,0.0094,0.0507,0.0562,0.7072,1.4809,3.0067,5.1194,8.0972,11.2486,13.5603,16.4772,19.6986,23.4439,24.1300,30.1493,34.2777,36.9914,40.6291,44.0941,43.6809,46.0581,50.6024,55.4507,59.0843,62.0079,70.0702,72.3879,74.0782,75.8041,78.9294,85.1522,86.9275,87.8262,91.3870,96.4571,97.7598,96.4642,97.1495"
EP00176,C2_covariance,13,GAIN_DRIFT,"0.1174,0.1882,0.2312,0.6751,0.6943,0.6094,0.0077,0.1006,0.2464,0.3174,0.2574,0.1059,0.4667,0.7211,0.4209,0.2679,0.4850,0.5874,1.2010,1.0490,0.7858,0.6890,0.6448,0.2341,0.2182,0.3986,0.4542,1.1011,1.3141,1.0826,0.5627,0.3733,0.7384,0.8512,0.7462,0.7008,1.0792,1.4916,1.8501,2.2622,2.3207,2.5734,2.4138"
EP00176,C3_both,13,GAIN_DRIFT,"0.1585,0.1882,0.2312,0.6751,0.6943,0.6094,0.0507,0.1006,0.7072,1.4809,3.0067,5.1194,8.0972,11.2486,13.5603,16.4772,19.6986,23.4439,24.1300,30.1493,34.2777,36.9914,40.6291,44.0941,43.6809,46.0581,50.6024,55.4507,59.0843,62.0079,70.0702,72.3879,74.0782,75.8041,78.9294,85.1522,86.9275,87.8262,91.3870,96.4571,97.7598,96.4642,97.1495"
EP00177,C1_variability,21,GEOMETRY_ROTATION,"0.4995,0.0876,0.4179,0.5343,0.1214,0.0405,0.0009,0.0000,0.0653,0.0767,0.1988,0.3480,0.4931,0.5076,0.5280,1.9364,1.8192,3.0352,4.7093,5.8604,5.7934,6.9552,7.3984,6.9401,7.9357,7.5859,8.6092,8.6009,8.3842,8.1915,8.7077,8.6336,8.7382,8.8586,9.5779,8.3793,8.2418,8.5701,7.8237,7.8560,7.0485,7.9913,7.5046"
EP00177,C2_covariance,21,GEOMETRY_ROTATION,"0.3872,0.4576,0.5003,0.0429,0.2739,0.3357,0.2704,0.1698,0.4957,0.5267,0.4940,0.1515,0.1720,0.3967,0.0463,0.1133,0.3777,1.2681,2.5771,3.6228,4.7278,5.7303,6.7597,6.5481,6.5513,6.2255,6.0538,5.7857,6.3821,6.5843,6.4873,7.0235,7.0625,6.8215,6.6705,6.4952,6.4551,6.6362,6.8934,7.1211,7.2256,7.3452,7.4654"
EP00177,C3_both,21,GEOMETRY_ROTATION,"0.4995,0.4576,0.5003,0.5343,0.2739,0.3357,0.2704,0.1698,0.4957,0.5267,0.4940,0.3480,0.4931,0.5076,0.5280,1.9364,1.8192,3.0352,4.7093,5.8604,5.7934,6.9552,7.3984,6.9401,7.9357,7.5859,8.6092,8.6009,8.3842,8.1915,8.7077,8.6336,8.7382,8.8586,9.5779,8.3793,8.2418,8.5701,7.8237,7.8560,7.2256,7.9913,7.5046"
EP00178,C1_variability,24,GEOMETRY_ROTATION,"0.4214,0.2168,0.6922,0.8920,0.2645,0.0811,0.0593,0.0584,0.0068,0.0181,0.1401,0.2891,0.4341,0.4486,0.3675,0.2368,0.2526,0.1228,0.3500,2.2610,3.5405,4.4543,5.7987,7.1966,8.3028,9.5436,10.0833,10.1684,9.9268,9.7810,10.1038,9.6864,9.5911,9.5688,9.6660,9.8819,9.8438,9.9616,9.9736,9.9317,9.9488,10.0184,9.8720"
EP00178,C2_covariance,24,GEOMETRY_ROTATION,"0.3288,0.3993,0.4421,0.3693,0.3464,0.3949,0.2119,0.1112,0.4375,0.4685,0.4358,0.0929,0.2310,0.4559,0.1051,0.0588,0.0837,0.1080,0.6902,0.2040,3.0988,5.2440,7.1699,8.6385,10.3928,12.3416,13.0310,12.6680,12.9986,12.9603,13.3961,13.8653,14.0947,14.2473,13.7592,13.7447,13.5595,13.6485,13.6373,14.0631,14.1705,14.1138,14.1296"
EP00178,C3_both,24,GEOMETRY_ROTATION,"0.4214,0.3993,0.6922,0.8920,0.3464,0.3949,0.2119,0.1112,0.4375,0.4685,0.4358,0.2891,0.4341,0.4559,0.3675,0.2368,0.2526,0.1228,0.6902,2.2610,3.5405,5.2440,7.1699,8.6385,10.3928,12.3416,13.0310,12.6680,12.9986,12.9603,13.3961,13.8653,14.0947,14.2473,13.7592,13.7447,13.5595,13.6485,13.6373,14.0631,14.1705,14.1138,14.1296"
EP00179,C1_variability,24,GEOMETRY_ROTATION,"0.2793,0.1403,0.5159,0.7512,0.1087,0.0124,0.0537,0.1559,0.0124,0.0238,0.1458,0.2948,0.4397,0.4542,0.3732,0.2424,0.2583,0.1284,2.0042,2.8999,4.1884,6.1584,7.7427,11.3589,20.9738,27.5646,22.8830,22.9408,22.7718,22.7426,22.8591,22.7662,22.8028,22.6665,22.7243,22.7880,22.7414,22.7287,22.6932,22.7251,22.7445,22.8550,22.8839"
EP00179,C2_covariance,24,GEOMETRY_ROTATION,"0.3909,0.4613,0.5041,0.1739,0.2700,0.3319,0.2742,0.1736,0.4995,0.5304,0.4978,0.1553,0.1682,0.3928,0.0425,0.1212,0.0211,0.1704,0.6168,3.8927,8.0392,12.9021,13.8999,15.9307,19.8201,20.7764,21.2925,20.8651,21.3366,21.3998,21.4059,22.2239,22.1234,22.1035,22.2061,22.2088,22.0321,22.2130,22.3613,22.3698,22.5763,22.5494,22.4589"
EP00179,C3_both,24,GEOMETRY_ROTATION,"0.3909,0.4613,0.5159,0.7512,0.2700,0.3319,0.2742,0.1736,0.4995,0.5304,0.4978,0.2948,0.4397,0.4542,0.3732,0.2424,0.2583,0.1704,2.0042,3.8927,8.0392,12.9021,13.8999,15.9307,20.9738,27.5646,22.8830,22.9408,22.7718,22.7426,22.8591,22.7662,22.8028,22.6665,22.7243,22.7880,22.7414,22.7287,22.6932,22.7251,22.7445,22.8550,22.8839"
EP00180,C1_variability,25,GEOMETRY_ROTATION,"0.3167,0.3318,0.8270,1.0494,0.4045,0.2411,0.0603,0.0594,0.0058,0.0171,0.3225,0.2881,0.4331,0.4476,0.3665,0.2358,0.2516,0.1218,0.0000,0.2898,1.2995,2.3058,2.6014,3.4289,4.2625,4.9517,5.9216,6.6809,7.0753,7.6901,7.6132,7.7815,7.8713,8.1523,7.5349,7.1173,7.5143,7.5289,6.8294,6.7502,6.3883,6.5948,6.7061"
EP00180,C2_covariance,25,GEOMETRY_ROTATION,"0.1228,0.1936,0.2366,0.6849,0.6830,0.6040,0.2667,0.2316,0.2319,0.2631,0.2302,0.1141,0.4394,0.6652,0.3129,0.1484,0.2914,0.0989,0.6443,0.3132,0.3592,0.2787,0.0000,0.2631,0.6535,1.2331,2.0534,2.9224,4.0613,4.7215,5.2050,6.0777,6.2255,6.5030,6.4458,6.4246,6.2854,6.5749,6.7383,6.7478,6.6784,6.6235,6.6983"
EP00180,C3_both,25,GEOMETRY_ROTATION,"0.3167,0.3318,0.8270,1.0494,0.6830,0.6040,0.2667,0.2316,0.2319,0.2631,0.3225,0.2881,0.4394,0.6652,0.3665,0.2358,0.2914,0.1218,0.6443,0.3132,1.2995,2.3058,2.6014,3.4289,4.2625,4.9517,5.9216,6.6809,7.0753,7.6901,7.6132,7.7815,7.8713,8.1523,7.5349,7.1173,7.5143,7.5289,6.8294,6.7502,6.6784,6.6235,6.7061"
EP00181,C1_variability,17,GEOMETRY_ROTATION,"0.6134,0.0573,0.0952,0.1097,0.1518,0.0709,0.0295,0.0303,0.0957,0.1071,0.2293,0.9457,1.7977,2.5095,4.2427,4.9290,5.8113,7.4148,8.3352,9.0954,9.3200,10.6506,9.9180,10.2200,10.2460,9.5658,9.9107,9.9847,9.8073,11.2421,10.9589,11.2219,9.7573,10.4660,10.6844,9.6004,9.6808,9.7859,10.3309,10.7210,10.0808,9.9392,9.8003"
EP00181,C2_covariance,17,GEOMETRY_ROTATION,"0.2282,0.2988,0.3416,0.2627,0.4350,0.4971,0.1110,0.1613,0.3370,0.3681,0.3353,0.0000,0.4491,0.9601,1.3352,1.9824,3.8988,5.2008,6.7031,7.9075,9.3987,10.1165,11.1579,11.4818,12.0764,12.3462,12.6642,12.3736,12.7326,12.8251,12.8731,13.4344,13.0760,13.1256,12.7992,12.8882,13.0327,13.3742,13.5759,13.5046,13.8987,14.0318,13.9788"
EP00181,C3_both,17,GEOMETRY_ROTATION,"0.6134,0.2988,0.3416,0.2627,0.4350,0.4971,0.1110,0.1613,0.3370,0.3681,0.3353,0.9457,1.7977,2.5095,4.2427,4.9290,5.8113,7.4148,8.3352,9.0954,9.3987,10.6506,11.1579,11.4818,12.0764,12.3462,12.6642,12.3736,12.7326,12.8251,12.8731,13.4344,13.0760,13.1256,12.7992,12.8882,13.0327,13.3742,13.5759,13.5046,13.8987,14.0318,13.9788"
EP00182,C1_variability,13,GEOMETRY_ROTATION,"0.0030,0.0213,0.0576,0.1885,0.2307,0.1496,0.1082,0.1072,1.8346,3.4345,5.5170,5.9650,7.3630,8.4445,10.5497,9.7858,10.8376,12.1727,13.6507,15.0896,16.4710,18.1378,21.2252,22.2142,22.0722,22.5216,22.6943,22.6959,22.6228,24.2176,22.5298,22.3325,24.6440,22.2908,22.3890,22.4387,22.5701,22.7049,22.7285,22.6417,22.7104,22.7609,22.7136"
EP00182,C2_covariance,13,GEOMETRY_ROTATION,"0.3872,0.4576,0.5003,0.0000,0.2739,0.3357,0.2704,0.2348,0.1746,1.6032,4.4420,7.0343,9.4439,11.5968,13.0280,14.3464,15.9689,17.5391,18.3667,18.8808,20.3601,21.2543,21.5816,21.7964,22.2404,22.3341,22.5368,22.5351,22.7502,22.7233,22.6947,22.9245,22.9583,22.5484,21.5213,21.7174,21.6776,22.1446,22.0422,22.5651,23.0468,23.5722,23.6503"
EP00182,C3_both,13,GEOMETRY_ROTATION,"0.3872,0.4576,0.5003,0.1885,0.2739,0.3357,0.2704,0.2348,1.8346,3.4345,5.5170,7.0343,9.4439,11.5968,13.0280,14.3464,15.9689,17.5391,18.3667,18.8808,20.3601,21.2543,21.5816,22.2142,22.2404,22.5216,22.6943,22.6959,22.7502,24.2176,22.6947,22.9245,24.6440,22.5484,22.3890,22.4387,22.5701,22.7049,22.7285,22.6417,23.0468,23.5722,23.6503"
EP00183,C1_variability,23,GEOMETRY_ROTATION,"0.3784,0.2945,0.7855,0.9963,0.3589,0.1850,0.0661,0.0652,0.0000,0.0114,0.4284,0.2823,0.4272,0.4417,0.3607,0.2300,0.2458,0.1561,0.5443,0.8673,1.7330,2.5693,2.8161,3.4917,3.8420,4.2059,4.1525,4.4670,4.7338,4.9324,5.9357,5.6498,6.2595,6.4743,6.4204,6.5909,6.6029,6.5339,6.1684,6.1645,6.1225,5.9710,5.8896"
EP00183,C2_covariance,23,GEOMETRY_ROTATION,"0.1907,0.1882,0.3872,0.8481,0.8329,0.6094,0.4494,0.4379,0.2473,0.2577,0.2249,0.1195,0.4448,0.6707,0.3184,0.1538,0.2969,0.1065,0.7504,0.2794,0.3071,0.2417,0.0629,0.3030,0.5274,0.8916,1.5003,1.7416,1.5446,1.3997,1.9106,2.7870,3.1559,3.8739,3.8951,4.1170,4.4353,5.0403,5.3141,5.6178,5.9143,5.9589,5.9609"
EP00183,C3_both,23,GEOMETRY_ROTATION,"0.3784,0.2945,0.7855,0.9963,0.8329,0.6094,0.4494,0.4379,0.2473,0.2577,0.4284,0.2823,0.4448,0.6707,0.3607,0.2300,0.2969,0.1561,0.7504,0.8673,1.7330,2.5693,2.8161,3.4917,3.8420,4.2059,4.1525,4.4670,4.7338,4.9324,5.9357,5.6498,6.2595,6.4743,6.4204,6.5909,6.6029,6.5339,6.1684,6.1645,6.1225,5.9710,5.9609"
EP00184,C1_variability,24,GEOMETRY_ROTATION,"0.5289,0.5517,1.0438,1.2635,0.6214,0.4594,0.1724,0.0537,0.0115,0.0229,0.5687,0.2939,0.4388,0.4533,0.3871,0.3644,0.2574,0.1275,0.0115,0.6568,0.8659,2.1621,2.4376,2.9655,3.6920,4.1404,5.0770,6.1151,5.6983,7.1080,7.6096,7.3167,9.3334,8.2933,8.6968,8.9922,9.6915,8.3188,8.8180,8.6318,8.8177,9.1053,9.1037"
EP00184,C2_covariance,24,GEOMETRY_ROTATION,"0.1736,0.2443,0.3040,0.7754,0.7613,0.5525,0.3495,0.3341,0.2826,0.3137,0.2809,0.0631,0.3880,0.6137,0.2618,0.0974,0.2403,0.0480,0.7185,0.3462,0.3897,0.2998,0.0448,0.2524,0.9425,1.6194,2.0796,2.4963,3.4606,4.4118,5.0615,6.2342,7.0791,7.9339,7.9928,8.5983,8.8600,9.5546,10.5496,10.8843,11.0869,11.2940,11.3646"
EP00184,C3_both,24,GEOMETRY_ROTATION,"0.5289,0.5517,1.0438,1.2635,0.7613,0.5525,0.3495,0.3341,0.2826,0.3137,0.5687,0.2939,0.4388,0.6137,0.3871,0.3644,0.2574,0.1275,0.7185,0.6568,0.8659,2.1621,2.4376,2.9655,3.6920,4.1404,5.0770,6.1151,5.6983,7.1080,7.6096,7.3167,9.3334,8.2933,8.6968,8.9922,9.6915,9.5546,10.5496,10.8843,11.0869,11.2940,11.3646"
EP00185,C1_variability,14,GEOMETRY_ROTATION,"0.0872,0.0297,0.0084,0.1969,0.2391,0.1580,0.1165,0.1174,0.3507,1.2924,3.5918,4.0149,4.6706,5.8164,7.2732,7.4883,8.4673,8.9900,8.0537,8.4293,8.8390,9.5694,10.2337,10.7982,11.1700,11.9907,12.8058,13.3992,13.8629,14.4682,15.3092,16.0344,16.7958,17.7215,18.5747,19.5313,20.6489,21.4873,22.2639,22.7036,23.0313,23.1147,23.0332"
EP00185,C2_covariance,14,GEOMETRY_ROTATION,"0.3028,0.3733,0.4161,0.1194,0.3594,0.4213,0.1858,0.0850,0.3999,0.4280,0.2672,1.4868,3.1614,4.6414,5.8739,6.7830,8.6961,9.4593,10.3950,11.1842,12.1228,13.0031,13.5067,13.8646,14.5979,15.2938,15.6812,15.9817,16.7252,17.2984,17.4822,18.1072,18.6740,18.6753,19.2639,19.8475,20.2413,20.9517,21.4715,21.7296,22.2661,22.5186,22.2857"
EP00185,C3_both,14,GEOMETRY_ROTATION,"0.3028,0.3733,0.4161,0.1969,0.3594,0.4213,0.1858,0.1174,0.3999,1.2924,3.5918,4.0149,4.6706,5.8164,7.2732,7.4883,8.6961,9.4593,10.3950,11.1842,12.1228,13.0031,13.5067,13.8646,14.5979,15.2938,15.6812,15.9817,16.7252,17.2984,17.4822,18.1072,18.6740,18.6753,19.2639,19.8475,20.6489,21.4873,22.2639,22.7036,23.0313,23.1147,23.0332"
EP00186,C1_variability,13,NONE,"0.3446,0.9966,0.7481,0.9843,0.3709,0.1400,0.0179,0.0423,0.1866,0.1185,0.0812,0.0000,0.2685,0.9268,1.7507,1.5738,2.1231,2.4334,2.1426,2.0649,2.1571,1.9312,1.5244,1.9623,1.9641,2.4834,2.0305,2.1806,1.8350,1.4755,1.7655,2.5057,1.7470,2.4077,2.0215,2.3012,2.1966,0.4897,1.3428,1.1345,1.6668,1.5680,1.0300"
EP00186,C2_covariance,13,NONE,"0.8236,0.0328,0.5169,0.4930,0.5915,0.2379,0.0000,0.2276,0.2233,0.4477,0.5132,0.7036,0.8704,0.5795,0.5554,1.0831,1.1375,1.4597,1.2114,1.5494,1.0295,0.3628,0.6724,0.6494,0.5585,0.3088,0.3984,0.6655,0.9751,1.2747,1.0104,0.7262,0.4752,0.3287,0.2851,0.4312,0.3736,0.2778,0.0871,0.6567,0.6151,0.4861,0.6501"
EP00186,C3_both,13,NONE,"0.8236,0.9966,0.7481,0.9843,0.5915,0.2379,0.0179,0.2276,0.2233,0.4477,0.5132,0.7036,0.8704,0.9268,1.7507,1.5738,2.1231,2.4334,2.1426,2.0649,2.1571,1.9312,1.5244,1.9623,1.9641,2.4834,2.0305,2.1806,1.8350,1.4755,1.7655,2.5057,1.7470,2.4077,2.0215,2.3012,2.1966,0.4897,1.3428,1.1345,1.6668,1.5680,1.0300"
EP00187,C1_variability,26,RATE_LOSS,"0.1937,0.2514,0.4442,0.5890,0.4464,0.4805,0.7148,0.1335,0.4162,0.0438,0.2132,0.1446,0.0465,0.0510,0.1059,0.1197,0.0425,0.1840,0.2014,0.0729,0.1071,0.2675,1.0540,2.0422,2.9294,3.7288,4.5039,5.0837,5.2450,5.1549,5.2949,5.1222,5.2376,5.0886,5.0268,5.1035,4.9523,5.0860,4.9446,5.2062,5.1964,5.1202,5.1978"
EP00187,C2_covariance,26,RATE_LOSS,"0.4664,0.2673,1.0039,0.8954,0.8954,0.5396,0.3003,0.5293,0.0756,0.1501,0.2160,0.4075,0.5753,0.2827,0.2584,0.1835,0.2408,0.5850,0.3561,0.5438,0.0754,0.0449,0.0338,0.1221,0.2428,0.0292,0.1859,0.3780,0.1121,0.3614,0.3767,0.0516,0.1777,0.0497,0.0134,0.1752,0.2901,0.3696,0.2127,0.2857,0.0153,0.1822,0.2484"
EP00187,C3_both,26,RATE_LOSS,"0.4664,0.2673,1.0039,0.8954,0.8954,0.5396,0.7148,0.5293,0.4162,0.1501,0.2160,0.4075,0.5753,0.2827,0.2584,0.1835,0.2408,0.5850,0.3561,0.5438,0.1071,0.2675,1.0540,2.0422,2.9294,3.7288,4.5039,5.0837,5.2450,5.1549,5.2949,5.1222,5.2376,5.0886,5.0268,5.1035,4.9523,5.0860,4.9446,5.2062,5.1964,5.1202,5.1978"
EP00188,C1_variability,22,RATE_LOSS,"0.2210,0.6673,0.4672,0.6121,0.4695,0.2382,0.3029,0.0555,0.7454,0.0209,0.0165,0.0978,0.0237,0.1952,0.0831,0.1177,0.2775,1.3108,2.9432,4.9938,7.0701,9.0177,11.0685,12.2076,12.3497,12.3086,12.3144,12.5713,12.6871,12.6120,12.7287,12.5847,12.6809,12.5567,12.5052,12.5692,12.4431,12.5545,12.4367,12.6547,12.6466,12.5831,12.6478"
EP00188,C2_covariance,22,RATE_LOSS,"0.3823,0.0150,0.8569,0.7078,0.6096,0.2558,0.0178,0.2455,0.2056,0.4301,0.4955,0.6860,0.8529,0.5619,0.5377,0.4328,0.4450,0.6488,0.3470,0.5759,0.2552,0.0150,0.4403,0.5944,0.5409,0.2911,0.3807,0.6479,0.3315,0.6036,0.6554,0.3321,0.4575,0.3110,0.2674,0.4135,0.3253,0.3687,0.0770,0.5649,0.2960,0.4619,0.5278"
EP00188,C3_both,22,RATE_LOSS,"0.3823,0.6673,0.8569,0.7078,0.6096,0.2558,0.3029,0.2455,0.7454,0.4301,0.4955,0.6860,0.8529,0.5619,0.5377,0.4328,0.4450,1.3108,2.9432,4.9938,7.0701,9.0177,11.0685,12.2076,12.3497,12.3086,12.3144,12.5713,12.6871,12.6120,12.7287,12.5847,12.6809,12.5567,12.5052,12.5692,12.4431,12.5545,12.4367,12.6547,12.6466,12.5831,12.6478"
EP00189,C1_variability,25,RATE_LOSS,"0.2552,0.2450,0.4377,0.5825,0.4400,0.3908,0.3218,0.1303,0.7352,0.1565,0.2229,0.2989,0.2993,0.0457,0.1123,0.1260,0.0361,0.0357,0.0000,0.1316,1.2636,2.7863,5.1471,8.9822,14.3292,20.7059,26.0571,27.5493,27.6253,27.5803,27.6503,27.5639,27.6216,27.5472,27.5163,27.5546,27.4790,27.5458,27.4752,27.6059,27.6011,27.5630,27.6018"
EP00189,C2_covariance,25,RATE_LOSS,"0.2061,0.0428,0.8933,0.7724,0.6248,0.2709,0.0329,0.2606,0.1906,0.4152,0.4807,0.6712,0.8381,0.5471,0.5229,0.4179,0.4299,0.1956,0.0121,0.4779,0.1930,1.2874,5.2645,7.1630,6.0715,4.9066,0.4037,0.6362,0.2966,0.1469,0.6406,0.3172,0.4426,0.2961,0.2525,0.3986,0.2175,0.3128,0.0543,0.5500,0.2811,0.4471,0.5129"
EP00189,C3_both,25,RATE_LOSS,"0.2552,0.2450,0.8933,0.7724,0.6248,0.3908,0.3218,0.2606,0.7352,0.4152,0.4807,0.6712,0.8381,0.5471,0.5229,0.4179,0.4299,0.1956,0.0121,0.4779,1.2636,2.7863,5.2645,8.9822,14.3292,20.7059,26.0571,27.5493,27.6253,27.5803,27.6503,27.5639,27.6216,27.5472,27.5163,27.5546,27.4790,27.5458,27.4752,27.6059,27.6011,27.5630,27.6018"
EP00190,C1_variability,13,RATE_LOSS,"0.3541,0.9742,0.7827,0.9073,0.3889,0.1580,0.0000,0.0318,0.2392,0.2912,0.4428,0.6256,1.0479,1.4803,1.9315,2.3324,2.5672,2.9829,3.4110,3.9224,4.1869,4.2365,4.5831,4.8385,4.8609,4.8425,4.8495,5.1572,5.2960,5.2060,5.3459,5.1733,5.2886,5.1398,5.0781,5.1547,5.0037,5.1371,4.9959,5.2572,5.2475,5.1713,5.2489"
EP00190,C2_covariance,13,RATE_LOSS,"0.8310,0.0328,0.5114,0.4930,0.5915,0.2379,0.0000,0.2252,0.2213,0.4402,0.5052,0.6885,0.8236,0.6120,0.5485,1.0534,1.2018,1.4486,1.1763,1.5479,1.0110,0.3665,0.6481,0.6371,0.5617,0.3088,0.3984,0.6655,0.9749,1.2737,1.0089,0.7262,0.4752,0.3287,0.2851,0.4312,0.3658,0.2678,0.0871,0.6485,0.6134,0.4837,0.6507"
EP00190,C3_both,13,RATE_LOSS,"0.8310,0.9742,0.7827,0.9073,0.5915,0.2379,0.0000,0.2252,0.2392,0.4402,0.5052,0.6885,1.0479,1.4803,1.9315,2.3324,2.5672,2.9829,3.4110,3.9224,4.1869,4.2365,4.5831,4.8385,4.8609,4.8425,4.8495,5.1572,5.2960,5.2060,5.3459,5.1733,5.2886,5.1398,5.0781,5.1547,5.0037,5.1371,4.9959,5.2572,5.2475,5.1713,5.2489"
EP00191,C1_variability,16,RATE_LOSS,"0.2537,0.3461,0.4158,0.5606,0.4181,0.2152,0.0745,0.0045,0.0045,0.0718,0.0464,0.1231,0.5479,1.1232,1.8474,2.6892,3.5575,4.6911,5.7970,7.0660,8.0972,8.8727,9.9160,10.8956,11.5650,11.9787,12.2800,12.6094,12.7251,12.6501,12.7667,12.6228,12.7189,12.5949,12.5434,12.6073,12.4813,12.5926,12.4749,12.6928,12.6847,12.6212,12.6858"
EP00191,C2_covariance,16,RATE_LOSS,"0.6223,0.0955,0.6465,0.6227,0.7215,0.3669,0.1284,0.3566,0.0955,0.3205,0.3862,0.5683,0.6880,0.4978,0.3943,0.7274,1.0507,1.2007,0.8894,1.3083,0.8243,0.1050,0.2247,0.3705,0.4350,0.1604,0.2957,0.5388,0.8554,1.1482,0.8463,0.5644,0.3480,0.2012,0.1574,0.3039,0.4331,0.3790,0.1203,0.6342,0.5119,0.4062,0.4675"
EP00191,C3_both,16,RATE_LOSS,"0.6223,0.3461,0.6465,0.6227,0.7215,0.3669,0.1284,0.3566,0.0955,0.3205,0.3862,0.5683,0.6880,1.1232,1.8474,2.6892,3.5575,4.6911,5.7970,7.0660,8.0972,8.8727,9.9160,10.8956,11.5650,11.9787,12.2800,12.6094,12.7251,12.6501,12.7667,12.6228,12.7189,12.5949,12.5434,12.6073,12.4813,12.5926,12.4749,12.6928,12.6847,12.6212,12.6858"
EP00192,C1_variability,13,RATE_LOSS,"0.3928,0.5583,0.3867,0.5313,0.3889,0.1580,0.0000,0.1203,0.5300,1.3085,2.3162,3.6706,5.4476,7.8451,9.9965,12.1129,14.0906,16.3195,18.4302,20.8531,22.8667,24.3385,25.7266,26.7860,27.3221,27.4213,27.4248,27.5786,27.6480,27.6030,27.6729,27.5866,27.6443,27.5699,27.5390,27.5773,27.5018,27.5686,27.4980,27.6286,27.6237,27.5857,27.6244"
EP00192,C2_covariance,13,RATE_LOSS,"0.8487,0.0328,0.5254,0.4930,0.5915,0.2379,0.0000,0.2038,0.1994,0.3434,0.3344,0.3532,0.3067,0.3579,0.0619,0.9760,1.9180,1.8144,1.4927,1.5992,1.0925,0.2251,0.5140,0.5035,0.5672,0.3088,0.3984,0.6655,0.9868,1.2818,1.0245,0.7455,0.4752,0.3287,0.2851,0.4312,0.3655,0.2697,0.0871,0.6526,0.6201,0.4902,0.6689"
EP00192,C3_both,13,RATE_LOSS,"0.8487,0.5583,0.5254,0.5313,0.5915,0.2379,0.0000,0.2038,0.5300,1.3085,2.3162,3.6706,5.4476,7.8451,9.9965,12.1129,14.0906,16.3195,18.4302,20.8531,22.8667,24.3385,25.7266,26.7860,27.3221,27.4213,27.4248,27.5786,27.6480,27.6030,27.6729,27.5866,27.6443,27.5699,27.5390,27.5773,27.5018,27.5686,27.4980,27.6286,27.6237,27.5857,27.6244"
EP00193,C1_variability,26,RATE_LOSS,"0.1563,0.2659,0.4065,0.5512,0.4088,0.4765,0.5201,0.1339,0.5670,0.0810,0.1229,0.1551,0.0838,0.0898,0.1431,0.1569,0.0052,0.2210,0.2368,0.1101,0.0152,0.2336,0.2374,0.3838,0.3184,0.4844,0.7678,1.3370,1.7350,1.9270,2.3833,2.4897,2.8991,2.9841,3.1942,3.5579,3.7136,4.1309,4.2912,4.7623,4.9252,4.9923,5.1744"
EP00193,C2_covariance,26,RATE_LOSS,"0.5211,0.3220,0.9501,0.8516,0.9508,0.5946,0.3550,0.5843,0.1301,0.0959,0.1618,0.3536,0.5215,0.2286,0.2043,0.2895,0.3514,0.6987,0.4677,0.6476,0.1265,0.0022,0.2955,0.3016,0.2585,0.0043,0.1022,0.3069,0.1567,0.4196,0.3224,0.0041,0.1427,0.0570,0.1079,0.0848,0.2797,0.2954,0.2076,0.2417,0.0559,0.1085,0.1923"
EP00193,C3_both,26,RATE_LOSS,"0.5211,0.3220,0.9501,0.8516,0.9508,0.5946,0.5201,0.5843,0.5670,0.0959,0.1618,0.3536,0.5215,0.2286,0.2043,0.2895,0.3514,0.6987,0.4677,0.6476,0.1265,0.2336,0.2955,0.3838,0.3184,0.4844,0.7678,1.3370,1.7350,1.9270,2.3833,2.4897,2.8991,2.9841,3.1942,3.5579,3.7136,4.1309,4.2912,4.7623,4.9252,4.9923,5.1744"
EP00194,C1_variability,25,RATE_LOSS,"0.1873,0.2450,0.4377,0.5825,0.4400,0.4312,0.4237,0.0987,0.6110,0.0501,0.1470,0.0975,0.0529,0.0457,0.1123,0.1260,0.0361,0.1447,0.1568,0.1188,0.1479,0.2128,0.5607,1.1679,1.7559,2.3490,3.0366,3.9015,4.6195,5.2026,6.0578,6.5663,7.3480,7.7713,8.3535,9.0859,9.6766,10.4498,11.0159,11.6966,12.0676,12.3091,12.5843"
EP00194,C2_covariance,25,RATE_LOSS,"0.4492,0.2969,0.8363,0.8262,0.9254,0.5694,0.3299,0.5590,0.1051,0.1208,0.1866,0.3783,0.5462,0.2534,0.2291,0.2488,0.3123,0.6643,0.4245,0.6625,0.1660,0.0004,0.2292,0.2840,0.3380,0.0572,0.1912,0.3020,0.1317,0.2755,0.3239,0.0027,0.1735,0.1096,0.1742,0.0008,0.2480,0.2158,0.2124,0.2641,0.0661,0.1025,0.2162"
EP00194,C3_both,25,RATE_LOSS,"0.4492,0.2969,0.8363,0.8262,0.9254,0.5694,0.4237,0.5590,0.6110,0.1208,0.1866,0.3783,0.5462,0.2534,0.2291,0.2488,0.3123,0.6643,0.4245,0.6625,0.1660,0.2128,0.5607,1.1679,1.7559,2.3490,3.0366,3.9015,4.6195,5.2026,6.0578,6.5663,7.3480,7.7713,8.3535,9.0859,9.6766,10.4498,11.0159,11.6966,12.0676,12.3091,12.5843"
EP00195,C1_variability,16,RATE_LOSS,"0.2509,0.3266,0.4158,0.5606,0.4181,0.2158,0.0593,0.0045,0.0045,0.0718,0.0643,0.1754,0.6229,1.2184,1.9541,2.8032,3.6516,4.7352,5.7938,7.0096,7.9902,8.7216,9.7926,11.0077,12.1560,13.1563,14.2601,15.3763,16.3997,17.4123,18.6633,19.6323,20.7831,21.5950,22.5775,23.6792,24.7396,25.7186,26.4648,27.0760,27.4100,27.5511,27.6115"
EP00195,C2_covariance,16,RATE_LOSS,"0.6224,0.0955,0.6440,0.6227,0.7215,0.3669,0.1284,0.3566,0.0955,0.3205,0.3848,0.5660,0.6823,0.4961,0.3918,0.7278,1.0439,1.2022,0.8929,1.3110,0.8260,0.1163,0.2075,0.3842,0.5582,0.2633,0.4572,0.5971,0.5683,0.5742,0.8328,0.4602,0.3655,0.1955,0.3111,0.1356,0.3047,0.2357,0.4993,0.6994,0.4605,0.4141,0.4710"
EP00195,C3_both,16,RATE_LOSS,"0.6224,0.3266,0.6440,0.6227,0.7215,0.3669,0.1284,0.3566,0.0955,0.3205,0.3848,0.5660,0.6823,1.2184,1.9541,2.8032,3.6516,4.7352,5.7938,7.0096,7.9902,8.7216,9.7926,11.0077,12.1560,13.1563,14.2601,15.3763,16.3997,17.4123,18.6633,19.6323,20.7831,21.5950,22.5775,23.6792,24.7396,25.7186,26.4648,27.0760,27.4100,27.5511,27.6115"
EP00196,C1_variability,24,CHANNEL_DROPOUT,"0.1438,0.3085,0.3940,0.5387,0.3962,0.3291,0.3971,0.1896,0.4788,0.0935,0.3027,0.3324,0.0962,0.0890,0.1555,0.1693,0.0073,0.1261,0.1426,0.0413,0.2338,0.8446,1.5694,2.1919,3.6564,16.5516,16.6897,16.9967,17.1604,17.3645,17.4634,17.3735,17.2981,16.7697,17.0126,16.9353,17.0693,17.0894,17.0498,17.5389,17.2464,17.1745,17.2762"
EP00196,C2_covariance,24,CHANNEL_DROPOUT,"0.4581,0.2088,0.8514,0.7373,0.8362,0.4809,0.2418,0.4705,0.0174,0.2081,0.2738,0.4652,0.6328,0.3405,0.3162,0.3216,0.3852,0.7340,0.5024,0.7944,0.3521,0.0512,0.1992,0.2505,0.3459,0.7493,1.2337,1.0625,1.3220,1.5474,1.0938,1.4116,1.3323,1.4221,1.5301,1.3971,1.6763,1.6005,1.6767,1.1723,1.4283,1.3299,1.2756"
EP00196,C3_both,24,CHANNEL_DROPOUT,"0.4581,0.3085,0.8514,0.7373,0.8362,0.4809,0.3971,0.4705,0.4788,0.2081,0.3027,0.4652,0.6328,0.3405,0.3162,0.3216,0.3852,0.7340,0.5024,0.7944,0.3521,0.8446,1.5694,2.1919,3.6564,16.5516,16.6897,16.9967,17.1604,17.3645,17.4634,17.3735,17.2981,16.7697,17.0126,16.9353,17.0693,17.0894,17.0498,17.5389,17.2464,17.1745,17.2762"
EP00197,C1_variability,24,CHANNEL_DROPOUT,"0.1244,0.2639,0.3745,0.5192,0.3768,0.2690,0.1691,0.3778,0.4277,0.1127,0.3456,0.1708,0.1155,0.1691,0.1748,0.1885,0.0266,0.2316,0.2903,0.1420,0.5982,1.2022,1.3307,3.5467,17.6948,38.3904,36.4470,36.4120,36.4278,36.5718,36.8800,36.8923,37.0358,36.9843,36.8337,36.7547,36.6138,36.5278,36.4888,36.3056,36.2453,36.2273,36.1852"
EP00197,C2_covariance,24,CHANNEL_DROPOUT,"0.3205,0.0053,0.7549,0.5976,0.6301,0.2762,0.0381,0.2659,0.1854,0.4100,0.4755,0.6660,0.8329,0.5419,0.5177,0.4127,0.4247,0.4844,0.0261,0.4653,0.3411,1.3479,2.8371,3.6009,6.5083,9.9318,13.0125,12.6313,13.0252,13.4012,12.8915,13.1183,13.0072,13.1466,13.0322,12.9242,13.0641,12.7316,13.2047,12.8092,12.9483,12.8313,12.7937"
EP00197,C3_both,24,CHANNEL_DROPOUT,"0.3205,0.2639,0.7549,0.5976,0.6301,0.2762,0.1691,0.3778,0.4277,0.4100,0.4755,0.6660,0.8329,0.5419,0.5177,0.4127,0.4247,0.4844,0.2903,0.4653,0.5982,1.3479,2.8371,3.6009,17.6948,38.3904,36.4470,36.4120,36.4278,36.5718,36.8800,36.8923,37.0358,36.9843,36.8337,36.7547,36.6138,36.5278,36.4888,36.3056,36.2453,36.2273,36.1852"
EP00198,C1_variability,19,CHANNEL_DROPOUT,"0.2698,0.6106,0.2280,0.3722,0.2302,0.1259,0.1575,0.1818,0.5072,0.2579,0.2206,0.1396,0.2606,0.4596,0.4120,0.9605,2.4495,4.2273,5.7048,32.4433,39.6236,53.9140,59.8958,59.8958,59.8958,59.8958,59.8958,59.8958,59.8958,59.8958,59.8958,59.8958,59.8958,59.8958,59.8958,59.8958,59.8958,59.8958,59.8958,59.8958,59.8958,59.8958,59.8958"
EP00198,C2_covariance,19,CHANNEL_DROPOUT,"0.4557,0.1510,0.7096,0.5108,0.4719,0.1191,0.1182,0.1088,0.3410,0.5649,0.6302,0.8202,0.9865,0.7420,0.4066,2.7025,10.2662,16.2181,21.4440,17.6544,21.1229,28.6207,37.6521,37.9939,38.5970,38.6004,38.1909,38.3968,38.3520,38.3543,37.6438,37.4651,37.8802,38.1922,38.2421,38.1805,38.5732,38.3961,37.6708,37.8854,37.9938,37.9585,37.8132"
EP00198,C3_both,19,CHANNEL_DROPOUT,"0.4557,0.6106,0.7096,0.5108,0.4719,0.1259,0.1575,0.1818,0.5072,0.5649,0.6302,0.8202,0.9865,0.7420,0.4120,2.7025,10.2662,16.2181,21.4440,32.4433,39.6236,53.9140,59.8958,59.8958,59.8958,59.8958,59.8958,59.8958,59.8958,59.8958,59.8958,59.8958,59.8958,59.8958,59.8958,59.8958,59.8958,59.8958,59.8958,59.8958,59.8958,59.8958,59.8958"
EP00199,C1_variability,20,CHANNEL_DROPOUT,"0.6238,0.3991,0.3870,0.5317,0.3893,0.2625,0.1250,0.0261,0.3669,0.1004,0.0630,0.0182,0.1031,0.1829,0.1581,0.1645,0.0004,0.3556,0.6644,2.1932,4.7266,5.0026,6.6529,12.8139,18.8376,18.4603,18.5712,27.4645,26.9346,26.9879,26.6097,26.6009,26.7031,26.8555,27.1588,27.0868,26.8958,27.0203,26.8743,26.6620,26.5032,26.7338,27.0160"
EP00199,C2_covariance,20,CHANNEL_DROPOUT,"0.4623,0.1933,0.7973,0.7215,0.8205,0.4652,0.2263,0.4549,0.0019,0.2235,0.2892,0.4805,0.6480,0.3559,0.3389,0.4196,0.4619,0.7307,0.5197,1.0801,0.5880,0.3861,0.1806,0.5740,0.8277,1.1221,0.9640,1.0909,1.4281,1.6418,1.1463,1.4209,1.4097,1.5761,1.6373,1.4995,1.8993,1.8023,1.7708,1.1837,1.4500,1.3268,1.2859"
EP00199,C3_both,20,CHANNEL_DROPOUT,"0.6238,0.3991,0.7973,0.7215,0.8205,0.4652,0.2263,0.4549,0.3669,0.2235,0.2892,0.4805,0.6480,0.3559,0.3389,0.4196,0.4619,0.7307,0.6644,2.1932,4.7266,5.0026,6.6529,12.8139,18.8376,18.4603,18.5712,27.4645,26.9346,26.9879,26.6097,26.6009,26.7031,26.8555,27.1588,27.0868,26.8958,27.0203,26.8743,26.6620,26.5032,26.7338,27.0160"
EP00200,C1_variability,13,CHANNEL_DROPOUT,"0.6196,0.7528,0.6779,0.6850,0.2092,0.0209,0.1783,0.1945,0.1760,0.1432,0.5189,0.8918,1.0962,8.2017,25.6332,25.8498,22.7071,24.4309,20.8597,17.1875,27.9219,28.8924,28.2867,29.3357,30.2083,30.2083,30.2083,30.2083,30.2083,30.2083,30.2083,30.2083,30.2083,30.2083,30.2083,30.2083,30.2083,30.2083,30.2083,30.2083,30.2083,30.2083,30.2083"
EP00200,C2_covariance,13,CHANNEL_DROPOUT,"0.9379,0.0328,0.6358,0.4930,0.5915,0.2379,0.0000,0.2026,0.2792,0.3688,0.3751,0.5236,0.3113,0.7086,1.6256,2.1737,3.6636,5.1905,6.5135,6.5032,8.1464,8.7131,9.9745,11.5155,12.3140,12.3089,12.2756,11.9804,12.1758,12.5415,12.3313,12.3145,12.4828,12.5125,12.3350,12.4267,12.7570,12.9240,13.1847,12.5851,12.6732,12.6330,12.3948"
EP00200,C3_both,13,CHANNEL_DROPOUT,"0.9379,0.7528,0.6779,0.6850,0.5915,0.2379,0.1783,0.2026,0.2792,0.3688,0.5189,0.8918,1.0962,8.2017,25.6332,25.8498,22.7071,24.4309,20.8597,17.1875,27.9219,28.8924,28.2867,29.3357,30.2083,30.2083,30.2083,30.2083,30.2083,30.2083,30.2083,30.2083,30.2083,30.2083,30.2083,30.2083,30.2083,30.2083,30.2083,30.2083,30.2083,30.2083,30.2083"
EP00201,C1_variability,15,CHANNEL_DROPOUT,"0.4940,0.4764,0.2461,0.3903,0.2483,0.0962,0.1395,0.1639,0.1729,0.2365,0.1762,0.0397,0.1294,1.1861,3.0142,14.1792,21.9000,27.1071,36.0605,37.3339,45.0821,46.8646,55.7817,55.8339,59.6437,62.8085,59.8958,59.8958,59.8958,59.8958,59.8958,59.8958,59.8958,59.8958,59.8958,59.8958,59.8958,59.8958,59.8958,59.8958,59.8958,59.8958,59.8958"
EP00201,C2_covariance,15,CHANNEL_DROPOUT,"0.9261,0.0328,0.5498,0.4930,0.5915,0.2379,0.0000,0.2276,0.2233,0.4448,0.5884,0.8266,0.6181,0.3128,0.7461,3.3386,5.3605,8.2685,11.6163,12.2035,13.9129,18.3688,21.7875,25.0649,26.9802,33.7636,39.9515,39.5786,40.2326,40.5875,40.1835,40.4576,40.0593,40.4656,40.1727,40.1613,40.3762,40.4016,40.5735,40.0692,40.2664,40.3461,40.0155"
EP00201,C3_both,15,CHANNEL_DROPOUT,"0.9261,0.4764,0.5498,0.4930,0.5915,0.2379,0.1395,0.2276,0.2233,0.4448,0.5884,0.8266,0.6181,1.1861,3.0142,14.1792,21.9000,27.1071,36.0605,37.3339,45.0821,46.8646,55.7817,55.8339,59.6437,62.8085,59.8958,59.8958,59.8958,59.8958,59.8958,59.8958,59.8958,59.8958,59.8958,59.8958,59.8958,59.8958,59.8958,59.8958,59.8958,59.8958,59.8958"
EP00202,C1_variability,22,CHANNEL_DROPOUT,"0.2499,0.3848,0.3938,0.5385,0.3960,0.2543,0.2291,0.0182,0.6443,0.2544,0.0563,0.0249,0.0964,0.2190,0.2142,0.1695,0.0052,0.2121,0.2346,0.0817,0.0449,0.5674,4.8824,5.0260,5.1840,5.1953,7.1106,7.1364,7.2090,7.9186,10.0165,8.5177,8.6451,10.1875,10.2644,10.5083,10.6263,10.4822,10.5955,10.5501,11.0612,14.0494,14.1701"
EP00202,C2_covariance,22,CHANNEL_DROPOUT,"0.4179,0.2657,0.8533,0.7947,0.8938,0.5380,0.2987,0.5277,0.0740,0.1517,0.2175,0.4091,0.5769,0.2843,0.2600,0.2571,0.3289,0.6768,0.3877,0.6483,0.2272,0.1214,0.2142,0.1988,0.2469,0.1296,0.3174,0.0343,0.2520,0.6573,0.2915,0.8789,0.7211,1.1231,1.2362,1.0748,1.4322,1.3925,1.4732,0.8926,1.3014,1.3867,1.3225"
EP00202,C3_both,22,CHANNEL_DROPOUT,"0.4179,0.3848,0.8533,0.7947,0.8938,0.5380,0.2987,0.5277,0.6443,0.2544,0.2175,0.4091,0.5769,0.2843,0.2600,0.2571,0.3289,0.6768,0.3877,0.6483,0.2272,0.5674,4.8824,5.0260,5.1840,5.1953,7.1106,7.1364,7.2090,7.9186,10.0165,8.5177,8.6451,10.1875,10.2644,10.5083,10.6263,10.4822,10.5955,10.5501,11.0612,14.0494,14.1701"
EP00203,C1_variability,23,CHANNEL_DROPOUT,"0.1753,0.3545,0.3775,0.5221,0.3797,0.2429,0.2410,0.0335,0.4399,0.1098,0.0725,0.1285,0.1126,0.2272,0.2165,0.1856,0.0237,0.2269,0.1039,0.0085,0.2352,0.7279,0.8642,1.1622,12.9371,12.8628,12.9999,26.5028,31.0668,32.5744,32.6952,33.7355,34.8461,35.5745,35.9886,36.9440,32.3681,29.6647,37.9095,36.5990,38.6642,41.9526,44.4759"
EP00203,C2_covariance,23,CHANNEL_DROPOUT,"0.4513,0.2990,0.8590,0.8283,0.9275,0.5715,0.3320,0.5611,0.1072,0.1187,0.1846,0.3763,0.5441,0.2514,0.2270,0.3518,0.4211,0.7864,0.5285,0.7995,0.6752,0.0018,0.2148,0.3363,0.5396,1.2852,1.2696,1.9855,2.7492,3.5657,3.7654,4.4564,4.7650,6.1092,6.5625,7.1031,7.4237,7.7551,8.4508,8.7342,10.1760,10.3026,11.2930"
EP00203,C3_both,23,CHANNEL_DROPOUT,"0.4513,0.3545,0.8590,0.8283,0.9275,0.5715,0.3320,0.5611,0.4399,0.1187,0.1846,0.3763,0.5441,0.2514,0.2270,0.3518,0.4211,0.7864,0.5285,0.7995,0.6752,0.7279,0.8642,1.1622,12.9371,12.8628,12.9999,26.5028,31.0668,32.5744,32.6952,33.7355,34.8461,35.5745,35.9886,36.9440,32.3681,29.6647,37.9095,36.5990,38.6642,41.9526,44.4759"
EP00204,C1_variability,14,CHANNEL_DROPOUT,"0.5006,0.6403,0.6197,0.7336,0.2121,0.1389,0.1754,0.1998,0.2074,0.2422,0.1245,0.0578,0.3633,0.7284,11.0292,23.9358,27.4833,27.4026,30.8117,33.7781,21.2253,24.5137,21.3542,25.1814,26.0417,28.1250,40.7364,43.5416,42.3985,42.0622,44.5598,43.1755,44.5797,41.9733,43.7500,46.3542,48.4375,83.8626,53.6458,56.7708,58.3333,59.8958,59.8958"
EP00204,C2_covariance,14,CHANNEL_DROPOUT,"0.8893,0.0450,0.6228,0.5096,0.6081,0.2544,0.0164,0.2441,0.2033,0.4521,0.4423,0.5476,0.3916,0.2594,0.9940,1.5546,3.2708,4.7150,5.9581,6.2588,7.0982,7.8471,8.0556,9.7669,10.3436,11.1889,11.8578,13.5437,14.4332,16.4746,16.8723,17.9794,19.1201,20.7884,23.7886,25.7141,28.0290,29.4819,34.2738,37.0528,39.5337,41.7950,41.9254"
EP00204,C3_both,14,CHANNEL_DROPOUT,"0.8893,0.6403,0.6228,0.7336,0.6081,0.2544,0.1754,0.2441,0.2074,0.4521,0.4423,0.5476,0.3916,0.7284,11.0292,23.9358,27.4833,27.4026,30.8117,33.7781,21.2253,24.5137,21.3542,25.1814,26.0417,28.1250,40.7364,43.5416,42.3985,42.0622,44.5598,43.1755,44.5797,41.9733,43.7500,46.3542,48.4375,83.8626,53.6458,56.7708,58.3333,59.8958,59.8958"
EP00205,C1_variability,26,GAIN_DRIFT,"0.1381,0.1958,0.3883,0.5330,0.3905,0.2776,0.3736,0.2954,0.7947,0.0991,0.0617,0.1611,0.1018,0.1814,0.1612,0.1749,0.0268,0.2199,0.2371,0.1282,0.0016,0.5232,1.7110,4.1852,8.0761,11.2258,13.5394,15.5716,15.8825,15.6085,16.0257,15.7745,16.8787,16.1809,17.2177,16.0732,16.9956,16.5877,15.8334,15.9490,16.4504,16.5323,16.0693"
EP00205,C2_covariance,26,GAIN_DRIFT,"0.5224,0.3251,0.9875,0.8875,0.9539,0.5977,0.3582,0.5874,0.1332,0.0928,0.1587,0.3505,0.5185,0.2255,0.2012,0.2806,0.3408,0.6832,0.4500,0.6292,0.1037,0.0470,0.3040,0.2708,0.2019,0.1280,0.0801,0.1808,0.2103,0.3775,0.1340,0.1688,0.0237,0.2503,0.2374,0.3746,0.4742,0.5596,0.2956,0.1608,0.1385,0.0384,0.0874"
EP00205,C3_both,26,GAIN_DRIFT,"0.5224,0.3251,0.9875,0.8875,0.9539,0.5977,0.3736,0.5874,0.7947,0.0991,0.1587,0.3505,0.5185,0.2255,0.2012,0.2806,0.3408,0.6832,0.4500,0.6292,0.1037,0.5232,1.7110,4.1852,8.0761,11.2258,13.5394,15.5716,15.8825,15.6085,16.0257,15.7745,16.8787,16.1809,17.2177,16.0732,16.9956,16.5877,15.8334,15.9490,16.4504,16.5323,16.0693"
EP00206,C1_variability,19,GAIN_DRIFT,"1.1093,0.5348,0.2703,0.4146,0.2725,0.2736,0.1155,0.1398,0.1489,0.2160,0.1787,0.0976,0.2187,0.2704,1.6017,4.7003,10.4719,16.0517,24.0843,35.5828,42.7725,45.0290,45.6235,45.4010,46.7887,46.5650,46.1156,45.5622,45.2566,45.2112,43.2808,44.4840,45.1779,46.7995,46.9441,46.8009,46.2839,46.8597,44.9319,44.3013,43.9373,43.8312,44.9377"
EP00206,C2_covariance,19,GAIN_DRIFT,"0.5513,0.0000,0.7118,0.5262,0.6248,0.2709,0.0329,0.2606,0.1906,0.4152,0.4807,0.6712,0.8381,0.5425,0.5374,0.3413,0.2572,0.6293,0.9868,0.3137,0.7225,0.0590,0.3000,0.6208,0.2064,0.1365,0.0112,0.0596,0.2774,0.4529,0.2865,0.1749,0.2173,0.8333,0.7339,0.6543,0.7864,0.5346,0.2838,0.5564,0.4740,0.6020,0.1733"
EP00206,C3_both,19,GAIN_DRIFT,"1.1093,0.5348,0.7118,0.5262,0.6248,0.2736,0.1155,0.2606,0.1906,0.4152,0.4807,0.6712,0.8381,0.5425,1.6017,4.7003,10.4719,16.0517,24.0843,35.5828,42.7725,45.0290,45.6235,45.4010,46.7887,46.5650,46.1156,45.5622,45.2566,45.2112,43.2808,44.4840,45.1779,46.7995,46.9441,46.8009,46.2839,46.8597,44.9319,44.3013,43.9373,43.8312,44.9377"
EP00207,C1_variability,15,GAIN_DRIFT,"0.4366,0.1425,0.0488,0.1925,0.0510,0.1784,0.3353,0.3596,0.3960,0.4354,1.3373,5.6068,11.1900,17.0563,28.2131,45.2493,77.9630,102.2121,107.3250,107.9205,108.6924,109.1264,111.8370,111.7630,112.1660,115.9551,114.0416,111.0024,112.4714,113.1378,112.3570,110.1295,111.4013,111.3402,107.9884,106.7214,104.3671,109.5074,109.2513,112.5787,113.8088,113.9373,116.6003"
EP00207,C2_covariance,15,GAIN_DRIFT,"0.4519,0.1510,0.3402,0.3736,0.4719,0.1191,0.1182,0.1088,0.3410,0.5650,0.6910,0.7350,0.4166,3.4218,5.8884,5.9324,6.4716,2.4402,3.0702,2.6734,2.2367,1.9114,1.5994,1.7603,1.4437,2.0779,2.2564,1.9801,2.3806,2.6011,2.3031,2.1702,1.9014,1.8732,1.9647,1.9458,2.5998,2.6922,2.9490,2.4548,2.4419,2.0381,2.1180"
EP00207,C3_both,15,GAIN_DRIFT,"0.4519,0.1510,0.3402,0.3736,0.4719,0.1784,0.3353,0.3596,0.3960,0.5650,1.3373,5.6068,11.1900,17.0563,28.2131,45.2493,77.9630,102.2121,107.3250,107.9205,108.6924,109.1264,111.8370,111.7630,112.1660,115.9551,114.0416,111.0024,112.4714,113.1378,112.3570,110.1295,111.4013,111.3402,107.9884,106.7214,104.3671,109.5074,109.2513,112.5787,113.8088,113.9373,116.6003"
EP00208,C1_variability,17,GAIN_DRIFT,"0.5488,0.7096,0.4416,0.4524,0.3102,0.2290,0.0781,0.1025,0.1115,0.1787,0.1413,0.0506,0.1266,0.4631,0.8266,1.6763,3.2825,5.1563,6.7873,8.7500,9.3307,11.4119,13.1432,14.7655,17.0917,17.1530,17.9710,17.4247,16.8119,16.8906,16.5069,16.5137,17.4527,17.5081,16.8948,16.6952,16.3789,17.0981,15.7703,16.7998,17.1897,16.8065,16.9483"
EP00208,C2_covariance,17,GAIN_DRIFT,"0.5436,0.1914,0.6859,0.7196,0.8185,0.4633,0.2243,0.4530,0.0000,0.2254,0.2911,0.4821,0.6553,0.3604,0.3503,0.7019,0.7888,1.1164,0.9135,1.2505,0.7899,0.0881,0.3506,0.3835,0.4280,0.0870,0.1025,0.4234,0.8707,1.1075,0.7474,0.5110,0.3292,0.0296,0.0216,0.1333,0.3519,0.3335,0.2394,0.5603,0.3859,0.3663,0.4569"
EP00208,C3_both,17,GAIN_DRIFT,"0.5488,0.7096,0.6859,0.7196,0.8185,0.4633,0.2243,0.4530,0.1115,0.2254,0.2911,0.4821,0.6553,0.4631,0.8266,1.6763,3.2825,5.1563,6.7873,8.7500,9.3307,11.4119,13.1432,14.7655,17.0917,17.1530,17.9710,17.4247,16.8119,16.8906,16.5069,16.5137,17.4527,17.5081,16.8948,16.6952,16.3789,17.0981,15.7703,16.7998,17.1897,16.8065,16.9483"
EP00209,C1_variability,15,GAIN_DRIFT,"0.2492,0.5113,0.4113,0.5560,0.4135,0.1825,0.0244,0.0000,0.0918,0.0876,0.0927,0.5068,1.7088,4.4797,7.8827,12.5677,16.5450,19.8276,23.7665,30.0003,33.5110,38.1756,41.5924,43.1197,46.1620,46.9029,48.0810,48.7140,49.0514,49.7636,49.2437,48.9318,47.7784,48.6191,46.5835,47.2122,47.1990,46.4868,46.9664,47.4885,46.5169,47.3535,48.0835"
EP00209,C2_covariance,15,GAIN_DRIFT,"0.7597,0.0000,0.6856,0.5262,0.6248,0.2709,0.0329,0.2606,0.1906,0.4114,0.4734,0.6664,0.8158,0.5913,0.4910,0.9772,1.1240,1.3709,1.0258,1.5464,1.0776,0.1493,0.2604,0.6552,0.4727,0.3096,0.4541,0.1467,0.2680,1.1913,1.0156,0.3873,0.1500,0.2146,0.2647,0.2556,0.6190,0.6619,0.6399,0.6969,0.9046,0.6675,0.7468"
EP00209,C3_both,15,GAIN_DRIFT,"0.7597,0.5113,0.6856,0.5560,0.6248,0.2709,0.0329,0.2606,0.1906,0.4114,0.4734,0.6664,1.7088,4.4797,7.8827,12.5677,16.5450,19.8276,23.7665,30.0003,33.5110,38.1756,41.5924,43.1197,46.1620,46.9029,48.0810,48.7140,49.0514,49.7636,49.2437,48.9318,47.7784,48.6191,46.5835,47.2122,47.1990,46.4868,46.9664,47.4885,46.5169,47.3535,48.0835"
EP00210,C1_variability,25,GAIN_DRIFT,"0.1365,0.2765,0.3867,0.5313,0.3889,0.4526,0.0872,0.3746,0.5561,0.1113,0.0633,0.0179,0.1034,0.0963,0.1628,0.1765,0.0145,0.1020,0.0506,0.1276,0.3309,2.8292,5.9778,12.2209,23.2387,36.6133,53.9089,62.9537,71.5997,82.3225,91.1243,101.4912,104.6404,114.4736,114.3605,112.2206,115.7396,116.9083,113.8555,108.8623,107.0595,106.6822,106.3562"
EP00210,C2_covariance,25,GAIN_DRIFT,"0.4248,0.2347,0.7956,0.7633,0.8623,0.5068,0.2677,0.4965,0.0431,0.1825,0.2483,0.4397,0.6074,0.3150,0.2907,0.3337,0.4021,0.7527,0.5068,0.7690,0.2377,0.1353,0.3362,0.5181,0.7864,0.9036,1.0346,1.4888,3.4571,5.4370,2.7200,1.9643,1.6064,1.6534,1.7263,1.8565,2.1704,2.0888,2.0207,1.6881,2.0373,1.7260,1.7023"
EP00210,C3_both,25,GAIN_DRIFT,"0.4248,0.2765,0.7956,0.7633,0.8623,0.5068,0.2677,0.4965,0.5561,0.1825,0.2483,0.4397,0.6074,0.3150,0.2907,0.3337,0.4021,0.7527,0.5068,0.7690,0.3309,2.8292,5.9778,12.2209,23.2387,36.6133,53.9089,62.9537,71.5997,82.3225,91.1243,101.4912,104.6404,114.4736,114.3605,112.2206,115.7396,116.9083,113.8555,108.8623,107.0595,106.6822,106.3562"
EP00211,C1_variability,24,GAIN_DRIFT,"0.1513,0.2090,0.4016,0.5463,0.4038,0.3072,0.4254,0.2259,0.5124,0.0860,0.2514,0.0947,0.0887,0.0816,0.1481,0.1618,0.0002,0.1168,0.1187,0.1203,0.0023,0.4536,1.3553,1.5751,2.6562,3.5807,4.9075,5.1634,6.5709,7.2263,8.6445,9.2774,11.3966,11.9286,12.0216,13.0811,15.0651,15.6145,16.5663,16.8448,17.3929,18.6034,19.0090"
EP00211,C2_covariance,24,GAIN_DRIFT,"0.4683,0.3159,0.8957,0.8454,0.9446,0.5885,0.3489,0.5781,0.1240,0.1019,0.1678,0.3596,0.5275,0.2347,0.2103,0.3195,0.3874,0.7431,0.5022,0.7520,0.2445,0.0331,0.3379,0.3113,0.2176,0.0616,0.0361,0.3034,0.1931,0.4760,0.3088,0.0396,0.1039,0.2037,0.1593,0.3448,0.4433,0.4465,0.2651,0.3794,0.0739,0.0904,0.1386"
EP00211,C3_both,24,GAIN_DRIFT,"0.4683,0.3159,0.8957,0.8454,0.9446,0.5885,0.4254,0.5781,0.5124,0.1019,0.2514,0.3596,0.5275,0.2347,0.2103,0.3195,0.3874,0.7431,0.5022,0.7520,0.2445,0.4536,1.3553,1.5751,2.6562,3.5807,4.9075,5.1634,6.5709,7.2263,8.6445,9.2774,11.3966,11.9286,12.0216,13.0811,15.0651,15.6145,16.5663,16.8448,17.3929,18.6034,19.0090"
EP00212,C1_variability,16,GAIN_DRIFT,"0.6603,0.8146,0.3990,0.5437,0.4012,0.1702,0.0122,0.0122,0.1244,0.0885,0.0510,0.0267,0.0789,0.3839,1.2326,1.8849,4.2113,6.5540,6.9597,9.9443,10.5599,12.6098,14.2566,15.3587,16.6241,17.8648,20.7322,20.5569,22.7601,23.9946,25.0690,26.2961,28.6685,29.3957,30.1431,35.1020,35.7216,37.4321,40.1776,38.8169,40.5393,39.7173,40.6421"
EP00212,C2_covariance,16,GAIN_DRIFT,"0.6286,0.0955,0.6240,0.6227,0.7215,0.3669,0.1284,0.3566,0.0955,0.3205,0.3864,0.5824,0.7445,0.4614,0.4438,0.7647,0.9060,1.2691,0.9390,1.2948,0.8470,0.1409,0.4291,0.3582,0.3221,0.0855,0.1750,0.4041,0.5368,0.4509,0.8744,0.5910,0.6483,0.1476,0.2928,0.2250,0.6590,0.6086,0.4749,0.7230,0.5115,0.6016,0.2894"
EP00212,C3_both,16,GAIN_DRIFT,"0.6603,0.8146,0.6240,0.6227,0.7215,0.3669,0.1284,0.3566,0.1244,0.3205,0.3864,0.5824,0.7445,0.4614,1.2326,1.8849,4.2113,6.5540,6.9597,9.9443,10.5599,12.6098,14.2566,15.3587,16.6241,17.8648,20.7322,20.5569,22.7601,23.9946,25.0690,26.2961,28.6685,29.3957,30.1431,35.1020,35.7216,37.4321,40.1776,38.8169,40.5393,39.7173,40.6421"
EP00213,C1_variability,22,GAIN_DRIFT,"0.6467,0.2408,0.4335,0.5783,0.4358,0.2046,0.1578,0.0221,0.0515,0.0648,0.0257,0.0644,0.0571,0.2460,0.1164,0.1478,0.0315,0.1244,1.0106,2.4024,4.5632,8.3528,12.7960,17.9295,24.0076,28.3911,33.7934,39.4960,43.6949,48.1271,55.7322,60.2997,69.9375,72.4450,77.3751,84.7668,91.2508,97.0839,101.0964,100.8804,102.3718,105.0520,107.3488"
EP00213,C2_covariance,22,GAIN_DRIFT,"0.3949,0.1906,0.8533,0.7188,0.8177,0.4625,0.2236,0.4522,0.0008,0.2262,0.2919,0.4832,0.6507,0.3585,0.3342,0.2554,0.3217,0.6789,0.4899,0.7570,0.3425,0.0575,0.1770,0.1016,0.2206,0.3069,0.0817,0.1939,1.1357,1.4948,1.1769,1.7723,1.9837,3.0734,3.7695,4.5523,4.9859,5.8003,6.2571,7.1635,8.7515,8.8226,7.4880"
EP00213,C3_both,22,GAIN_DRIFT,"0.6467,0.2408,0.8533,0.7188,0.8177,0.4625,0.2236,0.4522,0.0515,0.2262,0.2919,0.4832,0.6507,0.3585,0.3342,0.2554,0.3217,0.6789,1.0106,2.4024,4.5632,8.3528,12.7960,17.9295,24.0076,28.3911,33.7934,39.4960,43.6949,48.1271,55.7322,60.2997,69.9375,72.4450,77.3751,84.7668,91.2508,97.0839,101.0964,100.8804,102.3718,105.0520,107.3488"
EP00214,C1_variability,14,GEOMETRY_ROTATION,"0.3681,0.2064,0.3990,0.5437,0.4012,0.1702,0.0122,0.0122,0.2864,1.6037,2.5418,3.7224,4.6979,5.9689,6.7185,6.6288,6.7049,6.6705,6.6783,6.9653,6.7358,7.1138,7.6495,7.8603,7.8739,7.3891,7.4144,6.9293,6.9684,6.8367,7.0798,6.9343,7.1012,7.7405,7.6153,7.5527,7.6806,7.5879,7.6897,7.0757,7.1209,7.1441,7.0799"
EP00214,C2_covariance,14,GEOMETRY_ROTATION,"0.7843,0.2643,0.5922,0.3678,0.3571,0.0051,0.2317,0.0051,0.4473,0.5574,0.1848,0.6736,1.6593,3.5306,4.8607,6.0416,6.5194,6.7680,6.9879,6.6269,6.6359,6.9781,6.9839,7.1078,6.7880,6.9144,6.7377,6.3337,6.7030,6.8696,6.3767,6.8739,6.8222,7.1802,7.2676,6.8574,7.3020,7.1539,7.2301,6.4529,6.5214,6.2838,6.2134"
EP00214,C3_both,14,GEOMETRY_ROTATION,"0.7843,0.2643,0.5922,0.5437,0.4012,0.1702,0.2317,0.0122,0.4473,1.6037,2.5418,3.7224,4.6979,5.9689,6.7185,6.6288,6.7049,6.7680,6.9879,6.9653,6.7358,7.1138,7.6495,7.8603,7.8739,7.3891,7.4144,6.9293,6.9684,6.8696,7.0798,6.9343,7.1012,7.7405,7.6153,7.5527,7.6806,7.5879,7.6897,7.0757,7.1209,7.1441,7.0799"
EP00215,C1_variability,15,GEOMETRY_ROTATION,"0.3458,0.2187,0.4113,0.5560,0.4135,0.1825,0.0244,0.0000,0.0091,1.1253,2.4870,3.6590,5.0027,6.3581,7.6522,8.7419,9.2942,9.5827,9.6007,9.6263,9.5230,9.3308,9.3673,9.4661,9.3829,9.3930,9.4090,9.7075,9.9029,9.9089,10.0703,9.9185,10.0375,9.8254,9.7356,9.6809,9.5222,9.6597,9.4899,9.8154,9.8278,9.7043,9.7385"
EP00215,C2_covariance,15,GEOMETRY_ROTATION,"0.3379,0.4879,0.3436,0.1200,0.1308,0.2196,0.4553,0.2298,0.6766,0.8171,0.3278,2.1064,3.6300,5.7613,7.5290,9.3411,10.6625,11.5996,11.7972,11.2799,11.4710,11.6220,11.3904,11.2659,11.0277,11.0607,11.3655,10.9932,11.3936,11.6673,11.5281,11.8960,11.5671,11.8564,11.8692,11.4774,11.9328,11.5665,11.7267,11.1132,11.3540,11.3030,11.3919"
EP00215,C3_both,15,GEOMETRY_ROTATION,"0.3458,0.4879,0.4113,0.5560,0.4135,0.2196,0.4553,0.2298,0.6766,1.1253,2.4870,3.6590,5.0027,6.3581,7.6522,9.3411,10.6625,11.5996,11.7972,11.2799,11.4710,11.6220,11.3904,11.2659,11.0277,11.0607,11.3655,10.9932,11.3936,11.6673,11.5281,11.8960,11.5671,11.8564,11.8692,11.4774,11.9328,11.5665,11.7267,11.1132,11.3540,11.3030,11.3919"
EP00216,C1_variability,24,GEOMETRY_ROTATION,"0.1851,0.3115,0.4355,0.5803,0.4377,0.3810,0.0905,0.1614,0.3298,0.0524,0.0149,0.0663,0.0551,0.0479,0.1145,0.1282,0.0339,0.0334,1.5704,2.9897,3.3267,4.9535,8.1509,10.8369,16.7288,23.4379,22.9740,23.1979,23.2869,23.2006,23.2593,23.2049,23.2257,23.0277,22.9709,23.1103,22.9516,22.9475,22.8449,23.0631,23.1633,23.0859,23.2209"
EP00216,C2_covariance,24,GEOMETRY_ROTATION,"0.1463,0.0920,0.3998,0.4333,0.5316,0.1784,0.0592,0.1681,0.2823,0.5064,0.5718,0.7620,0.9285,0.6380,0.6139,0.5091,0.5211,0.7649,1.5146,5.6916,9.6174,11.1340,13.5594,16.1973,18.9984,20.8943,21.1412,20.4190,20.7997,21.1402,20.8334,20.8406,20.6258,21.1331,21.1467,20.5379,21.4923,21.7066,21.6755,21.0655,21.7056,21.5739,21.0931"
EP00216,C3_both,24,GEOMETRY_ROTATION,"0.1851,0.3115,0.4355,0.5803,0.5316,0.3810,0.0905,0.1681,0.3298,0.5064,0.5718,0.7620,0.9285,0.6380,0.6139,0.5091,0.5211,0.7649,1.5704,5.6916,9.6174,11.1340,13.5594,16.1973,18.9984,23.4379,22.9740,23.1979,23.2869,23.2006,23.2593,23.2049,23.2257,23.0277,22.9709,23.1103,22.9516,22.9475,22.8449,23.0631,23.1633,23.0859,23.2209"
EP00217,C1_variability,16,GEOMETRY_ROTATION,"0.8592,0.9534,0.4158,0.5606,0.4181,0.1870,0.0289,0.0045,0.0045,0.0718,0.1505,0.5437,1.3510,2.8067,3.4863,4.0185,4.3968,5.0041,5.3276,5.4171,5.8745,6.5431,7.0829,7.4893,6.5459,6.9691,7.3858,8.0643,8.1975,8.0100,7.1132,7.2004,7.3441,7.0071,6.9833,6.8401,6.6743,6.7185,6.5703,6.8642,6.8574,6.7674,6.9140"
EP00217,C2_covariance,16,GEOMETRY_ROTATION,"0.6429,0.0164,0.6367,0.5096,0.6081,0.2544,0.0164,0.2441,0.2070,0.4315,0.4981,0.6840,0.8307,0.3009,0.0235,0.8723,1.0581,1.8891,2.7984,3.3443,4.3838,5.2729,5.4205,5.9227,6.3972,6.8319,7.0397,6.7551,7.0249,7.1673,6.6409,6.8473,6.6129,7.0560,6.9138,6.6854,7.1993,6.9760,7.1162,6.3436,6.7204,6.5799,6.4089"
EP00217,C3_both,16,GEOMETRY_ROTATION,"0.8592,0.9534,0.6367,0.5606,0.6081,0.2544,0.0289,0.2441,0.2070,0.4315,0.4981,0.6840,1.3510,2.8067,3.4863,4.0185,4.3968,5.0041,5.3276,5.4171,5.8745,6.5431,7.0829,7.4893,6.5459,6.9691,7.3858,8.0643,8.1975,8.0100,7.1132,7.2004,7.3441,7.0560,6.9833,6.8401,7.1993,6.9760,7.1162,6.8642,6.8574,6.7674,6.9140"
EP00218,C1_variability,22,GEOMETRY_ROTATION,"0.2167,0.6290,0.4672,0.6121,0.4695,0.2382,0.0799,0.0555,0.6017,0.0209,0.0165,0.0978,0.0237,0.4917,0.2533,0.3561,0.0871,1.3712,2.9042,4.3459,5.2160,5.8907,6.8288,7.5649,8.6576,8.9667,9.0293,9.6705,10.1563,10.2324,10.5132,10.4652,10.5415,10.3073,10.1344,10.1739,10.0359,10.1584,9.9516,10.2659,10.3582,10.2977,10.3468"
EP00218,C2_covariance,22,GEOMETRY_ROTATION,"0.3523,0.0243,0.6449,0.5016,0.6001,0.2464,0.0085,0.2361,0.2149,0.4393,0.5048,0.6952,0.8620,0.5711,0.5470,0.4827,0.5379,0.9776,1.0823,1.9709,4.0052,5.6391,7.0073,9.3978,11.4644,13.2298,14.7518,14.8454,15.5040,16.1323,16.0398,16.2711,15.9403,16.3488,16.2801,15.8561,16.3263,16.3949,16.4500,15.9608,16.1342,16.2582,16.2456"
EP00218,C3_both,22,GEOMETRY_ROTATION,"0.3523,0.6290,0.6449,0.6121,0.6001,0.2464,0.0799,0.2361,0.6017,0.4393,0.5048,0.6952,0.8620,0.5711,0.5470,0.4827,0.5379,1.3712,2.9042,4.3459,5.2160,5.8907,7.0073,9.3978,11.4644,13.2298,14.7518,14.8454,15.5040,16.1323,16.0398,16.2711,15.9403,16.3488,16.2801,15.8561,16.3263,16.3949,16.4500,15.9608,16.1342,16.2582,16.2456"
EP00219,C1_variability,21,GEOMETRY_ROTATION,"0.2001,0.4569,0.4506,0.5954,0.4528,0.2216,0.1696,0.0390,0.0299,0.0374,0.0000,0.0813,0.0402,0.1951,0.1492,0.6223,1.8760,3.2849,4.5007,5.9772,7.3731,8.5514,10.1586,11.8766,13.7146,15.5670,17.9537,20.1024,21.4481,22.5016,23.0527,23.0602,23.1673,23.0615,23.1005,23.1678,22.9975,23.0469,22.9819,23.2110,23.1974,23.0756,23.0650"
EP00219,C2_covariance,21,GEOMETRY_ROTATION,"0.4226,0.0328,0.5610,0.4930,0.5915,0.2379,0.0000,0.2276,0.2233,0.4477,0.5132,0.7036,0.8704,0.5795,0.5554,0.6162,0.5652,2.3017,5.0086,6.8456,9.4155,11.3735,12.8175,14.2519,15.3198,17.0262,17.9002,18.6963,20.2605,20.4300,20.1090,20.5849,20.4999,20.6811,21.0529,20.8775,20.5863,20.3692,20.3676,20.3965,20.6485,20.3944,20.5231"
EP00219,C3_both,21,GEOMETRY_ROTATION,"0.4226,0.4569,0.5610,0.5954,0.5915,0.2379,0.1696,0.2276,0.2233,0.4477,0.5132,0.7036,0.8704,0.5795,0.5554,0.6223,1.8760,3.2849,5.0086,6.8456,9.4155,11.3735,12.8175,14.2519,15.3198,17.0262,17.9537,20.1024,21.4481,22.5016,23.0527,23.0602,23.1673,23.0615,23.1005,23.1678,22.9975,23.0469,22.9819,23.2110,23.1974,23.0756,23.0650"
EP00220,C1_variability,17,GEOMETRY_ROTATION,"0.6075,0.4972,0.4113,0.5560,0.4135,0.2030,0.0370,0.0030,0.2997,0.0764,0.0389,0.0303,0.2893,0.6545,1.1820,1.6496,1.9515,2.7975,2.9507,3.4784,4.0496,4.3800,5.1629,5.2404,5.3628,5.7043,6.7145,5.6725,6.1668,7.0725,7.2181,8.0239,8.2031,8.5682,8.2723,7.2692,7.5296,7.0558,7.7196,7.1491,7.1465,7.1033,7.1743"
EP00220,C2_covariance,17,GEOMETRY_ROTATION,"0.5371,0.1914,0.6859,0.7196,0.8185,0.4633,0.2243,0.4530,0.0000,0.2254,0.2911,0.4828,0.6489,0.3438,0.2888,0.6991,0.7278,1.1095,0.9713,1.2645,0.9722,1.2311,1.1023,1.5380,2.0241,2.5626,2.9401,3.0587,3.7746,4.4144,4.2173,4.8562,5.1174,5.5451,5.8220,5.6934,6.6788,6.8075,7.1986,6.8684,6.9354,6.8265,6.6272"
EP00220,C3_both,17,GEOMETRY_ROTATION,"0.6075,0.4972,0.6859,0.7196,0.8185,0.4633,0.2243,0.4530,0.2997,0.2254,0.2911,0.4828,0.6489,0.6545,1.1820,1.6496,1.9515,2.7975,2.9507,3.4784,4.0496,4.3800,5.1629,5.2404,5.3628,5.7043,6.7145,5.6725,6.1668,7.0725,7.2181,8.0239,8.2031,8.5682,8.2723,7.2692,7.5296,7.0558,7.7196,7.1491,7.1465,7.1033,7.1743"
EP00221,C1_variability,17,GEOMETRY_ROTATION,"0.7524,0.9980,0.4204,0.5652,0.4226,0.2235,0.0335,0.0091,0.0000,0.0673,0.0299,0.1637,0.8413,1.5939,2.3942,3.1434,3.7624,4.4780,5.1405,5.8521,6.2128,6.8970,8.1908,8.9157,8.9659,9.7832,9.9893,8.7116,9.1340,8.8422,9.2129,9.2593,9.4800,9.4728,9.6213,9.8945,9.9601,10.2797,10.3293,10.6568,10.6164,10.5418,10.6524"
EP00221,C2_covariance,17,GEOMETRY_ROTATION,"0.5407,0.0328,0.6320,0.4930,0.5915,0.2379,0.0000,0.2276,0.2233,0.4477,0.5132,0.7070,0.8312,0.3557,0.1084,0.8926,0.9155,1.9063,2.5703,3.0881,4.2443,5.1319,5.7486,6.8760,7.7953,8.5301,9.0469,9.0393,9.7376,10.6762,10.8482,11.8451,12.1068,12.8785,13.2955,13.6545,14.5627,14.8963,15.3912,14.8915,14.8163,14.6274,14.6963"
EP00221,C3_both,17,GEOMETRY_ROTATION,"0.7524,0.9980,0.6320,0.5652,0.5915,0.2379,0.0335,0.2276,0.2233,0.4477,0.5132,0.7070,0.8413,1.5939,2.3942,3.1434,3.7624,4.4780,5.1405,5.8521,6.2128,6.8970,8.1908,8.9157,8.9659,9.7832,9.9893,9.0393,9.7376,10.6762,10.8482,11.8451,12.1068,12.8785,13.2955,13.6545,14.5627,14.8963,15.3912,14.8915,14.8163,14.6274,14.6963"
EP00222,C1_variability,17,GEOMETRY_ROTATION,"0.7165,0.6861,0.4204,0.5652,0.4226,0.1915,0.0335,0.0091,0.0000,0.0673,0.0299,0.5578,1.9401,3.3813,4.6134,5.6762,6.4530,7.4418,8.0770,8.7562,9.1266,9.2874,9.7877,10.2309,10.7242,11.1759,11.6352,12.3338,12.8415,13.2185,13.9156,14.3673,15.2262,15.7030,16.4441,17.3801,19.6577,20.6297,23.6784,22.8453,21.3965,22.1200,21.0766"
EP00222,C2_covariance,17,GEOMETRY_ROTATION,"0.6752,0.2593,0.6550,0.4562,0.3623,0.0102,0.2266,0.0000,0.4489,0.6723,0.7374,0.9365,0.9258,0.2358,1.9107,3.7936,5.8257,8.0422,10.0381,11.3827,12.8079,13.7618,14.0547,15.0769,16.1243,17.0964,17.8936,17.9475,18.8159,19.7615,19.4735,19.9842,20.2320,21.1575,21.3353,21.4125,21.9550,22.1445,21.8833,21.5435,22.0773,22.3924,22.3250"
EP00222,C3_both,17,GEOMETRY_ROTATION,"0.7165,0.6861,0.6550,0.5652,0.4226,0.1915,0.2266,0.0091,0.4489,0.6723,0.7374,0.9365,1.9401,3.3813,4.6134,5.6762,6.4530,8.0422,10.0381,11.3827,12.8079,13.7618,14.0547,15.0769,16.1243,17.0964,17.8936,17.9475,18.8159,19.7615,19.4735,19.9842,20.2320,21.1575,21.3353,21.4125,21.9550,22.1445,23.6784,22.8453,22.0773,22.3924,22.3250"
EP00223,C1_variability,13,NONE,"0.3656,0.6579,0.0738,0.2058,0.0000,0.0772,0.0544,0.1472,0.1113,0.0340,0.2268,0.8136,0.4324,1.2079,1.6029,1.0811,1.2902,1.9670,2.1577,2.0106,1.9450,2.1893,1.6616,1.0281,1.2355,1.6048,2.3262,2.1088,1.8732,1.3389,1.7962,1.6714,1.4757,1.9906,2.0594,2.4428,1.7877,2.5134,2.9603,2.5109,2.3822,2.4720,2.3145"
EP00223,C2_covariance,13,NONE,"0.8390,0.8324,0.0263,0.1670,0.3987,0.3618,0.2477,0.3169,0.2448,0.0000,0.1859,0.1806,0.1541,0.2193,0.1248,0.4425,0.8490,0.7256,0.2762,0.5187,0.4149,0.2197,0.3143,0.3749,0.3299,0.2426,0.1677,0.3966,0.6481,0.6513,0.6291,1.4409,1.0610,0.9116,0.5784,0.6031,0.5091,0.0245,0.5570,0.6584,1.1508,1.2148,1.2324"
EP00223,C3_both,13,NONE,"0.8390,0.8324,0.0738,0.2058,0.3987,0.3618,0.2477,0.3169,0.2448,0.0340,0.2268,0.8136,0.4324,1.2079,1.6029,1.0811,1.2902,1.9670,2.1577,2.0106,1.9450,2.1893,1.6616,1.0281,1.2355,1.6048,2.3262,2.1088,1.8732,1.3389,1.7962,1.6714,1.4757,1.9906,2.0594,2.4428,1.7877,2.5134,2.9603,2.5109,2.3822,2.4720,2.3145"
EP00224,C1_variability,17,RATE_LOSS,"0.5915,0.8784,0.1918,0.2419,0.1318,0.1675,0.1577,0.0458,0.1477,0.0704,0.0134,0.2634,0.4326,0.7064,1.4810,2.1894,3.1377,3.9894,4.5454,4.9801,5.1125,4.9907,5.1410,5.1282,5.2069,5.2564,5.2056,5.2857,5.0625,4.8953,4.9168,4.8239,4.8367,4.8639,4.8917,5.0010,4.9273,5.1116,5.1833,5.1784,5.2837,5.2106,5.2576"
EP00224,C2_covariance,17,RATE_LOSS,"0.8432,0.7687,0.0971,0.1805,0.5056,0.4297,0.3181,0.3872,0.0456,0.0708,0.2564,0.2386,0.1700,0.0550,0.2051,0.4785,0.4592,0.4905,0.1868,0.4417,0.4851,0.2901,0.3847,0.4452,0.2763,0.2825,0.1121,0.0606,0.3615,0.5796,0.5135,1.2130,0.9864,0.7861,0.5068,0.5314,0.3485,0.0463,0.6269,0.7282,0.9984,1.0554,1.0848"
EP00224,C3_both,17,RATE_LOSS,"0.8432,0.8784,0.1918,0.2419,0.5056,0.4297,0.3181,0.3872,0.1477,0.0708,0.2564,0.2634,0.4326,0.7064,1.4810,2.1894,3.1377,3.9894,4.5454,4.9801,5.1125,4.9907,5.1410,5.1282,5.2069,5.2564,5.2056,5.2857,5.0625,4.8953,4.9168,4.8239,4.8367,4.8639,4.8917,5.0010,4.9273,5.1116,5.1833,5.1784,5.2837,5.2106,5.2576"
EP00225,C1_variability,24,RATE_LOSS,"0.5703,0.8084,0.1404,0.8040,0.4381,0.0697,0.4496,0.2863,0.0943,0.0170,0.0666,0.1204,0.0773,0.1619,0.2234,0.3468,0.3094,0.2365,0.1684,0.6565,2.1506,3.5909,5.7039,7.9123,10.3881,12.0816,12.6982,12.7778,12.5920,12.4528,12.4707,12.3934,12.4040,12.4266,12.4498,12.5408,12.4794,12.6329,12.6925,12.6884,12.7761,12.7153,12.7544"
EP00225,C2_covariance,24,RATE_LOSS,"0.7522,0.6486,0.0662,0.3389,0.6183,0.6091,0.2874,0.3566,0.0765,0.0399,0.2256,0.2203,0.1939,0.0895,0.0848,0.4022,0.5499,0.4438,0.1446,0.3461,0.3857,0.3625,0.5354,0.3355,0.1723,0.1723,0.0881,0.1683,0.4616,0.6108,0.5447,1.3850,1.0817,0.9323,0.5380,0.5627,0.3923,0.0154,0.5964,0.6978,0.9562,1.0233,1.0152"
EP00225,C3_both,24,RATE_LOSS,"0.7522,0.8084,0.1404,0.8040,0.6183,0.6091,0.4496,0.3566,0.0943,0.0399,0.2256,0.2203,0.1939,0.1619,0.2234,0.4022,0.5499,0.4438,0.1684,0.6565,2.1506,3.5909,5.7039,7.9123,10.3881,12.0816,12.6982,12.7778,12.5920,12.4528,12.4707,12.3934,12.4040,12.4266,12.4498,12.5408,12.4794,12.6329,12.6925,12.6884,12.7761,12.7153,12.7544"
EP00226,C1_variability,14,RATE_LOSS,"0.3645,0.6316,0.1341,0.2907,0.0279,0.0165,0.0824,0.0134,0.0084,1.1263,3.1946,5.5646,8.6890,12.3437,18.5390,23.3323,26.5365,27.3732,27.3938,27.5017,27.5600,27.4991,27.5743,27.5679,27.6072,27.6320,27.6065,27.6466,27.5350,27.4514,27.4622,27.4157,27.4221,27.4357,27.4496,27.5043,27.4674,27.5596,27.5954,27.5929,27.6456,27.6091,27.6325"
EP00226,C2_covariance,14,RATE_LOSS,"0.7583,0.8013,0.1225,0.0872,0.0230,0.0036,0.3434,0.4125,0.2148,0.0929,0.4595,2.1774,4.2062,7.8474,5.1376,3.3828,0.5762,0.7538,0.3805,0.5851,0.5103,0.3154,0.4099,0.4704,0.5310,0.4291,0.3597,0.4670,0.6680,0.6496,0.5742,1.3015,0.9605,0.6751,0.4811,0.5057,0.4386,0.0718,0.6521,0.7734,1.2672,1.3161,1.3413"
EP00226,C3_both,14,RATE_LOSS,"0.7583,0.8013,0.1341,0.2907,0.0279,0.0165,0.3434,0.4125,0.2148,1.1263,3.1946,5.5646,8.6890,12.3437,18.5390,23.3323,26.5365,27.3732,27.3938,27.5017,27.5600,27.4991,27.5743,27.5679,27.6072,27.6320,27.6065,27.6466,27.5350,27.4514,27.4622,27.4157,27.4221,27.4357,27.4496,27.5043,27.4674,27.5596,27.5954,27.5929,27.6456,27.6091,27.6325"
EP00227,C1_variability,20,RATE_LOSS,"0.6938,0.9783,0.2584,0.5572,0.2120,0.0772,0.6018,0.5026,0.1171,0.0398,0.0439,0.0977,0.0546,0.1847,0.2179,0.2099,0.0220,0.3813,0.7973,1.4604,2.1019,2.4397,3.0941,3.5907,4.1463,4.5771,4.8439,5.1091,5.0276,4.9214,4.9443,4.8515,4.8643,4.8914,4.9193,5.0286,4.9548,5.1391,5.2107,5.2058,5.3110,5.2380,5.2849"
EP00227,C2_covariance,20,RATE_LOSS,"0.7330,0.6810,0.0308,0.3190,0.5993,0.5781,0.2522,0.3214,0.1120,0.0045,0.1904,0.1851,0.1586,0.0541,0.1158,0.4222,0.4638,0.3920,0.0932,0.3439,0.4493,0.2147,0.3042,0.4057,0.2353,0.2549,0.0882,0.1599,0.4363,0.6466,0.5806,1.3871,1.0686,0.9432,0.5738,0.5985,0.4452,0.0200,0.5614,0.6628,1.0206,1.0890,1.0877"
EP00227,C3_both,20,RATE_LOSS,"0.7330,0.9783,0.2584,0.5572,0.5993,0.5781,0.6018,0.5026,0.1171,0.0398,0.1904,0.1851,0.1586,0.1847,0.2179,0.4222,0.4638,0.3920,0.7973,1.4604,2.1019,2.4397,3.0941,3.5907,4.1463,4.5771,4.8439,5.1091,5.0276,4.9214,4.9443,4.8515,4.8643,4.8914,4.9193,5.0286,4.9548,5.1391,5.2107,5.2058,5.3110,5.2380,5.2849"
EP00228,C1_variability,19,RATE_LOSS,"0.6628,0.9469,0.2378,0.2711,0.1739,0.0463,0.5211,0.2354,0.1228,0.0455,0.0382,0.0920,0.0667,0.1904,0.2493,0.0486,0.5741,1.3579,2.3241,3.6228,5.0252,6.0728,7.4463,8.7021,9.9538,10.9580,11.7233,12.2586,12.4251,12.4293,12.4493,12.3720,12.3826,12.4052,12.4284,12.5195,12.4581,12.6116,12.6713,12.6672,12.7549,12.6941,12.7332"
EP00228,C2_covariance,19,RATE_LOSS,"0.7230,0.6735,0.0353,0.2778,0.5371,0.5131,0.2566,0.3259,0.1075,0.0090,0.1949,0.1895,0.1630,0.0586,0.1040,0.3986,0.4600,0.4507,0.1830,0.5204,0.4161,0.1249,0.1793,0.3296,0.1724,0.2501,0.1358,0.2593,0.4666,0.6422,0.5760,1.3541,1.0495,0.8969,0.5693,0.5939,0.3980,0.0155,0.5659,0.6673,0.9544,1.0235,1.0234"
EP00228,C3_both,19,RATE_LOSS,"0.7230,0.9469,0.2378,0.2778,0.5371,0.5131,0.5211,0.3259,0.1228,0.0455,0.1949,0.1895,0.1630,0.1904,0.2493,0.3986,0.5741,1.3579,2.3241,3.6228,5.0252,6.0728,7.4463,8.7021,9.9538,10.9580,11.7233,12.2586,12.4251,12.4293,12.4493,12.3720,12.3826,12.4052,12.4284,12.5195,12.4581,12.6116,12.6713,12.6672,12.7549,12.6941,12.7332"
EP00229,C1_variability,26,RATE_LOSS,"0.5971,0.8325,0.1755,0.6344,0.3743,0.1087,0.4286,0.6807,0.1380,0.0697,0.0439,0.0977,0.0546,0.1847,0.2195,0.3697,0.3322,0.2594,0.2136,0.0260,0.4267,0.9445,2.4130,4.1783,6.5668,9.4540,12.9312,15.7969,18.7467,21.5582,24.0386,25.8401,27.0583,27.4425,27.4596,27.5143,27.4774,27.5695,27.6053,27.6029,27.6555,27.6190,27.6425"
EP00229,C2_covariance,26,RATE_LOSS,"0.8283,0.7412,0.0308,0.4271,0.6865,0.6637,0.2522,0.3214,0.1120,0.0045,0.1904,0.1851,0.1586,0.0541,0.1203,0.4379,0.6083,0.4965,0.1149,0.3769,0.4617,0.0661,0.0573,0.0510,0.4916,0.7108,0.8271,2.4476,2.8744,2.6916,2.2531,1.9003,1.1025,0.9956,0.5738,0.5985,0.4542,0.0200,0.5614,0.6628,0.9535,1.0182,1.0232"
EP00229,C3_both,26,RATE_LOSS,"0.8283,0.8325,0.1755,0.6344,0.6865,0.6637,0.4286,0.6807,0.1380,0.0697,0.1904,0.1851,0.1586,0.1847,0.2195,0.4379,0.6083,0.4965,0.2136,0.3769,0.4617,0.9445,2.4130,4.1783,6.5668,9.4540,12.9312,15.7969,18.7467,21.5582,24.0386,25.8401,27.0583,27.4425,27.4596,27.5143,27.4774,27.5695,27.6053,27.6029,27.6555,27.6190,27.6425"
EP00230,C1_variability,26,RATE_LOSS,"0.5269,0.7633,0.1742,0.8665,0.4122,0.0332,0.7985,0.8434,0.5926,0.2245,0.0439,0.0977,0.0546,0.1847,0.2195,0.3697,0.3322,0.2594,0.2136,0.0260,0.1556,0.0619,0.2887,0.4443,0.6580,0.9215,1.1411,1.4733,1.5042,1.6067,1.9126,2.0929,2.4015,2.7238,3.0472,3.4618,3.6605,4.1332,4.4673,4.7000,5.0058,5.0783,5.2231"
EP00230,C2_covariance,26,RATE_LOSS,"0.8754,0.8091,0.0538,0.5142,0.7592,0.7297,0.1680,0.2373,0.1968,0.0801,0.1061,0.1007,0.0742,0.0711,0.2051,0.5233,0.6481,0.5311,0.0386,0.3612,0.3354,0.1345,0.2375,0.3088,0.1464,0.1574,0.0106,0.2292,0.5404,0.7523,0.6712,1.4955,1.2347,1.0718,0.6579,0.6499,0.5339,0.0964,0.5313,0.5561,0.9774,1.0480,1.0767"
EP00230,C3_both,26,RATE_LOSS,"0.8754,0.8091,0.1742,0.8665,0.7592,0.7297,0.7985,0.8434,0.5926,0.2245,0.1061,0.1007,0.0742,0.1847,0.2195,0.5233,0.6481,0.5311,0.2136,0.3612,0.3354,0.1345,0.2887,0.4443,0.6580,0.9215,1.1411,1.4733,1.5042,1.6067,1.9126,2.0929,2.4015,2.7238,3.0472,3.4618,3.6605,4.1332,4.4673,4.7000,5.0058,5.0783,5.2231"
EP00231,C1_variability,20,RATE_LOSS,"0.6920,0.9767,0.2570,0.5675,0.2105,0.0620,0.6006,0.4889,0.0943,0.0170,0.0666,0.1204,0.0773,0.1619,0.2187,0.2432,0.0318,0.3169,0.7308,1.4008,2.0865,2.4762,3.1852,3.7382,4.3775,4.9621,5.4869,6.0392,6.3480,6.7326,7.2998,7.7522,8.3351,8.9273,9.5209,10.2012,10.6679,11.3520,11.8247,12.1696,12.5292,12.6379,12.7510"
EP00231,C2_covariance,20,RATE_LOSS,"0.7327,0.6829,0.0308,0.3183,0.5983,0.5762,0.2522,0.3214,0.1120,0.0045,0.1904,0.1851,0.1586,0.0541,0.1185,0.4265,0.4649,0.3915,0.0888,0.3458,0.4501,0.2115,0.2999,0.4057,0.2378,0.2538,0.0918,0.2051,0.4999,0.7038,0.6073,1.4298,1.1552,0.9608,0.5886,0.5389,0.4621,0.0237,0.5304,0.6114,1.0103,1.0841,1.0895"
EP00231,C3_both,20,RATE_LOSS,"0.7327,0.9767,0.2570,0.5675,0.5983,0.5762,0.6006,0.4889,0.1120,0.0170,0.1904,0.1851,0.1586,0.1619,0.2187,0.4265,0.4649,0.3915,0.7308,1.4008,2.0865,2.4762,3.1852,3.7382,4.3775,4.9621,5.4869,6.0392,6.3480,6.7326,7.2998,7.7522,8.3351,8.9273,9.5209,10.2012,10.6679,11.3520,11.8247,12.1696,12.5292,12.6379,12.7510"
EP00232,C1_variability,17,RATE_LOSS,"0.6017,0.8888,0.1993,0.2509,0.1388,0.2287,0.2189,0.0447,0.1477,0.0704,0.0134,0.3384,0.1942,0.2527,0.7487,1.3146,2.2461,3.3909,4.5536,5.8209,7.0765,8.0004,9.2330,10.3499,11.5310,12.6393,13.7460,14.7486,15.6256,16.5864,17.6889,18.6985,19.8454,20.9879,22.1313,23.3603,24.3708,25.4404,26.2288,26.8477,27.3533,27.5557,27.6288"
EP00232,C2_covariance,17,RATE_LOSS,"0.9079,0.8486,0.0616,0.2572,0.5738,0.4955,0.2828,0.3520,0.0811,0.0353,0.2211,0.2123,0.1681,0.0014,0.1500,0.4339,0.5202,0.5902,0.4025,0.7338,0.4516,0.1664,0.2266,0.3728,0.2099,0.2418,0.1958,0.3991,0.6848,0.8756,0.8009,1.4737,1.2806,1.0327,0.7677,0.5836,0.5049,0.1864,0.5428,0.5039,1.0546,1.1217,1.1570"
EP00232,C3_both,17,RATE_LOSS,"0.9079,0.8888,0.1993,0.2572,0.5738,0.4955,0.2828,0.3520,0.1477,0.0704,0.2211,0.3384,0.1942,0.2527,0.7487,1.3146,2.2461,3.3909,4.5536,5.8209,7.0765,8.0004,9.2330,10.3499,11.5310,12.6393,13.7460,14.7486,15.6256,16.5864,17.6889,18.6985,19.8454,20.9879,22.1313,23.3603,24.3708,25.4404,26.2288,26.8477,27.3533,27.5557,27.6288"
EP00233,C1_variability,18,CHANNEL_DROPOUT,"0.5759,0.8697,0.1765,0.3920,0.2436,0.6457,0.1315,0.2845,0.0472,0.0300,0.1136,0.4142,0.3003,0.1268,0.1968,0.4335,0.4902,4.5159,13.0154,13.2962,27.7304,27.9675,28.2067,28.1614,27.9009,27.7307,27.7871,27.4712,27.1482,26.8822,26.7426,26.8642,26.5052,26.1722,26.1719,26.3597,26.5424,26.5230,27.0312,27.3013,27.3928,27.5006,27.4126"
EP00233,C2_covariance,18,CHANNEL_DROPOUT,"0.8120,0.7589,0.0662,0.2740,0.5530,0.5078,0.2874,0.3566,0.0765,0.0399,0.2256,0.2203,0.1794,0.0925,0.0978,0.4257,0.4049,0.4315,1.0163,0.9055,1.3992,1.6228,1.4509,1.4478,1.6130,1.6067,1.7913,2.0169,2.2667,2.4054,2.4404,2.4224,2.8169,2.4668,2.3778,2.3540,2.0839,1.7594,1.1817,1.1145,0.9267,0.9676,1.0850"
EP00233,C3_both,18,CHANNEL_DROPOUT,"0.8120,0.8697,0.1765,0.3920,0.5530,0.6457,0.2874,0.3566,0.0765,0.0399,0.2256,0.4142,0.3003,0.1268,0.1968,0.4335,0.4902,4.5159,13.0154,13.2962,27.7304,27.9675,28.2067,28.1614,27.9009,27.7307,27.7871,27.4712,27.1482,26.8822,26.7426,26.8642,26.5052,26.1722,26.1719,26.3597,26.5424,26.5230,27.0312,27.3013,27.3928,27.5006,27.4126"
EP00234,C1_variability,22,CHANNEL_DROPOUT,"0.4833,0.5808,0.0706,0.5461,0.1883,0.1556,0.4935,0.4232,0.1387,0.1102,0.1936,0.2473,0.2043,0.0504,0.2723,0.2188,0.1961,0.2443,0.5332,0.6722,1.3161,3.0071,21.9996,35.1195,34.7963,33.9363,33.8028,33.8771,33.8900,34.0824,34.0503,34.1017,34.2767,34.1009,34.0099,33.9675,34.0711,33.7569,33.6229,33.6136,33.7689,33.7699,33.8413"
EP00234,C2_covariance,22,CHANNEL_DROPOUT,"0.4296,0.5453,0.1211,0.0859,0.2160,0.2233,0.3421,0.4112,0.0214,0.0949,0.2804,0.2751,0.2486,0.1444,0.0297,0.3468,0.2729,0.2306,0.3528,1.0625,1.1112,2.4676,4.0434,7.7057,11.1882,12.4546,12.6177,12.8723,13.1413,13.2386,13.1230,13.0648,13.5822,13.3827,13.2104,13.1017,12.8717,12.4777,11.6275,11.5432,11.4368,11.2183,11.1598"
EP00234,C3_both,22,CHANNEL_DROPOUT,"0.4833,0.5808,0.1211,0.5461,0.2160,0.2233,0.4935,0.4232,0.1387,0.1102,0.2804,0.2751,0.2486,0.1444,0.2723,0.3468,0.2729,0.2443,0.5332,1.0625,1.3161,3.0071,21.9996,35.1195,34.7963,33.9363,33.8028,33.8771,33.8900,34.0824,34.0503,34.1017,34.2767,34.1009,34.0099,33.9675,34.0711,33.7569,33.6229,33.6136,33.7689,33.7699,33.8413"
EP00235,C1_variability,16,CHANNEL_DROPOUT,"0.3318,0.6056,0.0835,0.1286,0.0924,0.1038,0.0381,0.1336,0.0187,0.0584,0.0561,0.2409,1.1116,2.4598,3.0348,5.0142,36.8578,42.1456,56.3842,59.8958,59.8958,59.8958,59.8958,59.8958,59.8958,59.8958,59.8958,59.8958,59.8958,59.8958,59.8958,59.8958,59.8958,59.8958,59.8958,59.8958,59.8958,59.8958,59.8958,59.8958,59.8958,59.8958,59.8958"
EP00235,C2_covariance,16,CHANNEL_DROPOUT,"0.7315,0.7059,0.1225,0.0872,0.1362,0.0506,0.3434,0.4125,0.0201,0.0962,0.2651,0.1957,1.3762,6.5383,10.6775,13.0119,13.2511,19.1886,32.9218,40.4491,40.5558,40.5125,40.0797,40.6219,41.2826,41.0640,41.0891,41.5062,41.8040,41.9555,41.9439,41.8665,41.9221,41.3965,41.2951,41.9148,41.6253,41.4192,40.7832,40.7485,40.8082,40.4479,40.3804"
EP00235,C3_both,16,CHANNEL_DROPOUT,"0.7315,0.7059,0.1225,0.1286,0.1362,0.1038,0.3434,0.4125,0.0201,0.0962,0.2651,0.2409,1.3762,6.5383,10.6775,13.0119,36.8578,42.1456,56.3842,59.8958,59.8958,59.8958,59.8958,59.8958,59.8958,59.8958,59.8958,59.8958,59.8958,59.8958,59.8958,59.8958,59.8958,59.8958,59.8958,59.8958,59.8958,59.8958,59.8958,59.8958,59.8958,59.8958,59.8958"
EP00236,C1_variability,18,CHANNEL_DROPOUT,"0.6419,0.9300,0.2240,0.2468,0.1676,0.0754,0.2056,0.3129,0.0472,0.0300,0.1136,0.3067,0.2656,0.1467,0.2327,0.3757,0.3639,0.5601,6.8680,7.0455,8.8053,9.0157,8.9723,10.2785,12.5329,12.7450,13.4198,14.2062,16.3151,15.9055,15.8853,15.7689,15.4517,15.4026,15.1586,15.6057,15.7976,15.6498,15.8373,15.9347,16.2627,16.1431,15.8354"
EP00236,C2_covariance,18,CHANNEL_DROPOUT,"0.9368,0.9211,0.0662,0.3503,0.6461,0.5628,0.2874,0.3566,0.0765,0.0399,0.2256,0.2203,0.2273,0.1029,0.0496,0.3502,0.5958,0.4773,0.2348,0.4480,0.1018,0.3412,0.3386,0.4316,0.7916,1.0137,1.3156,1.5834,2.0900,2.2598,2.2665,2.3377,2.7429,2.3762,2.2781,2.3296,2.0915,1.6855,1.2012,1.1242,1.0659,1.1312,1.1021"
EP00236,C3_both,18,CHANNEL_DROPOUT,"0.9368,0.9300,0.2240,0.3503,0.6461,0.5628,0.2874,0.3566,0.0765,0.0399,0.2256,0.3067,0.2656,0.1467,0.2327,0.3757,0.5958,0.5601,6.8680,7.0455,8.8053,9.0157,8.9723,10.2785,12.5329,12.7450,13.4198,14.2062,16.3151,15.9055,15.8853,15.7689,15.4517,15.4026,15.1586,15.6057,15.7976,15.6498,15.8373,15.9347,16.2627,16.1431,15.8354"
EP00237,C1_variability,19,CHANNEL_DROPOUT,"0.5972,0.8955,0.1926,0.3292,0.1303,0.9086,0.5173,0.7566,0.0375,0.0397,0.1232,0.2278,0.1339,0.1050,0.1497,0.3230,0.4319,0.5347,1.7649,1.2879,15.3185,18.5111,17.0984,22.9449,26.1356,31.8682,36.1291,37.5506,41.8655,48.2413,48.1497,48.0086,48.1173,48.2783,48.1921,48.2898,48.3317,48.3249,48.0377,47.9619,47.6427,47.6162,47.6305"
EP00237,C2_covariance,19,CHANNEL_DROPOUT,"0.6383,0.6013,0.0971,0.0618,0.3009,0.2766,0.3181,0.3872,0.0456,0.0708,0.2564,0.2511,0.2246,0.1203,0.0640,0.2915,0.2734,0.1125,0.2118,1.2731,1.5345,1.8210,2.4771,3.6608,4.8426,5.7967,7.7168,9.6325,10.6735,12.1784,11.9129,12.0023,12.6628,12.2489,12.0633,12.0216,11.6216,11.3818,10.7229,10.9972,10.7980,10.6547,10.6377"
EP00237,C3_both,19,CHANNEL_DROPOUT,"0.6383,0.8955,0.1926,0.3292,0.3009,0.9086,0.5173,0.7566,0.0456,0.0708,0.2564,0.2511,0.2246,0.1203,0.1497,0.3230,0.4319,0.5347,1.7649,1.2879,15.3185,18.5111,17.0984,22.9449,26.1356,31.8682,36.1291,37.5506,41.8655,48.2413,48.1497,48.0086,48.1173,48.2783,48.1921,48.2898,48.3317,48.3249,48.0377,47.9619,47.6427,47.6162,47.6305"
EP00238,C1_variability,18,CHANNEL_DROPOUT,"0.3976,0.6984,0.0272,0.1029,0.0640,0.5723,0.2156,0.1937,0.0472,0.0300,0.1136,0.2328,0.0552,0.3692,0.6541,0.9969,1.3435,7.5879,14.4925,22.4468,26.4311,29.6248,32.4149,37.9112,41.1458,46.4879,53.1250,56.2500,59.8958,59.8958,59.8958,59.8958,59.8958,59.8958,59.8958,59.8958,59.8958,59.8958,59.8958,59.8958,59.8958,59.8958,59.8958"
EP00238,C2_covariance,18,CHANNEL_DROPOUT,"0.6079,0.5981,0.0852,0.0499,0.1731,0.1282,0.3063,0.3754,0.0658,0.0589,0.2446,0.2393,0.3020,0.1397,0.2925,0.9744,1.6467,1.2372,2.6607,6.5431,8.0150,11.3888,13.3001,16.6628,21.7712,24.9636,30.8821,34.8171,39.9278,40.1172,40.0094,40.4552,40.9638,40.6443,40.2830,39.9239,40.2739,39.9907,39.4464,39.1611,39.0422,39.2797,38.8864"
EP00238,C3_both,18,CHANNEL_DROPOUT,"0.6079,0.6984,0.0852,0.1029,0.1731,0.5723,0.3063,0.3754,0.0658,0.0589,0.2446,0.2393,0.3020,0.3692,0.6541,0.9969,1.6467,7.5879,14.4925,22.4468,26.4311,29.6248,32.4149,37.9112,41.1458,46.4879,53.1250,56.2500,59.8958,59.8958,59.8958,59.8958,59.8958,59.8958,59.8958,59.8958,59.8958,59.8958,59.8958,59.8958,59.8958,59.8958,59.8958"
EP00239,C1_variability,23,CHANNEL_DROPOUT,"0.5841,0.8431,0.1608,0.8028,0.3869,0.0968,0.8946,0.8019,0.4484,0.0000,0.0836,0.1374,0.0943,0.1448,0.1796,0.3297,0.2922,0.2194,0.1739,0.0657,0.1855,0.2363,0.4441,0.6609,0.5113,0.6889,4.8631,5.4047,8.8730,9.4087,9.4245,9.5992,11.1696,15.5734,15.7096,20.3159,20.5545,18.0736,18.1829,18.1432,18.1543,18.3940,14.6360"
EP00239,C2_covariance,23,CHANNEL_DROPOUT,"0.7929,0.6967,0.0000,0.4126,0.6892,0.6714,0.2215,0.2907,0.1429,0.0264,0.1596,0.1543,0.1278,0.0518,0.1512,0.4690,0.5676,0.4610,0.0841,0.3463,0.3678,0.1193,0.1986,0.3095,0.1331,0.2986,0.3111,0.5510,1.0664,1.2194,1.1181,1.0407,1.5520,1.2296,1.1709,1.4371,1.2536,1.1062,0.8809,1.0522,1.1549,1.0491,1.1598"
EP00239,C3_both,23,CHANNEL_DROPOUT,"0.7929,0.8431,0.1608,0.8028,0.6892,0.6714,0.8946,0.8019,0.4484,0.0264,0.1596,0.1543,0.1278,0.1448,0.1796,0.4690,0.5676,0.4610,0.1739,0.3463,0.3678,0.2363,0.4441,0.6609,0.5113,0.6889,4.8631,5.4047,8.8730,9.4087,9.4245,9.5992,11.1696,15.5734,15.7096,20.3159,20.5545,18.0736,18.1829,18.1432,18.1543,18.3940,14.6360"
EP00240,C1_variability,15,CHANNEL_DROPOUT,"0.5574,0.8472,0.1690,0.3594,0.1902,0.2907,0.0204,0.0753,0.1880,0.0000,0.0822,0.5930,0.0723,0.3107,0.5081,1.1942,4.1024,4.1487,9.3632,9.1566,15.2043,15.1816,19.3369,19.9630,20.3782,20.8686,15.9992,18.9126,19.2229,22.3190,22.7314,24.1514,18.2292,20.3125,21.8750,23.2185,24.7947,28.1056,36.5520,36.5785,37.6198,34.4460,34.4360"
EP00240,C2_covariance,15,CHANNEL_DROPOUT,"1.1211,1.0954,0.0644,0.2995,0.5753,0.4529,0.2477,0.3169,0.3507,0.0000,0.1959,0.1792,0.1532,0.0320,0.0245,0.7338,1.2970,0.8195,0.9914,1.6294,0.9066,1.3234,1.7336,2.1843,2.7035,3.3333,3.8216,4.8837,4.9948,5.4809,5.9902,6.1966,7.1463,7.5540,8.6160,8.4513,9.1616,9.7220,10.6885,10.6570,10.4800,11.3568,11.2276"
EP00240,C3_both,15,CHANNEL_DROPOUT,"1.1211,1.0954,0.1690,0.3594,0.5753,0.4529,0.2477,0.3169,0.3507,0.0000,0.1959,0.5930,0.1532,0.3107,0.5081,1.1942,4.1024,4.1487,9.3632,9.1566,15.2043,15.1816,19.3369,19.9630,20.3782,20.8686,15.9992,18.9126,19.2229,22.3190,22.7314,24.1514,18.2292,20.3125,21.8750,23.2185,24.7947,28.1056,36.5520,36.5785,37.6198,34.4460,34.4360"
EP00241,C1_variability,26,CHANNEL_DROPOUT,"0.5449,0.7693,0.1148,0.8510,0.4853,0.1170,1.0082,0.8901,0.4842,0.0716,0.1551,0.2088,0.1658,0.0730,0.1077,0.2576,0.2202,0.1475,0.1019,0.1372,0.2584,0.1350,0.8397,1.4876,2.0461,5.4631,4.6927,24.8872,28.1467,32.1293,36.8444,35.7762,35.2637,45.1775,47.7949,45.2940,38.0888,44.4113,44.7917,54.6240,51.0417,54.6875,56.7708"
EP00241,C2_covariance,26,CHANNEL_DROPOUT,"0.6662,0.6284,0.0116,0.3030,0.5412,0.5286,0.2099,0.2792,0.1546,0.0380,0.1480,0.1427,0.1162,0.0116,0.1629,0.4808,0.4749,0.3546,0.0725,0.3348,0.3675,0.1102,0.3195,0.4314,0.6208,0.6594,1.4018,3.2072,3.6874,5.2290,7.8825,8.9020,10.4694,10.4625,12.2543,14.3684,16.2083,19.3209,20.8206,25.0199,27.3070,30.2058,33.4340"
EP00241,C3_both,26,CHANNEL_DROPOUT,"0.6662,0.7693,0.1148,0.8510,0.5412,0.5286,1.0082,0.8901,0.4842,0.0716,0.1551,0.2088,0.1658,0.0730,0.1629,0.4808,0.4749,0.3546,0.1019,0.3348,0.3675,0.1350,0.8397,1.4876,2.0461,5.4631,4.6927,24.8872,28.1467,32.1293,36.8444,35.7762,35.2637,45.1775,47.7949,45.2940,38.0888,44.4113,44.7917,54.6240,51.0417,54.6875,56.7708"
EP00242,C1_variability,16,GAIN_DRIFT,"0.4962,0.7505,0.0123,0.1405,0.0640,0.2279,0.0097,0.1053,0.0472,0.0549,0.1105,0.8660,1.6554,3.9810,6.2847,8.6013,14.5559,15.6372,18.1072,18.5604,18.6381,19.0546,18.1412,18.6643,17.4771,17.3777,17.3802,18.4740,17.5316,17.9156,17.6421,17.5572,17.0600,17.0742,17.0695,16.6550,18.0430,17.9901,18.7175,17.9176,17.8848,18.7688,18.8872"
EP00242,C2_covariance,16,GAIN_DRIFT,"1.1002,1.0818,0.0476,0.3570,0.6556,0.5388,0.2522,0.3214,0.2266,0.0045,0.1914,0.1815,0.1889,0.0560,0.1903,0.5411,0.8951,0.7632,0.5171,0.8373,0.4772,0.3243,0.2851,0.2843,0.1251,0.2511,0.2115,0.1828,0.4702,0.6976,0.6327,1.2574,1.1436,1.0198,0.6169,0.5768,0.4861,0.0993,0.6999,0.8560,1.2184,1.1857,1.3608"
EP00242,C3_both,16,GAIN_DRIFT,"1.1002,1.0818,0.0476,0.3570,0.6556,0.5388,0.2522,0.3214,0.2266,0.0549,0.1914,0.8660,1.6554,3.9810,6.2847,8.6013,14.5559,15.6372,18.1072,18.5604,18.6381,19.0546,18.1412,18.6643,17.4771,17.3777,17.3802,18.4740,17.5316,17.9156,17.6421,17.5572,17.0600,17.0742,17.0695,16.6550,18.0430,17.9901,18.7175,17.9176,17.8848,18.7688,18.8872"
EP00243,C1_variability,23,GAIN_DRIFT,"0.8175,1.0703,0.3642,0.3941,0.2463,0.1886,0.1229,0.4305,0.1215,0.1433,0.2266,0.2802,0.2373,0.0011,0.0358,0.1855,0.1481,0.0817,1.9862,4.5766,9.7867,16.7587,24.7794,34.8952,42.5822,46.4799,47.6188,45.4854,44.7600,45.3633,45.3156,45.5294,43.8051,43.9181,43.5208,43.9665,43.7209,42.0662,41.7110,40.1091,41.0552,41.9683,43.0423"
EP00243,C2_covariance,23,GAIN_DRIFT,"0.5923,0.5583,0.0353,0.3166,0.5815,0.5840,0.2566,0.3259,0.1075,0.0090,0.1949,0.1895,0.1630,0.0586,0.1158,0.4334,0.3409,0.2376,0.1921,0.4994,0.6114,0.3490,0.6842,0.1622,0.1792,0.3348,0.4854,0.4682,0.6566,0.8034,0.7701,1.1477,1.0005,0.7207,0.5660,0.5508,0.3250,0.0493,0.5466,0.5836,0.9760,1.1094,1.2390"
EP00243,C3_both,23,GAIN_DRIFT,"0.8175,1.0703,0.3642,0.3941,0.5815,0.5840,0.2566,0.4305,0.1215,0.1433,0.2266,0.2802,0.2373,0.0586,0.1158,0.4334,0.3409,0.2376,1.9862,4.5766,9.7867,16.7587,24.7794,34.8952,42.5822,46.4799,47.6188,45.4854,44.7600,45.3633,45.3156,45.5294,43.8051,43.9181,43.5208,43.9665,43.7209,42.0662,41.7110,40.1091,41.0552,41.9683,43.0423"
EP00244,C1_variability,14,GAIN_DRIFT,"0.2097,0.3534,0.0950,0.2047,0.1686,0.1800,0.1143,0.2097,0.0086,3.1642,8.4423,13.5180,20.9354,30.1556,57.2405,81.1762,101.3627,104.6407,106.8915,105.2504,107.9623,108.1209,109.2911,109.8040,107.9390,110.2693,108.8007,108.6788,110.8816,110.2816,110.1988,108.8305,108.4346,108.1414,107.2258,109.2959,109.1226,113.1005,107.9972,109.7459,109.4588,108.1585,109.5713"
EP00244,C2_covariance,14,GAIN_DRIFT,"0.5835,0.6054,0.1225,0.0872,0.0036,0.0233,0.3434,0.4125,0.1672,0.0250,0.0855,1.4607,4.4244,7.5500,6.1103,4.7472,1.6971,1.6882,1.7576,1.5469,1.3128,1.4417,1.2773,1.3029,1.3100,1.2869,1.7657,1.8265,2.4015,2.5397,2.5472,2.6315,2.6393,2.2543,1.9906,2.0037,1.8921,1.6505,1.2902,1.2938,1.2190,1.1190,0.7409"
EP00244,C3_both,14,GAIN_DRIFT,"0.5835,0.6054,0.1225,0.2047,0.1686,0.1800,0.3434,0.4125,0.1672,3.1642,8.4423,13.5180,20.9354,30.1556,57.2405,81.1762,101.3627,104.6407,106.8915,105.2504,107.9623,108.1209,109.2911,109.8040,107.9390,110.2693,108.8007,108.6788,110.8816,110.2816,110.1988,108.8305,108.4346,108.1414,107.2258,109.2959,109.1226,113.1005,107.9972,109.7459,109.4588,108.1585,109.5713"
EP00245,C1_variability,20,GAIN_DRIFT,"0.5860,0.8760,0.1775,0.2525,0.1270,0.3086,0.5810,0.6823,0.0761,0.0102,0.0938,0.1475,0.1045,0.1346,0.2216,0.2895,0.2038,0.7605,2.0740,3.3946,5.3261,7.7088,9.1902,11.8890,12.3420,14.7315,15.8101,16.4318,17.4693,17.8433,18.2606,18.1992,17.6571,17.1760,17.4003,17.2568,17.2537,17.5860,18.3282,17.5246,18.4488,17.9077,18.4360"
EP00245,C2_covariance,20,GAIN_DRIFT,"0.7776,0.7515,0.0308,0.3594,0.6343,0.6039,0.2522,0.3214,0.1120,0.0045,0.1904,0.1851,0.1586,0.0541,0.1198,0.4316,0.5269,0.4062,0.1064,0.3392,0.3211,0.0933,0.1708,0.2037,0.1410,0.0429,0.1875,0.5068,0.8470,0.8929,0.8642,1.7979,1.3998,1.1207,0.7575,0.8711,0.6421,0.2948,0.4444,0.4152,0.9753,1.0714,0.9850"
EP00245,C3_both,20,GAIN_DRIFT,"0.7776,0.8760,0.1775,0.3594,0.6343,0.6039,0.5810,0.6823,0.1120,0.0102,0.1904,0.1851,0.1586,0.1346,0.2216,0.4316,0.5269,0.7605,2.0740,3.3946,5.3261,7.7088,9.1902,11.8890,12.3420,14.7315,15.8101,16.4318,17.4693,17.8433,18.2606,18.1992,17.6571,17.1760,17.4003,17.2568,17.2537,17.5860,18.3282,17.5246,18.4488,17.9077,18.4360"
EP00246,C1_variability,15,GAIN_DRIFT,"0.3784,0.6883,0.0573,0.2202,0.1314,0.0658,0.0000,0.0956,0.0568,0.0203,0.0949,0.9386,1.7554,3.3151,6.6497,9.3924,13.1393,15.5475,21.2127,25.5403,27.5921,30.2729,34.3663,37.5050,39.2277,42.5449,41.7548,44.7736,42.8201,45.0973,45.3407,44.9827,43.2719,41.4027,41.8952,42.7817,41.6190,41.2746,42.5141,40.6402,39.5781,41.3696,40.8911"
EP00246,C2_covariance,15,GAIN_DRIFT,"1.0512,1.0330,0.0262,0.2298,0.5063,0.3815,0.2476,0.3168,0.2682,0.0001,0.1817,0.1881,0.1519,0.0987,0.1123,0.4304,0.6431,0.4251,0.1856,0.3102,0.3330,0.2954,0.1724,0.0984,0.3963,0.2843,0.5097,0.5011,0.8581,0.9881,1.0683,1.4481,1.5150,1.1331,0.9947,1.0328,0.7463,0.5132,0.4002,0.5904,0.8877,1.0755,0.9614"
EP00246,C3_both,15,GAIN_DRIFT,"1.0512,1.0330,0.0573,0.2298,0.5063,0.3815,0.2476,0.3168,0.2682,0.0203,0.1817,0.9386,1.7554,3.3151,6.6497,9.3924,13.1393,15.5475,21.2127,25.5403,27.5921,30.2729,34.3663,37.5050,39.2277,42.5449,41.7548,44.7736,42.8201,45.0973,45.3407,44.9827,43.2719,41.4027,41.8952,42.7817,41.6190,41.2746,42.5141,40.6402,39.5781,41.3696,40.8911"
EP00247,C1_variability,18,GAIN_DRIFT,"0.5434,0.8520,0.2160,0.0306,0.0057,0.0057,0.0879,0.2965,0.1171,0.0398,0.0439,0.6066,0.2780,1.7323,4.2663,7.6826,12.0526,18.9003,26.8309,36.9313,43.7691,53.3026,62.3315,69.8402,81.4258,91.4227,100.5162,105.6979,105.4651,104.8699,102.4117,103.5287,103.5871,104.2739,104.1203,104.4781,104.6706,104.1161,102.3278,102.9414,100.9922,105.9868,106.0910"
EP00247,C2_covariance,18,GAIN_DRIFT,"0.7268,0.7508,0.0662,0.0808,0.3009,0.2508,0.2874,0.3566,0.1668,0.0399,0.2256,0.2203,0.1958,0.1115,0.1312,0.5394,0.6797,1.3916,1.6380,1.8296,2.1347,3.3317,4.1045,3.6859,4.2800,4.0180,4.0786,4.3547,4.6677,4.9900,4.6822,4.8273,5.2925,5.1744,4.8487,4.5683,4.4833,4.4950,4.1266,3.9805,4.1468,4.1044,4.2406"
EP00247,C3_both,18,GAIN_DRIFT,"0.7268,0.8520,0.2160,0.0808,0.3009,0.2508,0.2874,0.3566,0.1668,0.0399,0.2256,0.6066,0.2780,1.7323,4.2663,7.6826,12.0526,18.9003,26.8309,36.9313,43.7691,53.3026,62.3315,69.8402,81.4258,91.4227,100.5162,105.6979,105.4651,104.8699,102.4117,103.5287,103.5871,104.2739,104.1203,104.4781,104.6706,104.1161,102.3278,102.9414,100.9922,105.9868,106.0910"
EP00248,C1_variability,13,GAIN_DRIFT,"0.3121,0.5927,0.0738,0.1060,0.0977,0.0175,0.0544,0.1672,0.1031,0.0075,0.2749,1.1298,1.0327,1.9534,3.1984,4.1049,3.9384,5.7941,6.0006,6.4644,6.9256,7.0709,7.2697,8.3995,8.4424,9.7511,10.1777,10.7407,10.8283,11.7316,12.6434,13.5555,13.6207,13.5737,13.8485,15.6943,16.0152,16.2577,17.1097,17.1614,18.6684,17.5836,17.2254"
EP00248,C2_covariance,13,GAIN_DRIFT,"0.8372,0.8309,0.0226,0.1673,0.3988,0.3621,0.2439,0.3132,0.2449,0.0000,0.1817,0.1696,0.1386,0.2227,0.1317,0.4551,0.8552,0.7496,0.3400,0.5723,0.3918,0.2079,0.2810,0.3294,0.2580,0.1752,0.0812,0.3381,0.6282,0.7208,0.6530,1.5055,1.0969,0.9524,0.6462,0.6903,0.6557,0.1531,0.5302,0.7332,1.1520,1.2240,1.0483"
EP00248,C3_both,13,GAIN_DRIFT,"0.8372,0.8309,0.0738,0.1673,0.3988,0.3621,0.2439,0.3132,0.2449,0.0075,0.2749,1.1298,1.0327,1.9534,3.1984,4.1049,3.9384,5.7941,6.0006,6.4644,6.9256,7.0709,7.2697,8.3995,8.4424,9.7511,10.1777,10.7407,10.8283,11.7316,12.6434,13.5555,13.6207,13.5737,13.8485,15.6943,16.0152,16.2577,17.1097,17.1614,18.6684,17.5836,17.2254"
EP00249,C1_variability,16,GAIN_DRIFT,"0.4226,0.6959,0.0547,0.1451,0.0668,0.2504,0.0102,0.0855,0.0670,0.0102,0.0930,0.2473,0.2295,0.6701,1.4120,2.6588,5.0769,6.5549,7.7813,9.0784,12.0869,13.8040,14.5855,17.0814,18.5652,19.9085,21.8185,24.7203,24.9661,28.3593,30.7429,33.6296,36.6547,38.1589,40.5764,41.7405,41.7059,42.9497,43.3192,43.1038,45.8283,46.9125,46.5051"
EP00249,C2_covariance,16,GAIN_DRIFT,"1.0668,1.0329,0.0308,0.3043,0.6157,0.4980,0.2522,0.3214,0.2002,0.0045,0.1896,0.1933,0.1728,0.0600,0.1314,0.4830,0.8439,0.7171,0.3799,0.6536,0.3910,0.2802,0.2417,0.3008,0.2481,0.2169,0.0216,0.2273,0.5475,0.7971,0.6928,1.5317,1.2783,1.2090,0.8073,0.7214,0.9169,0.4201,0.6815,0.8988,0.9927,1.4115,0.7867"
EP00249,C3_both,16,GAIN_DRIFT,"1.0668,1.0329,0.0547,0.3043,0.6157,0.4980,0.2522,0.3214,0.2002,0.0102,0.1896,0.2473,0.2295,0.6701,1.4120,2.6588,5.0769,6.5549,7.7813,9.0784,12.0869,13.8040,14.5855,17.0814,18.5652,19.9085,21.8185,24.7203,24.9661,28.3593,30.7429,33.6296,36.6547,38.1589,40.5764,41.7405,41.7059,42.9497,43.3192,43.1038,45.8283,46.9125,46.5051"
EP00250,C1_variability,26,GAIN_DRIFT,"0.5075,0.7404,0.1000,0.5068,0.0826,0.0754,0.8859,0.6513,0.1073,0.0300,0.1136,0.1673,0.1243,0.1549,0.2460,0.2995,0.2620,0.1893,0.1436,0.0957,0.2402,0.6854,2.3537,4.6887,8.0091,13.1990,19.1237,22.4829,28.4853,37.1962,44.1447,50.6932,59.4770,65.1324,70.6278,78.9839,84.2806,88.1169,91.5121,100.9687,107.6566,112.2722,112.1294"
EP00250,C2_covariance,26,GAIN_DRIFT,"0.8671,0.7963,0.0180,0.5207,0.7673,0.7372,0.2035,0.2728,0.1610,0.0444,0.1417,0.1364,0.1098,0.0570,0.1693,0.4872,0.6331,0.5187,0.0661,0.3502,0.3771,0.1809,0.2412,0.2526,0.1138,0.0053,0.2572,0.8570,1.4007,1.5512,2.0762,3.0988,2.7140,3.0806,2.9568,2.7242,3.1503,2.8014,2.9797,2.8695,2.5603,2.3856,2.5989"
EP00250,C3_both,26,GAIN_DRIFT,"0.8671,0.7963,0.1000,0.5207,0.7673,0.7372,0.8859,0.6513,0.1610,0.0444,0.1417,0.1673,0.1243,0.1549,0.2460,0.4872,0.6331,0.5187,0.1436,0.3502,0.3771,0.6854,2.3537,4.6887,8.0091,13.1990,19.1237,22.4829,28.4853,37.1962,44.1447,50.6932,59.4770,65.1324,70.6278,78.9839,84.2806,88.1169,91.5121,100.9687,107.6566,112.2722,112.1294"
EP00251,C1_variability,17,GEOMETRY_ROTATION,"0.3629,0.6481,0.1102,0.1358,0.0363,0.4389,0.0908,0.0050,0.1477,0.0704,0.0134,0.9495,0.8137,1.3454,2.4365,3.6236,4.1696,5.5921,6.1263,5.6591,6.2911,6.3121,6.0460,6.1478,6.1095,6.0541,5.9885,6.1497,5.3491,5.3073,5.8018,6.3237,5.7487,5.5099,5.6827,6.3144,6.6756,6.9410,6.8279,7.5535,6.8979,6.8454,6.0429"
EP00251,C2_covariance,17,GEOMETRY_ROTATION,"1.0192,0.9978,0.0971,0.3530,0.6766,0.5512,0.3181,0.3872,0.0489,0.0708,0.2564,0.2418,0.1739,0.1314,0.8639,1.9343,2.4649,3.2403,3.7611,3.7549,3.6839,3.9259,3.9134,3.7591,3.6876,3.7057,3.8055,3.8865,4.0370,4.2612,4.2381,4.4433,4.9077,4.7172,4.7007,4.8253,4.5377,4.3000,3.8379,3.6745,3.4728,3.3154,3.2731"
EP00251,C3_both,17,GEOMETRY_ROTATION,"1.0192,0.9978,0.1102,0.3530,0.6766,0.5512,0.3181,0.3872,0.1477,0.0708,0.2564,0.9495,0.8137,1.3454,2.4365,3.6236,4.1696,5.5921,6.1263,5.6591,6.2911,6.3121,6.0460,6.1478,6.1095,6.0541,5.9885,6.1497,5.3491,5.3073,5.8018,6.3237,5.7487,5.5099,5.6827,6.3144,6.6756,6.9410,6.8279,7.5535,6.8979,6.8454,6.0429"
EP00252,C1_variability,23,GEOMETRY_ROTATION,"0.3995,0.6211,0.0738,0.4534,0.3247,0.5838,0.0544,0.3769,0.2013,0.0340,0.0496,0.1034,0.0603,0.1789,0.2137,0.3640,0.3265,0.1212,1.9651,3.7438,5.2001,6.2355,7.6493,8.9553,9.8864,10.1646,10.0448,10.1867,9.9816,9.8952,9.9080,9.8585,9.8186,9.8001,9.8391,9.9397,9.8149,10.0049,10.2143,10.2328,10.3093,10.1722,10.2657"
EP00252,C2_covariance,23,GEOMETRY_ROTATION,"0.4686,0.5850,0.1261,0.0908,0.3039,0.3045,0.3470,0.4161,0.0164,0.0998,0.2853,0.2800,0.2536,0.1493,0.0247,0.3418,0.2308,0.0856,0.4562,3.0032,5.9770,7.9009,9.7574,11.8292,13.7423,14.4624,14.2066,14.5198,14.7704,14.8840,14.5689,14.5556,15.0896,14.8327,14.6389,14.7472,14.3397,13.9541,13.3344,13.3808,13.2809,13.0413,13.0159"
EP00252,C3_both,23,GEOMETRY_ROTATION,"0.4686,0.6211,0.1261,0.4534,0.3247,0.5838,0.3470,0.4161,0.2013,0.0998,0.2853,0.2800,0.2536,0.1789,0.2137,0.3640,0.3265,0.1212,1.9651,3.7438,5.9770,7.9009,9.7574,11.8292,13.7423,14.4624,14.2066,14.5198,14.7704,14.8840,14.5689,14.5556,15.0896,14.8327,14.6389,14.7472,14.3397,13.9541,13.3344,13.3808,13.2809,13.0413,13.0159"
EP00253,C1_variability,18,GEOMETRY_ROTATION,"0.3878,0.6325,0.1127,0.0500,0.0388,0.3338,0.0933,0.1978,0.1502,0.0729,0.0108,0.0647,0.1145,1.7922,2.8855,4.0410,5.8143,8.6460,13.1973,22.4041,21.8421,22.5019,22.5636,22.5327,22.6031,22.7239,22.6902,22.7965,22.7237,22.6066,22.6860,22.6528,22.6338,22.6509,22.6813,22.8079,22.7194,22.8527,22.9146,22.8646,22.9213,22.9835,23.0484"
EP00253,C2_covariance,18,GEOMETRY_ROTATION,"0.8685,1.0310,0.1080,0.0727,0.0818,0.0109,0.3290,0.3981,0.1499,0.0817,0.2672,0.2619,0.2346,1.1672,4.7164,7.6305,9.6210,11.8616,14.8518,17.5569,18.1053,19.0358,19.0415,19.1562,19.2412,19.1176,19.7239,19.5543,19.4464,19.5393,19.1211,19.7441,20.4788,20.2258,20.1704,20.1587,20.1699,19.6178,18.8713,18.9133,18.6492,18.3702,18.0297"
EP00253,C3_both,18,GEOMETRY_ROTATION,"0.8685,1.0310,0.1127,0.0727,0.0818,0.3338,0.3290,0.3981,0.1502,0.0817,0.2672,0.2619,0.2346,1.7922,4.7164,7.6305,9.6210,11.8616,14.8518,22.4041,21.8421,22.5019,22.5636,22.5327,22.6031,22.7239,22.6902,22.7965,22.7237,22.6066,22.6860,22.6528,22.6338,22.6509,22.6813,22.8079,22.7194,22.8527,22.9146,22.8646,22.9213,22.9835,23.0484"
EP00254,C1_variability,26,GEOMETRY_ROTATION,"0.6723,0.8996,0.2856,0.3693,0.2500,0.6469,0.6574,0.5060,0.1466,0.0398,0.0439,0.0977,0.0546,0.1847,0.2195,0.3697,0.3322,0.2594,0.2136,0.0260,0.2015,0.6054,1.8851,3.1973,4.2766,5.5582,6.6922,6.8699,7.2652,7.7310,7.7488,7.6081,8.0268,8.0735,8.1832,8.1400,7.9183,7.9307,8.1127,7.9720,8.1248,7.7286,8.1311"
EP00254,C2_covariance,26,GEOMETRY_ROTATION,"0.8782,0.7945,0.0308,0.4610,0.7539,0.7112,0.2522,0.3214,0.1120,0.0045,0.1904,0.1851,0.1586,0.0541,0.1203,0.4379,0.5940,0.4747,0.1149,0.3769,0.4180,0.2164,0.1980,0.0275,0.7112,1.5003,2.6148,3.6579,4.9582,6.0156,6.6378,7.2776,8.1280,8.0163,8.0059,8.0089,7.7605,7.5485,6.8050,6.8147,6.6094,6.3645,6.4309"
EP00254,C3_both,26,GEOMETRY_ROTATION,"0.8782,0.8996,0.2856,0.4610,0.7539,0.7112,0.6574,0.5060,0.1466,0.0398,0.1904,0.1851,0.1586,0.1847,0.2195,0.4379,0.5940,0.4747,0.2136,0.3769,0.4180,0.6054,1.8851,3.1973,4.2766,5.5582,6.6922,6.8699,7.2652,7.7310,7.7488,7.6081,8.1280,8.0735,8.1832,8.1400,7.9183,7.9307,8.1127,7.9720,8.1248,7.7286,8.1311"
EP00255,C1_variability,26,GEOMETRY_ROTATION,"0.6579,0.9021,0.2683,0.2981,0.2537,0.4791,0.1644,0.4435,0.1171,0.0398,0.0439,0.0977,0.0546,0.1847,0.2195,0.3697,0.3322,0.2594,0.2136,0.0260,0.3817,1.3403,2.5551,3.9213,5.5054,7.1170,7.9632,7.8564,8.2526,8.6121,9.1565,9.3191,9.5210,9.6195,9.6966,9.7547,9.6426,9.8955,10.5205,9.8957,9.9975,9.9910,9.9654"
EP00255,C2_covariance,26,GEOMETRY_ROTATION,"0.8877,0.7488,0.0662,0.3557,0.6998,0.6459,0.2874,0.3566,0.0765,0.0399,0.2256,0.2203,0.1939,0.0895,0.0848,0.4022,0.5680,0.4497,0.1502,0.4121,0.4447,0.1319,0.4754,1.6129,3.2912,4.9835,7.6472,9.2277,10.8912,12.4623,13.1090,13.8419,14.6475,14.5473,14.7026,14.6515,14.2034,13.8432,13.2112,13.2696,13.0832,12.9376,13.0925"
EP00255,C3_both,26,GEOMETRY_ROTATION,"0.8877,0.9021,0.2683,0.3557,0.6998,0.6459,0.2874,0.4435,0.1171,0.0399,0.2256,0.2203,0.1939,0.1847,0.2195,0.4022,0.5680,0.4497,0.2136,0.4121,0.4447,1.3403,2.5551,3.9213,5.5054,7.1170,7.9632,9.2277,10.8912,12.4623,13.1090,13.8419,14.6475,14.5473,14.7026,14.6515,14.2034,13.8432,13.2112,13.2696,13.0832,12.9376,13.0925"
EP00256,C1_variability,19,GEOMETRY_ROTATION,"0.3616,0.6529,0.1152,0.0050,0.0413,0.5579,0.0958,0.0761,0.1528,0.0754,0.0083,0.0622,0.0190,0.3792,1.4710,2.8145,3.8494,5.2503,6.7349,8.4713,10.1097,11.4618,13.0289,14.8729,16.8108,18.8235,20.7507,22.1177,22.7754,22.8204,22.8259,22.7966,22.8331,22.7896,22.7890,22.8672,22.8806,22.9497,22.9639,23.0080,23.0864,23.0639,23.0868"
EP00256,C2_covariance,19,GEOMETRY_ROTATION,"0.8133,0.7783,0.0971,0.0618,0.3670,0.2245,0.3181,0.3872,0.0456,0.0708,0.2564,0.2511,0.2246,0.1073,0.5409,2.1215,3.8107,5.8385,8.1995,10.4007,12.2421,13.9182,15.1390,15.9056,17.0435,18.0574,18.8695,20.2223,20.8970,20.9745,20.5394,21.0952,21.3986,20.9542,21.1840,20.9934,21.2204,20.6230,20.3812,20.3349,20.3065,20.1366,20.4082"
EP00256,C3_both,19,GEOMETRY_ROTATION,"0.8133,0.7783,0.1152,0.0618,0.3670,0.5579,0.3181,0.3872,0.1528,0.0754,0.2564,0.2511,0.2246,0.3792,1.4710,2.8145,3.8494,5.8385,8.1995,10.4007,12.2421,13.9182,15.1390,15.9056,17.0435,18.8235,20.7507,22.1177,22.7754,22.8204,22.8259,22.7966,22.8331,22.7896,22.7890,22.8672,22.8806,22.9497,22.9639,23.0080,23.0864,23.0639,23.0868"
EP00257,C1_variability,16,GEOMETRY_ROTATION,"0.4306,0.7305,0.0977,0.1551,0.0929,0.1167,0.0783,0.0175,0.1353,0.0579,0.0669,0.7440,0.6272,0.7394,1.2980,1.9811,2.2836,2.7591,3.1354,3.2016,3.4795,3.7994,4.0710,4.1180,4.3356,4.4591,5.1267,4.8927,4.7362,4.7325,4.8786,4.9919,5.1222,5.7169,5.7935,7.0114,6.1479,6.3283,7.0711,6.6036,7.5571,6.3822,6.1386"
EP00257,C2_covariance,16,GEOMETRY_ROTATION,"1.0872,1.0562,0.0308,0.3303,0.6379,0.5186,0.2522,0.3214,0.2171,0.0045,0.1898,0.1840,0.1377,0.0102,0.2169,0.6313,0.9486,0.7472,0.5605,0.5890,0.5601,0.9346,1.1350,1.3442,1.8344,2.0251,2.5416,3.0507,3.6706,4.0331,4.2469,4.7600,5.2677,5.1913,5.2489,5.6104,5.6063,5.6273,5.2190,5.0908,4.9495,4.7296,4.9517"
EP00257,C3_both,16,GEOMETRY_ROTATION,"1.0872,1.0562,0.0977,0.3303,0.6379,0.5186,0.2522,0.3214,0.2171,0.0579,0.1898,0.7440,0.6272,0.7394,1.2980,1.9811,2.2836,2.7591,3.1354,3.2016,3.4795,3.7994,4.0710,4.1180,4.3356,4.4591,5.1267,4.8927,4.7362,4.7325,4.8786,4.9919,5.2677,5.7169,5.7935,7.0114,6.1479,6.3283,7.0711,6.6036,7.5571,6.3822,6.1386"
EP00258,C1_variability,20,GEOMETRY_ROTATION,"0.4430,0.6954,0.0977,0.1738,0.0239,0.2765,0.0783,0.5918,0.1353,0.0579,0.0258,0.0796,0.0365,0.2029,0.4957,0.4876,1.2660,2.1236,2.8804,3.7122,4.4835,4.9187,5.4600,5.8492,6.2261,6.5892,6.7532,7.0365,7.0498,7.0737,7.4021,7.5032,7.7841,8.6828,8.2523,8.6432,8.7441,9.1190,9.3780,9.5581,9.7446,9.7102,9.8853"
EP00258,C2_covariance,20,GEOMETRY_ROTATION,"0.8242,0.7929,0.1080,0.4006,0.6894,0.6406,0.3290,0.3981,0.0346,0.0817,0.2672,0.2619,0.2355,0.1312,0.0396,0.4085,0.5951,0.4432,0.7996,1.1964,2.1998,3.2684,4.0629,5.0011,5.9384,6.7133,7.7315,8.3460,9.2187,9.8932,10.4104,10.8641,11.9364,12.0813,12.3620,12.8110,12.7589,12.8838,12.5284,12.5139,12.3986,12.4117,12.4157"
EP00258,C3_both,20,GEOMETRY_ROTATION,"0.8242,0.7929,0.1080,0.4006,0.6894,0.6406,0.3290,0.5918,0.1353,0.0817,0.2672,0.2619,0.2355,0.2029,0.4957,0.4876,1.2660,2.1236,2.8804,3.7122,4.4835,4.9187,5.4600,5.8492,6.2261,6.7133,7.7315,8.3460,9.2187,9.8932,10.4104,10.8641,11.9364,12.0813,12.3620,12.8110,12.7589,12.8838,12.5284,12.5139,12.3986,12.4117,12.4157"
EP00259,C1_variability,17,GEOMETRY_ROTATION,"0.3878,0.6762,0.1102,0.0000,0.0363,0.2442,0.0908,0.4873,0.1477,0.0704,0.0134,1.4232,1.4159,2.7750,3.8200,4.6783,5.1752,6.0749,7.6368,7.7039,8.3129,8.5662,9.1879,9.7795,10.4372,10.9782,11.5304,12.1922,12.6670,13.1582,13.9265,14.5393,15.2199,16.1167,17.0292,18.1945,19.0884,20.2951,21.2181,21.8160,22.5074,22.7230,22.7437"
EP00259,C2_covariance,17,GEOMETRY_ROTATION,"1.0247,1.0295,0.0971,0.3607,0.6843,0.5490,0.3181,0.3872,0.0740,0.0708,0.2564,0.2529,0.1866,0.2550,1.2325,2.9487,4.5107,6.5098,8.1331,9.3709,11.0834,12.4990,13.2001,13.9632,14.7081,15.4182,15.9945,16.6711,17.5040,18.1235,18.2451,18.9007,19.6634,19.9293,19.7612,20.0132,20.1956,20.5387,19.7440,20.2494,20.1119,19.6237,19.8044"
EP00259,C3_both,17,GEOMETRY_ROTATION,"1.0247,1.0295,0.1102,0.3607,0.6843,0.5490,0.3181,0.4873,0.1477,0.0708,0.2564,1.4232,1.4159,2.7750,3.8200,4.6783,5.1752,6.5098,8.1331,9.3709,11.0834,12.4990,13.2001,13.9632,14.7081,15.4182,15.9945,16.6711,17.5040,18.1235,18.2451,18.9007,19.6634,19.9293,19.7612,20.0132,20.1956,20.5387,21.2181,21.8160,22.5074,22.7230,22.7437"
EP00260,C1_variability,26,NONE,"1.1126,0.2936,0.5507,0.1228,0.3958,0.7487,0.4445,0.2834,0.3739,0.1334,0.2263,0.0687,0.0852,0.0389,0.1665,0.3703,0.0820,0.0638,0.1129,0.0413,0.3555,0.2953,0.0222,0.3995,0.3109,0.1709,0.9676,0.3570,0.2255,1.0177,1.1681,0.7952,1.0240,0.8281,1.1215,0.5919,0.4077,1.5722,0.6122,0.1975,0.3750,1.4662"
EP00260,C2_covariance,26,NONE,"0.3696,0.6803,0.9012,0.6778,0.7226,0.2103,0.8347,0.7478,0.5684,0.3026,1.2303,1.3094,1.5591,1.8558,2.2962,0.3252,0.2383,0.0644,0.2261,0.0014,0.2454,0.0014,0.0952,0.4891,0.2594,0.3158,0.4873,0.4076,0.3962,0.8446,0.7766,0.6962,0.9099,0.7529,0.5817,0.4011,0.2404,0.5763,0.8383,0.7182,0.4980,0.4041"
EP00260,C3_both,26,NONE,"1.1126,0.6803,0.9012,0.6778,0.7226,0.7487,0.8347,0.7478,0.5684,0.3026,1.2303,1.3094,1.5591,1.8558,2.2962,0.3703,0.2383,0.0644,0.2261,0.0413,0.3555,0.2953,0.0952,0.4891,0.3109,0.3158,0.9676,0.4076,0.3962,1.0177,1.1681,0.7952,1.0240,0.8281,1.1215,0.5919,0.4077,1.5722,0.8383,0.7182,0.4980,1.4662"
EP00261,C1_variability,16,RATE_LOSS,"0.4900,0.2111,0.2550,0.0101,0.4342,0.5910,0.4096,0.4174,0.5081,0.2669,0.1965,0.1494,0.6741,1.4614,2.1032,2.6831,3.7587,4.4614,4.8819,4.9001,4.9976,5.0914,4.8601,4.7740,4.7248,4.7258,4.7699,4.6898,4.7684,4.8246,4.8360,4.8181,4.9228,5.0247,4.9555,4.9845,4.7741,4.8865,4.9342,4.8656,4.7978,4.6214"
EP00261,C2_covariance,16,RATE_LOSS,"0.6247,0.4307,0.6526,0.4281,0.0623,0.0417,0.2565,0.2048,0.0575,0.0510,0.2357,0.5473,0.6147,0.7104,1.0529,0.5171,0.4459,0.3410,0.4729,0.2545,0.0065,0.2518,0.3488,0.7447,0.5139,0.3001,0.1046,0.1565,0.1451,0.5783,0.5274,0.4466,0.6613,0.5036,0.3315,0.1500,0.0116,0.3261,0.1127,0.1488,0.1416,0.1530"
EP00261,C3_both,16,RATE_LOSS,"0.6247,0.4307,0.6526,0.4281,0.4342,0.5910,0.4096,0.4174,0.5081,0.2669,0.2357,0.5473,0.6741,1.4614,2.1032,2.6831,3.7587,4.4614,4.8819,4.9001,4.9976,5.0914,4.8601,4.7740,4.7248,4.7258,4.7699,4.6898,4.7684,4.8246,4.8360,4.8181,4.9228,5.0247,4.9555,4.9845,4.7741,4.8865,4.9342,4.8656,4.7978,4.6214"
EP00262,C1_variability,16,RATE_LOSS,"0.3187,0.1817,0.2480,0.0171,0.2664,0.2864,0.4166,0.4244,0.5151,0.2739,0.0032,0.6652,2.0092,3.9919,5.8322,7.6705,10.0230,11.5133,12.3607,12.4115,12.4928,12.5709,12.3782,12.3064,12.2654,12.2663,12.3030,12.2362,12.3018,12.3486,12.3581,12.3432,12.4305,12.5154,12.4577,12.4818,12.3065,12.4002,12.4399,12.3828,12.3263,12.1792"
EP00262,C2_covariance,16,RATE_LOSS,"0.6247,0.4307,0.6526,0.4281,0.0607,0.0417,0.2565,0.2048,0.0575,0.0510,0.2640,0.4349,0.6896,0.5329,0.7046,0.8345,0.5791,0.4415,0.4496,0.2545,0.0065,0.2518,0.3488,0.7447,0.5139,0.3001,0.1046,0.1565,0.1451,0.5783,0.5274,0.4466,0.6613,0.5036,0.3315,0.1500,0.0116,0.3261,0.1127,0.1488,0.1416,0.1530"
EP00262,C3_both,16,RATE_LOSS,"0.6247,0.4307,0.6526,0.4281,0.2664,0.2864,0.4166,0.4244,0.5151,0.2739,0.2640,0.6652,2.0092,3.9919,5.8322,7.6705,10.0230,11.5133,12.3607,12.4115,12.4928,12.5709,12.3782,12.3064,12.2654,12.2663,12.3030,12.2362,12.3018,12.3486,12.3581,12.3432,12.4305,12.5154,12.4577,12.4818,12.3065,12.4002,12.4399,12.3828,12.3263,12.1792"
EP00263,C1_variability,25,RATE_LOSS,"0.1472,0.2253,0.3855,0.0542,0.1948,0.5106,0.3448,0.3525,0.4431,0.2023,0.0466,0.1239,0.0644,0.0298,0.2354,0.4395,0.1509,0.0049,0.0443,0.3565,1.8261,4.3968,7.1908,11.3052,17.3213,24.0878,26.8887,27.3740,27.4133,27.4414,27.4470,27.4381,27.4904,27.5413,27.5067,27.5212,27.4162,27.4723,27.4961,27.4618,27.4280,27.3399"
EP00263,C2_covariance,25,RATE_LOSS,"0.3048,0.7438,0.9643,0.7413,0.3573,0.2744,0.1866,0.1124,0.2587,0.3665,0.5252,0.8918,0.7023,0.5952,0.8494,0.2604,0.1736,0.0000,0.1614,0.0461,0.8689,2.7524,4.8782,7.0561,6.1234,1.2688,0.1777,0.4714,0.4600,0.8905,0.8399,0.7597,0.9730,0.8162,0.6453,0.4650,0.3044,0.6399,0.4279,0.4637,0.4565,0.4679"
EP00263,C3_both,25,RATE_LOSS,"0.3048,0.7438,0.9643,0.7413,0.3573,0.5106,0.3448,0.3525,0.4431,0.3665,0.5252,0.8918,0.7023,0.5952,0.8494,0.4395,0.1736,0.0049,0.1614,0.3565,1.8261,4.3968,7.1908,11.3052,17.3213,24.0878,26.8887,27.3740,27.4133,27.4414,27.4470,27.4381,27.4904,27.5413,27.5067,27.5212,27.4162,27.4723,27.4961,27.4618,27.4280,27.3399"
EP00264,C1_variability,24,RATE_LOSS,"1.0068,0.3247,0.5397,0.0566,0.3010,0.6421,0.3423,0.3501,0.4406,0.1998,0.2873,0.0135,0.0191,0.0273,0.2330,0.4371,0.1485,0.0024,0.0808,0.1862,0.4728,0.8435,0.9994,1.4245,1.9712,2.5631,3.1543,3.6230,4.1044,4.4952,4.7298,4.8372,4.9830,5.0847,5.0157,5.0446,4.8345,4.9467,4.9943,4.9259,4.8582,4.6819"
EP00264,C2_covariance,24,RATE_LOSS,"0.3922,0.6583,0.8792,0.6557,0.7651,0.1881,0.8817,0.7720,0.5735,0.2803,1.3631,1.4164,1.6698,1.9591,2.3660,0.3477,0.2607,0.0868,0.2446,0.0294,0.1684,0.0435,0.1438,0.5457,0.2886,0.4549,0.5467,0.4038,0.3600,0.9968,0.7646,0.6656,0.8879,0.7308,0.5596,0.3789,0.2181,0.6701,0.9508,0.8411,0.6138,0.3819"
EP00264,C3_both,24,RATE_LOSS,"1.0068,0.6583,0.8792,0.6557,0.7651,0.6421,0.8817,0.7720,0.5735,0.2803,1.3631,1.4164,1.6698,1.9591,2.3660,0.4371,0.2607,0.0868,0.2446,0.1862,0.4728,0.8435,0.9994,1.4245,1.9712,2.5631,3.1543,3.6230,4.1044,4.4952,4.7298,4.8372,4.9830,5.0847,5.0157,5.0446,4.8345,4.9467,4.9943,4.9259,4.8582,4.6819"
EP00265,C1_variability,24,RATE_LOSS,"1.0014,0.2829,0.4837,0.0566,0.2547,0.6643,0.3423,0.3501,0.4406,0.1998,0.2325,0.0024,0.0191,0.0273,0.2330,0.4371,0.1485,0.0024,0.0608,0.2326,0.6190,1.4245,2.0564,3.1284,4.5395,6.0466,7.4705,8.8877,10.0880,11.1095,11.7985,12.1976,12.4808,12.5706,12.5130,12.5371,12.3621,12.4556,12.4953,12.4382,12.3818,12.2349"
EP00265,C2_covariance,24,RATE_LOSS,"0.3922,0.6583,0.8792,0.6933,0.8463,0.1881,0.9154,0.8129,0.5881,0.2803,1.2742,1.3254,1.5757,1.8425,2.2218,0.3477,0.2607,0.0868,0.2444,0.0405,0.0933,0.1074,0.2542,0.7050,0.4197,0.3953,0.4235,0.3052,0.2192,0.9799,0.7751,0.6285,0.8869,0.7308,0.5596,0.3789,0.2181,0.6224,0.8379,0.7483,0.5318,0.3819"
EP00265,C3_both,24,RATE_LOSS,"1.0014,0.6583,0.8792,0.6933,0.8463,0.6643,0.9154,0.8129,0.5881,0.2803,1.2742,1.3254,1.5757,1.8425,2.2218,0.4371,0.2607,0.0868,0.2444,0.2326,0.6190,1.4245,2.0564,3.1284,4.5395,6.0466,7.4705,8.8877,10.0880,11.1095,11.7985,12.1976,12.4808,12.5706,12.5130,12.5371,12.3621,12.4556,12.4953,12.4382,12.3818,12.2349"
EP00266,C1_variability,23,RATE_LOSS,"0.6614,0.2354,0.7629,0.0542,0.1948,0.3444,0.3448,0.3525,0.4431,0.2023,0.3740,0.0440,0.0166,0.0298,0.2354,0.4395,0.1509,0.1105,0.7233,1.6029,2.9374,5.0415,7.3117,10.2282,13.3301,16.4084,19.1503,21.9603,24.1479,25.9254,26.9875,27.4102,27.4904,27.5413,27.5067,27.5212,27.4162,27.4723,27.4961,27.4618,27.4280,27.3399"
EP00266,C2_covariance,23,RATE_LOSS,"0.3663,0.6836,0.9044,0.6811,0.8100,0.2137,0.8709,0.7590,0.5035,0.3059,1.0467,1.0709,1.3110,1.5462,1.8760,0.3218,0.2349,0.0714,0.2310,0.1718,0.3832,0.7687,1.0200,1.7009,1.3864,1.2429,1.7442,0.7784,0.6306,0.6311,0.7193,0.6917,0.9131,0.7562,0.5850,0.4045,0.2437,0.5796,0.5753,0.5147,0.3960,0.4074"
EP00266,C3_both,23,RATE_LOSS,"0.6614,0.6836,0.9044,0.6811,0.8100,0.3444,0.8709,0.7590,0.5035,0.3059,1.0467,1.0709,1.3110,1.5462,1.8760,0.4395,0.2349,0.1105,0.7233,1.6029,2.9374,5.0415,7.3117,10.2282,13.3301,16.4084,19.1503,21.9603,24.1479,25.9254,26.9875,27.4102,27.4904,27.5413,27.5067,27.5212,27.4162,27.4723,27.4961,27.4618,27.4280,27.3399"
EP00267,C1_variability,15,RATE_LOSS,"0.6295,0.3941,0.3075,0.0000,0.5716,0.7455,0.3994,0.4072,0.4978,0.2567,0.0846,0.0085,0.1147,0.2013,0.1469,1.1300,1.4131,1.1038,1.6477,2.1595,2.0308,1.8128,1.7591,2.3223,2.0047,2.2000,2.4264,2.5417,2.8033,3.0542,3.2501,3.4038,3.7171,4.0120,4.1344,4.3477,4.3180,4.5779,4.7659,4.7847,4.7799,4.6282"
EP00267,C2_covariance,15,RATE_LOSS,"0.6669,0.3893,0.6114,0.3867,0.0028,0.0835,0.2985,0.2467,0.0993,0.0093,0.4049,0.5317,0.7816,1.1812,1.6814,0.6089,0.5227,0.3718,0.5264,0.2978,0.0645,0.3038,0.3926,0.7923,0.5524,0.3346,0.1522,0.1230,0.1000,0.5356,0.4791,0.3798,0.6246,0.4538,0.2937,0.1036,0.0649,0.2605,0.2217,0.1686,0.1040,0.1114"
EP00267,C3_both,15,RATE_LOSS,"0.6669,0.3941,0.6114,0.3867,0.5716,0.7455,0.3994,0.4072,0.4978,0.2567,0.4049,0.5317,0.7816,1.1812,1.6814,1.1300,1.4131,1.1038,1.6477,2.1595,2.0308,1.8128,1.7591,2.3223,2.0047,2.2000,2.4264,2.5417,2.8033,3.0542,3.2501,3.4038,3.7171,4.0120,4.1344,4.3477,4.3180,4.5779,4.7659,4.7847,4.7799,4.6282"
EP00268,C1_variability,21,RATE_LOSS,"0.4694,0.2680,0.6397,0.0839,0.1649,0.6420,0.3148,0.3226,0.4131,0.1724,0.1278,0.0298,0.0464,0.0000,0.2055,0.4037,0.0290,0.2787,0.5954,0.8654,1.3865,2.0594,2.3994,2.8888,3.4337,4.0209,4.6069,5.1293,5.7475,6.3821,6.9480,7.4506,8.1674,8.8362,9.3547,9.9366,10.3224,10.9546,11.5461,11.8631,12.1154,12.1464"
EP00268,C2_covariance,21,RATE_LOSS,"0.5516,0.5022,0.7238,0.4997,0.6800,0.0305,0.7745,0.6725,0.4492,0.1231,0.6745,0.7032,0.9302,1.1624,1.4999,0.5076,0.4132,0.2584,0.4111,0.1957,0.0000,0.2282,0.2986,0.7068,0.4484,0.2213,0.0700,0.2368,0.1834,0.6260,0.5552,0.4120,0.7205,0.5227,0.3888,0.1826,0.0030,0.2841,0.1968,0.2074,0.2496,0.2331"
EP00268,C3_both,21,RATE_LOSS,"0.5516,0.5022,0.7238,0.4997,0.6800,0.6420,0.7745,0.6725,0.4492,0.1724,0.6745,0.7032,0.9302,1.1624,1.4999,0.5076,0.4132,0.2787,0.5954,0.8654,1.3865,2.0594,2.3994,2.8888,3.4337,4.0209,4.6069,5.1293,5.7475,6.3821,6.9480,7.4506,8.1674,8.8362,9.3547,9.9366,10.3224,10.9546,11.5461,11.8631,12.1154,12.1464"
EP00269,C1_variability,13,RATE_LOSS,"0.0800,0.4007,0.2449,0.0203,0.2696,0.2896,0.4198,0.3674,0.2513,0.3256,0.9555,1.6747,2.6148,3.6812,4.4725,5.1813,6.3796,7.3653,8.3701,9.2674,10.2453,11.3179,12.1057,13.0063,13.9683,14.9541,15.8933,16.8467,17.8106,18.8224,19.7599,20.6209,21.7218,22.7491,23.6807,24.6323,25.3857,26.1295,26.7966,27.1424,27.3455,27.3061"
EP00269,C2_covariance,13,RATE_LOSS,"0.6669,0.3893,0.6114,0.3867,0.0228,0.0835,0.2985,0.2454,0.1059,0.0497,1.0976,1.0889,1.4360,1.5225,1.8921,0.6058,0.5337,0.5055,0.6208,0.3908,0.2295,0.4595,0.4999,0.9344,0.6426,0.3973,0.3536,0.0580,0.0597,0.5769,0.2807,0.0299,0.4466,0.1909,0.0951,0.1424,0.3282,0.7916,0.6873,0.6495,0.4638,0.1114"
EP00269,C3_both,13,RATE_LOSS,"0.6669,0.4007,0.6114,0.3867,0.2696,0.2896,0.4198,0.3674,0.2513,0.3256,1.0976,1.6747,2.6148,3.6812,4.4725,5.1813,6.3796,7.3653,8.3701,9.2674,10.2453,11.3179,12.1057,13.0063,13.9683,14.9541,15.8933,16.8467,17.8106,18.8224,19.7599,20.6209,21.7218,22.7491,23.6807,24.6323,25.3857,26.1295,26.7966,27.1424,27.3455,27.3061"
EP00270,C1_variability,17,CHANNEL_DROPOUT,"0.7897,0.4184,0.5117,0.2480,0.3416,0.2781,0.1494,0.2210,0.2474,0.0075,0.2767,0.1939,0.2053,0.1560,0.1049,0.4998,0.8085,3.2304,10.5096,13.1401,13.5658,13.6039,13.7902,13.8665,13.9648,14.3384,14.2889,14.3069,13.7973,13.7973,13.4570,13.1103,13.2905,13.3990,13.9809,14.0119,14.6144,14.8851,14.5171,14.2984,14.2626,14.5060"
EP00270,C2_covariance,17,CHANNEL_DROPOUT,"0.5824,0.4720,0.6937,0.4695,0.2130,0.0016,0.2751,0.1923,0.0158,0.0926,0.2521,0.6165,0.5390,0.8807,1.3560,0.7749,0.6531,1.2392,1.5563,2.0062,1.8935,2.2388,2.3435,2.7505,2.5238,2.2661,2.0457,1.7822,1.8204,1.3341,1.4511,1.5852,1.2617,1.4013,1.5815,1.7481,1.9269,1.5168,1.7985,1.7290,1.6820,1.6690"
EP00270,C3_both,17,CHANNEL_DROPOUT,"0.7897,0.4720,0.6937,0.4695,0.3416,0.2781,0.2751,0.2210,0.2474,0.0926,0.2767,0.6165,0.5390,0.8807,1.3560,0.7749,0.8085,3.2304,10.5096,13.1401,13.5658,13.6039,13.7902,13.8665,13.9648,14.3384,14.2889,14.3069,13.7973,13.7973,13.4570,13.1103,13.2905,13.3990,13.9809,14.0119,14.6144,14.8851,14.5171,14.2984,14.2626,14.5060"
EP00271,C1_variability,16,CHANNEL_DROPOUT,"0.4769,0.4363,0.5252,0.2616,0.2261,0.7573,0.1357,0.1434,0.2336,0.0062,0.1608,0.1146,0.0756,0.4537,1.0409,1.9967,12.3942,25.2274,24.1709,46.4287,46.2125,46.0340,46.0516,46.2902,46.2713,46.6247,46.4075,46.4155,46.1171,46.1454,46.0955,46.2395,46.3156,46.4953,46.9671,47.1751,47.6812,47.5821,47.5812,47.4649,47.2880,47.2221"
EP00271,C2_covariance,16,CHANNEL_DROPOUT,"0.6247,0.4307,0.6526,0.4281,0.0715,0.0417,0.2565,0.2048,0.0575,0.0510,0.4562,0.5448,0.9480,0.7395,1.5345,2.6627,4.0753,7.3069,9.8816,13.2305,12.9767,13.2039,13.1104,13.6093,13.2951,13.3280,13.2971,13.0724,13.0092,12.2123,12.3002,12.2806,12.1536,12.2695,12.6684,12.6969,13.1966,13.0462,13.4190,13.1170,13.1817,12.9562"
EP00271,C3_both,16,CHANNEL_DROPOUT,"0.6247,0.4363,0.6526,0.4281,0.2261,0.7573,0.2565,0.2048,0.2336,0.0510,0.4562,0.5448,0.9480,0.7395,1.5345,2.6627,12.3942,25.2274,24.1709,46.4287,46.2125,46.0340,46.0516,46.2902,46.2713,46.6247,46.4075,46.4155,46.1171,46.1454,46.0955,46.2395,46.3156,46.4953,46.9671,47.1751,47.6812,47.5821,47.5812,47.4649,47.2880,47.2221"
EP00272,C1_variability,23,CHANNEL_DROPOUT,"0.2682,0.4184,0.5117,0.2480,0.1820,0.2110,0.1494,0.2071,0.3173,0.0075,0.2596,0.1940,0.2106,0.1644,0.0405,0.2438,0.0437,0.1776,0.0255,0.6590,1.7760,2.9016,7.5941,16.1002,32.2917,55.7292,59.8958,59.8958,59.8958,59.8958,59.8958,59.8958,59.8958,59.8958,59.8958,59.8958,59.8958,59.8958,59.8958,59.8958,59.8958,59.8958"
EP00272,C2_covariance,23,CHANNEL_DROPOUT,"0.3822,0.6680,0.8889,0.6655,0.2809,0.1979,0.1923,0.1167,0.1822,0.2902,0.4490,0.8162,0.6264,0.4195,0.7207,0.3378,0.2508,0.0631,0.0000,1.1916,4.5416,10.7159,13.0992,18.5255,26.7345,33.8569,37.6587,37.6277,37.8261,37.4496,37.1254,37.5283,37.2820,38.0293,37.8859,38.0285,37.7054,37.4184,37.1567,36.7164,36.9508,37.2011"
EP00272,C3_both,23,CHANNEL_DROPOUT,"0.3822,0.6680,0.8889,0.6655,0.2809,0.2110,0.1923,0.2071,0.3173,0.2902,0.4490,0.8162,0.6264,0.4195,0.7207,0.3378,0.2508,0.1776,0.0255,1.1916,4.5416,10.7159,13.0992,18.5255,32.2917,55.7292,59.8958,59.8958,59.8958,59.8958,59.8958,59.8958,59.8958,59.8958,59.8958,59.8958,59.8958,59.8958,59.8958,59.8958,59.8958,59.8958"
EP00273,C1_variability,18,CHANNEL_DROPOUT,"0.7385,0.4126,0.5059,0.2421,0.1223,0.4978,0.1553,0.1631,0.2533,0.0134,0.1470,0.1881,0.2047,0.1585,0.0514,0.2897,0.4422,0.6682,1.0863,1.9336,5.4399,11.1236,11.0679,10.7349,12.0959,12.5295,8.4292,11.7081,11.8905,11.7066,11.8762,11.7130,11.5174,11.3534,10.9276,10.9099,10.9616,11.1753,11.4979,11.5263,11.6703,11.5333"
EP00273,C2_covariance,18,CHANNEL_DROPOUT,"0.5745,0.4798,0.7015,0.4773,0.3253,0.0079,0.4001,0.3168,0.1082,0.1005,0.2600,0.6286,0.5072,0.7978,1.1910,0.5663,0.3669,0.1686,0.3191,0.0630,0.1223,0.3783,0.5252,1.2342,1.5942,1.3642,1.3815,1.2259,1.2867,0.8735,0.9438,0.9826,0.8263,0.9541,1.1772,1.2872,1.5340,1.1061,1.2698,1.3145,1.2309,1.3585"
EP00273,C3_both,18,CHANNEL_DROPOUT,"0.7385,0.4798,0.7015,0.4773,0.3253,0.4978,0.4001,0.3168,0.2533,0.1005,0.2600,0.6286,0.5072,0.7978,1.1910,0.5663,0.4422,0.6682,1.0863,1.9336,5.4399,11.1236,11.0679,10.7349,12.0959,12.5295,8.4292,11.7081,11.8905,11.7066,11.8762,11.7130,11.5174,11.3534,10.9276,10.9099,10.9616,11.1753,11.4979,11.5263,11.6703,11.5333"
EP00274,C1_variability,23,CHANNEL_DROPOUT,"0.9654,0.4506,0.7878,0.2045,0.3658,0.3199,0.1933,0.2233,0.2913,0.2180,0.4103,0.1505,0.1670,0.1208,0.0843,0.2878,0.0000,0.1439,0.1621,0.2519,0.4135,0.1595,0.5237,6.3979,11.2130,9.9150,19.2333,24.2507,23.7238,21.3542,44.8473,49.6973,45.8368,45.7397,45.4677,45.3936,45.3684,45.1848,45.1539,45.1928,45.2694,45.6096"
EP00274,C2_covariance,23,CHANNEL_DROPOUT,"0.5495,0.5042,0.7258,0.6468,0.7606,0.0326,0.8267,0.6965,0.4765,0.1251,1.3208,1.3466,1.6211,1.9217,2.2975,0.5049,0.4176,0.2358,0.3282,0.0000,0.1179,0.1237,0.1688,1.3350,1.5926,2.4234,4.4971,4.8504,7.3057,9.4656,10.3444,12.3523,12.6662,12.7880,13.0252,13.2136,13.4492,13.1711,13.2723,12.9849,13.2021,13.0337"
EP00274,C3_both,23,CHANNEL_DROPOUT,"0.9654,0.5042,0.7878,0.6468,0.7606,0.3199,0.8267,0.6965,0.4765,0.2180,1.3208,1.3466,1.6211,1.9217,2.2975,0.5049,0.4176,0.2358,0.3282,0.2519,0.4135,0.1595,0.5237,6.3979,11.2130,9.9150,19.2333,24.2507,23.7238,21.3542,44.8473,49.6973,45.8368,45.7397,45.4677,45.3936,45.3684,45.1848,45.1539,45.1928,45.2694,45.6096"
EP00275,C1_variability,18,CHANNEL_DROPOUT,"0.7434,0.4222,0.5154,0.2517,0.3294,0.2141,0.1456,0.1598,0.2436,0.0037,0.2592,0.1978,0.2055,0.1068,0.2624,0.7061,0.9015,1.2536,8.2261,17.6813,26.4733,43.4472,40.8991,50.5932,52.5244,42.1875,46.3542,52.6042,57.2917,59.8958,59.8958,59.8958,59.8958,59.8958,59.8958,59.8958,59.8958,59.8958,59.8958,59.8958,59.8958,59.8958"
EP00275,C2_covariance,18,CHANNEL_DROPOUT,"0.5745,0.4798,0.7015,0.4773,0.2713,0.0079,0.3509,0.2743,0.1158,0.1005,0.4773,0.6286,0.8396,1.0430,1.3475,0.5067,0.5595,1.0144,1.6301,3.3275,6.5844,9.5095,11.0559,15.4201,17.6443,21.1447,25.2321,29.7662,33.6025,37.4163,37.6430,38.0293,37.5519,38.0237,37.8509,37.7543,37.6859,37.7743,37.6746,37.8312,37.9118,37.7932"
EP00275,C3_both,18,CHANNEL_DROPOUT,"0.7434,0.4798,0.7015,0.4773,0.3294,0.2141,0.3509,0.2743,0.2436,0.1005,0.4773,0.6286,0.8396,1.0430,1.3475,0.7061,0.9015,1.2536,8.2261,17.6813,26.4733,43.4472,40.8991,50.5932,52.5244,42.1875,46.3542,52.6042,57.2917,59.8958,59.8958,59.8958,59.8958,59.8958,59.8958,59.8958,59.8958,59.8958,59.8958,59.8958,59.8958,59.8958"
EP00276,C1_variability,13,CHANNEL_DROPOUT,"0.1794,0.4081,0.3722,0.1078,0.1409,0.1608,0.2907,0.2985,0.3890,0.1484,0.3064,0.2700,0.2323,0.4502,0.5055,1.1435,3.2868,12.4270,15.1531,15.1390,15.6178,14.6440,14.4759,14.6063,14.5454,18.4937,18.6545,20.2267,20.4617,20.2561,20.2048,20.1136,20.1156,19.9957,19.7370,19.7466,19.8185,20.0913,18.3771,19.0987,19.2081,19.5211"
EP00276,C2_covariance,13,CHANNEL_DROPOUT,"0.6763,0.3800,0.6022,0.3775,0.0163,0.0928,0.3078,0.2561,0.1086,0.0000,0.9068,0.9489,1.2594,1.7127,2.1711,0.6106,0.7136,0.7015,1.0151,1.1727,0.9540,1.4118,1.4967,1.8775,1.7194,1.6721,1.4383,1.4299,1.4380,0.9636,0.9966,1.1039,0.9173,1.0610,1.1903,1.4338,1.6559,1.3015,1.6664,1.8506,1.7686,1.7891"
EP00276,C3_both,13,CHANNEL_DROPOUT,"0.6763,0.4081,0.6022,0.3775,0.1409,0.1608,0.3078,0.2985,0.3890,0.1484,0.9068,0.9489,1.2594,1.7127,2.1711,1.1435,3.2868,12.4270,15.1531,15.1390,15.6178,14.6440,14.4759,14.6063,14.5454,18.4937,18.6545,20.2267,20.4617,20.2561,20.2048,20.1136,20.1156,19.9957,19.7370,19.7466,19.8185,20.0913,18.3771,19.0987,19.2081,19.5211"
EP00277,C1_variability,22,CHANNEL_DROPOUT,"0.4120,0.3616,0.5875,0.1909,0.0574,0.4188,0.2471,0.2147,0.3106,0.0707,0.1804,0.1369,0.1534,0.1072,0.0979,0.3015,0.0193,0.0439,0.0393,0.4768,12.8184,12.8366,12.8487,19.0893,26.9850,32.6526,31.1027,33.2256,33.2316,29.2132,27.4589,29.0981,35.7333,35.4654,32.8879,32.3330,31.3086,29.2320,33.1124,37.8737,38.9625,41.9983"
EP00277,C2_covariance,22,CHANNEL_DROPOUT,"0.3922,0.6583,0.8792,0.6557,0.6525,0.1881,0.7365,0.6333,0.4073,0.2803,0.8896,0.9373,1.1880,1.4612,1.8519,0.3477,0.2700,0.1101,0.2350,0.1779,0.2067,0.5151,0.2628,1.3677,1.5487,1.9693,1.8751,2.2046,2.2087,2.5591,2.7389,3.0310,2.4742,3.3537,4.1046,4.5257,6.2046,7.3769,7.6699,8.2219,8.1156,9.3974"
EP00277,C3_both,22,CHANNEL_DROPOUT,"0.4120,0.6583,0.8792,0.6557,0.6525,0.4188,0.7365,0.6333,0.4073,0.2803,0.8896,0.9373,1.1880,1.4612,1.8519,0.3477,0.2700,0.1101,0.2350,0.4768,12.8184,12.8366,12.8487,19.0893,26.9850,32.6526,31.1027,33.2256,33.2316,29.2132,27.4589,29.0981,35.7333,35.4654,32.8879,32.3330,31.3086,29.2320,33.1124,37.8737,38.9625,41.9983"
EP00278,C1_variability,21,CHANNEL_DROPOUT,"0.3859,0.3869,0.6063,0.2163,0.0791,0.6525,0.1902,0.1891,0.3345,0.1232,0.1159,0.1623,0.1789,0.1326,0.0724,0.2758,0.0000,0.1051,0.0743,1.0015,1.6837,2.0620,13.1954,18.1573,32.7483,33.7351,31.4306,31.1235,28.6191,37.8119,48.1130,46.2592,47.7737,45.3642,39.5833,41.1458,44.7917,61.3670,53.1524,52.6042,54.6875,56.2500"
EP00278,C2_covariance,21,CHANNEL_DROPOUT,"0.4181,0.6329,0.8539,0.6303,0.6424,0.1624,0.7050,0.6010,0.3960,0.2548,0.9072,0.9558,1.2335,1.5419,1.9506,0.3736,0.2906,0.2057,0.2915,0.2118,0.3256,0.8562,2.0992,2.8723,3.7297,3.7585,5.2492,5.4926,7.2846,8.1013,10.4129,13.5954,16.0752,16.9965,19.6488,21.4047,24.8433,25.3372,27.9666,29.4903,31.5280,33.4454"
EP00278,C3_both,21,CHANNEL_DROPOUT,"0.4181,0.6329,0.8539,0.6303,0.6424,0.6525,0.7050,0.6010,0.3960,0.2548,0.9072,0.9558,1.2335,1.5419,1.9506,0.3736,0.2906,0.2057,0.2915,1.0015,1.6837,2.0620,13.1954,18.1573,32.7483,33.7351,31.4306,31.1235,28.6191,37.8119,48.1130,46.2592,47.7737,45.3642,39.5833,41.1458,44.7917,61.3670,53.1524,52.6042,54.6875,56.2500"
EP00279,C1_variability,24,GAIN_DRIFT,"1.0866,0.7743,0.7149,0.0923,0.1565,0.3803,0.3064,0.3141,0.4046,0.1640,0.0199,0.0381,0.0547,0.0084,0.1971,0.4011,0.1127,0.0333,0.0829,0.8061,2.2304,4.4884,7.0423,10.7382,14.2222,15.7018,16.3607,15.3893,14.7613,13.7172,13.3767,13.3056,12.8460,12.5316,14.0320,15.1077,15.1929,15.5894,15.5002,15.7411,15.0924,15.4302"
EP00279,C2_covariance,24,GAIN_DRIFT,"0.4293,0.6219,0.8430,0.6194,0.7519,0.1514,0.8588,0.7506,0.5540,0.2437,1.2890,1.3416,1.6016,1.8986,2.3101,0.3848,0.2978,0.1237,0.2829,0.0481,0.2345,0.0111,0.0722,0.5629,0.3768,0.5191,0.6255,0.3648,0.1956,1.0093,0.8075,0.5955,0.7950,0.6586,0.4654,0.3309,0.1582,0.7129,0.9310,0.8304,0.5578,0.2874"
EP00279,C3_both,24,GAIN_DRIFT,"1.0866,0.7743,0.8430,0.6194,0.7519,0.3803,0.8588,0.7506,0.5540,0.2437,1.2890,1.3416,1.6016,1.8986,2.3101,0.4011,0.2978,0.1237,0.2829,0.8061,2.2304,4.4884,7.0423,10.7382,14.2222,15.7018,16.3607,15.3893,14.7613,13.7172,13.3767,13.3056,12.8460,12.5316,14.0320,15.1077,15.1929,15.5894,15.5002,15.7411,15.0924,15.4302"
EP00280,C1_variability,17,GAIN_DRIFT,"0.5225,0.4259,0.5191,0.2554,0.0075,0.3099,0.1419,0.1496,0.2399,0.0000,0.1551,0.1959,1.5892,5.1063,11.1950,18.5947,23.5266,30.1277,33.9349,39.5384,41.0858,40.1940,38.9955,40.1684,40.9756,40.8364,41.7598,41.5272,41.9785,41.5883,42.7933,41.3541,41.8040,42.5100,41.7970,40.4357,41.2813,40.4801,40.3838,39.9804,39.7075,40.3490"
EP00280,C2_covariance,17,GAIN_DRIFT,"0.5824,0.4720,0.6937,0.4695,0.6745,0.0003,0.7893,0.7288,0.5429,0.0926,0.2521,0.6142,0.4074,0.5900,1.0173,0.3996,0.4089,0.3728,0.5891,0.4443,0.0058,0.3962,0.4934,0.8710,0.6946,0.5647,0.4993,0.1791,0.2282,0.2802,0.2622,0.3660,0.6110,0.4518,0.3134,0.1020,0.1321,0.1014,0.0165,0.0348,0.0884,0.0503"
EP00280,C3_both,17,GAIN_DRIFT,"0.5824,0.4720,0.6937,0.4695,0.6745,0.3099,0.7893,0.7288,0.5429,0.0926,0.2521,0.6142,1.5892,5.1063,11.1950,18.5947,23.5266,30.1277,33.9349,39.5384,41.0858,40.1940,38.9955,40.1684,40.9756,40.8364,41.7598,41.5272,41.9785,41.5883,42.7933,41.3541,41.8040,42.5100,41.7970,40.4357,41.2813,40.4801,40.3838,39.9804,39.7075,40.3490"
EP00281,C1_variability,19,GAIN_DRIFT,"0.9394,0.7503,0.5191,0.2554,0.0075,0.3218,0.1419,0.1496,0.2399,0.0000,0.1551,0.2015,0.2180,0.1691,2.1097,6.0168,11.2797,13.6506,19.5442,39.8610,82.6851,96.4259,100.3023,97.1222,98.9780,94.9491,95.5180,98.1324,98.6437,96.1714,96.1167,96.5625,91.6815,89.0421,95.7562,93.4706,97.0976,98.0948,100.0921,99.7783,99.6975,99.2744"
EP00281,C2_covariance,19,GAIN_DRIFT,"0.5665,0.4876,0.7093,0.4851,0.0991,0.0158,0.1987,0.1471,0.0000,0.1084,0.2678,0.6364,0.4459,0.3440,0.4529,1.3208,3.2372,9.1987,14.4106,13.2053,11.4016,11.3926,12.0635,12.0534,11.4460,11.5338,14.2916,13.7241,13.3199,13.7423,13.1349,11.6622,10.9625,11.5881,11.5475,11.4186,11.7230,14.2814,14.5690,13.7974,13.7590,13.5953"
EP00281,C3_both,19,GAIN_DRIFT,"0.9394,0.7503,0.7093,0.4851,0.0991,0.3218,0.1987,0.1496,0.2399,0.1084,0.2678,0.6364,0.4459,0.3440,2.1097,6.0168,11.2797,13.6506,19.5442,39.8610,82.6851,96.4259,100.3023,97.1222,98.9780,94.9491,95.5180,98.1324,98.6437,96.1714,96.1167,96.5625,91.6815,89.0421,95.7562,93.4706,97.0976,98.0948,100.0921,99.7783,99.6975,99.2744"
EP00282,C1_variability,15,GAIN_DRIFT,"0.0953,0.3126,0.3397,0.0750,0.1738,0.1937,0.3237,0.3315,0.4221,0.1792,0.0368,0.0670,0.3468,1.5847,3.0306,4.8519,6.7048,8.8080,11.5290,12.8077,14.8022,16.1676,15.9333,17.4019,17.7956,17.7034,16.3820,17.0160,18.0466,17.6579,18.9602,17.6396,18.3517,18.6577,18.8382,19.4217,18.5703,19.3302,19.3463,18.6596,17.2669,16.9537"
EP00282,C2_covariance,15,GAIN_DRIFT,"0.6669,0.3893,0.6114,0.3867,0.0032,0.0835,0.2985,0.2467,0.0993,0.0088,0.3992,0.5505,0.7772,1.2061,1.7107,0.6318,0.5180,0.4046,0.5905,0.3697,0.2170,0.4768,0.5275,0.9080,0.6462,0.4506,0.2342,0.0013,0.0169,0.4278,0.3621,0.2572,0.4882,0.3225,0.1473,0.0547,0.2185,0.1293,0.3302,0.2888,0.1194,0.0572"
EP00282,C3_both,15,GAIN_DRIFT,"0.6669,0.3893,0.6114,0.3867,0.1738,0.1937,0.3237,0.3315,0.4221,0.1792,0.3992,0.5505,0.7772,1.5847,3.0306,4.8519,6.7048,8.8080,11.5290,12.8077,14.8022,16.1676,15.9333,17.4019,17.7956,17.7034,16.3820,17.0160,18.0466,17.6579,18.9602,17.6396,18.3517,18.6577,18.8382,19.4217,18.5703,19.3302,19.3463,18.6596,17.2669,16.9537"
EP00283,C1_variability,27,GAIN_DRIFT,"0.6963,0.3751,0.9343,0.2045,0.0526,0.2655,0.3846,0.2010,0.2913,0.0512,0.1040,0.1505,0.1670,0.1208,0.0843,0.2878,0.0000,0.1456,0.1946,0.1041,0.2119,0.2877,0.7479,2.1040,4.2040,8.7813,12.5736,18.9447,23.9141,29.6145,35.6342,38.8138,42.7497,42.4572,41.6658,42.2224,40.9589,42.0284,40.0376,40.2249,40.8550,41.1492"
EP00283,C2_covariance,27,GAIN_DRIFT,"0.3862,0.6641,0.8850,0.6616,0.8022,0.1940,0.9243,0.8372,0.6464,0.2863,1.1107,1.1881,1.4310,1.7246,2.1659,0.3417,0.2548,0.0809,0.2426,0.0178,0.2291,0.0000,0.0642,0.3885,0.0993,0.0142,0.3610,0.3519,0.2291,0.8290,0.6772,0.5399,0.7088,0.3495,0.2309,0.0554,0.0178,0.5842,0.5205,0.5002,0.3488,0.2657"
EP00283,C3_both,27,GAIN_DRIFT,"0.6963,0.6641,0.9343,0.6616,0.8022,0.2655,0.9243,0.8372,0.6464,0.2863,1.1107,1.1881,1.4310,1.7246,2.1659,0.3417,0.2548,0.1456,0.2426,0.1041,0.2291,0.2877,0.7479,2.1040,4.2040,8.7813,12.5736,18.9447,23.9141,29.6145,35.6342,38.8138,42.7497,42.4572,41.6658,42.2224,40.9589,42.0284,40.0376,40.2249,40.8550,41.1492"
EP00284,C1_variability,22,GAIN_DRIFT,"0.3081,0.5183,0.4581,0.1821,0.0662,0.0861,0.2158,0.2235,0.3139,0.0737,0.0817,0.1690,0.1447,0.0984,0.1067,0.3103,0.2238,1.4853,3.5552,7.8250,13.1846,23.1456,36.4607,44.7083,58.6905,68.5621,77.7387,88.2417,96.4883,106.5140,106.9966,107.7165,109.6506,107.3071,110.2310,115.8730,111.5766,110.0760,104.1459,106.7408,104.8596,106.3714"
EP00284,C2_covariance,22,GAIN_DRIFT,"0.3922,0.6583,0.8792,0.6557,0.7576,0.1881,0.8279,0.7563,0.5474,0.2803,0.8102,0.8832,1.0966,1.3162,1.6861,0.3477,0.2533,0.0401,0.2089,0.3159,0.6004,1.3459,1.5599,2.2615,2.4021,2.5647,3.6654,3.1600,3.1567,2.4873,2.8578,3.2536,3.1385,3.0554,3.2876,3.5438,3.4308,2.5990,2.9387,2.4090,2.2075,2.4309"
EP00284,C3_both,22,GAIN_DRIFT,"0.3922,0.6583,0.8792,0.6557,0.7576,0.1881,0.8279,0.7563,0.5474,0.2803,0.8102,0.8832,1.0966,1.3162,1.6861,0.3477,0.2533,1.4853,3.5552,7.8250,13.1846,23.1456,36.4607,44.7083,58.6905,68.5621,77.7387,88.2417,96.4883,106.5140,106.9966,107.7165,109.6506,107.3071,110.2310,115.8730,111.5766,110.0760,104.1459,106.7408,104.8596,106.3714"
EP00285,C1_variability,19,GAIN_DRIFT,"0.6032,0.2875,0.4312,0.1166,0.1320,0.5444,0.2818,0.2896,0.3800,0.1395,0.3277,0.0625,0.0791,0.0322,0.1804,0.3948,0.2614,0.8772,1.6552,2.3307,3.1132,4.1256,4.7557,5.0903,5.4838,6.7699,7.4532,7.2467,8.6352,9.1351,10.2174,10.8966,11.4910,12.3796,13.6648,14.2564,15.0734,14.6379,14.6446,14.5300,15.4756,16.1097"
EP00285,C2_covariance,19,GAIN_DRIFT,"0.5665,0.4876,0.7093,0.4851,0.4454,0.0158,0.5316,0.4433,0.2145,0.1084,0.2678,0.6364,0.4790,0.7391,1.1456,0.5155,0.4263,0.2638,0.4264,0.1864,0.0591,0.1764,0.2811,0.6776,0.4454,0.2269,0.0452,0.2072,0.2086,0.6310,0.5979,0.4804,0.7070,0.5133,0.3599,0.1485,0.0294,0.2989,0.0726,0.1316,0.1294,0.1251"
EP00285,C3_both,19,GAIN_DRIFT,"0.6032,0.4876,0.7093,0.4851,0.4454,0.5444,0.5316,0.4433,0.3800,0.1395,0.3277,0.6364,0.4790,0.7391,1.1456,0.5155,0.4263,0.8772,1.6552,2.3307,3.1132,4.1256,4.7557,5.0903,5.4838,6.7699,7.4532,7.2467,8.6352,9.1351,10.2174,10.8966,11.4910,12.3796,13.6648,14.2564,15.0734,14.6379,14.6446,14.5300,15.4756,16.1097"
EP00286,C1_variability,25,GAIN_DRIFT,"0.5486,0.2717,0.6345,0.1007,0.1480,0.5304,0.3795,0.3056,0.3961,0.1555,0.1251,0.0466,0.0632,0.0168,0.1886,0.3925,0.1042,0.0417,0.0909,0.2655,0.3965,0.3234,0.4900,2.5234,4.4303,6.0370,8.2636,11.3581,13.3744,15.4609,18.4177,20.0804,22.9773,25.0785,27.3047,29.4757,30.9740,32.8484,35.3092,40.7009,43.8275,44.6536"
EP00286,C2_covariance,25,GAIN_DRIFT,"0.3800,0.6702,0.8911,0.6677,0.7739,0.2001,0.9146,0.8127,0.6446,0.2924,1.3847,1.4507,1.7113,2.0280,2.4737,0.3355,0.2486,0.0747,0.2364,0.0117,0.2395,0.0000,0.0698,0.4614,0.2365,0.5190,0.6629,0.3340,0.3871,0.9214,0.7158,0.6289,0.8716,0.6320,0.5553,0.3471,0.0930,0.8763,0.8117,0.7802,0.6175,0.2271"
EP00286,C3_both,25,GAIN_DRIFT,"0.5486,0.6702,0.8911,0.6677,0.7739,0.5304,0.9146,0.8127,0.6446,0.2924,1.3847,1.4507,1.7113,2.0280,2.4737,0.3925,0.2486,0.0747,0.2364,0.2655,0.3965,0.3234,0.4900,2.5234,4.4303,6.0370,8.2636,11.3581,13.3744,15.4609,18.4177,20.0804,22.9773,25.0785,27.3047,29.4757,30.9740,32.8484,35.3092,40.7009,43.8275,44.6536"
EP00287,C1_variability,18,GAIN_DRIFT,"0.7742,0.4222,0.5154,0.2517,0.0586,0.1808,0.1456,0.1534,0.2436,0.0037,0.1514,0.1978,0.2151,0.1434,0.7705,2.4001,4.0329,8.0734,13.0151,18.0424,22.2540,28.2572,33.8365,38.4964,45.6210,50.6647,54.6724,57.6922,62.9882,68.5422,70.3986,77.4470,81.7211,87.8548,92.8814,100.4091,99.8647,102.9558,110.5727,116.2476,120.5803,119.1190"
EP00287,C2_covariance,18,GAIN_DRIFT,"0.5745,0.4798,0.7015,0.4773,0.3173,0.0079,0.3956,0.3099,0.1086,0.1005,0.2600,0.6286,0.5770,0.9006,1.3003,0.5926,0.4311,0.1973,0.2783,0.1676,0.1203,0.3943,0.4726,0.8878,0.5429,0.3805,0.4520,0.1114,0.1686,0.1958,0.1163,0.6347,0.2567,0.3774,0.5745,0.8016,1.1831,1.1509,1.1909,1.0988,0.7241,0.8864"
EP00287,C3_both,18,GAIN_DRIFT,"0.7742,0.4798,0.7015,0.4773,0.3173,0.1808,0.3956,0.3099,0.2436,0.1005,0.2600,0.6286,0.5770,0.9006,1.3003,2.4001,4.0329,8.0734,13.0151,18.0424,22.2540,28.2572,33.8365,38.4964,45.6210,50.6647,54.6724,57.6922,62.9882,68.5422,70.3986,77.4470,81.7211,87.8548,92.8814,100.4091,99.8647,102.9558,110.5727,116.2476,120.5803,119.1190"
EP00288,C1_variability,14,GEOMETRY_ROTATION,"0.5678,0.3370,0.1696,0.0960,0.3457,0.3657,0.4961,0.5039,0.2503,0.9558,2.1793,3.2509,4.2010,4.9336,5.3507,6.0222,7.0190,6.9327,7.0590,7.2909,7.3150,6.6619,6.3699,6.5075,5.8614,6.0402,6.2104,6.6034,6.7489,7.1481,6.8146,6.7294,6.5052,6.3098,6.1927,6.4010,6.0157,6.2319,6.6436,6.5595,7.4191,6.0116"
EP00288,C2_covariance,14,GEOMETRY_ROTATION,"0.4673,0.5847,0.8060,0.5822,0.1970,0.1138,0.1352,0.1198,0.0759,0.0488,0.5331,0.7283,2.2058,4.3482,5.5863,6.5348,6.7096,6.7025,7.1163,6.7259,6.5430,6.5531,6.4141,6.7983,6.4522,6.3737,5.9848,5.8136,6.1067,5.9833,6.1134,6.1575,5.8546,5.8308,6.0368,6.1282,6.3560,6.2263,6.6130,6.7323,6.6138,6.3309"
EP00288,C3_both,14,GEOMETRY_ROTATION,"0.5678,0.5847,0.8060,0.5822,0.3457,0.3657,0.4961,0.5039,0.2503,0.9558,2.1793,3.2509,4.2010,4.9336,5.5863,6.5348,7.0190,6.9327,7.1163,7.2909,7.3150,6.6619,6.4141,6.7983,6.4522,6.3737,6.2104,6.6034,6.7489,7.1481,6.8146,6.7294,6.5052,6.3098,6.1927,6.4010,6.3560,6.2319,6.6436,6.7323,7.4191,6.3309"
EP00289,C1_variability,17,GEOMETRY_ROTATION,"0.6233,0.5084,0.2449,0.0203,0.2696,0.2896,0.4198,0.4276,0.5183,0.2771,0.1380,0.7602,2.5760,4.0551,4.5437,5.4899,7.0691,8.3994,9.2290,9.5163,9.7226,9.7947,9.5826,9.5121,9.4540,9.4339,9.4464,9.3938,9.4831,9.5749,9.6789,9.6558,9.7741,9.8613,9.6894,9.6861,9.3419,9.4472,9.5263,9.5009,9.4128,9.2248"
EP00289,C2_covariance,17,GEOMETRY_ROTATION,"0.5665,0.4876,0.7093,0.4851,0.0991,0.0158,0.1987,0.1471,0.0000,0.1084,0.2678,0.6180,1.1681,4.9837,7.8516,9.8757,11.3446,12.5517,14.4040,15.0713,15.2220,15.4807,15.7339,16.1088,15.9879,15.6764,15.2556,14.9845,14.8320,14.5623,14.5217,14.6516,14.4572,14.5303,14.8332,14.8483,15.0757,14.7604,14.8665,14.8745,14.8775,14.9155"
EP00289,C3_both,17,GEOMETRY_ROTATION,"0.6233,0.5084,0.7093,0.4851,0.2696,0.2896,0.4198,0.4276,0.5183,0.2771,0.2678,0.7602,2.5760,4.9837,7.8516,9.8757,11.3446,12.5517,14.4040,15.0713,15.2220,15.4807,15.7339,16.1088,15.9879,15.6764,15.2556,14.9845,14.8320,14.5623,14.5217,14.6516,14.4572,14.5303,14.8332,14.8483,15.0757,14.7604,14.8665,14.8745,14.8775,14.9155"
EP00290,C1_variability,26,GEOMETRY_ROTATION,"0.1715,0.2277,0.7875,0.0566,0.1934,0.5885,0.4362,0.3501,0.4406,0.1998,0.0756,0.0613,0.0191,0.0273,0.2330,0.4371,0.1485,0.0024,0.0468,0.0441,0.3615,2.1329,3.1032,4.5120,6.2513,8.4819,17.5084,25.1927,21.8717,22.0312,22.0578,21.9712,22.1178,22.2132,22.1064,22.1273,22.2978,23.7687,23.8318,22.5559,21.7647,21.6310"
EP00290,C2_covariance,26,GEOMETRY_ROTATION,"0.3673,0.6827,0.9035,0.6802,0.2957,0.2127,0.0457,0.0504,0.1970,0.3049,0.4638,0.8308,0.6411,0.7179,0.9195,0.3228,0.2359,0.0621,0.2237,0.0010,0.2481,3.5203,6.9018,9.6114,11.9826,14.6946,18.2050,19.5123,20.4172,20.2350,20.3200,20.4511,20.6762,20.8691,21.2337,21.4432,21.5797,21.1969,21.3503,20.9972,20.9551,20.9072"
EP00290,C3_both,26,GEOMETRY_ROTATION,"0.3673,0.6827,0.9035,0.6802,0.2957,0.5885,0.4362,0.3501,0.4406,0.3049,0.4638,0.8308,0.6411,0.7179,0.9195,0.4371,0.2359,0.0621,0.2237,0.0441,0.3615,3.5203,6.9018,9.6114,11.9826,14.6946,18.2050,25.1927,21.8717,22.0312,22.0578,21.9712,22.1178,22.2132,22.1064,22.1273,22.2978,23.7687,23.8318,22.5559,21.7647,21.6310"
EP00291,C1_variability,14,GEOMETRY_ROTATION,"0.5355,0.5537,0.3208,0.0960,0.3457,0.3657,0.4961,0.5039,0.3452,0.5069,1.4173,2.2348,3.2453,3.8691,4.5159,5.6796,6.1160,6.3810,7.0474,7.3853,7.5266,7.1726,8.3512,9.5019,9.1938,7.7771,7.2208,7.4529,7.4306,8.6673,8.4414,9.8799,8.9781,8.5773,8.8375,8.8211,8.5679,8.0562,7.6463,7.3269,7.1617,7.3371"
EP00291,C2_covariance,14,GEOMETRY_ROTATION,"0.6128,0.4422,0.6641,0.4397,0.0534,0.0300,0.2448,0.1931,0.0539,0.0300,0.6223,0.6970,1.1216,2.2162,2.9032,3.2088,3.7808,4.3683,5.3246,5.8103,6.2710,7.0895,7.5107,8.1657,8.1867,8.1954,8.0497,7.7910,8.0903,7.7353,7.7487,7.8253,7.5356,7.6077,7.6837,7.7412,7.9568,7.7001,8.0754,8.0014,8.0948,7.8346"
EP00291,C3_both,14,GEOMETRY_ROTATION,"0.6128,0.5537,0.6641,0.4397,0.3457,0.3657,0.4961,0.5039,0.3452,0.5069,1.4173,2.2348,3.2453,3.8691,4.5159,5.6796,6.1160,6.3810,7.0474,7.3853,7.5266,7.1726,8.3512,9.5019,9.1938,8.1954,8.0497,7.7910,8.0903,8.6673,8.4414,9.8799,8.9781,8.5773,8.8375,8.8211,8.5679,8.0562,8.0754,8.0014,8.0948,7.8346"
EP00292,C1_variability,14,GEOMETRY_ROTATION,"0.7094,0.3235,0.1696,0.0960,0.3457,0.3657,0.4961,0.5039,0.5880,0.2408,2.2556,3.5832,4.4137,5.3851,5.5806,7.0972,8.1561,9.1720,9.8539,10.7781,10.7398,11.1350,10.1841,11.4141,10.1435,9.6475,9.6461,9.6251,9.7100,10.3509,10.5053,11.0217,11.4498,10.4573,10.1510,10.0342,9.6875,9.8249,9.8973,9.8226,9.7347,9.5912"
EP00292,C2_covariance,14,GEOMETRY_ROTATION,"0.5744,0.4799,0.7016,0.4774,0.0913,0.0080,0.2066,0.1549,0.0080,0.0854,0.6787,0.8028,1.4391,4.0935,5.5405,7.2414,8.2407,9.0808,10.5036,11.4055,11.9688,12.9982,13.7990,14.4152,14.6449,14.6909,14.4301,14.2221,14.3584,13.8438,13.7964,13.6943,13.6792,13.7812,14.1567,14.1808,14.4338,14.1690,14.3888,14.6105,14.5829,14.4396"
EP00292,C3_both,14,GEOMETRY_ROTATION,"0.7094,0.4799,0.7016,0.4774,0.3457,0.3657,0.4961,0.5039,0.5880,0.2408,2.2556,3.5832,4.4137,5.3851,5.5806,7.2414,8.2407,9.1720,10.5036,11.4055,11.9688,12.9982,13.7990,14.4152,14.6449,14.6909,14.4301,14.2221,14.3584,13.8438,13.7964,13.6943,13.6792,13.7812,14.1567,14.1808,14.4338,14.1690,14.3888,14.6105,14.5829,14.4396"
EP00293,C1_variability,17,GEOMETRY_ROTATION,"0.6909,0.6121,0.2650,0.0000,0.2492,0.2692,0.3994,0.4072,0.4978,0.2568,0.1008,0.0771,1.7048,3.1824,4.1923,5.9878,8.3011,8.1009,9.3159,10.3888,11.7004,13.1875,14.5983,16.3280,19.6449,20.0398,21.2056,21.8471,22.0183,22.0046,22.0293,22.1460,22.2157,22.3006,22.1543,22.1406,22.0109,21.9738,22.0218,21.9596,21.9520,21.8157"
EP00293,C2_covariance,17,GEOMETRY_ROTATION,"0.5665,0.4876,0.7093,0.4851,0.0991,0.0158,0.1987,0.1471,0.0000,0.1084,0.2678,0.6358,0.1841,3.2297,6.1253,8.4994,10.2478,11.6462,13.7510,15.3868,16.5845,17.7543,18.9251,20.4102,21.1344,21.3059,21.7793,21.6576,21.8575,21.0633,20.8578,20.9164,20.9630,21.1187,21.3199,21.3571,21.8460,21.9674,21.9134,22.0330,22.0819,21.9561"
EP00293,C3_both,17,GEOMETRY_ROTATION,"0.6909,0.6121,0.7093,0.4851,0.2492,0.2692,0.3994,0.4072,0.4978,0.2568,0.2678,0.6358,1.7048,3.2297,6.1253,8.4994,10.2478,11.6462,13.7510,15.3868,16.5845,17.7543,18.9251,20.4102,21.1344,21.3059,21.7793,21.8471,22.0183,22.0046,22.0293,22.1460,22.2157,22.3006,22.1543,22.1406,22.0109,21.9738,22.0218,22.0330,22.0819,21.9561"
EP00294,C1_variability,14,GEOMETRY_ROTATION,"0.7325,0.4111,0.2550,0.0101,0.2594,0.2794,0.4096,0.4174,0.5028,0.1333,0.6365,0.7082,1.1705,1.5530,1.8272,2.7077,3.8438,3.8584,4.7651,4.5397,5.2347,5.3367,4.8789,5.2727,5.6699,5.8369,5.8773,6.0024,6.3088,6.3722,6.1711,6.5701,6.6299,6.2406,6.6096,6.9918,7.6023,7.4648,7.1661,7.3401,7.2267,7.1006"
EP00294,C2_covariance,14,GEOMETRY_ROTATION,"0.6709,0.3854,0.6075,0.3828,0.0066,0.0874,0.3024,0.2507,0.1038,0.0039,0.6478,0.7259,1.0453,1.5825,2.1554,1.0723,1.1155,1.1986,1.5433,1.6839,1.6019,1.9439,2.2945,2.8915,3.0392,3.3776,3.2858,3.3051,3.7550,3.6043,3.6391,3.9202,4.1185,4.3652,5.0430,5.4212,6.0096,5.8774,6.1324,6.3239,6.2789,6.2412"
EP00294,C3_both,14,GEOMETRY_ROTATION,"0.7325,0.4111,0.6075,0.3828,0.2594,0.2794,0.4096,0.4174,0.5028,0.1333,0.6478,0.7259,1.1705,1.5825,2.1554,2.7077,3.8438,3.8584,4.7651,4.5397,5.2347,5.3367,4.8789,5.2727,5.6699,5.8369,5.8773,6.0024,6.3088,6.3722,6.1711,6.5701,6.6299,6.2406,6.6096,6.9918,7.6023,7.4648,7.1661,7.3401,7.2267,7.1006"
EP00295,C1_variability,17,GEOMETRY_ROTATION,"0.7508,0.4320,0.2671,0.0000,0.2492,0.2692,0.3994,0.4072,0.4978,0.2568,0.1008,0.1173,0.5721,1.4497,2.8256,2.7692,3.8857,4.2169,5.1924,5.3806,6.1460,6.2839,7.2152,8.9134,9.0050,8.0404,8.1709,7.3553,7.6801,8.0069,8.1555,8.5947,9.5192,8.7520,8.8686,8.9655,8.9316,9.3578,9.6252,9.6158,9.6116,9.4835"
EP00295,C2_covariance,17,GEOMETRY_ROTATION,"0.5824,0.4720,0.6937,0.4695,0.0834,0.0005,0.2146,0.1629,0.0158,0.0926,0.2521,0.6207,0.4064,0.8824,1.6461,1.4290,1.9654,2.3621,3.4801,4.3301,4.9367,6.3220,7.2872,8.6406,9.2082,9.7806,9.9108,10.4582,10.9459,10.9876,11.1503,11.4786,11.9182,12.1129,12.9521,13.4160,14.0336,14.0543,14.5764,14.9224,15.0698,14.8951"
EP00295,C3_both,17,GEOMETRY_ROTATION,"0.7508,0.4720,0.6937,0.4695,0.2492,0.2692,0.3994,0.4072,0.4978,0.2568,0.2521,0.6207,0.5721,1.4497,2.8256,2.7692,3.8857,4.2169,5.1924,5.3806,6.1460,6.3220,7.2872,8.9134,9.2082,9.7806,9.9108,10.4582,10.9459,10.9876,11.1503,11.4786,11.9182,12.1129,12.9521,13.4160,14.0336,14.0543,14.5764,14.9224,15.0698,14.8951"
EP00296,C1_variability,25,GEOMETRY_ROTATION,"0.0901,0.2281,0.6757,0.0570,0.2126,0.6517,0.3419,0.3497,0.4402,0.1994,0.0437,0.0210,0.0196,0.0269,0.2326,0.4367,0.1481,0.0020,0.0472,0.4416,1.2519,2.9432,3.9186,4.9691,5.7343,6.8469,8.2021,8.4904,9.2124,9.8997,10.5648,11.1292,11.9961,12.9086,13.7935,14.8612,15.6997,16.7961,18.1837,20.7361,23.3528,26.9748"
EP00296,C2_covariance,25,GEOMETRY_ROTATION,"0.3679,0.6821,0.9029,0.6795,0.2951,0.2121,0.2913,0.2051,0.1964,0.3043,1.0329,1.1042,1.3446,1.6059,1.9977,0.3234,0.2365,0.0627,0.2243,0.0000,0.1936,0.6555,2.0329,4.1095,6.0563,7.9165,9.3430,10.7967,12.2687,12.9507,13.6572,14.2993,14.8722,15.8425,16.6837,17.5204,18.1185,18.4206,18.9141,18.8499,19.2872,19.5044"
EP00296,C3_both,25,GEOMETRY_ROTATION,"0.3679,0.6821,0.9029,0.6795,0.2951,0.6517,0.3419,0.3497,0.4402,0.3043,1.0329,1.1042,1.3446,1.6059,1.9977,0.4367,0.2365,0.0627,0.2243,0.4416,1.2519,2.9432,3.9186,4.9691,6.0563,7.9165,9.3430,10.7967,12.2687,12.9507,13.6572,14.2993,14.8722,15.8425,16.6837,17.5204,18.1185,18.4206,18.9141,20.7361,23.3528,26.9748"
EP00297,C1_variability,14,NONE,"0.5241,0.9248,0.1076,0.1896,0.3694,0.2974,0.1217,0.0969,0.0213,0.3534,0.2761,0.0600,0.1067,0.0728,0.2425,0.7172,0.7112,1.0988,1.5673,1.5505,1.7655,1.9711,1.6711,1.0879,1.3654,1.5145,1.2577,2.0765,1.9780,1.4253,1.5838,1.6360,1.6238,2.4629,2.3157,3.1779,2.3442,2.1355,2.3766,1.4688,1.5674,2.5294,1.4794"
EP00297,C2_covariance,14,NONE,"0.0430,0.1993,0.1701,0.1507,0.1826,0.0637,0.0136,0.2177,0.1563,0.3946,0.3105,0.2628,0.1416,0.4162,1.1878,1.1555,0.5345,0.6537,0.7863,0.7208,0.4823,0.7081,0.9208,1.0439,0.5874,0.3918,0.2977,0.8016,0.8536,0.9190,1.3612,1.2066,1.4827,0.7206,1.4623,1.8108,1.5185,1.6459,1.8251,1.7773,1.2928,0.8518,0.6365"
EP00297,C3_both,14,NONE,"0.5241,0.9248,0.1701,0.1896,0.3694,0.2974,0.1217,0.2177,0.1563,0.3946,0.3105,0.2628,0.1416,0.4162,1.1878,1.1555,0.7112,1.0988,1.5673,1.5505,1.7655,1.9711,1.6711,1.0879,1.3654,1.5145,1.2577,2.0765,1.9780,1.4253,1.5838,1.6360,1.6238,2.4629,2.3157,3.1779,2.3442,2.1355,2.3766,1.7773,1.5674,2.5294,1.4794"
EP00298,C1_variability,23,RATE_LOSS,"1.3232,1.6557,0.2102,0.1017,0.0026,0.3707,0.3371,0.2555,0.0209,0.3838,0.1638,0.0596,0.1071,0.0732,0.0903,0.2050,0.1291,0.1281,0.0833,0.6018,1.2822,2.2275,2.9860,3.7476,4.5552,4.8536,5.0409,5.1000,5.0508,5.0276,5.0755,5.1489,5.1347,4.8126,4.9106,4.9652,4.9137,5.1228,5.2710,5.5340,5.4680,5.4627,5.3258"
EP00298,C2_covariance,23,RATE_LOSS,"0.1527,0.0485,0.0194,0.0000,0.0318,0.1973,0.1367,0.3673,0.3060,0.5437,0.4598,0.4122,0.2763,0.2072,0.9533,0.9179,0.2017,0.2753,0.5870,0.5824,0.4172,0.6750,0.9922,1.1267,0.4468,0.2392,0.1466,0.4496,0.7009,0.6409,0.9679,0.8255,1.1131,0.3381,1.0852,1.4731,1.1507,1.3569,1.5974,1.5409,1.0415,0.5682,0.5662"
EP00298,C3_both,23,RATE_LOSS,"1.3232,1.6557,0.2102,0.1017,0.0318,0.3707,0.3371,0.3673,0.3060,0.5437,0.4598,0.4122,0.2763,0.2072,0.9533,0.9179,0.2017,0.2753,0.5870,0.6018,1.2822,2.2275,2.9860,3.7476,4.5552,4.8536,5.0409,5.1000,5.0508,5.0276,5.0755,5.1489,5.1347,4.8126,4.9106,4.9652,4.9137,5.1228,5.2710,5.5340,5.4680,5.4627,5.3258"
EP00299,C1_variability,24,RATE_LOSS,"1.2387,1.1649,0.1118,0.1004,0.0013,0.0013,0.1455,0.0952,0.0197,0.3767,0.1525,0.0583,0.1084,0.0745,0.0916,0.1925,0.1304,0.1311,0.1983,1.2272,2.7132,4.6745,6.5889,8.7357,11.1052,12.2386,12.5331,12.5824,12.5414,12.5220,12.5620,12.6231,12.6113,12.3429,12.4245,12.4700,12.4271,12.6013,12.7249,12.9440,12.8890,12.8847,12.7706"
EP00299,C2_covariance,24,RATE_LOSS,"0.1623,0.0388,0.0097,0.0097,0.0221,0.0964,0.1463,0.3769,0.3157,0.5533,0.4694,0.4218,0.2860,0.1760,0.9083,0.8785,0.1887,0.2812,0.5620,0.6980,0.8391,1.3835,1.9845,2.1057,0.6427,0.2398,0.1369,0.4151,0.6910,0.6217,0.9096,0.7641,1.0429,0.2843,1.0666,1.4705,1.1434,1.3527,1.5915,1.5493,1.0431,0.5713,0.5758"
EP00299,C3_both,24,RATE_LOSS,"1.2387,1.1649,0.1118,0.1004,0.0221,0.0964,0.1463,0.3769,0.3157,0.5533,0.4694,0.4218,0.2860,0.1760,0.9083,0.8785,0.1887,0.2812,0.5620,1.2272,2.7132,4.6745,6.5889,8.7357,11.1052,12.2386,12.5331,12.5824,12.5414,12.5220,12.5620,12.6231,12.6113,12.3429,12.4245,12.4700,12.4271,12.6013,12.7249,12.9440,12.8890,12.8847,12.7706"
EP00300,C1_variability,25,RATE_LOSS,"1.0509,0.8907,0.1080,0.1017,0.0026,0.1644,0.1592,0.0965,0.0209,0.3921,0.3077,0.0596,0.1071,0.0732,0.0903,0.1018,0.1291,0.1298,0.1390,0.2866,1.8760,4.2448,6.9807,10.6874,16.7220,23.5563,27.0351,27.5500,27.5254,27.5138,27.5378,27.5744,27.5674,27.4063,27.4553,27.4826,27.4569,27.5614,27.6355,27.7670,27.7340,27.7314,27.6629"
EP00300,C2_covariance,25,RATE_LOSS,"0.1720,0.0291,0.0000,0.0194,0.0124,0.1061,0.1560,0.3865,0.3253,0.5628,0.4790,0.4315,0.2956,0.1671,0.6481,0.6173,0.0769,0.0989,0.6141,0.6653,1.0883,3.1799,5.8920,8.1259,6.8776,3.2560,0.3894,0.4053,0.6812,0.6119,0.6965,0.5479,0.8151,0.0894,0.8645,1.3145,0.9640,1.1898,1.4795,1.3993,0.8919,0.3772,0.5853"
EP00300,C3_both,25,RATE_LOSS,"1.0509,0.8907,0.1080,0.1017,0.0124,0.1644,0.1592,0.3865,0.3253,0.5628,0.4790,0.4315,0.2956,0.1671,0.6481,0.6173,0.1291,0.1298,0.6141,0.6653,1.8760,4.2448,6.9807,10.6874,16.7220,23.5563,27.0351,27.5500,27.5254,27.5138,27.5378,27.5744,27.5674,27.4063,27.4553,27.4826,27.4569,27.5614,27.6355,27.7670,27.7340,27.7314,27.6629"
EP00301,C1_variability,25,RATE_LOSS,"1.1886,1.1944,0.2114,0.1107,0.0116,0.5414,0.3128,0.1055,0.0299,0.3500,0.1631,0.0686,0.0981,0.0642,0.0813,0.1975,0.1200,0.1207,0.1300,0.1191,0.3463,0.7694,0.7230,0.7932,1.3715,1.9172,2.6835,3.3948,3.9067,4.3248,4.7203,5.0108,5.1102,4.8207,4.9187,4.9733,4.9218,5.1308,5.2791,5.5420,5.4760,5.4707,5.3339"
EP00301,C2_covariance,25,RATE_LOSS,"0.1729,0.0291,0.0006,0.0194,0.0124,0.1736,0.1560,0.3865,0.3253,0.5628,0.4790,0.4315,0.2956,0.1671,0.7287,0.6972,0.0769,0.0989,0.6141,0.5503,0.3170,0.5419,0.7997,0.9533,0.2857,0.2911,0.2067,0.3904,0.6267,0.5721,0.6781,0.5358,0.8782,0.1004,0.8820,1.3189,0.9744,1.2132,1.5012,1.4213,0.9129,0.4065,0.5853"
EP00301,C3_both,25,RATE_LOSS,"1.1886,1.1944,0.2114,0.1107,0.0124,0.5414,0.3128,0.3865,0.3253,0.5628,0.4790,0.4315,0.2956,0.1671,0.7287,0.6972,0.1200,0.1207,0.6141,0.5503,0.3463,0.7694,0.7997,0.9533,1.3715,1.9172,2.6835,3.3948,3.9067,4.3248,4.7203,5.0108,5.1102,4.8207,4.9187,4.9733,4.9218,5.1308,5.2791,5.5420,5.4760,5.4707,5.3339"
EP00302,C1_variability,13,RATE_LOSS,"0.3118,0.7384,0.2299,0.0197,0.1191,0.1216,0.0000,0.0068,0.1034,0.3985,0.8408,1.6414,2.4019,3.4686,4.4459,5.4927,6.4029,7.4266,8.4850,9.4737,10.2690,11.1300,11.6542,11.9786,12.2825,12.3073,12.4429,12.4923,12.4512,12.4318,12.4719,12.5331,12.5213,12.2522,12.3341,12.3797,12.3367,12.5113,12.6352,12.8548,12.7997,12.7953,12.6809"
EP00302,C2_covariance,13,RATE_LOSS,"0.1521,0.2220,0.1726,0.1531,0.2067,0.0661,0.0161,0.2109,0.1221,0.3091,0.1665,0.1744,0.2700,0.4636,1.1891,1.3910,0.7278,0.8929,0.7298,0.7235,0.5150,0.7158,1.0028,1.1347,0.7450,0.3943,0.3002,0.9214,0.8562,1.0053,1.4923,1.3316,1.5961,0.8524,1.6079,1.9550,1.6675,1.7989,1.9718,1.9243,1.4419,1.0025,0.7749"
EP00302,C3_both,13,RATE_LOSS,"0.3118,0.7384,0.2299,0.1531,0.2067,0.1216,0.0161,0.2109,0.1221,0.3985,0.8408,1.6414,2.4019,3.4686,4.4459,5.4927,6.4029,7.4266,8.4850,9.4737,10.2690,11.1300,11.6542,11.9786,12.2825,12.3073,12.4429,12.4923,12.4512,12.4318,12.4719,12.5331,12.5213,12.2522,12.3341,12.3797,12.3367,12.5113,12.6352,12.8548,12.7997,12.7953,12.6809"
EP00303,C1_variability,13,RATE_LOSS,"0.2131,0.8233,0.2101,0.0000,0.0993,0.1019,0.0197,0.0049,0.0970,0.5652,1.3370,2.7095,4.2746,6.4014,8.5973,10.8624,12.9663,15.2331,17.5787,19.7680,21.7213,23.6875,25.1705,26.2508,27.0883,27.3865,27.4747,27.5043,27.4796,27.4680,27.4920,27.5287,27.5217,27.3603,27.4093,27.4367,27.4109,27.5157,27.5899,27.7217,27.6886,27.6860,27.6174"
EP00303,C2_covariance,13,RATE_LOSS,"0.1335,0.2459,0.1565,0.1370,0.2408,0.0501,0.0002,0.2312,0.1361,0.2741,0.0460,0.0090,0.2898,0.4032,1.1015,1.2801,1.0198,1.3730,1.0378,1.3600,1.3035,1.3680,1.6578,1.6449,0.9115,0.3745,0.2841,0.9590,0.8398,1.0598,1.5309,1.3766,1.6460,0.8921,1.6314,1.9726,1.6867,1.8034,1.9719,1.9272,1.4462,1.0139,0.8034"
EP00303,C3_both,13,RATE_LOSS,"0.2131,0.8233,0.2101,0.1370,0.2408,0.1019,0.0197,0.2312,0.1361,0.5652,1.3370,2.7095,4.2746,6.4014,8.5973,10.8624,12.9663,15.2331,17.5787,19.7680,21.7213,23.6875,25.1705,26.2508,27.0883,27.3865,27.4747,27.5043,27.4796,27.4680,27.4920,27.5287,27.5217,27.3603,27.4093,27.4367,27.4109,27.5157,27.5899,27.7217,27.6886,27.6860,27.6174"
EP00304,C1_variability,22,RATE_LOSS,"1.2780,1.6509,0.1030,0.1066,0.0075,0.5879,0.3546,0.2424,0.0258,0.4049,0.1938,0.0645,0.1022,0.0683,0.0854,0.2172,0.1236,0.0971,0.0325,0.2088,0.7454,1.1894,0.8704,0.8261,1.3576,1.6837,1.7400,2.0588,2.2572,2.4723,2.7730,3.0797,3.2739,3.2407,3.5248,3.8090,3.9972,4.4459,4.7950,5.2466,5.3174,5.4058,5.3189"
EP00304,C2_covariance,22,RATE_LOSS,"0.1342,0.0774,0.0482,0.0288,0.0606,0.1736,0.1079,0.3387,0.2774,0.5152,0.4313,0.3837,0.2477,0.1985,0.9483,0.9144,0.2141,0.3050,0.6448,0.5877,0.3559,0.5810,0.8243,0.9609,0.4001,0.2901,0.2003,0.4417,0.6989,0.6390,0.9421,0.7762,1.1967,0.3519,1.1535,1.5157,1.1934,1.3124,1.5879,1.5625,1.0607,0.5816,0.5388"
EP00304,C3_both,22,RATE_LOSS,"1.2780,1.6509,0.1030,0.1066,0.0606,0.5879,0.3546,0.3387,0.2774,0.5152,0.4313,0.3837,0.2477,0.1985,0.9483,0.9144,0.2141,0.3050,0.6448,0.5877,0.7454,1.1894,0.8704,0.9609,1.3576,1.6837,1.7400,2.0588,2.2572,2.4723,2.7730,3.0797,3.2739,3.2407,3.5248,3.8090,3.9972,4.4459,4.7950,5.2466,5.3174,5.4058,5.3189"
EP00305,C1_variability,13,RATE_LOSS,"0.3540,0.7342,0.2250,0.0149,0.1143,0.1168,0.0048,0.0000,0.0093,0.3276,0.7371,0.7435,0.9965,1.4842,1.9006,2.3821,2.7339,3.1801,3.6370,4.0705,4.4343,5.0086,5.3874,5.7305,6.2502,6.6478,7.2294,7.7528,8.1656,8.5832,9.0850,9.5721,9.9418,10.0974,10.6281,11.0920,11.4471,11.9543,12.3148,12.7257,12.7760,12.7989,12.6845"
EP00305,C2_covariance,13,RATE_LOSS,"0.1408,0.2384,0.1726,0.1531,0.2257,0.0661,0.0161,0.2127,0.1391,0.3569,0.2516,0.2368,0.2765,0.5234,1.2731,1.3571,0.7007,0.8291,0.7246,0.6992,0.4802,0.7054,0.9864,1.1386,0.8183,0.4458,0.3595,0.8288,0.8006,0.9543,1.4040,1.1886,1.7379,0.8503,1.7220,2.0146,1.7219,1.6923,1.9379,1.9316,1.4486,1.0101,0.7820"
EP00305,C3_both,13,RATE_LOSS,"0.3540,0.7342,0.2250,0.1531,0.2257,0.1168,0.0161,0.2127,0.1391,0.3569,0.7371,0.7435,0.9965,1.4842,1.9006,2.3821,2.7339,3.1801,3.6370,4.0705,4.4343,5.0086,5.3874,5.7305,6.2502,6.6478,7.2294,7.7528,8.1656,8.5832,9.0850,9.5721,9.9418,10.0974,10.6281,11.0920,11.4471,11.9543,12.3148,12.7257,12.7760,12.7989,12.6845"
EP00306,C1_variability,18,RATE_LOSS,"1.7204,1.1411,0.1461,0.0636,0.0355,0.2818,0.0833,0.0585,0.0589,0.4520,0.2670,0.0216,0.1424,0.0171,0.3049,0.8528,1.4484,2.3330,3.4643,4.5904,5.6064,6.8683,7.9079,8.9187,10.1734,11.2909,12.5368,13.7980,14.9489,16.0740,17.3007,18.4461,19.4271,20.3547,21.5725,22.6854,23.8015,24.9846,25.9093,26.8198,27.3197,27.6242,27.6459"
EP00306,C2_covariance,18,RATE_LOSS,"0.0522,0.1606,0.1314,0.1120,0.1438,0.0941,0.0250,0.2562,0.1948,0.4329,0.3489,0.3012,0.1652,0.1116,0.8504,0.9482,0.2439,0.4376,0.6428,0.6839,0.4993,0.7299,1.1310,1.3496,0.5673,0.6018,0.5312,0.6020,0.7651,0.7716,0.7347,0.4638,1.6378,0.6052,1.5758,1.7721,1.5970,0.7951,1.4072,1.6042,1.1251,0.5800,0.4555"
EP00306,C3_both,18,RATE_LOSS,"1.7204,1.1411,0.1461,0.1120,0.1438,0.2818,0.0833,0.2562,0.1948,0.4520,0.3489,0.3012,0.1652,0.1116,0.8504,0.9482,1.4484,2.3330,3.4643,4.5904,5.6064,6.8683,7.9079,8.9187,10.1734,11.2909,12.5368,13.7980,14.9489,16.0740,17.3007,18.4461,19.4271,20.3547,21.5725,22.6854,23.8015,24.9846,25.9093,26.8198,27.3197,27.6242,27.6459"
EP00307,C1_variability,13,CHANNEL_DROPOUT,"0.4109,0.7369,0.0833,0.1284,0.0271,0.0411,0.1459,0.1083,0.0079,0.3394,0.7667,0.6331,1.2158,3.5374,10.8710,26.8528,28.5300,28.5728,28.9866,29.3238,29.3574,29.4256,29.4373,29.3087,29.1522,29.0284,29.0042,29.2129,29.5238,29.8940,30.1255,29.7737,29.7474,29.6798,29.4241,29.2442,29.1397,29.4529,29.3390,29.2590,29.3351,29.6086,29.2969"
EP00307,C2_covariance,13,CHANNEL_DROPOUT,"0.0800,0.2231,0.1726,0.1531,0.2315,0.0661,0.0161,0.2125,0.1556,0.3976,0.3381,0.3755,0.9408,0.7679,1.0158,1.4011,1.4347,1.6136,2.1737,2.0928,1.8413,2.1058,2.2109,2.3871,1.8900,1.9307,1.8358,2.1085,2.3481,2.2591,1.9809,1.8616,2.1191,1.8689,1.8298,1.8423,1.6479,1.7208,1.8299,1.8614,1.4310,1.3972,1.2068"
EP00307,C3_both,13,CHANNEL_DROPOUT,"0.4109,0.7369,0.1726,0.1531,0.2315,0.0661,0.1459,0.2125,0.1556,0.3976,0.7667,0.6331,1.2158,3.5374,10.8710,26.8528,28.5300,28.5728,28.9866,29.3238,29.3574,29.4256,29.4373,29.3087,29.1522,29.0284,29.0042,29.2129,29.5238,29.8940,30.1255,29.7737,29.7474,29.6798,29.4241,29.2442,29.1397,29.4529,29.3390,29.2590,29.3351,29.6086,29.2969"
EP00308,C1_variability,22,CHANNEL_DROPOUT,"1.2815,1.1047,0.3773,0.1375,0.0385,0.5219,0.2913,0.1323,0.0568,0.3815,0.2002,0.0955,0.0711,0.0373,0.0544,0.1681,0.0983,0.2684,0.7679,1.1976,1.7456,2.2388,15.8743,46.0912,37.1953,35.2097,35.1680,35.7083,35.7967,35.7518,35.4280,35.2845,35.2345,35.2615,35.1354,34.9744,35.0840,34.8762,34.8513,34.6413,34.8607,35.1538,35.1713"
EP00308,C2_covariance,22,CHANNEL_DROPOUT,"0.0885,0.1130,0.0838,0.0644,0.0962,0.0225,0.0724,0.3034,0.2420,0.4800,0.3960,0.3484,0.2123,0.0835,0.8029,0.7855,0.2006,0.0261,0.6157,1.3270,1.9989,3.1454,5.9427,8.5133,10.8388,11.6914,11.7525,11.9130,12.1335,12.0204,11.5603,11.1717,11.4045,11.4853,11.1147,10.8729,11.2716,11.0701,10.4831,10.1687,10.4023,10.7939,10.5707"
EP00308,C3_both,22,CHANNEL_DROPOUT,"1.2815,1.1047,0.3773,0.1375,0.0962,0.5219,0.2913,0.3034,0.2420,0.4800,0.3960,0.3484,0.2123,0.0835,0.8029,0.7855,0.2006,0.2684,0.7679,1.3270,1.9989,3.1454,15.8743,46.0912,37.1953,35.2097,35.1680,35.7083,35.7967,35.7518,35.4280,35.2845,35.2345,35.2615,35.1354,34.9744,35.0840,34.8762,34.8513,34.6413,34.8607,35.1538,35.1713"
EP00309,C1_variability,26,CHANNEL_DROPOUT,"0.9676,1.1524,0.0681,0.1831,0.0842,0.8909,0.5689,0.1780,0.1026,0.4070,0.1735,0.1412,0.0253,0.0086,0.0086,0.1043,0.0472,0.0479,0.0572,0.0943,0.3790,1.1785,2.2717,3.0101,3.7456,7.4156,35.7470,71.7165,59.8958,59.8958,59.8958,59.8958,59.8958,59.8958,59.8958,59.8958,59.8958,59.8958,59.8958,59.8958,59.8958,59.8958,59.8958"
EP00309,C2_covariance,26,CHANNEL_DROPOUT,"0.1782,0.0229,0.0062,0.0256,0.0062,0.1212,0.1622,0.3927,0.3314,0.5690,0.4851,0.4376,0.3018,0.1733,0.5702,0.5319,0.0831,0.0927,0.6079,0.5426,0.2723,1.3657,4.8064,10.8789,15.3265,16.4620,21.8030,32.7722,40.4646,40.6011,40.4741,40.2659,40.6080,40.6962,40.5779,40.3648,40.5377,40.4820,40.1478,40.2227,39.6874,40.3764,40.0672"
EP00309,C3_both,26,CHANNEL_DROPOUT,"0.9676,1.1524,0.0681,0.1831,0.0842,0.8909,0.5689,0.3927,0.3314,0.5690,0.4851,0.4376,0.3018,0.1733,0.5702,0.5319,0.0831,0.0927,0.6079,0.5426,0.3790,1.3657,4.8064,10.8789,15.3265,16.4620,35.7470,71.7165,59.8958,59.8958,59.8958,59.8958,59.8958,59.8958,59.8958,59.8958,59.8958,59.8958,59.8958,59.8958,59.8958,59.8958,59.8958"
EP00310,C1_variability,17,CHANNEL_DROPOUT,"1.7243,1.3698,0.5037,0.3597,0.0116,0.3806,0.1303,0.1055,0.0299,0.3789,0.3560,0.0686,0.1100,0.1440,0.3317,0.9096,1.3409,1.5973,11.0543,17.3108,17.2913,17.2334,17.1139,18.4675,19.1873,25.7074,25.5846,26.2050,26.2290,26.4654,26.5289,26.1839,26.2531,26.2305,26.6223,26.1459,26.2633,26.5758,26.6392,26.5959,26.4328,26.6739,26.3836"
EP00310,C2_covariance,17,CHANNEL_DROPOUT,"0.0799,0.1857,0.1565,0.1370,0.1689,0.0757,0.0000,0.2313,0.1698,0.4081,0.3240,0.2763,0.1397,0.3706,1.0039,0.8183,0.6744,1.3509,1.3636,1.1543,0.9812,1.1234,1.4480,1.7420,1.3123,1.6535,1.5678,1.9910,2.2726,2.1668,1.9051,1.6816,1.7713,1.6012,1.4701,1.6676,1.4665,1.4023,1.7541,2.0265,1.6437,1.4584,1.2295"
EP00310,C3_both,17,CHANNEL_DROPOUT,"1.7243,1.3698,0.5037,0.3597,0.1689,0.3806,0.1303,0.2313,0.1698,0.4081,0.3560,0.2763,0.1397,0.3706,1.0039,0.9096,1.3409,1.5973,11.0543,17.3108,17.2913,17.2334,17.1139,18.4675,19.1873,25.7074,25.5846,26.2050,26.2290,26.4654,26.5289,26.1839,26.2531,26.2305,26.6223,26.1459,26.2633,26.5758,26.6392,26.5959,26.4328,26.6739,26.3836"
EP00311,C1_variability,25,CHANNEL_DROPOUT,"1.2873,1.3907,0.1930,0.1746,0.0757,0.6846,0.6055,0.1695,0.0940,0.3875,0.1453,0.1326,0.0338,0.0000,0.0171,0.1023,0.0558,0.0565,0.0657,0.0632,0.3428,0.8319,0.8218,0.8797,1.3898,12.6782,15.1589,22.0617,28.6979,20.7648,22.7234,23.4375,25.5208,37.4469,37.6422,37.7615,37.6382,37.7006,37.5788,37.5327,37.1725,37.2477,37.0390"
EP00311,C2_covariance,25,CHANNEL_DROPOUT,"0.2009,0.0291,0.0030,0.0194,0.0124,0.2286,0.1560,0.3865,0.3253,0.5628,0.4990,0.4315,0.2956,0.1671,0.7267,0.6944,0.0769,0.0989,0.6141,0.5488,0.3110,0.5394,0.9654,1.2760,0.7663,1.4010,2.4920,3.5601,5.3848,6.8904,7.9844,9.2138,11.1820,12.8526,12.7951,12.5403,12.6136,12.1885,11.7363,11.6174,11.5487,12.2633,11.9931"
EP00311,C3_both,25,CHANNEL_DROPOUT,"1.2873,1.3907,0.1930,0.1746,0.0757,0.6846,0.6055,0.3865,0.3253,0.5628,0.4990,0.4315,0.2956,0.1671,0.7267,0.6944,0.0769,0.0989,0.6141,0.5488,0.3428,0.8319,0.9654,1.2760,1.3898,12.6782,15.1589,22.0617,28.6979,20.7648,22.7234,23.4375,25.5208,37.4469,37.6422,37.7615,37.6382,37.7006,37.5788,37.5327,37.1725,37.2477,37.0390"
EP00312,C1_variability,27,CHANNEL_DROPOUT,"1.2827,1.2562,0.5571,0.1917,0.0927,0.3989,0.2113,0.1865,0.1111,0.2678,0.1417,0.1497,0.0167,0.0171,0.0886,0.1244,0.0387,0.0394,0.0486,0.0461,0.1813,0.4183,0.7884,0.7202,1.1687,1.9222,2.3724,23.3470,21.4418,28.0297,33.7163,50.9353,47.8190,53.6458,59.8958,59.8958,59.8958,59.8958,59.8958,59.8958,59.8958,59.8958,59.8958"
EP00312,C2_covariance,27,CHANNEL_DROPOUT,"0.1843,0.0167,0.0124,0.0318,0.0000,0.1185,0.1683,0.3988,0.3376,0.5751,0.4913,0.4437,0.3079,0.1794,0.7388,0.7148,0.0892,0.1464,0.6016,0.5363,0.2987,0.4811,0.6729,1.1180,0.9589,1.9739,3.1799,5.4663,8.7889,11.5116,15.7902,18.6758,26.9974,31.7685,38.5790,38.6913,38.7181,38.3869,38.2785,38.2267,38.0754,38.4689,38.1474"
EP00312,C3_both,27,CHANNEL_DROPOUT,"1.2827,1.2562,0.5571,0.1917,0.0927,0.3989,0.2113,0.3988,0.3376,0.5751,0.4913,0.4437,0.3079,0.1794,0.7388,0.7148,0.0892,0.1464,0.6016,0.5363,0.2987,0.4811,0.7884,1.1180,1.1687,1.9739,3.1799,23.3470,21.4418,28.0297,33.7163,50.9353,47.8190,53.6458,59.8958,59.8958,59.8958,59.8958,59.8958,59.8958,59.8958,59.8958,59.8958"
EP00313,C1_variability,20,CHANNEL_DROPOUT,"1.6162,1.7242,0.0852,0.1244,0.0253,0.3858,0.4299,0.1244,0.0437,0.4470,0.2622,0.0823,0.0843,0.0504,0.0676,0.1955,0.1063,0.1070,0.1263,0.5984,1.3687,1.7037,5.0448,5.0127,5.8584,5.0346,4.7181,4.7873,4.8201,10.1325,10.3034,10.1647,10.1426,12.1320,12.0011,11.9257,11.6147,12.5030,12.7812,12.8442,12.9340,13.0886,9.8957"
EP00313,C2_covariance,20,CHANNEL_DROPOUT,"0.0807,0.1208,0.0917,0.0722,0.1041,0.1405,0.0646,0.2956,0.2342,0.4722,0.3882,0.3406,0.2045,0.0757,0.7736,0.7383,0.0451,0.1908,0.7107,0.6521,0.4255,0.5825,1.0064,1.1361,0.8058,0.9038,0.7705,1.0406,1.2853,1.4946,1.1665,1.0293,1.3044,1.2835,1.1705,1.5334,1.3492,1.2960,1.3810,1.4236,1.0297,1.2211,1.1179"
EP00313,C3_both,20,CHANNEL_DROPOUT,"1.6162,1.7242,0.0917,0.1244,0.1041,0.3858,0.4299,0.2956,0.2342,0.4722,0.3882,0.3406,0.2045,0.0757,0.7736,0.7383,0.1063,0.1908,0.7107,0.6521,1.3687,1.7037,5.0448,5.0127,5.8584,5.0346,4.7181,4.7873,4.8201,10.1325,10.3034,10.1647,10.1426,12.1320,12.0011,11.9257,11.6147,12.5030,12.7812,12.8442,12.9340,13.0886,9.8957"
EP00314,C1_variability,22,CHANNEL_DROPOUT,"1.3154,1.6678,0.0815,0.1375,0.0385,0.3640,0.6914,0.1478,0.0568,0.4036,0.1962,0.0955,0.0711,0.0373,0.0651,0.2212,0.0931,0.1148,0.1613,0.1838,0.7613,1.2137,5.3522,6.2470,8.6905,10.6129,19.5333,19.8006,19.6796,25.6400,26.7885,24.7476,23.9123,26.8863,32.6792,36.3357,36.0266,37.0788,48.4373,48.7497,53.7322,56.8130,52.7706"
EP00314,C2_covariance,22,CHANNEL_DROPOUT,"0.1320,0.0773,0.0482,0.0288,0.0606,0.2183,0.1080,0.3387,0.2774,0.5152,0.4313,0.3837,0.2477,0.1238,0.8834,0.8488,0.1323,0.2247,0.6205,0.5413,0.1096,0.3628,1.0395,1.3549,1.4052,1.2985,2.3787,2.5743,2.7503,3.2163,4.3971,4.5021,4.9337,5.4805,5.5419,6.1758,7.1545,7.0270,7.4121,8.1285,8.5862,9.4398,9.8807"
EP00314,C3_both,22,CHANNEL_DROPOUT,"1.3154,1.6678,0.0815,0.1375,0.0606,0.3640,0.6914,0.3387,0.2774,0.5152,0.4313,0.3837,0.2477,0.1238,0.8834,0.8488,0.1323,0.2247,0.6205,0.5413,0.7613,1.2137,5.3522,6.2470,8.6905,10.6129,19.5333,19.8006,19.6796,25.6400,26.7885,24.7476,23.9123,26.8863,32.6792,36.3357,36.0266,37.0788,48.4373,48.7497,53.7322,56.8130,52.7706"
EP00315,C1_variability,21,CHANNEL_DROPOUT,"1.1923,1.6440,0.0833,0.2980,0.0271,0.4387,0.3489,0.1210,0.0455,0.4351,0.2322,0.0842,0.0825,0.0486,0.0657,0.1411,0.2325,0.3739,0.6547,0.9206,1.3149,13.0780,23.5205,22.3518,14.0625,20.1243,21.8446,22.6456,24.8986,25.9654,31.8775,30.1584,31.2500,35.4167,38.5417,40.6250,43.7500,45.8333,62.9306,311.8759,52.6042,55.7292,58.8542"
EP00315,C2_covariance,21,CHANNEL_DROPOUT,"0.0660,0.1355,0.1063,0.0869,0.1187,0.2064,0.0500,0.2810,0.2197,0.4577,0.3737,0.3260,0.1899,0.0611,0.8104,0.7714,0.0197,0.1374,0.7393,1.1851,0.9476,1.9687,2.8449,4.5326,5.2752,5.7541,6.7211,8.2100,9.7987,10.6059,12.0583,12.4840,14.4356,17.0184,18.5879,20.3627,23.1909,24.2560,27.6678,29.2532,30.6258,33.4426,38.7260"
EP00315,C3_both,21,CHANNEL_DROPOUT,"1.1923,1.6440,0.1063,0.2980,0.1187,0.4387,0.3489,0.2810,0.2197,0.4577,0.3737,0.3260,0.1899,0.0611,0.8104,0.7714,0.2325,0.3739,0.7393,1.1851,1.3149,13.0780,23.5205,22.3518,14.0625,20.1243,21.8446,22.6456,24.8986,25.9654,31.8775,30.1584,31.2500,35.4167,38.5417,40.6250,43.7500,45.8333,62.9306,311.8759,52.6042,55.7292,58.8542"
EP00316,C1_variability,24,GAIN_DRIFT,"1.4761,1.2720,0.1089,0.1244,0.0253,0.2334,0.4837,0.2984,0.0555,0.4183,0.4747,0.0823,0.0843,0.0504,0.0676,0.0835,0.1063,0.1070,0.1003,1.6027,2.8094,4.8720,7.6944,10.9508,14.1177,16.4340,15.8328,15.4820,15.3074,15.0429,13.3711,14.5059,14.6898,14.3706,16.4716,16.6376,17.5228,16.8271,16.3084,16.2978,15.3217,15.5071,15.8402"
EP00316,C2_covariance,24,GAIN_DRIFT,"0.1818,0.0388,0.0097,0.0097,0.0221,0.2230,0.1463,0.3769,0.3157,0.5533,0.4694,0.4218,0.2860,0.1574,0.8892,0.8563,0.1565,0.2323,0.6165,0.5269,0.2904,0.4625,0.7361,0.9192,0.4423,0.2751,0.1896,0.4659,0.7192,0.7406,1.0241,0.9449,1.2247,0.4691,1.1515,1.4714,1.1214,1.3601,1.6176,1.5565,1.0516,0.5955,0.4883"
EP00316,C3_both,24,GAIN_DRIFT,"1.4761,1.2720,0.1089,0.1244,0.0253,0.2334,0.4837,0.3769,0.3157,0.5533,0.4747,0.4218,0.2860,0.1574,0.8892,0.8563,0.1565,0.2323,0.6165,1.6027,2.8094,4.8720,7.6944,10.9508,14.1177,16.4340,15.8328,15.4820,15.3074,15.0429,13.3711,14.5059,14.6898,14.3706,16.4716,16.6376,17.5228,16.8271,16.3084,16.2978,15.3217,15.5071,15.8402"
EP00317,C1_variability,13,GAIN_DRIFT,"0.0156,0.0000,0.0833,0.1262,0.0271,0.0331,0.1459,0.1183,0.6384,2.9629,6.6737,12.6402,18.7667,28.1244,34.3538,39.3878,40.6822,41.2716,41.1151,40.5158,41.6636,40.4356,41.3303,39.2135,39.3407,38.9975,39.7660,40.5958,40.1751,39.5591,39.5189,38.2427,39.7524,40.5691,42.0258,41.4403,42.1398,41.2441,40.5045,42.1117,40.7601,40.6623,41.9096"
EP00317,C2_covariance,13,GAIN_DRIFT,"0.0660,0.1907,0.1063,0.0869,0.2744,0.0012,0.0500,0.2839,0.2637,0.5059,0.3457,0.6955,0.9713,0.8314,1.1806,0.8986,0.6919,0.9546,0.8922,0.8589,0.6260,0.8607,1.0781,1.2506,0.7783,0.8679,0.4182,1.4889,1.1594,1.2273,1.8366,1.7819,1.9229,1.3506,1.6732,1.9606,1.8692,1.5791,1.3337,1.3165,0.8920,0.9182,1.0468"
EP00317,C3_both,13,GAIN_DRIFT,"0.0660,0.1907,0.1063,0.1262,0.2744,0.0331,0.1459,0.2839,0.6384,2.9629,6.6737,12.6402,18.7667,28.1244,34.3538,39.3878,40.6822,41.2716,41.1151,40.5158,41.6636,40.4356,41.3303,39.2135,39.3407,38.9975,39.7660,40.5958,40.1751,39.5591,39.5189,38.2427,39.7524,40.5691,42.0258,41.4403,42.1398,41.2441,40.5045,42.1117,40.7601,40.6623,41.9096"
EP00318,C1_variability,23,GAIN_DRIFT,"1.1849,0.6937,0.0607,0.1488,0.0498,0.0494,0.4148,0.1436,0.1180,0.4187,0.1746,0.1068,0.0598,0.0259,0.0431,0.0000,0.0818,0.6746,4.7793,10.3840,14.8013,21.4807,33.4239,68.3842,97.8918,108.2862,106.1977,108.0181,101.0447,98.7937,105.9689,102.7225,100.3721,102.3791,106.6033,106.3050,106.1955,106.2121,105.5889,103.8421,104.5547,101.2301,103.0492"
EP00318,C2_covariance,23,GAIN_DRIFT,"0.1527,0.0485,0.0194,0.0000,0.0318,0.0867,0.1367,0.3673,0.3060,0.5437,0.4598,0.4122,0.2763,0.1478,0.8065,0.7846,0.2026,0.4062,0.6205,1.5508,2.5092,4.5156,6.6057,6.8080,3.4531,2.7837,2.7951,3.2002,3.2712,3.2553,3.3028,3.2513,3.3555,3.3967,3.1803,2.9513,3.0794,2.5654,2.0038,1.7540,1.8003,1.7966,1.3898"
EP00318,C3_both,23,GAIN_DRIFT,"1.1849,0.6937,0.0607,0.1488,0.0498,0.0867,0.4148,0.3673,0.3060,0.5437,0.4598,0.4122,0.2763,0.1478,0.8065,0.7846,0.2026,0.6746,4.7793,10.3840,14.8013,21.4807,33.4239,68.3842,97.8918,108.2862,106.1977,108.0181,101.0447,98.7937,105.9689,102.7225,100.3721,102.3791,106.6033,106.3050,106.1955,106.2121,105.5889,103.8421,104.5547,101.2301,103.0492"
EP00319,C1_variability,15,GAIN_DRIFT,"0.3367,0.4040,0.1105,0.0991,0.0000,0.1819,0.1188,0.0939,0.0358,0.3655,0.2015,0.1012,0.1494,0.6093,2.4419,3.4179,5.3793,5.7078,7.9677,9.2060,10.9952,11.8897,13.2860,13.9197,15.3548,15.6078,15.2409,14.8247,15.0508,15.0575,13.9002,13.1443,13.6037,14.0925,13.4578,13.1313,14.2984,13.0811,13.4001,12.7563,13.3238,14.8561,14.6399"
EP00319,C2_covariance,15,GAIN_DRIFT,"0.0747,0.1913,0.1620,0.1426,0.1745,0.0556,0.0055,0.2258,0.1643,0.4033,0.3108,0.2752,0.1338,0.2833,1.0281,1.0135,0.4476,0.5625,0.7683,0.7256,0.4655,0.7073,0.9184,1.0555,0.4871,0.4009,0.2818,0.7551,0.8507,0.8192,1.2567,1.1725,1.3433,0.5139,1.2213,1.6463,1.3245,1.4573,1.7091,1.6704,1.1938,0.7138,0.4874"
EP00319,C3_both,15,GAIN_DRIFT,"0.3367,0.4040,0.1620,0.1426,0.1745,0.1819,0.1188,0.2258,0.1643,0.4033,0.3108,0.2752,0.1494,0.6093,2.4419,3.4179,5.3793,5.7078,7.9677,9.2060,10.9952,11.8897,13.2860,13.9197,15.3548,15.6078,15.2409,14.8247,15.0508,15.0575,13.9002,13.1443,13.6037,14.0925,13.4578,13.1313,14.2984,13.0811,13.4001,12.7563,13.3238,14.8561,14.6399"
EP00320,C1_variability,20,GAIN_DRIFT,"1.3421,1.2948,0.2925,0.1840,0.0253,0.4745,0.1440,0.1192,0.0437,0.1175,0.0018,0.0823,0.0843,0.0504,0.1634,0.1755,1.2481,2.9311,6.2551,10.1535,13.6038,18.3835,22.5840,27.4166,34.8391,37.6529,41.4194,42.2167,44.5554,44.8334,45.3192,44.8562,44.7813,46.9133,46.0891,46.6085,46.1577,46.9390,46.9874,49.1719,48.0464,45.1155,44.8677"
EP00320,C2_covariance,20,GAIN_DRIFT,"0.0557,0.1459,0.1167,0.0973,0.1291,0.1429,0.0396,0.2707,0.2093,0.4474,0.3634,0.3157,0.1796,0.0508,0.7922,0.7856,0.0496,0.1794,0.7145,0.6145,0.4916,0.5903,0.7470,0.9669,0.1683,0.3210,0.2451,0.4640,0.8369,0.7578,0.4215,0.3496,0.5261,0.2808,0.3969,1.1490,0.6026,0.6981,1.1968,1.2016,0.7809,0.2700,0.4493"
EP00320,C3_both,20,GAIN_DRIFT,"1.3421,1.2948,0.2925,0.1840,0.1291,0.4745,0.1440,0.2707,0.2093,0.4474,0.3634,0.3157,0.1796,0.0508,0.7922,0.7856,1.2481,2.9311,6.2551,10.1535,13.6038,18.3835,22.5840,27.4166,34.8391,37.6529,41.4194,42.2167,44.5554,44.8334,45.3192,44.8562,44.7813,46.9133,46.0891,46.6085,46.1577,46.9390,46.9874,49.1719,48.0464,45.1155,44.8677"
EP00321,C1_variability,20,GAIN_DRIFT,"1.5420,1.4068,0.3777,0.1244,0.0253,0.2182,0.1440,0.1192,0.0437,0.3354,0.1681,0.0823,0.0843,0.0504,0.0680,0.4115,2.1753,6.1497,12.2371,18.9719,24.6651,34.8969,41.6257,49.7865,59.8670,67.5825,75.9648,84.2011,89.8842,93.4009,93.2527,94.9863,96.1084,94.3526,94.5575,92.2901,94.2428,93.5794,93.0315,93.2441,92.7569,92.8601,94.0616"
EP00321,C2_covariance,20,GAIN_DRIFT,"0.0411,0.1606,0.1314,0.1120,0.1438,0.1699,0.0250,0.2562,0.1948,0.4329,0.3489,0.3012,0.1650,0.0361,0.8195,0.7641,0.0451,0.2875,0.6072,0.6398,0.7152,0.9406,1.3868,1.8020,1.4707,1.5870,1.6468,1.5948,1.8769,1.6763,1.2256,1.3244,1.7007,1.5253,1.2972,1.1694,1.4883,1.2650,0.8787,0.5963,0.6473,1.3300,1.2045"
EP00321,C3_both,20,GAIN_DRIFT,"1.5420,1.4068,0.3777,0.1244,0.1438,0.2182,0.1440,0.2562,0.1948,0.4329,0.3489,0.3012,0.1650,0.0504,0.8195,0.7641,2.1753,6.1497,12.2371,18.9719,24.6651,34.8969,41.6257,49.7865,59.8670,67.5825,75.9648,84.2011,89.8842,93.4009,93.2527,94.9863,96.1084,94.3526,94.5575,92.2901,94.2428,93.5794,93.0315,93.2441,92.7569,92.8601,94.0616"
EP00322,C1_variability,18,GAIN_DRIFT,"1.5873,1.0863,0.1968,0.1880,0.0167,0.2997,0.1354,0.1106,0.0921,0.4819,0.3114,0.0737,0.0905,0.0517,0.1022,0.2239,0.5753,1.3227,2.7125,3.4623,4.8448,5.2283,4.9142,5.6746,7.2588,7.8635,8.8884,9.6349,9.9877,9.9691,11.6600,12.7306,13.4144,13.8400,13.6559,14.8155,14.5205,15.3324,16.3116,17.1564,17.1125,16.6909,16.4100"
EP00322,C2_covariance,18,GAIN_DRIFT,"0.0541,0.1606,0.1314,0.1120,0.1438,0.0996,0.0250,0.2562,0.1948,0.4329,0.3489,0.3012,0.1646,0.1622,0.9230,0.8935,0.2372,0.3455,0.7396,0.6737,0.4503,0.6967,0.9093,1.0417,0.3782,0.3685,0.2782,0.5468,0.8221,0.7568,0.9560,0.8252,1.1584,0.3371,1.1322,1.5447,1.2227,1.2501,1.5131,1.5387,1.0463,0.5529,0.4021"
EP00322,C3_both,18,GAIN_DRIFT,"1.5873,1.0863,0.1968,0.1880,0.1438,0.2997,0.1354,0.2562,0.1948,0.4819,0.3489,0.3012,0.1646,0.1622,0.9230,0.8935,0.5753,1.3227,2.7125,3.4623,4.8448,5.2283,4.9142,5.6746,7.2588,7.8635,8.8884,9.6349,9.9877,9.9691,11.6600,12.7306,13.4144,13.8400,13.6559,14.8155,14.5205,15.3324,16.3116,17.1564,17.1125,16.6909,16.4100"
EP00323,C1_variability,19,GAIN_DRIFT,"1.3248,1.0482,0.2487,0.1767,0.0235,0.1821,0.1422,0.1174,0.0822,0.4778,0.5205,0.0805,0.0861,0.0528,0.0791,0.2808,0.5402,1.5941,3.0519,4.7462,6.9755,8.7451,9.7505,12.1410,15.1711,17.4154,20.0683,22.5012,24.1747,27.9905,29.7163,30.6291,32.0662,34.7411,36.7004,37.3229,41.2763,42.2033,44.5509,46.6933,46.4700,48.3392,47.7516"
EP00323,C2_covariance,19,GAIN_DRIFT,"0.0660,0.1355,0.1063,0.0869,0.1187,0.1105,0.0500,0.2810,0.2197,0.4577,0.3737,0.3260,0.1899,0.0616,0.8057,0.7635,0.0789,0.2520,0.6730,0.5936,0.3620,0.5886,0.7917,0.8987,0.2620,0.2175,0.1853,0.4122,0.6688,0.6158,1.0063,0.9686,1.2995,0.5782,1.2272,1.4165,1.3105,1.4891,1.7354,1.5437,1.0553,0.7484,0.5741"
EP00323,C3_both,19,GAIN_DRIFT,"1.3248,1.0482,0.2487,0.1767,0.1187,0.1821,0.1422,0.2810,0.2197,0.4778,0.5205,0.3260,0.1899,0.0616,0.8057,0.7635,0.5402,1.5941,3.0519,4.7462,6.9755,8.7451,9.7505,12.1410,15.1711,17.4154,20.0683,22.5012,24.1747,27.9905,29.7163,30.6291,32.0662,34.7411,36.7004,37.3229,41.2763,42.2033,44.5509,46.6933,46.4700,48.3392,47.7516"
EP00324,C1_variability,16,GAIN_DRIFT,"0.5207,0.6547,0.2263,0.1066,0.0075,0.2253,0.1262,0.1014,0.0258,0.1244,0.0175,0.0650,0.8350,1.5424,4.0209,7.8924,11.9191,17.5467,21.9244,27.7477,32.5854,36.6854,41.7577,44.1388,50.0844,54.3674,57.3229,61.2510,63.7498,69.7418,77.0224,81.1556,84.9431,91.4714,93.3899,99.7370,102.9771,103.1634,106.5262,107.6174,109.4826,113.0768,113.2764"
EP00324,C2_covariance,16,GAIN_DRIFT,"0.0538,0.1938,0.1645,0.1451,0.1770,0.0581,0.0080,0.2233,0.1618,0.4002,0.3137,0.2609,0.1531,0.2059,0.9848,0.9960,0.3559,0.5030,0.8643,0.8760,0.6502,0.7847,1.2898,1.6037,1.0481,1.1516,1.4396,1.7243,1.9825,2.1935,2.1777,2.4619,2.8619,2.9820,2.9894,2.9999,3.5835,3.1547,2.9039,3.2758,3.6717,3.6823,3.3628"
EP00324,C3_both,16,GAIN_DRIFT,"0.5207,0.6547,0.2263,0.1451,0.1770,0.2253,0.1262,0.2233,0.1618,0.4002,0.3137,0.2609,0.8350,1.5424,4.0209,7.8924,11.9191,17.5467,21.9244,27.7477,32.5854,36.6854,41.7577,44.1388,50.0844,54.3674,57.3229,61.2510,63.7498,69.7418,77.0224,81.1556,84.9431,91.4714,93.3899,99.7370,102.9771,103.1634,106.5262,107.6174,109.4826,113.0768,113.2764"
EP00325,C1_variability,18,GEOMETRY_ROTATION,"1.1095,0.8226,0.1830,0.0270,0.0723,0.0868,0.0467,0.0218,0.0539,0.2658,0.0958,0.0151,0.0340,0.8842,1.9716,2.9255,3.2936,3.8937,4.5787,4.6824,5.7798,5.5727,5.9050,5.2193,5.4685,5.3980,5.4884,6.2041,5.5517,5.2452,4.9764,5.1091,5.2940,5.7158,5.9511,6.2566,6.2929,6.5385,6.3129,6.7035,6.2527,6.2895,5.1847"
EP00325,C2_covariance,18,GEOMETRY_ROTATION,"0.0844,0.1171,0.0879,0.0685,0.1004,0.1003,0.0683,0.2993,0.2379,0.4759,0.3919,0.3443,0.1936,0.1564,0.9935,1.5676,1.7806,2.8397,4.2170,4.8325,4.7897,5.0028,5.3152,5.2282,4.6602,4.6275,4.6737,4.8633,5.0617,5.2029,4.9742,4.8532,4.9581,4.6766,4.6140,4.1817,4.5245,4.1841,3.7120,3.5725,3.6308,4.1010,3.9597"
EP00325,C3_both,18,GEOMETRY_ROTATION,"1.1095,0.8226,0.1830,0.0685,0.1004,0.1003,0.0683,0.2993,0.2379,0.4759,0.3919,0.3443,0.1936,0.8842,1.9716,2.9255,3.2936,3.8937,4.5787,4.8325,5.7798,5.5727,5.9050,5.2282,5.4685,5.3980,5.4884,6.2041,5.5517,5.2452,4.9764,5.1091,5.2940,5.7158,5.9511,6.2566,6.2929,6.5385,6.3129,6.7035,6.2527,6.2895,5.1847"
EP00326,C1_variability,14,GEOMETRY_ROTATION,"0.1083,0.1239,0.2075,0.0026,0.0967,0.0993,0.0223,0.0026,0.0758,0.8515,2.0810,3.4681,4.4449,5.6970,7.0103,8.0124,8.5700,8.8086,8.8801,8.8891,8.8354,8.9470,8.9289,8.8329,8.8864,8.8180,8.9341,9.0032,8.9391,8.9546,9.1575,9.1779,9.1492,8.7998,8.8585,8.9055,8.7563,9.0112,9.2414,9.5151,9.5252,9.4658,9.4108"
EP00326,C2_covariance,14,GEOMETRY_ROTATION,"0.1623,0.0726,0.0097,0.0097,0.0484,0.0964,0.1463,0.3769,0.3155,0.4658,0.3576,2.3783,4.8092,7.1404,9.4055,10.9504,11.6347,11.8984,12.3804,12.4912,12.2356,12.5415,12.5178,12.6638,12.1337,12.0178,12.0466,12.6219,13.0489,12.9775,12.7280,12.5131,12.5544,12.1951,11.8551,11.8245,12.2299,11.5805,11.3203,11.3929,11.5479,11.7921,11.5463"
EP00326,C3_both,14,GEOMETRY_ROTATION,"0.1623,0.1239,0.2075,0.0097,0.0967,0.0993,0.1463,0.3769,0.3155,0.8515,2.0810,3.4681,4.8092,7.1404,9.4055,10.9504,11.6347,11.8984,12.3804,12.4912,12.2356,12.5415,12.5178,12.6638,12.1337,12.0178,12.0466,12.6219,13.0489,12.9775,12.7280,12.5131,12.5544,12.1951,11.8551,11.8245,12.2299,11.5805,11.3203,11.3929,11.5479,11.7921,11.5463"
EP00327,C1_variability,24,GEOMETRY_ROTATION,"1.5668,1.5181,0.1521,0.1004,0.0013,0.5714,0.3226,0.0952,0.0966,0.4748,0.2477,0.0583,0.1084,0.0745,0.0916,0.0485,0.1304,0.1311,1.1631,2.5625,4.3918,5.6481,8.0687,9.7801,18.1275,24.4245,22.4507,22.5078,22.4050,22.3254,22.3943,22.4740,22.4732,24.4579,22.1996,23.7594,24.7011,22.3179,22.4265,22.7111,22.6727,22.7151,22.6530"
EP00327,C2_covariance,24,GEOMETRY_ROTATION,"0.1623,0.0388,0.0097,0.0097,0.0221,0.0964,0.1463,0.3769,0.3157,0.5533,0.4694,0.4218,0.2860,0.1574,0.7143,0.6934,0.1511,0.2657,0.9645,4.2866,6.9690,9.9099,12.7715,16.1079,18.6916,20.1229,20.9339,20.7694,21.0720,21.3127,20.8191,20.7224,21.1815,20.9687,20.5832,20.0203,20.2038,20.3834,19.7130,19.6282,19.8482,20.1971,19.7630"
EP00327,C3_both,24,GEOMETRY_ROTATION,"1.5668,1.5181,0.1521,0.1004,0.0221,0.5714,0.3226,0.3769,0.3157,0.5533,0.4694,0.4218,0.2860,0.1574,0.7143,0.6934,0.1511,0.2657,1.1631,4.2866,6.9690,9.9099,12.7715,16.1079,18.6916,24.4245,22.4507,22.5078,22.4050,22.3254,22.3943,22.4740,22.4732,24.4579,22.1996,23.7594,24.7011,22.3179,22.4265,22.7111,22.6727,22.7151,22.6530"
EP00328,C1_variability,27,GEOMETRY_ROTATION,"0.9567,0.5888,0.1072,0.1025,0.0034,0.3165,0.3736,0.0973,0.0217,0.2984,0.0466,0.0604,0.1063,0.0724,0.0895,0.1483,0.1283,0.1290,0.1382,0.1357,0.1831,0.5018,0.7727,1.3179,2.2006,3.5494,3.7588,4.5740,5.0816,5.4726,5.8257,6.4528,6.5548,7.3737,6.4708,6.4317,7.2228,7.5416,6.4828,6.8527,6.7548,6.7073,6.6069"
EP00328,C2_covariance,27,GEOMETRY_ROTATION,"0.2641,0.0167,0.0124,0.0318,0.0000,0.2539,0.1683,0.3988,0.3376,0.5751,0.5287,0.4437,0.3079,0.1794,0.7684,0.7403,0.0892,0.1625,0.6016,0.5363,0.2987,0.5264,0.7551,0.9248,0.5412,1.0031,1.4962,2.6505,4.1259,4.9180,5.1588,5.7199,6.1850,6.2270,6.0667,5.8233,6.2145,5.5990,5.2088,5.1886,5.1876,5.5573,5.5375"
EP00328,C3_both,27,GEOMETRY_ROTATION,"0.9567,0.5888,0.1072,0.1025,0.0034,0.3165,0.3736,0.3988,0.3376,0.5751,0.5287,0.4437,0.3079,0.1794,0.7684,0.7403,0.1283,0.1625,0.6016,0.5363,0.2987,0.5264,0.7727,1.3179,2.2006,3.5494,3.7588,4.5740,5.0816,5.4726,5.8257,6.4528,6.5548,7.3737,6.4708,6.4317,7.2228,7.5416,6.4828,6.8527,6.7548,6.7073,6.6069"
EP00329,C1_variability,22,GEOMETRY_ROTATION,"1.1961,1.3218,0.1092,0.1004,0.0013,0.3814,0.1201,0.1728,0.1314,0.4277,0.2264,0.0583,0.1084,0.0745,0.0916,0.1770,0.1231,0.4542,1.4611,2.9618,3.5153,4.8400,5.3535,6.2988,7.8083,8.6441,8.7918,8.9311,9.1481,9.3439,9.5873,9.7652,9.7917,10.4554,10.6275,10.0590,9.5835,9.7027,9.9131,10.1176,10.0660,10.5399,9.9748"
EP00329,C2_covariance,22,GEOMETRY_ROTATION,"0.1242,0.0772,0.0480,0.0286,0.0604,0.1175,0.1081,0.3389,0.2776,0.5154,0.4314,0.3839,0.2479,0.2030,0.9547,0.9231,0.2230,0.3076,0.8751,1.3033,1.7891,3.2544,4.9218,6.3836,7.5187,8.9058,9.7527,10.7316,11.8629,12.2975,12.2103,12.1747,12.2004,12.2734,12.0144,11.7142,12.0550,11.8110,11.3917,11.0605,11.2931,11.6656,11.3158"
EP00329,C3_both,22,GEOMETRY_ROTATION,"1.1961,1.3218,0.1092,0.1004,0.0604,0.3814,0.1201,0.3389,0.2776,0.5154,0.4314,0.3839,0.2479,0.2030,0.9547,0.9231,0.2230,0.4542,1.4611,2.9618,3.5153,4.8400,5.3535,6.3836,7.8083,8.9058,9.7527,10.7316,11.8629,12.2975,12.2103,12.1747,12.2004,12.2734,12.0144,11.7142,12.0550,11.8110,11.3917,11.0605,11.2931,11.6656,11.3158"
EP00330,C1_variability,18,GEOMETRY_ROTATION,"0.9924,1.2180,0.1484,0.1870,0.0378,0.1776,0.0811,0.0563,0.0194,0.3568,0.2032,0.0194,0.1475,1.1179,2.6380,4.1310,6.3137,6.8545,8.1238,9.0468,10.2827,11.6919,12.9720,14.3948,16.3594,19.5549,21.1994,24.5972,21.8177,23.0698,23.5413,23.9635,24.9182,26.0111,24.8216,24.0520,23.5324,25.1536,23.6448,22.7487,23.9981,25.5442,22.5891"
EP00330,C2_covariance,18,GEOMETRY_ROTATION,"0.1094,0.0920,0.0628,0.0434,0.0752,0.0434,0.0934,0.3242,0.2629,0.5007,0.4168,0.3692,0.2332,0.3853,2.2135,4.4017,6.7933,9.4705,12.5334,14.5615,15.7435,17.1593,18.7793,19.9018,20.5256,21.6415,22.3847,22.8204,23.5256,23.9102,22.9682,23.1004,23.5786,23.1031,22.7766,22.2138,22.4826,22.0574,21.8070,22.3243,22.3922,22.6801,22.8800"
EP00330,C3_both,18,GEOMETRY_ROTATION,"0.9924,1.2180,0.1484,0.1870,0.0752,0.1776,0.0934,0.3242,0.2629,0.5007,0.4168,0.3692,0.2332,1.1179,2.6380,4.4017,6.7933,9.4705,12.5334,14.5615,15.7435,17.1593,18.7793,19.9018,20.5256,21.6415,22.3847,24.5972,23.5256,23.9102,23.5413,23.9635,24.9182,26.0111,24.8216,24.0520,23.5324,25.1536,23.6448,22.7487,23.9981,25.5442,22.8800"
EP00331,C1_variability,20,GEOMETRY_ROTATION,"1.3741,1.0012,0.1197,0.0899,0.0092,0.2025,0.1564,0.0848,0.0092,0.3932,0.1781,0.0479,0.1189,0.0850,0.0731,0.2249,0.4779,0.8999,1.5592,2.6411,3.1399,3.2030,3.2737,3.3528,4.1236,4.3445,4.1134,4.2633,4.5154,4.5144,4.9306,5.3756,5.3697,6.6682,6.5576,7.4444,7.3707,6.8399,7.0597,6.5391,6.4258,6.4654,6.2173"
EP00331,C2_covariance,20,GEOMETRY_ROTATION,"0.0866,0.1148,0.0856,0.0662,0.0981,0.1392,0.0706,0.3016,0.2402,0.4782,0.3942,0.3465,0.2105,0.0817,0.7693,0.7330,0.0539,0.2280,0.8555,0.9372,0.7940,1.3501,1.8837,2.0857,1.8275,1.9855,2.2096,2.6113,3.3468,3.6268,3.9124,3.9578,4.2434,4.3926,4.5594,4.5688,5.0304,4.9300,4.8895,5.3007,5.2812,5.8155,5.6169"
EP00331,C3_both,20,GEOMETRY_ROTATION,"1.3741,1.0012,0.1197,0.0899,0.0981,0.2025,0.1564,0.3016,0.2402,0.4782,0.3942,0.3465,0.2105,0.0850,0.7693,0.7330,0.4779,0.8999,1.5592,2.6411,3.1399,3.2030,3.2737,3.3528,4.1236,4.3445,4.1134,4.2633,4.5154,4.5144,4.9306,5.3756,5.3697,6.6682,6.5576,7.4444,7.3707,6.8399,7.0597,6.5391,6.4258,6.4654,6.2173"
EP00332,C1_variability,20,GEOMETRY_ROTATION,"1.1549,0.8904,0.1605,0.0899,0.0092,0.1708,0.1096,0.0848,0.0100,0.4036,0.2167,0.0479,0.1189,0.0850,0.0927,0.3609,1.0433,1.8624,2.8321,3.5910,4.7149,5.1391,6.5033,5.7874,7.8816,7.9796,8.4715,8.2549,8.1825,8.2462,8.0492,8.4417,8.4989,8.7327,8.7672,9.2394,9.3844,9.5948,9.8311,10.2206,10.3014,10.3592,10.3765"
EP00332,C2_covariance,20,GEOMETRY_ROTATION,"0.1028,0.0986,0.0695,0.0501,0.0819,0.1259,0.0867,0.3176,0.2563,0.4941,0.4102,0.3626,0.2265,0.0978,0.7648,0.6964,0.0368,0.4371,1.4717,1.9607,2.4918,3.5947,4.7129,5.7766,6.2310,7.0621,7.6646,8.7064,9.8025,10.6613,10.9309,11.4703,12.0897,12.1885,12.5579,12.7548,13.5584,13.3177,13.3794,13.4928,13.7684,14.3655,14.1531"
EP00332,C3_both,20,GEOMETRY_ROTATION,"1.1549,0.8904,0.1605,0.0899,0.0819,0.1708,0.1096,0.3176,0.2563,0.4941,0.4102,0.3626,0.2265,0.0978,0.7648,0.6964,1.0433,1.8624,2.8321,3.5910,4.7149,5.1391,6.5033,5.7874,7.8816,7.9796,8.4715,8.7064,9.8025,10.6613,10.9309,11.4703,12.0897,12.1885,12.5579,12.7548,13.5584,13.3177,13.3794,13.4928,13.7684,14.3655,14.1531"
EP00333,C1_variability,18,GEOMETRY_ROTATION,"1.1318,0.3897,0.1863,0.0236,0.0756,0.0782,0.0433,0.0185,0.0572,0.1548,0.0991,0.0185,1.0596,2.0074,3.1268,4.6429,5.0826,6.5526,7.0442,8.2488,8.5472,8.5396,9.6557,9.7197,10.0350,10.4728,11.0924,11.6675,12.1827,12.8977,13.7151,14.4702,15.1576,15.7810,16.7999,17.6968,18.5272,19.6963,21.1603,23.5840,23.7149,23.3635,23.5094"
EP00333,C2_covariance,18,GEOMETRY_ROTATION,"0.1094,0.0920,0.0628,0.0434,0.0752,0.0434,0.0934,0.3242,0.2629,0.5007,0.4168,0.3692,0.1537,0.5837,2.2511,3.8705,4.9973,7.2494,9.6147,10.9411,11.9242,13.4338,14.5584,15.6064,16.1379,16.9920,17.5461,18.1813,18.8492,19.4661,19.4303,20.0234,20.4062,20.8172,20.9905,21.0628,21.9110,21.8735,21.8186,21.8036,21.9467,22.7255,22.3462"
EP00333,C3_both,18,GEOMETRY_ROTATION,"1.1318,0.3897,0.1863,0.0434,0.0756,0.0782,0.0934,0.3242,0.2629,0.5007,0.4168,0.3692,1.0596,2.0074,3.1268,4.6429,5.0826,7.2494,9.6147,10.9411,11.9242,13.4338,14.5584,15.6064,16.1379,16.9920,17.5461,18.1813,18.8492,19.4661,19.4303,20.0234,20.4062,20.8172,20.9905,21.0628,21.9110,21.8735,21.8186,23.5840,23.7149,23.3635,23.5094"
EP00334,C1_variability,17,NONE,"0.9980,0.3772,0.2094,0.0600,0.4621,0.7602,0.2928,0.3280,0.2805,0.0890,0.1463,0.0154,0.0882,0.2727,0.4240,0.5007,0.3536,0.3407,0.5661,1.0596,1.9397,1.9715,1.7263,1.7980,1.5880,1.5919,1.8942,1.4060,1.5953,2.4604,2.6650,2.0566,2.0546,2.2359,2.7009,2.1233,2.7819,2.1482,2.3055,2.4418,2.8300,2.3295,2.3696"
EP00334,C2_covariance,17,NONE,"0.6622,0.4398,0.5545,0.6285,0.3741,0.0739,0.1054,0.2583,0.2774,0.2145,0.3657,0.2860,0.3828,0.0035,0.9841,0.6479,0.7499,0.5747,0.7242,0.5314,0.0054,0.7933,0.9664,0.6044,0.3861,0.5899,0.3402,0.0821,0.5491,0.7288,0.5390,0.6501,1.4379,1.5211,0.6508,0.1357,0.4791,0.4211,0.1950,0.4730,1.0962,1.0679,0.9111"
EP00334,C3_both,17,NONE,"0.9980,0.4398,0.5545,0.6285,0.4621,0.7602,0.2928,0.3280,0.2805,0.2145,0.3657,0.2860,0.3828,0.2727,0.9841,0.6479,0.7499,0.5747,0.7242,1.0596,1.9397,1.9715,1.7263,1.7980,1.5880,1.5919,1.8942,1.4060,1.5953,2.4604,2.6650,2.0566,2.0546,2.2359,2.7009,2.1233,2.7819,2.1482,2.3055,2.4418,2.8300,2.3295,2.3696"
EP00335,C1_variability,20,RATE_LOSS,"0.6461,0.3876,0.2255,0.2014,0.2263,0.5351,0.3999,0.2648,0.2172,0.0255,0.1221,0.0483,0.1520,0.3367,0.3533,0.1768,0.7846,1.5127,2.1548,2.9329,3.7445,4.5286,4.6483,4.6089,4.5124,4.6789,4.7688,4.5899,4.7689,4.9655,4.9761,5.0231,5.0400,5.1501,4.9797,4.9318,5.2633,5.1980,4.9349,4.4989,4.2939,4.2092,4.0464"
EP00335,C2_covariance,20,RATE_LOSS,"0.3194,0.2672,0.2125,0.5550,0.3630,0.4117,0.4430,0.5949,0.6138,0.5513,0.7015,0.6223,0.7185,0.3383,0.3815,0.1822,0.3696,0.3881,0.7474,0.6314,0.0895,1.0952,1.2981,0.9385,0.7217,0.9242,0.6762,0.2567,0.2071,0.7171,0.1971,0.3075,0.9398,1.0393,0.2846,0.2831,0.8141,0.4789,0.5319,0.1315,0.7505,0.7224,0.5667"
EP00335,C3_both,20,RATE_LOSS,"0.6461,0.3876,0.2255,0.5550,0.3630,0.5351,0.4430,0.5949,0.6138,0.5513,0.7015,0.6223,0.7185,0.3383,0.3815,0.1822,0.7846,1.5127,2.1548,2.9329,3.7445,4.5286,4.6483,4.6089,4.5124,4.6789,4.7688,4.5899,4.7689,4.9655,4.9761,5.0231,5.0400,5.1501,4.9797,4.9318,5.2633,5.1980,4.9349,4.4989,4.2939,4.2092,4.0464"
EP00336,C1_variability,24,RATE_LOSS,"0.6583,0.4496,0.2858,0.5297,0.4542,0.4093,0.2737,0.3090,0.2614,0.0699,0.0566,0.0038,0.1074,0.2920,0.4434,0.5201,0.3670,0.3601,0.3709,0.4999,1.4737,3.5169,5.4235,7.6083,9.7901,11.6643,12.3385,12.1919,12.3409,12.5046,12.5134,12.5525,12.5666,12.6583,12.5164,12.4765,12.7525,12.6982,12.4791,12.1161,11.9454,11.8749,11.7394"
EP00336,C2_covariance,24,RATE_LOSS,"0.4706,0.5325,0.3633,0.7529,0.5842,0.2953,0.2941,0.4464,0.4654,0.4027,0.5534,0.4740,0.5704,0.1891,0.6733,0.4564,0.5581,0.3834,0.5477,0.4854,0.2419,0.2204,0.2084,0.0514,0.0062,0.6336,0.5296,0.1073,0.3580,1.0671,0.3479,0.4586,1.2412,1.3419,0.6327,0.2516,0.6663,0.8172,0.3833,0.3924,0.9030,0.8748,0.7186"
EP00336,C3_both,24,RATE_LOSS,"0.6583,0.5325,0.3633,0.7529,0.5842,0.4093,0.2941,0.4464,0.4654,0.4027,0.5534,0.4740,0.5704,0.2920,0.6733,0.5201,0.5581,0.3834,0.5477,0.4999,1.4737,3.5169,5.4235,7.6083,9.7901,11.6643,12.3385,12.1919,12.3409,12.5046,12.5134,12.5525,12.5666,12.6583,12.5164,12.4765,12.7525,12.6982,12.4791,12.1161,11.9454,11.8749,11.7394"
EP00337,C1_variability,19,RATE_LOSS,"0.6655,0.3443,0.2511,0.4156,0.2807,0.4216,0.2041,0.2394,0.1918,0.0000,0.0249,0.0738,0.1775,0.0542,1.6523,4.1762,7.0328,10.4824,14.7664,20.5940,25.1131,27.2476,27.3126,27.2929,27.2446,27.3279,27.3729,27.2834,27.3729,27.4713,27.4766,27.5001,27.5085,27.5636,27.4783,27.4544,27.6202,27.5876,27.4560,27.2379,27.1353,27.0929,27.0115"
EP00337,C2_covariance,19,RATE_LOSS,"0.5451,0.4420,0.4376,0.7234,0.4407,0.1893,0.2208,0.3733,0.3923,0.3296,0.4805,0.4009,0.4975,0.2135,0.0000,0.6408,2.6567,5.6180,10.3757,9.7832,2.4126,0.8198,1.0797,0.7186,0.5008,0.7041,0.4550,0.0337,0.4322,0.7145,0.4221,0.5331,1.1518,1.2231,0.3530,0.0601,0.5935,0.4279,0.3101,0.3563,0.9781,0.9498,0.7934"
EP00337,C3_both,19,RATE_LOSS,"0.6655,0.4420,0.4376,0.7234,0.4407,0.4216,0.2208,0.3733,0.3923,0.3296,0.4805,0.4009,0.4975,0.2135,1.6523,4.1762,7.0328,10.4824,14.7664,20.5940,25.1131,27.2476,27.3126,27.2929,27.2446,27.3279,27.3729,27.2834,27.3729,27.4713,27.4766,27.5001,27.5085,27.5636,27.4783,27.4544,27.6202,27.5876,27.4560,27.2379,27.1353,27.0929,27.0115"
EP00338,C1_variability,17,RATE_LOSS,"0.8098,0.4050,0.2410,0.0172,0.4694,0.7380,0.2528,0.2880,0.2405,0.0488,0.1434,0.0212,0.0638,0.0902,0.1342,0.2362,0.7271,1.1292,1.4598,1.8359,2.2729,3.0072,3.4173,3.7764,3.9890,4.4197,4.6871,4.5955,4.7901,4.9865,4.9971,5.0441,5.0610,5.1711,5.0007,4.9529,5.2842,5.2190,4.9560,4.5202,4.3152,4.2307,4.0679"
EP00338,C2_covariance,17,RATE_LOSS,"0.6859,0.4634,0.5782,0.6530,0.3958,0.0505,0.0821,0.2350,0.2541,0.1911,0.3425,0.2629,0.3581,0.0038,0.7617,0.5437,0.6886,0.5994,0.8657,0.7208,0.1402,0.7248,0.9106,0.5775,0.3432,0.5596,0.3293,0.1029,0.5728,0.7129,0.5626,0.6739,1.3993,1.4690,0.5965,0.0790,0.4559,0.3919,0.1717,0.4966,1.1201,1.0918,0.9349"
EP00338,C3_both,17,RATE_LOSS,"0.8098,0.4634,0.5782,0.6530,0.4694,0.7380,0.2528,0.2880,0.2541,0.1911,0.3425,0.2629,0.3581,0.0902,0.7617,0.5437,0.7271,1.1292,1.4598,1.8359,2.2729,3.0072,3.4173,3.7764,3.9890,4.4197,4.6871,4.5955,4.7901,4.9865,4.9971,5.0441,5.0610,5.1711,5.0007,4.9529,5.2842,5.2190,4.9560,4.5202,4.3152,4.2307,4.0679"
EP00339,C1_variability,13,RATE_LOSS,"0.6591,0.5319,0.4571,0.2714,0.3362,0.2312,0.0000,0.0403,0.1077,0.1880,0.6297,1.2510,1.9207,2.7860,3.7324,4.7261,5.8196,6.7458,7.5445,8.4814,9.4634,10.5750,11.1896,11.6218,11.8047,12.0570,12.1335,11.9837,12.1336,12.2982,12.3070,12.3464,12.3605,12.4528,12.3100,12.2700,12.5475,12.4928,12.2726,11.9076,11.7359,11.6651,11.5288"
EP00339,C2_covariance,13,RATE_LOSS,"0.7692,0.5464,0.6613,0.5821,0.3475,0.0316,0.0000,0.1519,0.1580,0.0978,0.2161,0.1711,0.1795,0.1239,0.6536,0.6723,0.6859,0.8087,1.2044,1.1665,0.4888,0.5529,0.8292,0.5127,0.2738,0.4842,0.2353,0.1879,0.6559,0.5787,0.6457,0.7572,1.5894,1.6972,0.7725,0.2565,0.3744,0.2523,0.0898,0.5796,1.2042,1.1758,1.0187"
EP00339,C3_both,13,RATE_LOSS,"0.7692,0.5464,0.6613,0.5821,0.3475,0.2312,0.0000,0.1519,0.1580,0.1880,0.6297,1.2510,1.9207,2.7860,3.7324,4.7261,5.8196,6.7458,7.5445,8.4814,9.4634,10.5750,11.1896,11.6218,11.8047,12.0570,12.1335,11.9837,12.1336,12.2982,12.3070,12.3464,12.3605,12.4528,12.3100,12.2700,12.5475,12.4928,12.2726,11.9076,11.7359,11.6651,11.5288"
EP00340,C1_variability,15,RATE_LOSS,"0.8161,0.5194,0.4446,0.2589,0.2821,0.4903,0.0124,0.0478,0.0000,0.1650,0.1510,0.8457,1.7712,3.1773,5.0320,7.3206,9.6631,11.7903,13.6721,15.8820,18.3088,20.9999,23.0383,24.7332,25.8959,26.8582,27.2720,27.1959,27.2858,27.3845,27.3898,27.4134,27.4219,27.4772,27.3916,27.3676,27.5340,27.5013,27.3691,27.1502,27.0472,27.0047,26.9230"
EP00340,C2_covariance,15,RATE_LOSS,"0.7372,0.5145,0.6293,0.6521,0.3461,0.0000,0.0316,0.1847,0.2038,0.1348,0.2673,0.1817,0.0853,0.2362,0.3711,0.3055,0.7128,1.1373,2.7802,3.6180,2.0843,0.7254,0.4701,0.2463,0.1180,0.3919,0.2792,0.2693,0.6239,0.6505,0.6138,0.7864,1.6753,1.7542,0.8196,0.2917,0.4057,0.3164,0.1213,0.5477,1.1718,1.1435,0.9865"
EP00340,C3_both,15,RATE_LOSS,"0.8161,0.5194,0.6293,0.6521,0.3461,0.4903,0.0316,0.1847,0.2038,0.1650,0.2673,0.8457,1.7712,3.1773,5.0320,7.3206,9.6631,11.7903,13.6721,15.8820,18.3088,20.9999,23.0383,24.7332,25.8959,26.8582,27.2720,27.1959,27.2858,27.3845,27.3898,27.4134,27.4219,27.4772,27.3916,27.3676,27.5340,27.5013,27.3691,27.1502,27.0472,27.0047,26.9230"
EP00341,C1_variability,13,RATE_LOSS,"0.8102,0.5181,0.3585,0.1732,0.3624,0.3242,0.0977,0.1411,0.1284,0.0000,0.0771,0.1627,0.2105,0.6204,0.7759,0.8589,0.6751,0.8401,1.0680,1.0956,1.9609,2.0584,1.8325,2.1897,2.3754,2.2916,2.5672,2.5794,2.9419,3.3164,3.4967,3.7066,3.8746,4.1639,4.1514,4.2939,4.7973,4.8591,4.6977,4.3295,4.1620,4.0879,3.9247"
EP00341,C2_covariance,13,RATE_LOSS,"0.7692,0.5464,0.6613,0.5821,0.3475,0.0316,0.0034,0.1514,0.1673,0.0985,0.2554,0.1874,0.2717,0.0964,1.0883,0.7481,0.8200,0.6839,0.8732,0.6969,0.1416,0.6766,0.8537,0.5020,0.2751,0.4808,0.2516,0.1441,0.6042,0.5416,0.6240,0.7620,1.5291,1.6791,0.7238,0.2168,0.3699,0.1860,0.0937,0.5768,1.2048,1.1758,1.0187"
EP00341,C3_both,13,RATE_LOSS,"0.8102,0.5464,0.6613,0.5821,0.3624,0.3242,0.0977,0.1514,0.1673,0.0985,0.2554,0.1874,0.2717,0.6204,1.0883,0.8589,0.8200,0.8401,1.0680,1.0956,1.9609,2.0584,1.8325,2.1897,2.3754,2.2916,2.5672,2.5794,2.9419,3.3164,3.4967,3.7066,3.8746,4.1639,4.1514,4.2939,4.7973,4.8591,4.6977,4.3295,4.1620,4.0879,3.9247"
EP00342,C1_variability,20,RATE_LOSS,"0.7461,0.6037,0.2014,0.2442,0.2031,0.7096,0.5829,0.3090,0.2614,0.0699,0.1224,0.0038,0.1074,0.2920,0.4245,0.3877,0.0576,0.1982,0.4685,0.8273,1.3481,2.1867,2.6892,3.1989,3.6339,4.3782,5.0334,5.4784,6.2018,6.9229,7.4618,8.0095,8.4942,9.1466,9.4959,10.0499,10.9195,11.3812,11.6036,11.5937,11.6863,11.7969,11.7360"
EP00342,C2_covariance,20,RATE_LOSS,"0.3194,0.3597,0.2125,0.6325,0.4381,0.4117,0.4430,0.5949,0.6138,0.5513,0.7015,0.6223,0.7185,0.3383,0.5362,0.2750,0.3930,0.2790,0.5187,0.3823,0.1972,1.0694,1.2548,0.9282,0.6843,0.8909,0.7105,0.3801,0.0571,0.7567,0.1423,0.3431,0.9258,1.1824,0.3941,0.1864,0.7646,0.4704,0.4852,0.1716,0.7832,0.7247,0.5649"
EP00342,C3_both,20,RATE_LOSS,"0.7461,0.6037,0.2125,0.6325,0.4381,0.7096,0.5829,0.5949,0.6138,0.5513,0.7015,0.6223,0.7185,0.3383,0.5362,0.3877,0.3930,0.2790,0.5187,0.8273,1.3481,2.1867,2.6892,3.1989,3.6339,4.3782,5.0334,5.4784,6.2018,6.9229,7.4618,8.0095,8.4942,9.1466,9.4959,10.0499,10.9195,11.3812,11.6036,11.5937,11.6863,11.7969,11.7360"
EP00343,C1_variability,14,RATE_LOSS,"1.0048,0.5271,0.4523,0.2667,0.3359,0.2472,0.0047,0.0401,0.0204,0.0047,0.3187,0.8098,1.3568,2.0905,2.9997,3.9714,5.0483,5.9566,6.7381,7.6543,8.6738,9.9776,10.9386,11.9093,12.8002,13.9836,15.0853,16.0790,17.2118,18.3224,19.2946,20.2429,21.1021,22.1780,22.9910,24.0432,25.2328,25.9959,26.5248,26.7668,26.9359,27.0002,26.9194"
EP00343,C2_covariance,14,RATE_LOSS,"0.7532,0.5304,0.6453,0.5661,0.3316,0.0158,0.0158,0.1690,0.1853,0.1460,0.2511,0.1945,0.2108,0.1008,0.7600,0.7908,0.7199,0.9161,1.2812,1.2408,0.4698,0.5133,0.7231,0.4242,0.1341,0.3432,0.2418,0.0165,0.3826,0.4065,0.5987,0.9445,1.4419,1.8096,0.9474,0.6176,0.0573,0.3061,0.0344,0.5864,1.2163,1.1605,1.0026"
EP00343,C3_both,14,RATE_LOSS,"1.0048,0.5304,0.6453,0.5661,0.3359,0.2472,0.0158,0.1690,0.1853,0.1460,0.3187,0.8098,1.3568,2.0905,2.9997,3.9714,5.0483,5.9566,6.7381,7.6543,8.6738,9.9776,10.9386,11.9093,12.8002,13.9836,15.0853,16.0790,17.2118,18.3224,19.2946,20.2429,21.1021,22.1780,22.9910,24.0432,25.2328,25.9959,26.5248,26.7668,26.9359,27.0002,26.9194"
EP00344,C1_variability,23,CHANNEL_DROPOUT,"0.9744,0.3828,0.2403,0.4695,0.2689,0.3536,0.5263,0.5613,0.5140,0.3234,0.2987,0.2502,0.1471,0.1285,0.1872,0.2635,0.1112,0.1065,0.3666,0.5417,0.6486,0.9125,2.9419,13.8018,17.9176,19.3220,19.2066,20.1960,20.2989,20.3028,20.7752,20.5959,20.9974,20.5612,20.8773,20.8557,19.8750,19.8648,19.7662,20.0726,20.8663,21.0693,20.3962"
EP00344,C2_covariance,23,CHANNEL_DROPOUT,"0.4188,0.2287,0.3116,0.3748,0.2131,0.3137,0.3451,0.4973,0.5162,0.4536,0.6042,0.5248,0.6211,0.2402,0.8337,0.4046,0.5062,0.3578,0.5275,0.5271,0.1465,0.6650,0.7205,0.4504,0.9519,0.9931,1.2687,1.6700,2.1210,2.0229,2.0848,2.1647,2.1036,1.8321,1.7621,1.6346,1.1387,1.3829,1.3454,2.0373,2.5269,2.4364,2.2797"
EP00344,C3_both,23,CHANNEL_DROPOUT,"0.9744,0.3828,0.3116,0.4695,0.2689,0.3536,0.5263,0.5613,0.5162,0.4536,0.6042,0.5248,0.6211,0.2402,0.8337,0.4046,0.5062,0.3578,0.5275,0.5417,0.6486,0.9125,2.9419,13.8018,17.9176,19.3220,19.2066,20.1960,20.2989,20.3028,20.7752,20.5959,20.9974,20.5612,20.8773,20.8557,19.8750,19.8648,19.7662,20.0726,20.8663,21.0693,20.3962"
EP00345,C1_variability,14,CHANNEL_DROPOUT,"0.8070,0.3534,0.0666,0.1656,0.4029,0.4578,0.4346,0.4697,0.3924,0.0185,0.3016,0.6536,1.2255,1.8190,15.8810,20.6332,26.5673,44.2532,44.1142,44.3125,44.1143,44.0606,43.9935,44.2920,44.6104,44.1569,44.1563,44.1974,43.7169,43.4837,43.3158,43.4685,43.3867,43.3794,43.4914,43.1778,42.9885,43.0015,43.3526,43.8371,44.1651,44.4433,45.0252"
EP00345,C2_covariance,14,CHANNEL_DROPOUT,"0.3194,0.0986,0.2125,0.1339,0.0986,0.4117,0.4430,0.5949,0.6170,0.4836,0.3752,0.6039,1.4028,2.6664,4.4473,8.3233,11.7738,14.1668,14.2288,14.1097,13.4862,12.8529,12.9995,13.2177,13.5174,13.0186,13.3345,13.9533,14.3661,14.3501,14.4045,14.4332,14.4117,13.8541,13.6942,13.5957,13.4494,13.8117,13.7281,14.4409,15.1687,14.9250,14.4407"
EP00345,C3_both,14,CHANNEL_DROPOUT,"0.8070,0.3534,0.2125,0.1656,0.4029,0.4578,0.4430,0.5949,0.6170,0.4836,0.3752,0.6536,1.4028,2.6664,15.8810,20.6332,26.5673,44.2532,44.1142,44.3125,44.1143,44.0606,43.9935,44.2920,44.6104,44.1569,44.1563,44.1974,43.7169,43.4837,43.3158,43.4685,43.3867,43.3794,43.4914,43.1778,42.9885,43.0015,43.3526,43.8371,44.1651,44.4433,45.0252"
EP00346,C1_variability,20,CHANNEL_DROPOUT,"0.9247,0.3191,0.1079,0.1475,0.1771,0.3533,0.4167,0.4518,0.4044,0.2134,0.1886,0.1399,0.0366,0.1474,0.4243,1.0068,1.8539,3.1851,4.7590,7.7942,27.6355,45.6335,72.7861,62.7464,62.6597,62.4909,62.2609,62.2469,62.0402,61.9320,61.8561,61.6943,61.7233,61.5265,61.5912,61.6047,61.5351,61.7531,61.5727,61.8977,61.7722,62.0870,62.0153"
EP00346,C2_covariance,20,CHANNEL_DROPOUT,"0.3194,0.0986,0.2125,0.5023,0.2113,0.4117,0.4430,0.5949,0.6138,0.5513,0.7015,0.6223,0.7185,0.3383,0.7084,1.0383,3.7846,10.7024,18.4426,22.5341,20.2453,26.1935,32.6610,38.6768,38.9012,38.7096,38.8915,39.3298,39.4436,39.1960,38.9656,38.7552,38.8468,38.8074,38.6582,38.5338,38.2656,38.3980,38.7348,39.3517,39.6620,39.5008,39.0880"
EP00346,C3_both,20,CHANNEL_DROPOUT,"0.9247,0.3191,0.2125,0.5023,0.2113,0.4117,0.4430,0.5949,0.6138,0.5513,0.7015,0.6223,0.7185,0.3383,0.7084,1.0383,3.7846,10.7024,18.4426,22.5341,27.6355,45.6335,72.7861,62.7464,62.6597,62.4909,62.2609,62.2469,62.0402,61.9320,61.8561,61.6943,61.7233,61.5265,61.5912,61.6047,61.5351,61.7531,61.5727,61.8977,61.7722,62.0870,62.0153"
EP00347,C1_variability,13,CHANNEL_DROPOUT,"0.9474,0.4574,0.2781,0.1586,0.3948,0.4197,0.2699,0.3052,0.2576,0.0606,0.0085,0.0674,0.1833,0.7737,0.8304,9.4308,8.0653,8.5134,8.7541,10.1263,13.3441,13.2218,15.4266,15.0613,13.7872,16.0582,15.8405,15.2608,15.2950,15.1321,14.7418,14.4943,14.2152,14.3956,14.2024,14.2745,14.9717,14.9797,15.4733,15.5170,14.9296,14.8339,15.2381"
EP00347,C2_covariance,13,CHANNEL_DROPOUT,"0.7692,0.5464,0.6613,0.5821,0.3475,0.0316,0.0009,0.1532,0.1723,0.1042,0.2387,0.1884,0.2537,0.3381,1.1866,1.3311,1.6271,1.4359,1.7103,1.6819,1.4893,0.6856,0.5714,0.9139,1.4140,1.3753,1.7238,2.0629,2.5115,2.5067,2.5432,2.6650,2.7163,2.4192,2.2449,2.0906,1.5961,1.8603,1.8035,2.5695,3.1984,3.2075,2.9771"
EP00347,C3_both,13,CHANNEL_DROPOUT,"0.9474,0.5464,0.6613,0.5821,0.3948,0.4197,0.2699,0.3052,0.2576,0.1042,0.2387,0.1884,0.2537,0.7737,1.1866,9.4308,8.0653,8.5134,8.7541,10.1263,13.3441,13.2218,15.4266,15.0613,13.7872,16.0582,15.8405,15.2608,15.2950,15.1321,14.7418,14.4943,14.2152,14.3956,14.2024,14.2745,14.9717,14.9797,15.4733,15.5170,14.9296,14.8339,15.2381"
EP00348,C1_variability,14,CHANNEL_DROPOUT,"0.7103,0.3706,0.1436,0.0409,0.1546,0.4514,0.3106,0.3459,0.2926,0.0997,0.0179,0.1337,0.5680,0.9889,6.1242,17.3888,20.1563,25.1261,28.3538,34.4140,34.2273,33.6462,27.3999,25.1569,27.3500,28.6458,30.2083,30.2083,30.2083,30.2083,30.2083,30.2083,30.2083,30.2083,30.2083,30.2083,30.2083,30.2083,30.2083,30.2083,30.2083,30.2083,30.2083"
EP00348,C2_covariance,14,CHANNEL_DROPOUT,"0.6799,0.4574,0.5722,0.4931,0.2589,0.0565,0.0880,0.2409,0.2597,0.2143,0.3109,0.1883,0.0565,0.2511,1.0450,1.7913,2.7473,3.2741,5.2561,5.8652,6.4348,6.2312,7.5662,8.9185,9.8944,10.6313,11.6832,12.2710,12.8022,12.7846,12.8047,12.8073,12.6814,12.5883,12.6770,12.5307,11.9577,12.4237,12.3707,13.1289,13.5709,13.4143,13.4817"
EP00348,C3_both,14,CHANNEL_DROPOUT,"0.7103,0.4574,0.5722,0.4931,0.2589,0.4514,0.3106,0.3459,0.2926,0.2143,0.3109,0.1883,0.5680,0.9889,6.1242,17.3888,20.1563,25.1261,28.3538,34.4140,34.2273,33.6462,27.3999,25.1569,27.3500,28.6458,30.2083,30.2083,30.2083,30.2083,30.2083,30.2083,30.2083,30.2083,30.2083,30.2083,30.2083,30.2083,30.2083,30.2083,30.2083,30.2083,30.2083"
EP00349,C1_variability,23,CHANNEL_DROPOUT,"0.7683,0.3929,0.2560,0.4526,0.2781,0.3153,0.5263,0.5613,0.5140,0.3234,0.2987,0.2502,0.1471,0.0366,0.1872,0.2635,0.1112,0.1143,0.2531,0.4708,0.7214,1.1085,1.3800,19.6261,26.5020,35.8669,42.0197,38.2511,50.0820,48.4257,75.7021,56.7708,59.8958,59.8958,59.8958,59.8958,59.8958,59.8958,59.8958,59.8958,59.8958,59.8958,59.8958"
EP00349,C2_covariance,23,CHANNEL_DROPOUT,"0.2204,0.1395,0.1137,0.3837,0.3069,0.5092,0.5405,0.6920,0.7109,0.6486,0.7985,0.7195,0.8154,0.4360,0.6772,0.2063,0.3075,0.1500,0.4420,0.5550,0.4373,0.2364,0.6822,2.9855,6.3400,9.4801,11.8730,15.6488,20.0206,26.0196,31.4851,35.7477,39.4561,39.3303,39.3893,39.5122,39.1659,39.6506,39.6053,40.5932,40.6747,40.2566,40.2539"
EP00349,C3_both,23,CHANNEL_DROPOUT,"0.7683,0.3929,0.2560,0.4526,0.3069,0.5092,0.5405,0.6920,0.7109,0.6486,0.7985,0.7195,0.8154,0.4360,0.6772,0.2635,0.3075,0.1500,0.4420,0.5550,0.7214,1.1085,1.3800,19.6261,26.5020,35.8669,42.0197,38.2511,50.0820,48.4257,75.7021,56.7708,59.8958,59.8958,59.8958,59.8958,59.8958,59.8958,59.8958,59.8958,59.8958,59.8958,59.8958"
EP00350,C1_variability,18,CHANNEL_DROPOUT,"0.6805,0.5521,0.2310,0.1885,0.7119,0.8891,0.6650,0.3718,0.3243,0.1330,0.1319,0.0594,0.0441,0.2284,0.3796,0.4562,0.3132,0.3226,0.6266,0.9448,1.9203,2.3438,1.7174,1.7437,3.5303,3.4111,3.4151,19.5014,19.4553,19.3723,19.2472,19.0276,17.4762,18.9583,20.0920,20.2886,19.8454,20.1617,20.6669,20.9808,21.0004,21.2370,21.2196"
EP00350,C2_covariance,18,CHANNEL_DROPOUT,"0.5402,0.3990,0.4328,0.6392,0.3914,0.1941,0.2255,0.3781,0.3971,0.3343,0.4852,0.4057,0.5022,0.1204,0.8893,0.5260,0.6315,0.5101,0.6399,0.4734,0.0724,0.8587,1.0066,0.6222,0.1516,0.3547,0.1935,0.5986,1.2475,1.1261,1.1767,1.3591,1.5290,1.4831,1.7117,1.4779,1.1416,1.5789,1.4615,2.1859,2.8757,2.8812,2.6683"
EP00350,C3_both,18,CHANNEL_DROPOUT,"0.6805,0.5521,0.4328,0.6392,0.7119,0.8891,0.6650,0.3781,0.3971,0.3343,0.4852,0.4057,0.5022,0.2284,0.8893,0.5260,0.6315,0.5101,0.6399,0.9448,1.9203,2.3438,1.7174,1.7437,3.5303,3.4111,3.4151,19.5014,19.4553,19.3723,19.2472,19.0276,17.4762,18.9583,20.0920,20.2886,19.8454,20.1617,20.6669,20.9808,21.0004,21.2370,21.2196"
EP00351,C1_variability,26,CHANNEL_DROPOUT,"0.5112,0.3560,0.1851,0.5819,0.2921,0.3547,0.5832,0.6182,0.5710,0.3806,0.3559,0.3074,0.2044,0.0210,0.2677,0.2057,0.0535,0.0466,0.4107,0.3257,0.2699,0.1134,0.1077,0.1673,0.3692,3.3738,12.0826,15.3515,15.5787,15.1205,30.4407,43.8302,38.2783,46.1953,41.2429,42.4092,38.5617,41.8299,43.3562,43.1862,45.0472,42.4827,52.5241"
EP00351,C2_covariance,26,CHANNEL_DROPOUT,"0.7118,0.4971,0.6040,0.6778,0.4108,0.0485,0.0565,0.2096,0.2287,0.1657,0.3171,0.2373,0.3342,0.0490,0.9071,0.6975,0.7997,0.6242,0.7739,0.5809,0.0250,0.7228,0.8233,0.4786,0.1751,0.0410,1.2220,2.3240,2.8053,3.6987,3.5183,4.6761,5.1152,5.7067,6.4359,6.9642,7.4614,7.9533,9.3048,10.2778,11.6962,12.7266,13.2897"
EP00351,C3_both,26,CHANNEL_DROPOUT,"0.7118,0.4971,0.6040,0.6778,0.4108,0.3547,0.5832,0.6182,0.5710,0.3806,0.3559,0.3074,0.3342,0.0490,0.9071,0.6975,0.7997,0.6242,0.7739,0.5809,0.2699,0.7228,0.8233,0.4786,0.3692,3.3738,12.0826,15.3515,15.5787,15.1205,30.4407,43.8302,38.2783,46.1953,41.2429,42.4092,38.5617,41.8299,43.3562,43.1862,45.0472,42.4827,52.5241"
EP00352,C1_variability,27,CHANNEL_DROPOUT,"0.4508,0.3332,0.1723,0.5311,0.2791,0.3418,0.5703,0.6053,0.5580,0.3676,0.3429,0.2944,0.1914,0.0080,0.1426,0.3941,0.0666,0.0597,0.3592,0.2818,0.2408,0.0000,0.1123,0.4769,1.3455,2.2919,5.8776,9.1958,22.1937,21.3729,28.9370,36.8884,34.4916,37.9679,38.2841,33.3909,34.2374,36.9792,39.5833,43.7500,47.3958,81.9473,55.7292"
EP00352,C2_covariance,27,CHANNEL_DROPOUT,"0.4573,0.3885,0.3500,0.5669,0.3030,0.2758,0.3072,0.4595,0.4785,0.4158,0.5665,0.4870,0.5835,0.2022,0.9865,0.5164,0.5447,0.4565,0.5190,0.3270,0.2076,0.9897,1.1087,0.5669,0.0012,0.3722,0.6120,2.0302,3.0607,5.3752,6.4163,7.7750,9.6823,10.3618,10.9398,12.5762,15.4933,18.6359,20.7617,25.3264,28.5025,33.6663,36.0259"
EP00352,C3_both,27,CHANNEL_DROPOUT,"0.4573,0.3885,0.3500,0.5669,0.3030,0.3418,0.5703,0.6053,0.5580,0.4158,0.5665,0.4870,0.5835,0.2022,0.9865,0.5164,0.5447,0.4565,0.5190,0.3270,0.2408,0.9897,1.1087,0.5669,1.3455,2.2919,5.8776,9.1958,22.1937,21.3729,28.9370,36.8884,34.4916,37.9679,38.2841,33.3909,34.2374,36.9792,39.5833,43.7500,47.3958,81.9473,55.7292"
EP00353,C1_variability,22,GAIN_DRIFT,"0.6776,0.4157,0.3089,0.2209,0.1980,0.2766,0.4896,0.5247,0.4774,0.2867,0.2619,0.2133,0.1101,0.0736,0.2244,0.3007,0.1481,0.1602,1.6550,3.9508,5.2140,9.1099,12.7528,15.0027,15.6060,14.9597,15.2967,15.7272,15.8506,16.2935,16.7360,17.6813,16.9508,16.5670,16.3356,16.4338,17.6122,17.0773,16.4825,16.0832,16.9316,15.6419,15.3846"
EP00353,C2_covariance,22,GAIN_DRIFT,"0.5063,0.4139,0.3989,0.6159,0.3625,0.2275,0.2589,0.4114,0.4303,0.3676,0.5184,0.4389,0.5354,0.1538,0.8770,0.4921,0.5939,0.4480,0.6127,0.4987,0.0868,0.9399,0.9945,0.5804,0.3109,0.5307,0.3298,0.0673,0.4879,0.5915,0.4745,0.5838,1.4301,1.5526,0.7231,0.1915,0.5654,0.3707,0.3101,0.3724,1.0063,1.0151,0.8874"
EP00353,C3_both,22,GAIN_DRIFT,"0.6776,0.4157,0.3989,0.6159,0.3625,0.2766,0.4896,0.5247,0.4774,0.3676,0.5184,0.4389,0.5354,0.1538,0.8770,0.4921,0.5939,0.4480,1.6550,3.9508,5.2140,9.1099,12.7528,15.0027,15.6060,14.9597,15.2967,15.7272,15.8506,16.2935,16.7360,17.6813,16.9508,16.5670,16.3356,16.4338,17.6122,17.0773,16.4825,16.0832,16.9316,15.6419,15.3846"
EP00354,C1_variability,26,GAIN_DRIFT,"0.6465,0.4348,0.2242,0.3277,0.3048,0.5929,0.5958,0.6309,0.5836,0.3933,0.3686,0.3201,0.2172,0.0338,0.1166,0.1928,0.1295,0.0338,0.2511,0.1613,0.4311,2.9891,6.6288,11.2164,17.0627,26.8153,39.8886,45.8131,47.9754,48.5214,49.3438,49.5958,50.7338,50.5307,47.6565,48.5348,49.1820,49.7329,49.1245,45.7732,44.2718,44.1022,43.8096"
EP00354,C2_covariance,26,GAIN_DRIFT,"0.4523,0.5573,0.3620,0.7972,0.6094,0.2960,0.3121,0.4644,0.4834,0.4207,0.5714,0.4920,0.5884,0.2072,0.4738,0.4381,0.5397,0.3651,0.5140,0.3220,0.2135,0.9193,0.6221,0.0332,0.8480,0.5916,0.0135,0.4314,0.8113,0.7645,0.7181,0.7511,1.2239,1.1982,0.7264,0.4614,0.0453,0.3792,0.0929,0.7725,1.2032,1.2439,1.0890"
EP00354,C3_both,26,GAIN_DRIFT,"0.6465,0.5573,0.3620,0.7972,0.6094,0.5929,0.5958,0.6309,0.5836,0.4207,0.5714,0.4920,0.5884,0.2072,0.4738,0.4381,0.5397,0.3651,0.5140,0.3220,0.4311,2.9891,6.6288,11.2164,17.0627,26.8153,39.8886,45.8131,47.9754,48.5214,49.3438,49.5958,50.7338,50.5307,47.6565,48.5348,49.1820,49.7329,49.1245,45.7732,44.2718,44.1022,43.8096"
EP00355,C1_variability,13,GAIN_DRIFT,"0.3728,0.0000,0.0740,0.2577,0.2348,0.2975,0.5263,0.4318,3.1364,6.9966,12.0331,21.3630,34.3026,66.3129,93.5014,96.9004,99.0903,101.0667,98.6856,96.0354,95.7557,90.7126,92.7023,93.4671,94.0347,93.2332,93.7458,92.9645,96.2846,95.5474,94.1033,96.2226,95.7733,97.4240,97.3061,94.5371,94.9923,97.5413,100.1169,103.3427,102.0937,100.2592,97.0880"
EP00355,C2_covariance,13,GAIN_DRIFT,"0.2204,0.0320,0.1137,0.0353,0.1967,0.5092,0.5405,0.7207,0.7044,0.7676,4.1703,6.0524,7.2149,5.3922,2.8399,3.5219,3.6140,3.7991,3.9193,3.9023,2.4961,1.9161,1.6498,1.8354,1.9790,1.8071,2.0924,2.7762,2.7050,2.6229,3.0456,3.1958,3.6921,3.5243,3.2999,3.3237,3.7918,3.4676,2.5104,3.2026,3.3693,3.2247,3.1313"
EP00355,C3_both,13,GAIN_DRIFT,"0.3728,0.0320,0.1137,0.2577,0.2348,0.5092,0.5405,0.7207,3.1364,6.9966,12.0331,21.3630,34.3026,66.3129,93.5014,96.9004,99.0903,101.0667,98.6856,96.0354,95.7557,90.7126,92.7023,93.4671,94.0347,93.2332,93.7458,92.9645,96.2846,95.5474,94.1033,96.2226,95.7733,97.4240,97.3061,94.5371,94.9923,97.5413,100.1169,103.3427,102.0937,100.2592,97.0880"
EP00356,C1_variability,23,GAIN_DRIFT,"0.8629,0.4162,0.2795,0.5819,0.2835,0.5203,0.5263,0.5613,0.5140,0.3234,0.2987,0.2502,0.1471,0.0366,0.1872,0.2635,0.1112,0.1049,0.3386,0.7343,2.0121,3.4026,5.4566,7.0731,8.1260,10.0964,11.7025,14.5476,15.9747,16.7855,16.6222,17.6415,16.8958,17.5299,17.2062,18.2586,17.0800,17.5006,18.3326,19.0734,19.5570,18.5671,18.1163"
EP00356,C2_covariance,23,GAIN_DRIFT,"0.6622,0.4398,0.5545,0.6243,0.3632,0.0739,0.1054,0.2583,0.2774,0.2145,0.3657,0.2860,0.3828,0.0018,0.8543,0.6479,0.7499,0.5744,0.7178,0.5130,0.0363,0.8033,0.9808,0.6148,0.4015,0.5682,0.2643,0.1151,0.6212,0.9235,0.6270,0.7160,1.3030,1.3783,0.5987,0.1115,0.5213,0.4029,0.2306,0.4442,1.1224,1.1201,0.9642"
EP00356,C3_both,23,GAIN_DRIFT,"0.8629,0.4398,0.5545,0.6243,0.3632,0.5203,0.5263,0.5613,0.5140,0.3234,0.3657,0.2860,0.3828,0.0366,0.8543,0.6479,0.7499,0.5744,0.7178,0.7343,2.0121,3.4026,5.4566,7.0731,8.1260,10.0964,11.7025,14.5476,15.9747,16.7855,16.6222,17.6415,16.8958,17.5299,17.2062,18.2586,17.0800,17.5006,18.3326,19.0734,19.5570,18.5671,18.1163"
EP00357,C1_variability,15,GAIN_DRIFT,"0.7598,0.6137,0.1403,0.0442,0.0425,0.0842,0.3139,0.3491,0.3016,0.1066,0.2660,0.8432,2.6134,5.4895,8.4493,13.1609,17.1353,20.0290,23.5412,28.1250,32.2426,36.6698,40.1862,42.7374,45.6945,48.2794,47.0639,48.1455,47.9291,48.9235,48.9932,46.7543,48.8717,48.1537,47.1699,47.3241,48.7062,49.3819,50.5359,48.9467,49.3524,47.2625,46.7045"
EP00357,C2_covariance,15,GAIN_DRIFT,"0.7372,0.5145,0.6293,0.5501,0.3157,0.0000,0.0316,0.1847,0.2038,0.1423,0.3152,0.2110,0.3460,0.1995,1.3526,0.6345,0.6579,0.5314,0.7276,0.6353,0.3383,0.8847,1.0117,0.6312,0.4182,0.5810,0.3558,0.0374,0.4707,0.4255,0.5646,0.7471,1.3346,1.3874,0.6154,0.2421,0.3684,0.3214,0.0276,0.7272,1.4026,1.3574,1.2331"
EP00357,C3_both,15,GAIN_DRIFT,"0.7598,0.6137,0.6293,0.5501,0.3157,0.0842,0.3139,0.3491,0.3016,0.1423,0.3152,0.8432,2.6134,5.4895,8.4493,13.1609,17.1353,20.0290,23.5412,28.1250,32.2426,36.6698,40.1862,42.7374,45.6945,48.2794,47.0639,48.1455,47.9291,48.9235,48.9932,46.7543,48.8717,48.1537,47.1699,47.3241,48.7062,49.3819,50.5359,48.9467,49.3524,47.2625,46.7045"
EP00358,C1_variability,27,GAIN_DRIFT,"0.6845,0.2301,0.1779,0.3613,0.3384,0.6916,0.6292,0.6642,0.6170,0.4268,0.4021,0.3537,0.2508,0.0676,0.4634,0.1589,0.0069,0.0000,0.3429,0.2158,0.2197,1.2505,3.1079,7.2638,14.7554,22.5001,31.6958,46.7600,61.2084,74.2602,85.8599,96.5543,103.2337,111.9251,113.2243,112.9813,112.8605,117.2375,115.5704,112.7937,117.5377,120.9215,117.0238"
EP00358,C2_covariance,27,GAIN_DRIFT,"0.4188,0.3131,0.3116,0.5527,0.3838,0.3137,0.3451,0.4973,0.5162,0.4536,0.6042,0.5248,0.6211,0.2402,0.7425,0.4046,0.5062,0.3317,0.4805,0.2887,0.2455,1.0297,1.1295,0.6593,0.0013,0.3388,1.1934,1.7701,2.1575,2.6758,3.0761,2.9477,3.6178,2.6562,2.6468,2.4644,1.9525,2.5285,2.5437,2.9331,3.0353,3.1147,2.9206"
EP00358,C3_both,27,GAIN_DRIFT,"0.6845,0.3131,0.3116,0.5527,0.3838,0.6916,0.6292,0.6642,0.6170,0.4536,0.6042,0.5248,0.6211,0.2402,0.7425,0.4046,0.5062,0.3317,0.4805,0.2887,0.2455,1.2505,3.1079,7.2638,14.7554,22.5001,31.6958,46.7600,61.2084,74.2602,85.8599,96.5543,103.2337,111.9251,113.2243,112.9813,112.8605,117.2375,115.5704,112.7937,117.5377,120.9215,117.0238"
EP00359,C1_variability,20,GAIN_DRIFT,"0.6087,0.3394,0.1714,0.1475,0.1940,0.4751,0.4167,0.4518,0.4044,0.2134,0.1886,0.1399,0.0366,0.1474,0.3013,0.3880,0.2557,0.2949,1.1774,1.9266,2.9543,3.7190,4.5213,4.8698,5.4613,6.1694,7.5730,7.7839,10.0773,11.4895,11.3453,12.8504,13.9236,15.0416,15.8792,16.6861,18.0116,18.2847,19.2227,20.4646,20.3967,19.6312,19.9220"
EP00359,C2_covariance,20,GAIN_DRIFT,"0.3194,0.4217,0.2560,0.6859,0.4904,0.4117,0.4430,0.5949,0.6138,0.5513,0.7015,0.6223,0.7185,0.3383,0.6189,0.3096,0.4082,0.2275,0.3744,0.1670,0.3674,1.1225,1.3005,0.9516,0.7252,0.9278,0.6579,0.2402,0.2077,0.8809,0.2200,0.2870,1.1124,1.2270,0.4488,0.3290,0.8652,0.5202,0.6149,0.0442,0.6127,0.5793,0.4350"
EP00359,C3_both,20,GAIN_DRIFT,"0.6087,0.4217,0.2560,0.6859,0.4904,0.4751,0.4430,0.5949,0.6138,0.5513,0.7015,0.6223,0.7185,0.3383,0.6189,0.3880,0.4082,0.2949,1.1774,1.9266,2.9543,3.7190,4.5213,4.8698,5.4613,6.1694,7.5730,7.7839,10.0773,11.4895,11.3453,12.8504,13.9236,15.0416,15.8792,16.6861,18.0116,18.2847,19.2227,20.4646,20.3967,19.6312,19.9220"
EP00360,C1_variability,19,GAIN_DRIFT,"0.5910,0.4232,0.2734,0.1110,0.3092,0.1641,0.3803,0.4155,0.3680,0.1769,0.1521,0.1034,0.0000,0.1925,0.4065,0.6189,1.5816,2.5809,4.0722,5.5334,8.6387,10.2453,12.9936,13.7709,14.8028,16.7317,18.2478,20.6598,24.0102,26.1434,28.3027,29.1578,30.7425,32.8541,34.7009,36.0380,39.4365,40.4565,43.1879,47.4282,48.5151,47.5390,44.7222"
EP00360,C2_covariance,19,GAIN_DRIFT,"0.4188,0.3387,0.3116,0.5866,0.3461,0.3137,0.3451,0.4973,0.5162,0.4536,0.6042,0.5248,0.6211,0.2385,0.7395,0.4446,0.5213,0.3104,0.4343,0.2508,0.2732,1.0323,1.2068,0.8031,0.6123,0.7963,0.5658,0.1577,0.2492,0.6374,0.1496,0.3661,1.0092,1.0256,0.5066,0.0685,0.6008,0.5765,0.3392,0.6461,0.8812,0.8052,0.7128"
EP00360,C3_both,19,GAIN_DRIFT,"0.5910,0.4232,0.3116,0.5866,0.3461,0.3137,0.3803,0.4973,0.5162,0.4536,0.6042,0.5248,0.6211,0.2385,0.7395,0.6189,1.5816,2.5809,4.0722,5.5334,8.6387,10.2453,12.9936,13.7709,14.8028,16.7317,18.2478,20.6598,24.0102,26.1434,28.3027,29.1578,30.7425,32.8541,34.7009,36.0380,39.4365,40.4565,43.1879,47.4282,48.5151,47.5390,44.7222"
EP00361,C1_variability,24,GAIN_DRIFT,"0.5867,0.1282,0.0922,0.2759,0.3179,0.7382,0.5443,0.5794,0.5321,0.3416,0.3169,0.2683,0.1653,0.0183,0.1689,0.2452,0.0929,0.0860,0.2698,1.5321,3.1429,6.8787,10.8747,14.0895,20.1832,25.5936,30.7788,35.8251,41.0949,48.7272,53.1015,58.8817,64.5354,71.3692,76.2724,79.9609,86.6530,89.2602,91.5720,96.9503,103.1649,106.9008,113.8160"
EP00361,C2_covariance,24,GAIN_DRIFT,"0.6380,0.4157,0.5304,0.5330,0.2977,0.0977,0.1292,0.2821,0.3011,0.2382,0.3894,0.3097,0.4065,0.0238,0.9932,0.6238,0.7257,0.5506,0.6965,0.5249,0.0238,0.8282,0.9826,0.6412,0.4698,0.5949,0.2026,0.0278,0.5668,0.4796,0.7545,1.4072,2.9274,2.8318,2.9025,2.7159,2.3554,4.3030,5.0784,5.6622,5.7683,4.9887,5.1659"
EP00361,C3_both,24,GAIN_DRIFT,"0.6380,0.4157,0.5304,0.5330,0.3179,0.7382,0.5443,0.5794,0.5321,0.3416,0.3894,0.3097,0.4065,0.0238,0.9932,0.6238,0.7257,0.5506,0.6965,1.5321,3.1429,6.8787,10.8747,14.0895,20.1832,25.5936,30.7788,35.8251,41.0949,48.7272,53.1015,58.8817,64.5354,71.3692,76.2724,79.9609,86.6530,89.2602,91.5720,96.9503,103.1649,106.9008,113.8160"
EP00362,C1_variability,16,GEOMETRY_ROTATION,"0.6528,0.5256,0.4508,0.2652,0.2883,0.2249,0.0062,0.0416,0.0062,0.1988,0.4344,1.5132,2.2417,3.8942,4.6752,6.5046,6.0185,7.3571,7.9020,6.5853,7.5271,8.0097,7.5054,7.6580,7.7374,7.3021,7.7482,8.3436,8.0864,8.7966,9.5926,9.5113,8.9542,9.5133,10.2176,10.0363,10.5169,9.7791,9.1940,9.8643,9.5098,10.7781,10.8757"
EP00362,C2_covariance,16,GEOMETRY_ROTATION,"0.3194,0.2751,0.2125,0.4766,0.1904,0.4117,0.4430,0.5949,0.6138,0.5513,0.6969,0.4846,0.1036,1.9630,3.9399,5.0880,6.0964,6.5640,6.9549,6.6465,6.3430,5.5836,5.4912,5.8253,6.0773,5.7512,6.0057,6.6271,6.6933,6.5784,6.6800,6.9659,6.9311,6.5405,6.3916,6.3676,5.8310,5.8684,6.0472,6.7578,7.3180,7.2714,6.9929"
EP00362,C3_both,16,GEOMETRY_ROTATION,"0.6528,0.5256,0.4508,0.4766,0.2883,0.4117,0.4430,0.5949,0.6138,0.5513,0.6969,1.5132,2.2417,3.8942,4.6752,6.5046,6.0964,7.3571,7.9020,6.6465,7.5271,8.0097,7.5054,7.6580,7.7374,7.3021,7.7482,8.3436,8.0864,8.7966,9.5926,9.5113,8.9542,9.5133,10.2176,10.0363,10.5169,9.7791,9.1940,9.8643,9.5098,10.7781,10.8757"
EP00363,C1_variability,15,GEOMETRY_ROTATION,"0.6591,0.5319,0.4571,0.2714,0.2945,0.2312,0.0000,0.0354,0.3093,0.8866,2.7423,4.1034,5.1953,6.0915,7.2673,8.3306,9.1869,9.4363,9.4276,9.5033,9.4451,9.7296,9.6265,9.6478,9.5158,9.6270,9.6629,9.4351,9.6833,9.8698,9.9186,9.9229,9.9121,10.0446,9.7856,9.7661,10.1438,10.0756,9.8327,9.2264,9.0655,8.9978,8.8911"
EP00363,C2_covariance,15,GEOMETRY_ROTATION,"0.1850,0.0353,0.0783,0.0000,0.2319,0.5442,0.5754,0.7268,0.7457,0.5612,1.1130,4.4447,6.7969,10.2191,13.0164,15.0893,16.5127,16.8166,17.1743,16.9456,16.6683,15.8716,15.6762,16.1506,16.2337,15.7365,15.7756,16.3640,16.5778,16.4247,16.5045,16.7172,16.7751,16.3518,16.1061,15.7919,15.2870,15.3284,15.4658,16.2930,16.9520,17.0351,16.8937"
EP00363,C3_both,15,GEOMETRY_ROTATION,"0.6591,0.5319,0.4571,0.2714,0.2945,0.5442,0.5754,0.7268,0.7457,0.8866,2.7423,4.4447,6.7969,10.2191,13.0164,15.0893,16.5127,16.8166,17.1743,16.9456,16.6683,15.8716,15.6762,16.1506,16.2337,15.7365,15.7756,16.3640,16.5778,16.4247,16.5045,16.7172,16.7751,16.3518,16.1061,15.7919,15.2870,15.3284,15.4658,16.2930,16.9520,17.0351,16.8937"
EP00364,C1_variability,19,GEOMETRY_ROTATION,"0.6372,0.3256,0.2511,0.0661,0.1853,0.3138,0.2041,0.2394,0.1918,0.0000,0.0249,0.0738,0.1775,0.8208,2.0744,3.2191,4.2559,6.2697,9.1496,16.4466,26.8518,22.3412,22.6232,22.5987,22.6288,22.7851,22.9439,22.8384,23.0195,23.0251,22.9645,22.8652,22.9124,23.0167,22.9644,23.1729,23.3678,23.4239,23.2442,22.9453,22.9641,22.6560,25.0612"
EP00364,C2_covariance,19,GEOMETRY_ROTATION,"0.2629,0.1730,0.1561,0.5288,0.2362,0.4673,0.4986,0.6503,0.6692,0.6068,0.7569,0.6777,0.7738,0.0000,6.0332,7.7970,10.3355,12.6170,15.4905,19.0062,21.1613,20.3093,20.2419,20.2272,20.0955,19.7014,20.0851,20.5863,20.6223,20.2932,20.5153,20.5824,20.6003,20.8104,20.7767,20.6644,20.1223,20.1802,20.2616,20.8915,21.5632,21.5168,21.6453"
EP00364,C3_both,19,GEOMETRY_ROTATION,"0.6372,0.3256,0.2511,0.5288,0.2362,0.4673,0.4986,0.6503,0.6692,0.6068,0.7569,0.6777,0.7738,0.8208,6.0332,7.7970,10.3355,12.6170,15.4905,19.0062,26.8518,22.3412,22.6232,22.5987,22.6288,22.7851,22.9439,22.8384,23.0195,23.0251,22.9645,22.8652,22.9124,23.0167,22.9644,23.1729,23.3678,23.4239,23.2442,22.9453,22.9641,22.6560,25.0612"
EP00365,C1_variability,13,GEOMETRY_ROTATION,"0.6728,0.5319,0.4571,0.2714,0.2945,0.2312,0.0000,0.0426,0.4200,0.8122,1.4208,2.4622,2.6702,3.4813,4.0524,4.1236,4.4628,4.6539,5.1668,5.0437,5.6136,6.2553,6.8697,7.1268,7.3620,6.7613,7.5856,6.8974,7.3420,7.4338,7.9434,8.3886,8.6749,8.5861,8.8472,9.1425,8.6703,9.9631,9.8341,9.0196,9.3521,9.8242,9.7638"
EP00365,C2_covariance,13,GEOMETRY_ROTATION,"0.6475,0.4251,0.5398,0.4608,0.2268,0.0884,0.1199,0.2726,0.2905,0.2086,0.3277,0.0696,0.2653,1.1438,2.2329,2.9442,3.7133,4.1300,4.7260,5.4425,5.5441,5.4920,5.8106,6.2436,6.3663,6.1979,6.3882,6.6805,6.9413,7.0611,7.1298,7.3133,7.3261,6.7848,6.6595,6.3153,5.7755,6.2448,6.2301,6.9485,7.8829,7.9239,7.7971"
EP00365,C3_both,13,GEOMETRY_ROTATION,"0.6728,0.5319,0.5398,0.4608,0.2945,0.2312,0.1199,0.2726,0.4200,0.8122,1.4208,2.4622,2.6702,3.4813,4.0524,4.1236,4.4628,4.6539,5.1668,5.4425,5.6136,6.2553,6.8697,7.1268,7.3620,6.7613,7.5856,6.8974,7.3420,7.4338,7.9434,8.3886,8.6749,8.5861,8.8472,9.1425,8.6703,9.9631,9.8341,9.0196,9.3521,9.8242,9.7638"
EP00366,C1_variability,26,GEOMETRY_ROTATION,"0.4696,0.2553,0.1809,0.1946,0.1766,0.3652,0.2737,0.3090,0.2891,0.0699,0.0450,0.0038,0.1074,0.2920,0.4434,0.5201,0.3670,0.3601,0.4087,0.4884,1.4540,2.3196,3.4826,4.4739,6.0669,6.7407,9.0573,7.7150,8.3944,9.1869,9.5925,9.9241,10.1273,10.3012,10.0314,10.0328,10.3957,10.3012,10.7063,11.4080,11.1415,9.1503,9.2530"
EP00366,C2_covariance,26,GEOMETRY_ROTATION,"0.2656,0.2594,0.1587,0.4977,0.3740,0.4647,0.4960,0.6477,0.6666,0.6042,0.7543,0.6752,0.7712,0.3914,0.6215,0.2514,0.3527,0.1788,0.3271,0.1358,0.3910,0.8328,0.0449,2.2271,4.5011,6.6382,9.0000,11.8292,13.0556,14.1409,14.8961,15.5815,15.6887,15.5288,15.4721,15.3112,14.6706,14.7881,14.9520,15.8322,16.9893,16.8058,16.6456"
EP00366,C3_both,26,GEOMETRY_ROTATION,"0.4696,0.2594,0.1809,0.4977,0.3740,0.4647,0.4960,0.6477,0.6666,0.6042,0.7543,0.6752,0.7712,0.3914,0.6215,0.5201,0.3670,0.3601,0.4087,0.4884,1.4540,2.3196,3.4826,4.4739,6.0669,6.7407,9.0573,11.8292,13.0556,14.1409,14.8961,15.5815,15.6887,15.5288,15.4721,15.3112,14.6706,14.7881,14.9520,15.8322,16.9893,16.8058,16.6456"
EP00367,C1_variability,19,GEOMETRY_ROTATION,"0.5942,0.3472,0.2511,0.2017,0.1103,0.0261,0.2041,0.2394,0.1918,0.0000,0.0249,0.0738,0.1775,1.4079,3.0163,4.8118,5.0700,5.8495,8.1852,10.1708,9.6635,11.2914,12.6546,14.0530,15.6007,19.2829,20.9914,21.2692,21.7173,21.9276,22.6761,25.3812,25.5108,25.9944,27.0038,29.4262,30.4442,27.3637,29.5518,29.9758,29.8164,27.8331,26.3684"
EP00367,C2_covariance,19,GEOMETRY_ROTATION,"0.4188,0.1975,0.3116,0.3575,0.1856,0.3137,0.3451,0.4973,0.5162,0.4536,0.6042,0.5248,0.6211,0.1473,3.1117,4.7265,7.1830,9.1836,11.0851,13.4210,14.9697,16.1522,17.0666,18.5205,20.0157,20.4655,21.5850,22.5210,22.8918,23.1115,23.2911,23.5440,23.5990,23.3178,23.1817,22.8744,22.3977,22.6955,22.6609,23.2207,24.1546,24.2017,24.1984"
EP00367,C3_both,19,GEOMETRY_ROTATION,"0.5942,0.3472,0.3116,0.3575,0.1856,0.3137,0.3451,0.4973,0.5162,0.4536,0.6042,0.5248,0.6211,1.4079,3.1117,4.8118,7.1830,9.1836,11.0851,13.4210,14.9697,16.1522,17.0666,18.5205,20.0157,20.4655,21.5850,22.5210,22.8918,23.1115,23.2911,25.3812,25.5108,25.9944,27.0038,29.4262,30.4442,27.3637,29.5518,29.9758,29.8164,27.8331,26.3684"
EP00368,C1_variability,25,GEOMETRY_ROTATION,"0.5886,0.3853,0.1846,0.4556,0.3407,0.8070,0.2928,0.3280,0.2805,0.0890,0.0642,0.0154,0.0882,0.2727,0.4240,0.5007,0.3476,0.3407,0.3894,0.4579,0.8086,1.3016,1.9612,2.5454,3.9190,4.0458,5.0198,6.7373,7.6940,8.1413,9.0224,9.0593,9.6212,9.3846,9.6584,10.0678,9.7061,9.4044,9.3521,11.1448,10.8340,10.8200,9.4045"
EP00368,C2_covariance,25,GEOMETRY_ROTATION,"0.6713,0.4489,0.5636,0.6480,0.3757,0.0649,0.0964,0.2494,0.2684,0.2055,0.3568,0.2770,0.3738,0.0090,0.8220,0.6570,0.7591,0.5838,0.7333,0.5393,0.0000,0.7821,0.8973,0.4284,0.0873,0.0369,0.6368,1.6968,2.6189,2.9766,3.7252,4.3159,4.6830,4.8997,5.1301,5.4705,5.4565,6.1743,6.7001,7.9606,9.0145,9.3861,9.3609"
EP00368,C3_both,25,GEOMETRY_ROTATION,"0.6713,0.4489,0.5636,0.6480,0.3757,0.8070,0.2928,0.3280,0.2805,0.2055,0.3568,0.2770,0.3738,0.2727,0.8220,0.6570,0.7591,0.5838,0.7333,0.5393,0.8086,1.3016,1.9612,2.5454,3.9190,4.0458,5.0198,6.7373,7.6940,8.1413,9.0224,9.0593,9.6212,9.3846,9.6584,10.0678,9.7061,9.4044,9.3521,11.1448,10.8340,10.8200,9.4045"
EP00369,C1_variability,13,GEOMETRY_ROTATION,"0.6591,0.5319,0.4571,0.2714,0.2945,0.2312,0.0000,0.0368,0.4918,1.2203,1.8574,2.4112,2.8496,3.3511,3.9340,4.7620,4.9402,6.0409,6.6302,6.3178,8.0376,6.6037,7.0696,7.6601,8.2442,7.6478,8.3712,8.8728,9.3868,9.7536,10.4136,10.7936,10.5197,10.3043,10.5042,9.9265,10.8948,10.4228,10.0320,10.9375,9.9112,9.9681,9.7746"
EP00369,C2_covariance,13,GEOMETRY_ROTATION,"0.4793,0.2615,0.3720,0.3861,0.0760,0.2542,0.2855,0.4378,0.4456,0.3603,0.4066,0.0000,0.4233,1.3971,2.8919,3.8044,4.8797,5.5169,6.0525,6.6100,6.3292,6.3794,6.7871,7.4364,8.4764,8.7113,9.8936,11.0267,11.5049,11.9560,12.3550,12.7277,13.0360,12.9351,13.1687,13.0977,13.1078,13.3409,13.7159,14.7929,15.3197,15.0933,14.9957"
EP00369,C3_both,13,GEOMETRY_ROTATION,"0.6591,0.5319,0.4571,0.3861,0.2945,0.2542,0.2855,0.4378,0.4918,1.2203,1.8574,2.4112,2.8496,3.3511,3.9340,4.7620,4.9402,6.0409,6.6302,6.6100,8.0376,6.6037,7.0696,7.6601,8.4764,8.7113,9.8936,11.0267,11.5049,11.9560,12.3550,12.7277,13.0360,12.9351,13.1687,13.0977,13.1078,13.3409,13.7159,14.7929,15.3197,15.0933,14.9957"
EP00370,C1_variability,16,GEOMETRY_ROTATION,"0.5671,0.4223,0.3476,0.1624,0.1855,0.1222,0.1084,0.1438,0.0961,0.0961,0.1210,0.3207,1.1710,2.5590,3.6705,4.5838,5.4868,5.6816,6.8282,7.5917,8.4795,7.9397,8.5585,9.1519,9.7456,10.5075,11.2587,11.7972,12.5798,13.5244,14.3228,15.2248,16.0581,17.2040,18.0869,19.0733,20.5208,21.4903,22.2602,22.6671,22.9113,23.1142,23.0296"
EP00370,C2_covariance,16,GEOMETRY_ROTATION,"0.5775,0.3555,0.4700,0.4908,0.2020,0.1574,0.1888,0.3415,0.3605,0.2977,0.4487,0.3434,0.2883,0.7995,3.1792,4.3642,5.9520,7.3040,8.5149,9.6420,10.4409,10.5890,11.3858,12.6148,13.4379,13.4677,14.4371,15.2041,15.9964,16.3152,16.8019,17.5742,18.1929,18.3104,18.6363,18.7620,18.6363,19.6077,19.8280,20.6616,21.2429,21.3440,21.3383"
EP00370,C3_both,16,GEOMETRY_ROTATION,"0.5775,0.4223,0.4700,0.4908,0.2020,0.1574,0.1888,0.3415,0.3605,0.2977,0.4487,0.3434,1.1710,2.5590,3.6705,4.5838,5.9520,7.3040,8.5149,9.6420,10.4409,10.5890,11.3858,12.6148,13.4379,13.4677,14.4371,15.2041,15.9964,16.3152,16.8019,17.5742,18.1929,18.3104,18.6363,19.0733,20.5208,21.4903,22.2602,22.6671,22.9113,23.1142,23.0296"
EP00371,C1_variability,22,NONE,"0.4114,0.3376,1.1598,0.8898,0.7612,0.7616,0.7601,0.2219,0.2604,0.2679,0.3416,0.1261,0.2798,0.2073,0.0233,0.4097,0.5937,0.4893,0.8008,0.6991,0.1818,0.8636,1.3833,1.5408,1.9270,1.7867,1.8901,1.4212,1.3843,1.4875,1.7880,2.5785,1.8299,1.3039,1.4073,1.7688,1.2632,1.3958,0.9894,1.7298,1.7576,1.0610,0.9829"
EP00371,C2_covariance,22,NONE,"0.6670,1.2481,1.2359,1.2911,1.0874,1.2281,1.5333,0.9757,0.2001,0.5182,0.6484,0.3617,0.4204,0.0812,0.1822,0.0812,0.5786,0.3621,0.4707,0.2047,0.1376,0.2948,0.5081,0.1902,0.2575,0.2689,0.2158,0.7320,0.6020,1.5125,2.0002,2.4421,2.9179,1.9585,2.1747,2.0727,1.6941,1.9939,1.4354,2.4730,1.9494,0.8984,2.0564"
EP00371,C3_both,22,NONE,"0.6670,1.2481,1.2359,1.2911,1.0874,1.2281,1.5333,0.9757,0.2604,0.5182,0.6484,0.3617,0.4204,0.2073,0.1822,0.4097,0.5937,0.4893,0.8008,0.6991,0.1818,0.8636,1.3833,1.5408,1.9270,1.7867,1.8901,1.4212,1.3843,1.5125,2.0002,2.5785,2.9179,1.9585,2.1747,2.0727,1.6941,1.9939,1.4354,2.4730,1.9494,1.0610,2.0564"
EP00372,C1_variability,16,RATE_LOSS,"0.2552,0.5884,1.4660,1.1958,1.0071,0.9519,1.0498,0.1729,0.0403,0.0037,0.1176,0.1899,0.6902,1.5760,2.2913,3.0227,3.7363,4.5033,4.6847,4.6429,4.8016,4.7390,4.9843,4.8103,4.7392,4.8035,4.8754,4.9549,4.8579,4.9863,5.1332,5.0745,5.0297,4.9291,4.7948,4.7768,4.7359,4.7522,4.8055,5.0445,5.2514,5.1989,5.1607"
EP00372,C2_covariance,16,RATE_LOSS,"0.4934,1.4284,1.4162,1.4715,1.2672,1.4083,1.7146,1.1023,0.0249,0.3441,0.4658,0.1880,0.2296,0.0731,0.1554,0.0841,0.9366,0.6298,0.7722,0.3813,0.0378,0.1199,0.3339,0.3668,0.4343,0.4457,0.1792,0.4802,0.4297,0.8784,1.3026,1.7443,2.2178,1.2509,1.4707,1.3936,1.2529,1.3655,1.0336,1.8452,1.3454,0.8617,1.4460"
EP00372,C3_both,16,RATE_LOSS,"0.4934,1.4284,1.4660,1.4715,1.2672,1.4083,1.7146,1.1023,0.0403,0.3441,0.4658,0.1899,0.6902,1.5760,2.2913,3.0227,3.7363,4.5033,4.6847,4.6429,4.8016,4.7390,4.9843,4.8103,4.7392,4.8035,4.8754,4.9549,4.8579,4.9863,5.1332,5.0745,5.0297,4.9291,4.7948,4.7768,4.7359,4.7522,4.8055,5.0445,5.2514,5.1989,5.1607"
EP00373,C1_variability,20,RATE_LOSS,"0.2957,0.3593,1.1704,0.9165,0.8022,0.8077,0.8051,0.2385,0.2957,0.2090,0.1755,0.0408,0.3268,0.4749,0.1283,1.0039,1.3169,2.9968,4.6383,6.6691,9.2955,11.1937,12.4251,12.4156,12.3564,12.4099,12.4697,12.5358,12.4551,12.5619,12.6841,12.6353,12.5980,12.5143,12.4026,12.3877,12.3537,12.3673,12.4115,12.6103,12.7824,12.7388,12.7070"
EP00373,C2_covariance,20,RATE_LOSS,"0.7654,0.8059,0.7960,0.8412,0.6742,0.7895,1.0400,1.0466,0.3823,0.6433,0.7501,0.5149,0.5631,0.2847,0.3672,0.1560,0.8891,1.0116,1.0415,1.2331,0.4650,0.1210,0.6389,0.2513,0.0846,0.0025,0.2161,0.6292,0.5539,1.3677,1.7544,2.1546,2.6322,1.7042,1.9281,1.8114,1.4726,1.8019,1.2531,2.3026,1.8146,0.7529,1.9312"
EP00373,C3_both,20,RATE_LOSS,"0.7654,0.8059,1.1704,0.9165,0.8022,0.8077,1.0400,1.0466,0.3823,0.6433,0.7501,0.5149,0.5631,0.4749,0.3672,1.0039,1.3169,2.9968,4.6383,6.6691,9.2955,11.1937,12.4251,12.4156,12.3564,12.4099,12.4697,12.5358,12.4551,12.5619,12.6841,12.6353,12.5980,12.5143,12.4026,12.3877,12.3537,12.3673,12.4115,12.6103,12.7824,12.7388,12.7070"
EP00374,C1_variability,21,RATE_LOSS,"0.2860,0.1549,0.7663,0.5655,0.4840,0.4904,0.4823,0.0211,0.1347,0.1421,0.2160,0.0000,0.0122,0.5330,0.1282,0.8052,1.2649,3.1021,5.3536,8.6681,13.7022,20.2404,25.5433,27.3388,27.4323,27.4643,27.5002,27.5398,27.4914,27.5554,27.6287,27.5994,27.5771,27.5269,27.4600,27.4510,27.4306,27.4388,27.4653,27.5845,27.6876,27.6615,27.6424"
EP00374,C2_covariance,21,RATE_LOSS,"0.9026,0.5283,0.5192,0.5604,0.4082,0.5133,0.7414,1.2530,0.5538,0.7914,0.8887,0.6745,0.7184,0.4649,0.5403,0.3306,1.0863,1.0487,2.9509,7.7901,10.5837,7.2251,0.6291,0.2383,0.2119,0.2034,0.4018,0.3202,0.2607,1.0230,1.4074,1.8153,2.2951,1.3695,1.5773,1.4654,1.1248,1.4579,0.9042,1.9536,1.4801,0.4038,1.5909"
EP00374,C3_both,21,RATE_LOSS,"0.9026,0.5283,0.7663,0.5655,0.4840,0.5133,0.7414,1.2530,0.5538,0.7914,0.8887,0.6745,0.7184,0.5330,0.5403,0.8052,1.2649,3.1021,5.3536,8.6681,13.7022,20.2404,25.5433,27.3388,27.4323,27.4643,27.5002,27.5398,27.4914,27.5554,27.6287,27.5994,27.5771,27.5269,27.4600,27.4510,27.4306,27.4388,27.4653,27.5845,27.6876,27.6615,27.6424"
EP00375,C1_variability,21,RATE_LOSS,"0.3128,0.5061,1.3123,1.0678,0.9450,0.9494,0.9380,0.4001,0.4591,0.3487,0.2282,0.0122,0.1987,0.3169,0.0907,0.5537,0.6305,0.6337,0.8449,1.0341,1.1885,1.6422,2.4486,2.7951,3.2611,3.8313,4.2990,4.6760,4.7989,5.0655,5.2676,5.2098,5.1652,5.0649,4.9310,4.9131,4.8723,4.8886,4.9416,5.1799,5.3862,5.3339,5.2958"
EP00375,C2_covariance,21,RATE_LOSS,"0.7482,1.1638,1.1516,1.2067,1.0034,1.1438,1.4485,0.9174,0.2820,0.5996,0.7296,0.4433,0.5020,0.1633,0.2641,0.0000,0.5196,0.3021,0.4493,0.2297,0.1315,0.2890,0.5736,0.0839,0.1531,0.1557,0.0972,0.5017,0.3251,1.2498,1.7492,2.1774,2.6534,1.7049,1.9179,1.8055,1.4340,1.7322,1.1795,2.2158,1.6957,0.6548,1.8080"
EP00375,C3_both,21,RATE_LOSS,"0.7482,1.1638,1.3123,1.2067,1.0034,1.1438,1.4485,0.9174,0.4591,0.5996,0.7296,0.4433,0.5020,0.3169,0.2641,0.5537,0.6305,0.6337,0.8449,1.0341,1.1885,1.6422,2.4486,2.7951,3.2611,3.8313,4.2990,4.6760,4.7989,5.0655,5.2676,5.2098,5.1652,5.0649,4.9310,4.9131,4.8723,4.8886,4.9416,5.1799,5.3862,5.3339,5.2958"
EP00376,C1_variability,22,RATE_LOSS,"0.2921,0.4439,1.2739,1.0110,0.8835,0.8859,0.8857,0.3635,0.3849,0.2950,0.2221,0.0061,0.1397,0.0876,0.0969,0.2556,0.6173,0.3369,0.6710,1.2491,2.3530,3.4734,5.1139,6.2927,7.6019,9.0100,10.1941,11.1404,11.7390,12.3056,12.6771,12.6703,12.6331,12.5495,12.4379,12.4230,12.3890,12.4025,12.4467,12.6453,12.8173,12.7737,12.7419"
EP00376,C2_covariance,22,RATE_LOSS,"0.7799,1.1308,1.1187,1.1738,0.9706,1.1109,1.4154,0.8683,0.3140,0.6314,0.7613,0.4752,0.5338,0.1954,0.2961,0.0333,0.4988,0.3237,0.4858,0.3684,0.0333,0.0805,0.4815,0.1159,0.4349,0.1922,0.4449,0.7196,0.3706,1.3302,1.8307,2.2654,2.7433,1.7910,2.0214,1.9217,1.5672,1.8937,1.3327,2.3847,1.8816,0.8004,1.9925"
EP00376,C3_both,22,RATE_LOSS,"0.7799,1.1308,1.2739,1.1738,0.9706,1.1109,1.4154,0.8683,0.3849,0.6314,0.7613,0.4752,0.5338,0.1954,0.2961,0.2556,0.6173,0.3369,0.6710,1.2491,2.3530,3.4734,5.1139,6.2927,7.6019,9.0100,10.1941,11.1404,11.7390,12.3056,12.6771,12.6703,12.6331,12.5495,12.4379,12.4230,12.3890,12.4025,12.4467,12.6453,12.8173,12.7737,12.7419"
EP00377,C1_variability,26,RATE_LOSS,"0.3058,0.6998,1.6302,1.2894,1.0930,1.0431,1.1261,0.3481,0.1545,0.1620,0.2359,0.0199,0.0206,0.1013,0.0830,0.2271,0.7475,0.4536,0.7095,0.6362,0.0468,0.2855,1.4663,2.7574,4.6977,7.3823,10.5359,13.8050,16.8943,19.9453,22.9132,25.2574,26.7896,27.4503,27.4689,27.4600,27.4396,27.4477,27.4743,27.5934,27.6965,27.6704,27.6513"
EP00377,C2_covariance,26,RATE_LOSS,"0.8077,1.1020,1.0899,1.1449,0.9418,1.0820,1.3864,1.0960,0.3421,0.6593,0.7891,0.5032,0.5618,0.2235,0.3242,0.0616,0.7295,0.4446,0.6082,0.0616,0.2768,0.3794,0.5198,0.2073,0.8614,0.8890,1.0300,1.8235,2.5791,2.6225,2.2006,2.4356,2.4952,1.6739,1.8629,1.7553,1.3605,1.6418,1.0876,2.1146,1.5874,0.5619,1.6958"
EP00377,C3_both,26,RATE_LOSS,"0.8077,1.1020,1.6302,1.2894,1.0930,1.0820,1.3864,1.0960,0.3421,0.6593,0.7891,0.5032,0.5618,0.2235,0.3242,0.2271,0.7475,0.4536,0.7095,0.6362,0.2768,0.3794,1.4663,2.7574,4.6977,7.3823,10.5359,13.8050,16.8943,19.9453,22.9132,25.2574,26.7896,27.4503,27.4689,27.4600,27.4396,27.4477,27.4743,27.5934,27.6965,27.6704,27.6513"
EP00378,C1_variability,26,RATE_LOSS,"0.3367,0.6996,1.6143,1.2816,1.0795,1.0307,1.1052,0.3130,0.1855,0.1930,0.2668,0.0510,0.1985,0.2235,0.0519,0.3130,0.6711,0.5275,0.7841,0.7250,0.0300,0.2354,0.4226,0.5005,0.7206,0.7442,0.9437,1.2940,1.4517,1.8553,2.3117,2.5537,2.8047,2.9854,3.1102,3.3596,3.6107,3.8955,4.2051,4.6906,5.0893,5.1897,5.2706"
EP00378,C2_covariance,26,RATE_LOSS,"0.7945,1.1156,1.1035,1.1585,0.9554,1.0957,1.4001,1.2171,0.3288,0.6461,0.7759,0.4900,0.5485,0.2102,0.3109,0.0482,0.8518,0.5671,0.7281,0.0750,0.2664,0.4209,0.6354,0.0482,0.1139,0.1177,0.1335,0.4824,0.2979,1.1969,1.7969,2.2746,2.7309,1.8136,2.0400,1.8908,1.4658,1.7698,1.1059,2.1844,1.6810,0.6792,1.8229"
EP00378,C3_both,26,RATE_LOSS,"0.7945,1.1156,1.6143,1.2816,1.0795,1.0957,1.4001,1.2171,0.3288,0.6461,0.7759,0.4900,0.5485,0.2235,0.3109,0.3130,0.8518,0.5671,0.7841,0.7250,0.2664,0.4209,0.6354,0.5005,0.7206,0.7442,0.9437,1.2940,1.4517,1.8553,2.3117,2.5537,2.8047,2.9854,3.1102,3.3596,3.6107,3.8955,4.2051,4.6906,5.0893,5.1897,5.2706"
EP00379,C1_variability,17,RATE_LOSS,"0.3077,0.4639,1.2788,1.0226,0.8592,0.8180,0.8805,0.0801,0.0872,0.0834,0.1573,0.0551,0.3190,0.7779,0.3220,1.3592,1.2408,1.6578,2.1138,2.6526,2.9582,3.4060,4.1824,4.5156,4.9640,5.5423,6.1000,6.6445,7.0160,7.6079,8.2752,8.7596,9.2467,9.6626,10.0112,10.4691,10.9491,11.3858,11.7740,12.2589,12.6252,12.6976,12.6934"
EP00379,C2_covariance,17,RATE_LOSS,"0.5621,1.3571,1.3449,1.4002,1.1961,1.3370,1.6429,1.2521,0.0942,0.4130,0.5434,0.2557,0.3162,0.0000,0.1375,0.1008,0.9722,0.7560,0.8756,0.4407,0.0581,0.1013,0.3869,0.2732,0.3426,0.3482,0.1053,0.4275,0.4410,0.9050,1.4653,1.9457,2.3840,1.5206,1.7906,1.5877,1.1894,1.5455,0.9961,1.9710,1.5067,0.8042,1.6702"
EP00379,C3_both,17,RATE_LOSS,"0.5621,1.3571,1.3449,1.4002,1.1961,1.3370,1.6429,1.2521,0.0942,0.4130,0.5434,0.2557,0.3190,0.7779,0.3220,1.3592,1.2408,1.6578,2.1138,2.6526,2.9582,3.4060,4.1824,4.5156,4.9640,5.5423,6.1000,6.6445,7.0160,7.6079,8.2752,8.7596,9.2467,9.6626,10.0112,10.4691,10.9491,11.3858,11.7740,12.2589,12.6252,12.6976,12.6934"
EP00380,C1_variability,18,RATE_LOSS,"0.3970,0.2997,1.0230,0.8046,0.6807,0.6696,0.6812,0.1074,0.2304,0.1311,0.1302,0.0862,0.5657,0.5975,0.5533,1.1283,1.7336,2.8469,3.7765,4.7883,6.0942,7.1813,8.5855,9.5656,10.6639,11.8708,13.0206,14.1301,15.0931,16.2389,17.5246,18.6869,19.8377,20.9049,21.8650,22.9026,24.0315,25.0231,25.8734,26.6899,27.2730,27.5405,27.6039"
EP00380,C2_covariance,18,RATE_LOSS,"0.5837,1.3346,1.3225,1.3777,1.1737,1.3146,1.6203,1.2105,0.1160,0.4346,0.5650,0.2779,0.3348,0.0335,0.1895,0.0335,0.9425,0.8201,0.8457,0.6680,0.2391,0.0794,0.3087,0.2987,0.3740,0.3769,0.2082,0.5427,0.6765,0.6721,1.3561,2.0580,2.4108,1.6380,2.0465,1.6747,1.3158,1.6912,1.2237,1.8475,1.4295,0.8363,1.7736"
EP00380,C3_both,18,RATE_LOSS,"0.5837,1.3346,1.3225,1.3777,1.1737,1.3146,1.6203,1.2105,0.2304,0.4346,0.5650,0.2779,0.5657,0.5975,0.5533,1.1283,1.7336,2.8469,3.7765,4.7883,6.0942,7.1813,8.5855,9.5656,10.6639,11.8708,13.0206,14.1301,15.0931,16.2389,17.5246,18.6869,19.8377,20.9049,21.8650,22.9026,24.0315,25.0231,25.8734,26.6899,27.2730,27.5405,27.6039"
EP00381,C1_variability,14,CHANNEL_DROPOUT,"0.3843,0.5058,1.4403,1.1333,0.9333,0.8663,1.0087,0.1099,0.2330,0.2261,0.2738,0.1576,1.0331,1.7659,4.3018,10.1708,17.5169,17.3427,17.2947,17.2190,17.4396,17.4351,17.5679,17.5886,17.2233,17.4499,17.5210,17.5332,17.2796,17.3196,17.6207,17.6776,18.0265,17.8759,17.9105,17.7175,17.8581,17.9189,17.7174,17.7756,18.1871,18.6344,17.9341"
EP00381,C2_covariance,14,CHANNEL_DROPOUT,"0.6094,1.3079,1.2958,1.3510,1.1471,1.2879,1.5935,1.2592,0.1430,0.4590,0.5993,0.2959,0.1812,0.1430,0.3542,0.9065,2.2112,2.2409,2.1057,2.1600,1.8479,1.6459,1.3801,1.9868,2.0611,2.0645,1.8750,2.1784,2.1793,2.1162,2.2231,2.6692,2.8626,2.6537,2.7569,2.9730,2.8220,2.7078,2.6522,2.8164,2.6444,2.5485,2.0792"
EP00381,C3_both,14,CHANNEL_DROPOUT,"0.6094,1.3079,1.4403,1.3510,1.1471,1.2879,1.5935,1.2592,0.2330,0.4590,0.5993,0.2959,1.0331,1.7659,4.3018,10.1708,17.5169,17.3427,17.2947,17.2190,17.4396,17.4351,17.5679,17.5886,17.2233,17.4499,17.5210,17.5332,17.2796,17.3196,17.6207,17.6776,18.0265,17.8759,17.9105,17.7175,17.8581,17.9189,17.7174,17.7756,18.1871,18.6344,17.9341"
EP00382,C1_variability,24,CHANNEL_DROPOUT,"0.4961,0.1966,0.9731,0.7076,0.5917,0.5758,0.5909,0.1903,0.3454,0.3528,0.4264,0.2113,0.1991,0.2924,0.1087,0.0348,0.1497,0.1926,0.3216,0.4720,0.6021,1.2784,2.1976,5.4845,27.9500,46.7479,48.7025,48.5923,48.6852,48.6769,48.5086,48.4144,48.4129,48.3027,48.3534,48.2213,48.2090,48.4552,48.5877,48.6855,48.5555,48.5574,48.5615"
EP00382,C2_covariance,24,CHANNEL_DROPOUT,"0.8385,0.7504,0.7404,0.7861,0.6172,0.7339,0.9871,1.2250,0.4511,0.7151,0.8230,0.5852,0.6339,0.3525,0.4362,0.2177,0.9194,0.6471,0.9577,0.0196,0.5400,3.2754,6.2594,7.5077,5.3215,8.2981,9.9676,10.0033,9.9177,9.8226,10.0699,10.4031,10.4357,10.3525,10.2702,10.3804,10.5160,10.4102,10.4315,10.6899,10.5682,10.6633,9.9893"
EP00382,C3_both,24,CHANNEL_DROPOUT,"0.8385,0.7504,0.9731,0.7861,0.6172,0.7339,0.9871,1.2250,0.4511,0.7151,0.8230,0.5852,0.6339,0.3525,0.4362,0.2177,0.9194,0.6471,0.9577,0.4720,0.6021,3.2754,6.2594,7.5077,27.9500,46.7479,48.7025,48.5923,48.6852,48.6769,48.5086,48.4144,48.4129,48.3027,48.3534,48.2213,48.2090,48.4552,48.5877,48.6855,48.5555,48.5574,48.5615"
EP00383,C1_variability,22,CHANNEL_DROPOUT,"0.5385,0.2749,0.7935,0.5585,0.4661,0.4694,0.4550,0.2330,0.3880,0.3954,0.4689,0.2540,0.2418,0.3350,0.1515,0.2832,0.7012,1.1097,1.3624,2.6104,2.8290,2.8562,36.9416,50.1438,59.8958,59.8958,59.8958,59.8958,59.8958,59.8958,59.8958,59.8958,59.8958,59.8958,59.8958,59.8958,59.8958,59.8958,59.8958,59.8958,59.8958,59.8958,59.8958"
EP00383,C2_covariance,22,CHANNEL_DROPOUT,"1.0320,0.4067,0.3976,0.4390,0.2860,0.3917,0.6209,1.3243,0.6812,0.9202,1.0180,0.8026,0.8467,0.5919,0.6677,0.4699,0.9854,0.2727,2.1652,8.9731,14.1737,15.3257,12.3240,19.9667,30.2772,29.8867,29.7774,30.2445,30.1651,30.3351,30.2155,30.5001,30.7514,30.6893,30.7832,30.9591,30.6888,30.8189,30.4377,30.6644,30.5112,30.2536,30.2748"
EP00383,C3_both,22,CHANNEL_DROPOUT,"1.0320,0.4067,0.7935,0.5585,0.4661,0.4694,0.6209,1.3243,0.6812,0.9202,1.0180,0.8026,0.8467,0.5919,0.6677,0.4699,0.9854,1.1097,2.1652,8.9731,14.1737,15.3257,36.9416,50.1438,59.8958,59.8958,59.8958,59.8958,59.8958,59.8958,59.8958,59.8958,59.8958,59.8958,59.8958,59.8958,59.8958,59.8958,59.8958,59.8958,59.8958,59.8958,59.8958"
EP00384,C1_variability,22,CHANNEL_DROPOUT,"0.4504,0.3396,1.1485,0.8775,0.7552,0.7535,0.7568,0.2000,0.2996,0.3070,0.3807,0.1653,0.2506,0.2465,0.0627,0.5043,0.6449,0.5755,0.7915,0.6722,0.2680,1.0673,1.4373,2.8033,3.1807,10.9203,10.8127,12.3882,18.5292,18.3892,24.6408,24.6052,24.8321,24.8842,24.6829,24.7376,24.7783,24.6738,24.8011,24.6492,24.7965,24.6016,24.6699"
EP00384,C2_covariance,22,CHANNEL_DROPOUT,"0.6670,1.2481,1.2359,1.2911,1.0874,1.2281,1.5333,0.8483,0.2001,0.5182,0.6484,0.3617,0.4204,0.0812,0.1822,0.0812,0.5041,0.3565,0.4426,0.1078,0.3341,0.5699,1.0502,0.6706,0.9363,1.2434,1.3002,1.3299,0.8568,2.3449,2.6306,3.0099,3.5734,2.7016,2.9813,2.7151,2.5103,2.6451,2.1250,3.0087,2.4186,1.5432,2.6823"
EP00384,C3_both,22,CHANNEL_DROPOUT,"0.6670,1.2481,1.2359,1.2911,1.0874,1.2281,1.5333,0.8483,0.2996,0.5182,0.6484,0.3617,0.4204,0.2465,0.1822,0.5043,0.6449,0.5755,0.7915,0.6722,0.3341,1.0673,1.4373,2.8033,3.1807,10.9203,10.8127,12.3882,18.5292,18.3892,24.6408,24.6052,24.8321,24.8842,24.6829,24.7376,24.7783,24.6738,24.8011,24.6492,24.7965,24.6016,24.6699"
EP00385,C1_variability,21,CHANNEL_DROPOUT,"0.4395,0.2152,1.0013,0.7297,0.6059,0.6002,0.6023,0.1334,0.2887,0.2961,0.3698,0.1544,0.2218,0.2356,0.0517,1.0190,0.6228,0.7296,1.2062,1.2704,0.8534,6.1131,16.1346,15.3912,20.1521,15.6476,17.2926,26.4173,27.6741,29.4198,30.2083,30.2083,30.2083,30.2083,30.2083,30.2083,30.2083,30.2083,30.2083,30.2083,30.2083,30.2083,30.2083"
EP00385,C2_covariance,21,CHANNEL_DROPOUT,"0.9542,0.7999,0.7888,0.8393,0.6528,0.7816,1.0611,0.8946,0.5265,0.8179,0.9371,0.6745,0.7283,0.4176,0.5101,0.2688,0.4770,0.1157,0.3248,0.1505,0.0294,0.3262,0.6236,2.1755,3.5072,5.1144,5.7006,8.0701,9.9890,11.0094,12.4500,12.8842,13.0893,13.2616,13.5283,13.8040,13.7998,13.6739,13.5357,13.4216,13.4787,13.3192,13.0733"
EP00385,C3_both,21,CHANNEL_DROPOUT,"0.9542,0.7999,1.0013,0.8393,0.6528,0.7816,1.0611,0.8946,0.5265,0.8179,0.9371,0.6745,0.7283,0.4176,0.5101,1.0190,0.6228,0.7296,1.2062,1.2704,0.8534,6.1131,16.1346,15.3912,20.1521,15.6476,17.2926,26.4173,27.6741,29.4198,30.2083,30.2083,30.2083,30.2083,30.2083,30.2083,30.2083,30.2083,30.2083,30.2083,30.2083,30.2083,30.2083"
EP00386,C1_variability,14,CHANNEL_DROPOUT,"0.5050,0.2049,1.0477,0.7882,0.6098,0.5407,0.6663,0.1993,0.3542,0.3678,0.3658,0.1055,1.0670,2.2160,12.0184,13.6144,27.3574,27.8402,40.1554,48.8631,59.1874,58.8963,54.4280,52.4563,52.6042,57.8125,59.8958,59.8958,59.8958,59.8958,59.8958,59.8958,59.8958,59.8958,59.8958,59.8958,59.8958,59.8958,59.8958,59.8958,59.8958,59.8958,59.8958"
EP00386,C2_covariance,14,CHANNEL_DROPOUT,"1.3508,0.4519,0.4404,0.4924,0.3007,0.4331,0.7204,1.6739,0.9104,1.2298,1.2219,0.7771,0.3007,0.8631,1.2238,2.5582,5.5116,6.2942,8.8053,11.1880,12.9138,17.1785,19.5626,24.6794,28.7465,34.4193,37.4967,37.8015,37.5471,37.4406,37.9173,37.8723,37.9809,37.9685,38.4759,38.4944,38.7615,38.9295,38.7951,38.7378,38.6261,38.3925,37.9674"
EP00386,C3_both,14,CHANNEL_DROPOUT,"1.3508,0.4519,1.0477,0.7882,0.6098,0.5407,0.7204,1.6739,0.9104,1.2298,1.2219,0.7771,1.0670,2.2160,12.0184,13.6144,27.3574,27.8402,40.1554,48.8631,59.1874,58.8963,54.4280,52.4563,52.6042,57.8125,59.8958,59.8958,59.8958,59.8958,59.8958,59.8958,59.8958,59.8958,59.8958,59.8958,59.8958,59.8958,59.8958,59.8958,59.8958,59.8958,59.8958"
EP00387,C1_variability,23,CHANNEL_DROPOUT,"0.3882,0.2745,1.1185,0.8285,0.6788,0.6745,0.6847,0.1610,0.2372,0.2446,0.3184,0.1028,0.3543,0.1841,0.0000,0.5543,0.5853,0.6208,0.8847,0.7244,0.0216,0.5574,0.9751,1.4890,1.5191,1.2346,18.9873,20.5306,21.3462,21.3638,21.5060,21.7134,21.7400,21.5574,21.8063,22.0009,22.0154,22.1092,22.2440,21.6325,17.3129,17.2269,15.7019"
EP00387,C2_covariance,23,CHANNEL_DROPOUT,"0.5868,1.3314,1.3193,1.3745,1.1705,1.3114,1.6171,0.9196,0.1191,0.4377,0.5681,0.2809,0.3398,0.0000,0.1011,0.1627,0.5381,0.4440,0.4071,0.2864,0.0565,0.2428,0.4860,0.2832,0.3229,0.3558,0.4485,0.9796,1.0607,1.7772,2.2038,2.6157,3.1352,2.0698,2.2590,2.4052,2.2561,2.1551,2.0340,2.5509,2.4340,2.2172,2.1165"
EP00387,C3_both,23,CHANNEL_DROPOUT,"0.5868,1.3314,1.3193,1.3745,1.1705,1.3114,1.6171,0.9196,0.2372,0.4377,0.5681,0.2809,0.3543,0.1841,0.1011,0.5543,0.5853,0.6208,0.8847,0.7244,0.0565,0.5574,0.9751,1.4890,1.5191,1.2346,18.9873,20.5306,21.3462,21.3638,21.5060,21.7134,21.7400,21.5574,21.8063,22.0009,22.0154,22.1092,22.2440,21.6325,17.3129,17.2269,15.7019"
EP00388,C1_variability,22,CHANNEL_DROPOUT,"0.3887,0.5136,1.3200,1.0569,0.9257,0.9263,0.9166,0.3685,0.4179,0.3256,0.3188,0.1033,0.2241,0.1845,0.0005,0.3137,0.4440,0.4815,0.7412,0.5829,0.2247,1.3786,4.3257,9.7557,11.9446,23.2605,22.9684,20.5144,18.9381,19.1469,30.6154,30.8715,33.8036,39.7340,42.9679,42.9390,44.9717,37.6783,37.9719,35.5835,39.7822,42.6692,41.8133"
EP00388,C2_covariance,22,CHANNEL_DROPOUT,"0.6990,1.2149,1.2027,1.2578,1.0543,1.1949,1.4999,0.8436,0.2324,0.5503,0.6803,0.3939,0.4525,0.1135,0.2144,0.0488,0.4556,0.3264,0.3741,0.1581,0.0488,0.0526,0.0825,1.0247,1.5054,1.4566,2.0360,2.2068,2.5169,2.5000,3.0422,3.6980,4.0397,4.3316,5.0046,5.1713,6.3101,7.7246,7.0930,8.7784,9.3882,10.3787,10.3994"
EP00388,C3_both,22,CHANNEL_DROPOUT,"0.6990,1.2149,1.3200,1.2578,1.0543,1.1949,1.4999,0.8436,0.4179,0.5503,0.6803,0.3939,0.4525,0.1845,0.2144,0.3137,0.4556,0.4815,0.7412,0.5829,0.2247,1.3786,4.3257,9.7557,11.9446,23.2605,22.9684,20.5144,18.9381,19.1469,30.6154,30.8715,33.8036,39.7340,42.9679,42.9390,44.9717,37.6783,37.9719,35.5835,39.7822,42.6692,41.8133"
EP00389,C1_variability,13,CHANNEL_DROPOUT,"0.8070,0.0000,0.9070,0.6586,0.4244,0.3643,0.4803,0.1340,0.2269,0.3510,0.1014,0.9704,5.3034,22.4703,28.1798,33.5919,30.4688,32.8793,32.3462,30.6401,34.6108,41.1940,37.7334,39.2185,39.3555,38.4844,33.1660,33.8542,35.4167,38.0208,39.0625,41.6667,44.7917,46.8750,47.9167,289.8198,52.6042,53.6458,53.6458,54.6875,56.7708,59.8958,59.8958"
EP00389,C2_covariance,13,CHANNEL_DROPOUT,"1.5582,0.3223,0.3104,0.3646,0.1646,0.3027,0.6024,2.0312,1.0648,1.3227,1.3164,0.7344,0.0000,0.6338,0.9662,1.8027,2.2384,3.9442,4.8542,6.0403,6.5805,7.2739,7.3190,8.9125,9.5561,11.6651,11.9459,14.0543,15.5698,16.6069,17.8450,20.2528,22.8137,24.4183,25.2521,28.4144,31.4972,33.1931,33.6250,35.1653,37.9019,41.0134,41.1238"
EP00389,C3_both,13,CHANNEL_DROPOUT,"1.5582,0.3223,0.9070,0.6586,0.4244,0.3643,0.6024,2.0312,1.0648,1.3227,1.3164,0.9704,5.3034,22.4703,28.1798,33.5919,30.4688,32.8793,32.3462,30.6401,34.6108,41.1940,37.7334,39.2185,39.3555,38.4844,33.1660,33.8542,35.4167,38.0208,39.0625,41.6667,44.7917,46.8750,47.9167,289.8198,52.6042,53.6458,53.6458,54.6875,56.7708,59.8958,59.8958"
EP00390,C1_variability,14,GAIN_DRIFT,"0.4298,0.1364,0.8058,0.5354,0.4159,0.3612,0.4969,0.0889,0.2254,0.7471,1.6010,3.7771,6.9628,9.6158,13.8795,15.9348,17.5687,17.5871,16.0090,18.5018,18.6571,18.0908,18.1269,17.5989,17.7379,17.7987,18.0870,17.5144,16.8834,17.9063,18.8542,18.4939,17.8586,17.5227,17.9882,18.3325,18.3037,18.7778,17.7726,18.9365,17.8563,18.4589,19.3447"
EP00390,C2_covariance,14,GAIN_DRIFT,"0.5787,1.3398,1.3276,1.3829,1.1789,1.3198,1.6255,1.2337,0.1021,0.4358,0.5916,0.2855,0.2121,0.1021,0.0005,0.1922,0.9145,0.7085,0.9333,0.3156,0.0438,0.1677,0.4204,0.2730,0.3407,0.2990,0.2018,0.5160,0.4679,1.2082,1.5067,1.9545,2.3968,1.4407,1.7812,1.7014,1.3623,1.7383,1.2143,2.2121,1.7142,0.6754,1.8688"
EP00390,C3_both,14,GAIN_DRIFT,"0.5787,1.3398,1.3276,1.3829,1.1789,1.3198,1.6255,1.2337,0.2254,0.7471,1.6010,3.7771,6.9628,9.6158,13.8795,15.9348,17.5687,17.5871,16.0090,18.5018,18.6571,18.0908,18.1269,17.5989,17.7379,17.7987,18.0870,17.5144,16.8834,17.9063,18.8542,18.4939,17.8586,17.5227,17.9882,18.3325,18.3037,18.7778,17.7726,18.9365,17.8563,18.4589,19.3447"
EP00391,C1_variability,15,GAIN_DRIFT,"0.4395,0.0000,0.5146,0.2391,0.1082,0.3163,0.3264,0.1334,0.2887,0.3246,1.1319,4.2730,8.4849,15.5533,23.1795,34.6668,43.3214,48.2968,49.8991,50.7387,54.2539,52.7155,52.9790,51.4618,51.7391,53.5971,54.1726,54.0079,53.3256,52.4534,50.1419,48.7711,49.0849,49.1895,49.6265,50.1501,50.3651,50.8737,51.6128,53.3954,53.0673,52.5655,51.9226"
EP00391,C2_covariance,15,GAIN_DRIFT,"0.9672,0.6850,0.6745,0.7221,0.5464,0.6677,0.9310,1.5515,0.5644,0.8332,0.8545,0.4873,0.2334,0.2321,0.7195,0.6013,1.0037,1.0571,1.4645,0.4411,0.0741,0.0797,0.2194,0.3860,0.4679,0.4613,0.2506,0.5283,0.5529,0.6185,0.8382,1.3625,1.8779,0.8269,0.9165,1.0012,0.8123,1.2505,0.8740,1.4713,1.1804,0.8850,0.4714"
EP00391,C3_both,15,GAIN_DRIFT,"0.9672,0.6850,0.6745,0.7221,0.5464,0.6677,0.9310,1.5515,0.5644,0.8332,1.1319,4.2730,8.4849,15.5533,23.1795,34.6668,43.3214,48.2968,49.8991,50.7387,54.2539,52.7155,52.9790,51.4618,51.7391,53.5971,54.1726,54.0079,53.3256,52.4534,50.1419,48.7711,49.0849,49.1895,49.6265,50.1501,50.3651,50.8737,51.6128,53.3954,53.0673,52.5655,51.9226"
EP00392,C1_variability,14,GAIN_DRIFT,"0.6866,0.2492,0.3070,0.1063,0.1416,0.0655,0.0755,0.3820,0.5560,2.6189,6.7141,10.8494,14.4428,23.3962,45.7224,80.5512,102.8701,104.7240,107.2826,102.7046,104.8690,102.6509,103.2827,107.4067,103.1013,102.1838,100.4562,100.8196,104.9341,105.6242,103.3720,102.6599,103.1544,100.9668,104.1957,105.3728,104.3140,105.4962,105.9031,105.6752,101.4087,101.0605,104.9788"
EP00392,C2_covariance,14,GAIN_DRIFT,"1.2901,0.0109,0.0027,0.0401,0.0982,0.0027,0.2047,1.3666,0.9840,1.1340,0.6990,3.6277,8.1815,11.2441,8.2284,3.0490,2.2300,2.4155,3.0060,4.0106,3.7904,3.9700,3.4350,3.3218,3.3028,3.2614,3.2221,3.4077,3.9303,4.1884,4.7393,5.1499,5.7551,4.9733,4.6023,4.9207,4.2555,4.4614,3.9960,4.2326,4.7233,4.5102,5.3064"
EP00392,C3_both,14,GAIN_DRIFT,"1.2901,0.2492,0.3070,0.1063,0.1416,0.0655,0.2047,1.3666,0.9840,2.6189,6.7141,10.8494,14.4428,23.3962,45.7224,80.5512,102.8701,104.7240,107.2826,102.7046,104.8690,102.6509,103.2827,107.4067,103.1013,102.1838,100.4562,100.8196,104.9341,105.6242,103.3720,102.6599,103.1544,100.9668,104.1957,105.3728,104.3140,105.4962,105.9031,105.6752,101.4087,101.0605,104.9788"
EP00393,C1_variability,17,GAIN_DRIFT,"0.6412,0.4006,1.2150,0.9793,0.8157,0.7688,0.8369,0.1334,0.2887,0.2961,0.3698,0.1526,0.4919,1.3100,1.5539,2.6546,5.3502,6.6583,8.4438,9.8046,10.7177,13.9261,14.7438,16.1163,16.9583,18.6023,17.2175,18.1410,18.7115,18.0267,18.4858,19.4578,18.9377,18.5181,19.0666,18.4125,18.8254,17.0071,17.7094,18.6445,18.5416,18.8638,18.9583"
EP00393,C2_covariance,17,GAIN_DRIFT,"0.5804,1.3381,1.3259,1.3812,1.1772,1.3181,1.6238,1.2739,0.1126,0.4313,0.5617,0.2743,0.3355,0.0000,0.0902,0.1693,0.9609,0.6039,0.8876,0.3308,0.0027,0.1533,0.4199,0.3098,0.3801,0.4063,0.1775,0.4517,0.4559,0.9636,1.4343,1.9171,2.3601,1.3744,1.5717,1.4395,1.3030,1.3971,1.0179,1.8725,1.3816,0.8542,1.5480"
EP00393,C3_both,17,GAIN_DRIFT,"0.6412,1.3381,1.3259,1.3812,1.1772,1.3181,1.6238,1.2739,0.2887,0.4313,0.5617,0.2743,0.4919,1.3100,1.5539,2.6546,5.3502,6.6583,8.4438,9.8046,10.7177,13.9261,14.7438,16.1163,16.9583,18.6023,17.2175,18.1410,18.7115,18.0267,18.4858,19.4578,18.9377,18.5181,19.0666,18.4125,18.8254,17.0071,17.7094,18.6445,18.5416,18.8638,18.9583"
EP00394,C1_variability,18,GAIN_DRIFT,"0.5734,0.0540,0.9291,0.6660,0.5884,0.5898,0.6689,0.1873,0.3424,0.3498,0.4234,0.2083,0.6313,1.0764,1.8663,4.3082,6.3761,10.7662,14.2425,19.3696,21.2331,27.1974,32.8754,35.4791,39.0282,43.2445,47.6042,47.6528,47.1200,48.7519,48.5854,48.0948,46.6500,47.2268,48.1596,47.4937,47.6320,48.6563,48.5894,48.4723,49.0859,48.7993,51.2998"
EP00394,C2_covariance,18,GAIN_DRIFT,"0.6495,1.2663,1.2541,1.3093,1.1056,1.2463,1.5516,1.2202,0.1824,0.5007,0.6308,0.3441,0.3973,0.0318,0.1359,0.0318,0.8595,0.7688,0.8518,0.5967,0.4695,0.4704,0.0953,0.6601,0.9062,0.9338,0.5732,1.1145,0.8213,1.4810,1.6689,2.0311,2.6217,1.4701,1.8878,1.9286,1.6359,2.0309,1.4889,2.0660,1.5358,1.0755,1.2392"
EP00394,C3_both,18,GAIN_DRIFT,"0.6495,1.2663,1.2541,1.3093,1.1056,1.2463,1.5516,1.2202,0.3424,0.5007,0.6308,0.3441,0.6313,1.0764,1.8663,4.3082,6.3761,10.7662,14.2425,19.3696,21.2331,27.1974,32.8754,35.4791,39.0282,43.2445,47.6042,47.6528,47.1200,48.7519,48.5854,48.0948,46.6500,47.2268,48.1596,47.4937,47.6320,48.6563,48.5894,48.4723,49.0859,48.7993,51.2998"
EP00395,C1_variability,13,GAIN_DRIFT,"0.6711,0.2336,0.1408,0.0000,0.1259,0.0812,0.0913,0.3583,1.3690,4.0348,7.9865,13.6108,20.4905,29.7095,39.3432,47.3128,53.3313,58.6648,66.4774,77.3099,87.9212,97.5254,103.6587,104.4136,108.1421,106.0600,108.9824,108.1379,109.7579,112.8046,109.4416,111.5927,114.3195,113.1306,111.1989,112.9976,109.3564,110.0123,104.8774,101.4077,101.3483,99.6668,102.3093"
EP00395,C2_covariance,13,GAIN_DRIFT,"0.6307,1.2858,1.2736,1.3288,1.1250,1.2658,1.5712,1.0099,0.0000,0.3856,0.6665,0.3599,0.1438,0.2476,0.4458,0.9165,2.2896,3.6866,4.4193,4.9317,5.8731,5.8751,5.8533,6.3689,6.3176,10.3746,9.4666,8.8885,8.7992,10.4665,11.3000,10.5601,10.6703,10.6376,10.2396,8.5341,8.5173,7.0058,8.3121,9.5421,8.7843,10.3175,12.3775"
EP00395,C3_both,13,GAIN_DRIFT,"0.6711,1.2858,1.2736,1.3288,1.1250,1.2658,1.5712,1.0099,1.3690,4.0348,7.9865,13.6108,20.4905,29.7095,39.3432,47.3128,53.3313,58.6648,66.4774,77.3099,87.9212,97.5254,103.6587,104.4136,108.1421,106.0600,108.9824,108.1379,109.7579,112.8046,109.4416,111.5927,114.3195,113.1306,111.1989,112.9976,109.3564,110.0123,104.8774,101.4077,101.3483,99.6668,102.3093"
EP00396,C1_variability,26,GAIN_DRIFT,"0.4064,0.6702,1.5961,1.2557,1.0636,1.0230,1.0975,0.3228,0.2554,0.2628,0.3365,0.1210,0.1101,0.2023,0.0183,0.2820,0.6198,0.3698,0.7362,0.3814,0.0415,0.2131,0.3907,0.8232,1.9031,2.0507,3.6211,4.1544,5.5742,7.1060,8.7255,9.7650,10.3761,11.3564,12.4787,12.7070,13.4284,13.7365,14.0654,15.7378,15.7472,16.6023,15.7460"
EP00396,C2_covariance,26,GAIN_DRIFT,"0.7996,1.1103,1.0982,1.1532,0.9501,1.0904,1.3948,1.2479,0.3340,0.6512,0.7810,0.4951,0.5537,0.2154,0.3160,0.0534,0.8829,0.5981,0.7592,0.0698,0.2718,0.4264,0.6313,0.0534,0.1151,0.1091,0.1419,0.4618,0.3136,1.2629,1.7998,2.2731,2.7482,1.8302,1.9362,1.8084,1.4423,1.5994,1.0742,2.1179,1.5607,0.6724,1.8127"
EP00396,C3_both,26,GAIN_DRIFT,"0.7996,1.1103,1.5961,1.2557,1.0636,1.0904,1.3948,1.2479,0.3340,0.6512,0.7810,0.4951,0.5537,0.2154,0.3160,0.2820,0.8829,0.5981,0.7592,0.3814,0.2718,0.4264,0.6313,0.8232,1.9031,2.0507,3.6211,4.1544,5.5742,7.1060,8.7255,9.7650,10.3761,11.3564,12.4787,12.7070,13.4284,13.7365,14.0654,15.7378,15.7472,16.6023,15.7460"
EP00397,C1_variability,22,GAIN_DRIFT,"0.4597,0.2821,1.1130,0.8343,0.7253,0.7304,0.7356,0.2323,0.3089,0.3164,0.3900,0.1747,0.1625,0.2559,0.0721,0.4505,0.4614,0.3919,1.0124,2.1957,3.0141,4.5906,7.3255,8.5835,10.8624,12.7327,14.2895,16.1542,18.7594,20.5310,23.8920,25.7027,29.3059,30.9253,33.4293,35.1727,38.8961,40.9644,44.8249,47.3092,46.8071,48.7617,47.9997"
EP00397,C2_covariance,22,GAIN_DRIFT,"0.6670,1.2481,1.2359,1.2911,1.0874,1.2281,1.5333,0.9251,0.2001,0.5182,0.6484,0.3617,0.4204,0.0812,0.1822,0.0812,0.5622,0.3536,0.4541,0.2077,0.1375,0.2761,0.5206,0.1486,0.2734,0.2531,0.3341,0.8564,0.5175,1.2734,2.0840,2.6743,2.9787,2.0595,2.3448,2.4373,1.7081,2.3392,1.4872,2.5108,2.4856,1.2615,1.6969"
EP00397,C3_both,22,GAIN_DRIFT,"0.6670,1.2481,1.2359,1.2911,1.0874,1.2281,1.5333,0.9251,0.3089,0.5182,0.6484,0.3617,0.4204,0.2559,0.1822,0.4505,0.5622,0.3919,1.0124,2.1957,3.0141,4.5906,7.3255,8.5835,10.8624,12.7327,14.2895,16.1542,18.7594,20.5310,23.8920,25.7027,29.3059,30.9253,33.4293,35.1727,38.8961,40.9644,44.8249,47.3092,46.8071,48.7617,47.9997"
EP00398,C1_variability,16,GAIN_DRIFT,"0.6117,0.1210,0.8472,0.5776,0.3710,0.4380,0.4482,0.0127,0.1684,0.1759,0.2494,0.1183,1.8664,3.3866,4.5444,8.0531,11.3367,14.6250,18.4723,21.8371,26.8636,33.3703,38.8300,42.1712,44.8537,46.9485,50.0959,53.3849,57.5943,64.1076,65.3394,70.9853,73.2727,79.5357,81.7158,87.9901,89.9460,93.5249,96.5108,100.7157,102.0687,105.4010,107.4296"
EP00398,C2_covariance,16,GAIN_DRIFT,"0.5831,1.3353,1.3231,1.3784,1.1744,1.3152,1.6210,1.2912,0.1154,0.4340,0.5647,0.2705,0.2994,0.0538,0.0538,0.1706,1.0197,0.7733,0.8872,0.7148,0.3145,0.1217,0.1590,0.5077,0.7377,0.9478,0.6583,1.0748,1.1644,1.1860,1.7780,2.5219,2.6121,2.1932,3.0406,3.3703,3.1382,3.5501,3.3772,3.2950,2.9931,2.6787,1.8131"
EP00398,C3_both,16,GAIN_DRIFT,"0.6117,1.3353,1.3231,1.3784,1.1744,1.3152,1.6210,1.2912,0.1684,0.4340,0.5647,0.2705,1.8664,3.3866,4.5444,8.0531,11.3367,14.6250,18.4723,21.8371,26.8636,33.3703,38.8300,42.1712,44.8537,46.9485,50.0959,53.3849,57.5943,64.1076,65.3394,70.9853,73.2727,79.5357,81.7158,87.9901,89.9460,93.5249,96.5108,100.7157,102.0687,105.4010,107.4296"
EP00399,C1_variability,17,GEOMETRY_ROTATION,"0.5291,0.2979,0.5657,0.5340,0.4067,0.6160,0.6262,0.1637,0.0075,0.0000,0.0741,0.0215,1.7451,3.1155,3.9472,4.8292,6.1947,7.3611,7.0600,7.0119,6.5007,6.5782,7.2481,7.3101,7.1922,7.7466,8.2342,7.0149,7.0925,7.7669,7.6733,8.0981,7.5091,7.0547,7.1162,6.9152,8.1023,7.4165,6.6551,7.7092,7.1674,7.9325,7.1551"
EP00399,C2_covariance,17,GEOMETRY_ROTATION,"0.9759,0.0841,0.0778,0.1067,0.0000,0.0737,0.2335,1.6650,0.6745,0.8411,0.9093,0.7567,0.7167,0.2815,0.2556,1.1145,1.7716,2.2370,2.5573,2.8210,2.7218,2.6689,2.4999,2.8801,2.9230,2.8918,2.8330,2.9124,2.8636,2.9822,3.1180,3.3493,3.8169,3.3734,3.3918,3.4093,3.2040,3.1646,3.0231,3.0970,2.9565,2.9493,3.0163"
EP00399,C3_both,17,GEOMETRY_ROTATION,"0.9759,0.2979,0.5657,0.5340,0.4067,0.6160,0.6262,1.6650,0.6745,0.8411,0.9093,0.7567,1.7451,3.1155,3.9472,4.8292,6.1947,7.3611,7.0600,7.0119,6.5007,6.5782,7.2481,7.3101,7.1922,7.7466,8.2342,7.0149,7.0925,7.7669,7.6733,8.0981,7.5091,7.0547,7.1162,6.9152,8.1023,7.4165,6.6551,7.7092,7.1674,7.9325,7.1551"
EP00400,C1_variability,23,GEOMETRY_ROTATION,"0.2860,0.4492,0.9847,0.7627,0.6695,0.6244,0.7062,0.0211,0.1347,0.1421,0.2160,0.0000,0.0992,0.1048,0.1030,0.2472,0.4223,2.7349,4.1174,6.5278,6.4132,8.1865,10.0192,9.7549,10.0211,10.3010,10.4207,10.4830,10.4497,10.5351,10.7368,10.5295,10.5201,10.3629,10.1494,10.1534,10.1725,10.2341,10.2861,10.6249,10.8618,10.8078,10.6741"
EP00400,C2_covariance,23,GEOMETRY_ROTATION,"0.9368,0.4656,0.4567,0.4971,0.3480,0.4510,0.6745,1.1985,0.5949,0.8278,0.9231,0.7132,0.7562,0.5078,0.5817,0.3889,0.8616,0.4734,1.8899,6.4252,6.9909,8.3292,9.6070,11.6714,12.7681,12.7105,12.4236,12.6733,12.7661,12.6224,12.6071,13.0228,13.2569,13.0560,13.1351,13.2982,13.0412,13.1155,13.1111,12.9360,12.6713,12.6710,12.6930"
EP00400,C3_both,23,GEOMETRY_ROTATION,"0.9368,0.4656,0.9847,0.7627,0.6695,0.6244,0.7062,1.1985,0.5949,0.8278,0.9231,0.7132,0.7562,0.5078,0.5817,0.3889,0.8616,2.7349,4.1174,6.5278,6.9909,8.3292,10.0192,11.6714,12.7681,12.7105,12.4236,12.6733,12.7661,12.6224,12.6071,13.0228,13.2569,13.0560,13.1351,13.2982,13.0412,13.1155,13.1111,12.9360,12.6713,12.6710,12.6930"
EP00401,C1_variability,23,GEOMETRY_ROTATION,"0.2860,0.1549,0.8225,0.5880,0.4837,0.4963,0.4954,0.0211,0.1347,0.1421,0.2160,0.0000,0.0122,0.1582,0.1030,0.6116,0.4000,2.6248,3.7781,4.5874,4.9283,6.9381,11.2312,18.5179,23.1409,21.9184,22.0989,22.2358,22.1961,22.3369,22.4246,22.4978,22.4685,22.3290,22.1079,22.0685,21.9617,21.9739,21.9657,22.1973,22.4551,22.4514,22.3153"
EP00401,C2_covariance,23,GEOMETRY_ROTATION,"0.9191,0.0841,0.0778,0.1067,0.0016,0.0737,0.2335,1.3370,0.6745,0.8411,0.9093,0.7591,0.7899,0.6122,0.6651,0.5271,0.9599,0.8906,5.6638,13.0120,18.6255,19.0353,13.1689,9.9958,10.9618,11.3732,11.3480,11.4716,11.4968,11.5712,11.6614,12.2036,12.2771,12.2026,12.2963,12.3383,12.2596,12.0364,11.8665,11.9275,11.7832,11.8560,11.5474"
EP00401,C3_both,23,GEOMETRY_ROTATION,"0.9191,0.1549,0.8225,0.5880,0.4837,0.4963,0.4954,1.3370,0.6745,0.8411,0.9093,0.7591,0.7899,0.6122,0.6651,0.6116,0.9599,2.6248,5.6638,13.0120,18.6255,19.0353,13.1689,18.5179,23.1409,21.9184,22.0989,22.2358,22.1961,22.3369,22.4246,22.4978,22.4685,22.3290,22.1079,22.0685,21.9617,21.9739,21.9657,22.1973,22.4551,22.4514,22.3153"
EP00402,C1_variability,16,GEOMETRY_ROTATION,"0.4531,0.2941,0.6939,0.5302,0.4029,0.6123,0.6224,0.1599,0.0037,0.0585,0.1825,0.5656,2.2959,2.8869,2.7904,4.0372,5.2703,5.5421,5.6810,6.9555,5.6777,6.5937,7.0391,7.0436,6.5571,6.5001,6.4335,6.0100,6.6880,7.3228,6.8589,7.1875,7.9362,7.5319,7.0770,6.9216,8.4436,7.4418,6.5773,6.3611,6.8501,7.4415,7.8747"
EP00402,C2_covariance,16,GEOMETRY_ROTATION,"0.7246,0.7653,0.7558,0.7987,0.6403,0.7497,0.9872,1.4385,0.3613,0.6088,0.7087,0.4702,0.4603,0.1116,0.1116,0.7380,1.2894,1.6617,2.0614,2.6240,2.8151,2.8889,3.1306,3.9838,4.3498,4.5662,4.5781,4.9150,4.8426,4.6440,4.9217,5.5973,5.7583,5.5649,5.4606,5.6943,5.4885,5.2832,5.0599,5.1041,5.0510,5.0193,5.0244"
EP00402,C3_both,16,GEOMETRY_ROTATION,"0.7246,0.7653,0.7558,0.7987,0.6403,0.7497,0.9872,1.4385,0.3613,0.6088,0.7087,0.5656,2.2959,2.8869,2.7904,4.0372,5.2703,5.5421,5.6810,6.9555,5.6777,6.5937,7.0391,7.0436,6.5571,6.5001,6.4335,6.0100,6.6880,7.3228,6.8589,7.1875,7.9362,7.5319,7.0770,6.9216,8.4436,7.4418,6.5773,6.3611,6.8501,7.4415,7.8747"
EP00403,C1_variability,20,GEOMETRY_ROTATION,"0.4150,0.1958,0.8426,0.5862,0.4804,0.5133,0.5235,0.0618,0.0940,0.1015,0.1755,0.0408,0.1361,0.4320,0.3905,2.3555,3.9734,4.2877,5.1307,7.9257,7.9196,8.2483,10.4644,10.0482,9.3981,9.8849,10.0512,10.3496,10.1303,10.3910,10.5473,11.1971,11.0615,10.2024,10.1458,10.1428,10.5652,10.0982,10.1325,10.9373,10.6268,10.8762,10.4614"
EP00403,C2_covariance,20,GEOMETRY_ROTATION,"1.0419,0.4397,0.4303,0.4730,0.3154,0.4242,0.6603,1.4101,0.6807,0.9267,1.0274,0.8056,0.8511,0.5887,0.6683,0.3154,0.5511,1.4419,2.2507,3.5897,4.9919,6.3036,7.5842,9.4346,10.6050,11.4045,11.7834,12.3039,12.4474,12.6228,12.8606,13.1078,13.2422,13.2033,13.4768,13.6435,13.6146,13.4736,13.2913,13.0981,12.7586,12.6772,12.7034"
EP00403,C3_both,20,GEOMETRY_ROTATION,"1.0419,0.4397,0.8426,0.5862,0.4804,0.5133,0.6603,1.4101,0.6807,0.9267,1.0274,0.8056,0.8511,0.5887,0.6683,2.3555,3.9734,4.2877,5.1307,7.9257,7.9196,8.2483,10.4644,10.0482,10.6050,11.4045,11.7834,12.3039,12.4474,12.6228,12.8606,13.1078,13.2422,13.2033,13.4768,13.6435,13.6146,13.4736,13.2913,13.0981,12.7586,12.6772,12.7034"
EP00404,C1_variability,13,GEOMETRY_ROTATION,"0.8170,0.1341,0.4010,0.3694,0.2425,0.4512,0.4613,0.0000,1.2169,3.8664,4.0766,5.7791,7.3475,8.1274,8.4663,9.5993,10.7782,12.2963,13.3847,14.7305,16.5519,18.8344,23.3524,23.0030,27.0917,22.4672,22.4808,22.6068,22.6234,22.9653,22.7899,22.7864,22.8226,22.7241,22.7103,22.4163,22.4194,22.6575,22.3807,22.5232,22.7356,22.7273,22.7128"
EP00404,C2_covariance,13,GEOMETRY_ROTATION,"1.8570,0.0118,0.0000,0.0538,0.1449,0.0077,0.2902,1.8842,1.1267,0.3105,1.1859,3.3572,5.5979,8.3361,9.6531,11.6279,13.4360,14.4245,15.5582,17.1853,18.3435,19.1067,18.7393,19.4703,19.7079,19.7837,19.5903,19.6137,19.5636,19.6821,20.0794,20.2865,20.8503,20.3380,20.5736,21.0923,21.1650,20.9406,20.7142,20.7159,20.1872,20.3772,20.6200"
EP00404,C3_both,13,GEOMETRY_ROTATION,"1.8570,0.1341,0.4010,0.3694,0.2425,0.4512,0.4613,1.8842,1.2169,3.8664,4.0766,5.7791,7.3475,8.3361,9.6531,11.6279,13.4360,14.4245,15.5582,17.1853,18.3435,19.1067,23.3524,23.0030,27.0917,22.4672,22.4808,22.6068,22.6234,22.9653,22.7899,22.7864,22.8226,22.7241,22.7103,22.4163,22.4194,22.6575,22.3807,22.5232,22.7356,22.7273,22.7128"
EP00405,C1_variability,15,GEOMETRY_ROTATION,"0.1958,0.3619,1.2694,0.9943,0.8269,0.7615,0.9010,0.1562,0.0000,0.1246,0.3090,0.9685,1.9967,2.2269,2.2520,2.9476,4.0345,4.7763,4.3498,5.9170,4.9369,4.4157,4.5987,4.7698,4.5373,4.8573,4.7371,5.5424,5.9133,6.3477,6.0273,6.2765,6.6022,6.1137,6.1582,5.9717,6.6308,6.9916,6.1050,6.6584,7.1031,7.0727,6.3275"
EP00405,C2_covariance,15,GEOMETRY_ROTATION,"0.6732,1.2416,1.2295,1.2847,1.0811,1.2217,1.5268,1.4433,0.2111,0.5240,0.6525,0.3474,0.3809,0.0129,0.0000,0.4141,1.0150,0.9974,0.9547,1.2286,1.1425,1.3328,1.4593,2.3151,2.6515,2.8824,3.0710,3.4325,3.6047,3.9840,4.6363,5.3580,5.8047,5.8631,6.1974,6.7169,6.7593,6.7286,6.8223,6.5910,6.5262,6.4950,6.4170"
EP00405,C3_both,15,GEOMETRY_ROTATION,"0.6732,1.2416,1.2694,1.2847,1.0811,1.2217,1.5268,1.4433,0.2111,0.5240,0.6525,0.9685,1.9967,2.2269,2.2520,2.9476,4.0345,4.7763,4.3498,5.9170,4.9369,4.4157,4.5987,4.7698,4.5373,4.8573,4.7371,5.5424,5.9133,6.3477,6.0273,6.2765,6.6022,6.1137,6.1974,6.7169,6.7593,6.9916,6.8223,6.6584,7.1031,7.0727,6.4170"
EP00406,C1_variability,20,GEOMETRY_ROTATION,"0.2455,0.2175,1.0222,0.7695,0.6596,0.6483,0.6698,0.0618,0.0940,0.1015,0.1755,0.0408,0.0604,0.3232,0.1476,1.3639,2.3516,3.1172,3.2442,4.9115,4.4758,5.7632,6.3733,6.7549,7.3946,9.0388,8.4084,9.4971,8.8479,8.3484,8.4230,9.2610,10.4124,10.1505,10.9050,9.6548,11.0276,11.1033,9.7792,10.1996,10.4645,10.5497,10.3935"
EP00406,C2_covariance,20,GEOMETRY_ROTATION,"0.8067,0.8023,0.7921,0.8384,0.6673,0.7855,1.0419,1.1616,0.4144,0.6817,0.7910,0.5502,0.5995,0.3145,0.3992,0.1579,0.6460,0.3122,0.4525,0.9511,1.3511,2.1026,2.9508,4.5297,5.1916,5.7850,6.4899,7.3607,7.8356,8.3123,9.2252,10.4287,11.2335,11.5768,11.9895,12.3569,12.5175,12.6033,12.9012,13.0505,13.0514,13.0874,13.0767"
EP00406,C3_both,20,GEOMETRY_ROTATION,"0.8067,0.8023,1.0222,0.8384,0.6673,0.7855,1.0419,1.1616,0.4144,0.6817,0.7910,0.5502,0.5995,0.3232,0.3992,1.3639,2.3516,3.1172,3.2442,4.9115,4.4758,5.7632,6.3733,6.7549,7.3946,9.0388,8.4084,9.4971,8.8479,8.3484,9.2252,10.4287,11.2335,11.5768,11.9895,12.3569,12.5175,12.6033,12.9012,13.0505,13.0514,13.0874,13.0767"
EP00407,C1_variability,18,GEOMETRY_ROTATION,"0.8978,0.2225,0.5387,0.4583,0.3312,0.5402,0.5504,0.0885,0.0674,0.0749,0.1489,0.0674,0.8165,1.6897,1.7086,4.1851,4.9593,5.3676,6.2653,8.7774,8.0713,8.8589,9.5555,8.5127,9.1318,9.9151,10.7241,11.4078,11.9431,12.7424,13.7004,14.5549,15.4856,16.4307,17.4162,18.3242,19.4432,20.5397,21.4206,22.4110,23.1881,23.5502,23.6426"
EP00407,C2_covariance,18,GEOMETRY_ROTATION,"1.0236,0.4667,0.4573,0.5002,0.3417,0.4512,0.6887,1.4476,0.6603,0.9078,1.0091,0.7860,0.8319,0.5253,0.3417,0.5460,1.5497,2.4298,3.4516,4.7401,5.7006,6.4293,6.9821,8.0249,8.7543,9.3868,9.8503,10.6257,11.0281,11.5007,12.1180,12.7152,13.0301,13.3730,13.9227,14.1480,14.3676,14.7686,15.2058,15.4490,15.5247,15.5731,15.3218"
EP00407,C3_both,18,GEOMETRY_ROTATION,"1.0236,0.4667,0.5387,0.5002,0.3417,0.5402,0.6887,1.4476,0.6603,0.9078,1.0091,0.7860,0.8319,1.6897,1.7086,4.1851,4.9593,5.3676,6.2653,8.7774,8.0713,8.8589,9.5555,8.5127,9.1318,9.9151,10.7241,11.4078,11.9431,12.7424,13.7004,14.5549,15.4856,16.4307,17.4162,18.3242,19.4432,20.5397,21.4206,22.4110,23.1881,23.5502,23.6426"
EP00408,C1_variability,21,NONE,"0.0601,0.0429,0.1234,0.3243,0.2366,0.0907,0.1711,0.2331,0.3604,0.6050,0.4098,0.0864,0.4309,0.4716,0.6329,0.9025,0.6298,0.4270,0.6167,0.7937,0.4439,1.3650,1.4183,1.4587,1.9346,1.3217,0.9889,1.1464,2.3336,2.2934,1.3787,1.5174,1.4335,1.1390,0.9866,0.8073,0.9113,1.3760,0.7434,1.2775,1.3710,2.0934,1.4961"
EP00408,C2_covariance,21,NONE,"0.2597,0.0006,0.1420,0.1484,0.2406,0.3164,0.0003,0.1601,0.2589,0.4095,0.3258,1.0593,0.2960,0.3711,0.7783,1.8461,0.6458,0.2060,0.2937,0.6656,0.2447,0.2976,0.2122,0.1481,0.4062,0.8644,0.9838,1.6388,1.1269,1.6545,0.7858,1.0353,0.8563,0.3236,0.0392,0.0913,0.2615,0.3753,0.4828,0.5244,0.0069,0.2496,0.1829"
EP00408,C3_both,21,NONE,"0.2597,0.0429,0.1420,0.3243,0.2406,0.3164,0.1711,0.2331,0.3604,0.6050,0.4098,1.0593,0.4309,0.4716,0.7783,1.8461,0.6458,0.4270,0.6167,0.7937,0.4439,1.3650,1.4183,1.4587,1.9346,1.3217,0.9889,1.6388,2.3336,2.2934,1.3787,1.5174,1.4335,1.1390,0.9866,0.8073,0.9113,1.3760,0.7434,1.2775,1.3710,2.0934,1.4961"
EP00409,C1_variability,27,RATE_LOSS,"0.1501,0.0469,0.2135,0.2310,0.3822,0.1799,0.2613,0.3171,0.4509,0.5036,0.3512,0.1764,0.3418,0.3826,0.5442,0.8143,0.5841,0.4302,0.6183,0.4725,0.3767,0.3448,0.2920,1.1531,2.0711,3.0802,4.0232,4.9879,5.2798,5.3630,5.2488,5.2362,5.0807,4.9871,4.9658,4.9417,4.8572,4.9270,4.7530,4.7364,4.9455,4.9516,4.9029"
EP00409,C2_covariance,27,RATE_LOSS,"0.0415,0.0469,0.1886,0.1021,0.1755,0.2702,0.0464,0.1138,0.3056,0.4563,0.3725,1.0256,0.2499,0.2769,0.4819,1.6035,0.4867,0.2526,0.3404,0.7126,0.2913,0.1694,0.1078,0.0008,0.1801,0.6023,0.6684,1.4591,1.0698,1.3693,0.7401,0.9898,0.8106,0.2775,0.0856,0.1378,0.3082,0.4221,0.5297,0.5713,0.0534,0.2034,0.1366"
EP00409,C3_both,27,RATE_LOSS,"0.1501,0.0469,0.2135,0.2310,0.3822,0.2702,0.2613,0.3171,0.4509,0.5036,0.3725,1.0256,0.3418,0.3826,0.5442,1.6035,0.5841,0.4302,0.6183,0.7126,0.3767,0.3448,0.2920,1.1531,2.0711,3.0802,4.0232,4.9879,5.2798,5.3630,5.2488,5.2362,5.0807,4.9871,4.9658,4.9417,4.8572,4.9270,4.7530,4.7364,4.9455,4.9516,4.9029"
EP00410,C1_variability,14,RATE_LOSS,"0.3215,0.0821,0.2140,0.1273,0.5543,0.3317,0.2618,0.3176,0.2456,0.3504,1.7697,3.7019,6.0359,8.4732,10.7109,12.2539,12.7898,12.6324,12.4322,12.2656,12.2171,12.2026,12.3086,12.4094,12.5293,12.6771,12.7596,12.8718,12.7715,12.8021,12.7070,12.6964,12.5668,12.4888,12.4711,12.4510,12.3806,12.4388,12.2937,12.2800,12.4542,12.4593,12.4187"
EP00410,C2_covariance,14,RATE_LOSS,"0.2003,0.0707,0.0707,0.2193,0.3801,0.3870,0.0711,0.2310,0.2173,0.5390,0.6288,0.6444,0.6151,0.8737,0.9622,2.1543,0.9485,0.1346,0.3029,0.5935,0.1732,0.3026,0.1685,0.2190,0.4768,0.9343,1.1420,1.8398,1.1964,1.8705,0.8558,1.1049,0.9262,0.3943,0.0320,0.0200,0.1900,0.3036,0.4110,0.4525,0.0642,0.3204,0.2537"
EP00410,C3_both,14,RATE_LOSS,"0.3215,0.0821,0.2140,0.2193,0.5543,0.3870,0.2618,0.3176,0.2456,0.5390,1.7697,3.7019,6.0359,8.4732,10.7109,12.2539,12.7898,12.6324,12.4322,12.2656,12.2171,12.2026,12.3086,12.4094,12.5293,12.6771,12.7596,12.8718,12.7715,12.8021,12.7070,12.6964,12.5668,12.4888,12.4711,12.4510,12.3806,12.4388,12.2937,12.2800,12.4542,12.4593,12.4187"
EP00411,C1_variability,20,RATE_LOSS,"0.1506,0.0474,0.2140,0.0901,0.1041,0.0005,0.2618,0.3176,0.4514,0.5041,0.3517,0.1770,0.3413,0.3821,0.5944,1.7166,3.4833,5.7832,8.9368,13.8845,20.0164,24.6884,27.1225,27.4456,27.5176,27.6062,27.6558,27.7231,27.6629,27.6813,27.6242,27.6179,27.5401,27.4933,27.4827,27.4706,27.4283,27.4633,27.3762,27.3680,27.4725,27.4756,27.4512"
EP00411,C2_covariance,20,RATE_LOSS,"0.1032,0.0011,0.1418,0.1486,0.2795,0.3166,0.0005,0.1603,0.2587,0.4092,0.3255,0.6708,0.2962,0.3413,0.7567,1.3979,0.7603,2.8156,4.8766,5.5715,3.5574,1.7767,0.1143,0.1483,0.4065,0.8646,1.0354,1.6943,1.1271,1.7145,0.7860,1.0355,0.8565,0.3238,0.0389,0.0911,0.2613,0.3751,0.4826,0.5242,0.0067,0.2499,0.1831"
EP00411,C3_both,20,RATE_LOSS,"0.1506,0.0474,0.2140,0.1486,0.2795,0.3166,0.2618,0.3176,0.4514,0.5041,0.3517,0.6708,0.3413,0.3821,0.7567,1.7166,3.4833,5.7832,8.9368,13.8845,20.0164,24.6884,27.1225,27.4456,27.5176,27.6062,27.6558,27.7231,27.6629,27.6813,27.6242,27.6179,27.5401,27.4933,27.4827,27.4706,27.4283,27.4633,27.3762,27.3680,27.4725,27.4756,27.4512"
EP00412,C1_variability,20,RATE_LOSS,"0.1506,0.0474,0.2140,0.1252,0.2555,0.0251,0.2618,0.3176,0.4514,0.5222,0.3517,0.1770,0.3413,0.3821,0.5439,0.8549,0.7191,0.5725,0.7044,0.9734,1.2329,1.7021,2.3388,2.9558,3.5933,4.2184,4.6701,5.0962,5.1832,5.3375,5.2484,5.2357,5.0802,4.9866,4.9653,4.9412,4.8567,4.9265,4.7525,4.7360,4.9450,4.9512,4.9025"
EP00412,C2_covariance,20,RATE_LOSS,"0.2301,0.0444,0.1861,0.1045,0.1779,0.2727,0.0440,0.1163,0.3031,0.4538,0.3700,1.0732,0.2523,0.3013,0.7115,1.7659,0.6081,0.2451,0.3346,0.6754,0.2413,0.2561,0.1522,0.1056,0.3032,0.7576,0.8946,1.5295,1.0660,1.5690,0.7425,0.9922,0.8130,0.2799,0.0832,0.1353,0.3057,0.4196,0.5272,0.5688,0.0509,0.2059,0.1391"
EP00412,C3_both,20,RATE_LOSS,"0.2301,0.0474,0.2140,0.1252,0.2555,0.2727,0.2618,0.3176,0.4514,0.5222,0.3700,1.0732,0.3413,0.3821,0.7115,1.7659,0.7191,0.5725,0.7044,0.9734,1.2329,1.7021,2.3388,2.9558,3.5933,4.2184,4.6701,5.0962,5.1832,5.3375,5.2484,5.2357,5.0802,4.9866,4.9653,4.9412,4.8567,4.9265,4.7525,4.7360,4.9450,4.9512,4.9025"
EP00413,C1_variability,23,RATE_LOSS,"0.2552,0.1518,0.3187,0.4990,0.2276,0.1038,0.3667,0.4226,0.5567,0.6094,0.4568,0.2816,0.2377,0.2786,0.4405,0.7112,0.4644,0.3521,0.5371,0.7654,0.8492,1.6778,2.9015,4.3231,5.8259,7.3806,8.7781,10.1354,11.0863,11.9113,12.3411,12.5852,12.4888,12.4106,12.3928,12.3727,12.3021,12.3604,12.2151,12.2013,12.3759,12.3810,12.3403"
EP00413,C2_covariance,23,RATE_LOSS,"0.1845,0.0032,0.1415,0.1488,0.2221,0.3168,0.0004,0.1606,0.2584,0.4090,0.3253,1.0815,0.2965,0.3234,0.6286,1.6762,0.4985,0.2057,0.2862,0.6314,0.2116,0.1915,0.1502,0.1933,0.1114,0.7066,0.8046,1.3220,0.9298,1.4027,0.7710,1.0333,0.8567,0.3241,0.0387,0.0908,0.2611,0.3748,0.4823,0.5240,0.0065,0.2501,0.1833"
EP00413,C3_both,23,RATE_LOSS,"0.2552,0.1518,0.3187,0.4990,0.2276,0.3168,0.3667,0.4226,0.5567,0.6094,0.4568,1.0815,0.2965,0.3234,0.6286,1.6762,0.4985,0.3521,0.5371,0.7654,0.8492,1.6778,2.9015,4.3231,5.8259,7.3806,8.7781,10.1354,11.0863,11.9113,12.3411,12.5852,12.4888,12.4106,12.3928,12.3727,12.3021,12.3604,12.2151,12.2013,12.3759,12.3810,12.3403"
EP00414,C1_variability,25,RATE_LOSS,"0.1511,0.0479,0.2145,0.4317,0.2568,0.0364,0.2623,0.5339,0.4519,0.5046,0.3522,0.1775,0.3408,0.3816,0.5432,0.8133,0.5552,0.4204,0.6075,0.4939,0.5084,0.9503,2.4434,4.3584,6.7949,9.9699,13.1301,16.4963,19.6725,22.5574,24.8644,26.5198,27.3143,27.4931,27.4824,27.4704,27.4281,27.4630,27.3760,27.3677,27.4723,27.4754,27.4510"
EP00414,C2_covariance,25,RATE_LOSS,"0.2203,0.0199,0.1216,0.1686,0.2419,0.3366,0.0203,0.1804,0.2385,0.5286,0.3053,1.1999,0.3162,0.3432,0.5890,1.5825,0.4351,0.1856,0.2733,0.6470,0.2139,0.3133,0.3475,0.5536,0.8459,1.4870,1.2383,1.0219,1.3444,0.5675,0.9214,0.8056,0.9141,0.3438,0.0188,0.0709,0.2411,0.3548,0.4623,0.5039,0.0444,0.2698,0.2031"
EP00414,C3_both,25,RATE_LOSS,"0.2203,0.0479,0.2145,0.4317,0.2568,0.3366,0.2623,0.5339,0.4519,0.5286,0.3522,1.1999,0.3408,0.3816,0.5890,1.5825,0.5552,0.4204,0.6075,0.6470,0.5084,0.9503,2.4434,4.3584,6.7949,9.9699,13.1301,16.4963,19.6725,22.5574,24.8644,26.5198,27.3143,27.4931,27.4824,27.4704,27.4281,27.4630,27.3760,27.3677,27.4723,27.4754,27.4510"
EP00415,C1_variability,21,RATE_LOSS,"0.1511,0.0479,0.2145,0.3257,0.2406,0.0147,0.2623,0.3181,0.4519,0.5585,0.4112,0.1775,0.3408,0.3816,0.5432,0.8204,0.5931,0.4424,0.6309,0.8281,0.5077,1.3244,1.3793,1.3750,1.8604,1.9432,2.2619,2.6333,2.7431,3.0015,3.1230,3.3401,3.4098,3.5512,3.7596,3.9318,4.0750,4.3614,4.3723,4.5041,4.8226,4.9061,4.8979"
EP00415,C2_covariance,21,RATE_LOSS,"0.2607,0.0013,0.1420,0.1484,0.2413,0.3164,0.0000,0.1601,0.2589,0.4095,0.3258,1.0599,0.2960,0.3713,0.7787,1.8465,0.6568,0.2013,0.2878,0.6464,0.2196,0.3003,0.2123,0.1368,0.3858,0.8383,0.9747,1.6135,1.1177,1.6459,0.7922,1.0428,0.8810,0.3638,0.0065,0.0906,0.2621,0.3767,0.4924,0.5301,0.0142,0.2446,0.1825"
EP00415,C3_both,21,RATE_LOSS,"0.2607,0.0479,0.2145,0.3257,0.2413,0.3164,0.2623,0.3181,0.4519,0.5585,0.4112,1.0599,0.3408,0.3816,0.7787,1.8465,0.6568,0.4424,0.6309,0.8281,0.5077,1.3244,1.3793,1.3750,1.8604,1.9432,2.2619,2.6333,2.7431,3.0015,3.1230,3.3401,3.4098,3.5512,3.7596,3.9318,4.0750,4.3614,4.3723,4.5041,4.8226,4.9061,4.8979"
EP00416,C1_variability,22,RATE_LOSS,"0.2031,0.0998,0.2665,0.4001,0.2224,0.0519,0.3144,0.3703,0.5043,0.5570,0.4045,0.2295,0.2893,0.3301,0.4919,0.7623,0.5142,0.4032,0.5890,0.6620,0.6117,1.0366,1.7421,2.4395,3.1600,3.9236,4.5806,5.3124,5.8132,6.4251,6.9450,7.5354,7.9935,8.5301,9.1139,9.6070,10.1316,10.7662,11.1319,11.5357,12.0250,12.2606,12.3538"
EP00416,C2_covariance,22,RATE_LOSS,"0.2045,0.0022,0.1418,0.1486,0.2219,0.3166,0.0002,0.1603,0.2587,0.4092,0.3255,1.0584,0.2962,0.3232,0.6935,1.7454,0.5477,0.2026,0.2876,0.6353,0.2067,0.2145,0.1313,0.1190,0.3340,0.7769,0.8586,1.4661,1.0798,1.5000,0.7831,1.0350,0.9043,0.4171,0.0738,0.1114,0.2844,0.4024,0.5368,0.5572,0.0400,0.2279,0.1804"
EP00416,C3_both,22,RATE_LOSS,"0.2045,0.0998,0.2665,0.4001,0.2224,0.3166,0.3144,0.3703,0.5043,0.5570,0.4045,1.0584,0.2962,0.3301,0.6935,1.7454,0.5477,0.4032,0.5890,0.6620,0.6117,1.0366,1.7421,2.4395,3.1600,3.9236,4.5806,5.3124,5.8132,6.4251,6.9450,7.5354,7.9935,8.5301,9.1139,9.6070,10.1316,10.7662,11.1319,11.5357,12.0250,12.2606,12.3538"
EP00417,C1_variability,27,RATE_LOSS,"0.1501,0.0469,0.2396,0.3009,0.3686,0.1654,0.2613,0.3171,0.4509,0.5036,0.4250,0.1764,0.3418,0.3826,0.5442,0.8143,0.5762,0.4269,0.6140,0.4680,0.3767,0.3452,0.2102,0.9276,1.8741,3.1182,4.5063,6.2125,7.7351,9.3015,10.8593,12.4406,13.9046,15.4791,17.0611,18.3985,19.9187,21.4746,22.9006,24.2628,25.4915,26.4132,27.0608"
EP00417,C2_covariance,27,RATE_LOSS,"0.0972,0.0757,0.2175,0.0733,0.1467,0.2416,0.0753,0.0851,0.3346,0.4854,0.4015,1.0989,0.2212,0.2482,0.4661,1.5887,0.4623,0.2816,0.3695,0.7419,0.3203,0.1976,0.1266,0.0008,0.1524,0.5054,0.6719,1.1953,0.7506,0.9129,0.5058,0.7572,0.6936,0.2862,0.0117,0.5051,0.7081,0.9431,1.2480,1.1928,0.6016,0.1921,0.0200"
EP00417,C3_both,27,RATE_LOSS,"0.1501,0.0757,0.2396,0.3009,0.3686,0.2416,0.2613,0.3171,0.4509,0.5036,0.4250,1.0989,0.3418,0.3826,0.5442,1.5887,0.5762,0.4269,0.6140,0.7419,0.3767,0.3452,0.2102,0.9276,1.8741,3.1182,4.5063,6.2125,7.7351,9.3015,10.8593,12.4406,13.9046,15.4791,17.0611,18.3985,19.9187,21.4746,22.9006,24.2628,25.4915,26.4132,27.0608"
EP00418,C1_variability,15,CHANNEL_DROPOUT,"0.1906,0.1029,0.0632,0.1691,0.6877,0.4636,0.1109,0.1665,0.3006,0.3581,0.5573,0.2416,0.2756,0.2335,0.7650,15.9180,22.8026,19.1677,22.1982,21.9847,22.0549,22.6504,22.4475,22.0918,21.6653,21.9020,21.3172,21.1699,21.6800,21.7993,22.3513,22.1247,22.2271,22.1205,21.8601,22.1739,22.1098,22.3226,22.1864,22.1024,21.7824,21.5778,21.6425"
EP00418,C2_covariance,15,CHANNEL_DROPOUT,"0.2470,0.0238,0.1654,0.1251,0.4459,0.2932,0.0234,0.1368,0.2824,0.4330,0.3960,1.1548,0.0304,0.0008,0.1891,2.0119,0.7462,1.0229,1.5632,1.8594,1.4535,1.3295,1.2916,1.2168,1.0259,0.7353,1.1712,2.0093,1.1490,1.8414,0.8775,0.7787,0.5686,0.9801,1.3203,1.3568,1.5315,1.7204,1.7722,1.8192,1.3527,1.0018,1.1161"
EP00418,C3_both,15,CHANNEL_DROPOUT,"0.2470,0.1029,0.1654,0.1691,0.6877,0.4636,0.1109,0.1665,0.3006,0.4330,0.5573,1.1548,0.2756,0.2335,0.7650,15.9180,22.8026,19.1677,22.1982,21.9847,22.0549,22.6504,22.4475,22.0918,21.6653,21.9020,21.3172,21.1699,21.6800,21.7993,22.3513,22.1247,22.2271,22.1205,21.8601,22.1739,22.1098,22.3226,22.1864,22.1024,21.7824,21.5778,21.6425"
EP00419,C1_variability,23,CHANNEL_DROPOUT,"0.0263,0.1291,0.2809,0.3270,0.2801,0.1768,0.0846,0.1402,0.2735,0.3260,0.2066,0.0000,0.5164,0.5571,0.7181,0.9872,0.7150,0.3538,0.9755,1.4990,2.1155,2.8045,3.4314,7.0572,39.2526,44.0221,46.3483,46.2287,45.9777,45.9169,45.8294,45.8959,46.1921,46.2165,46.3051,46.1899,46.1474,46.2183,46.4929,46.5129,46.8065,46.8203,47.0835"
EP00419,C2_covariance,23,CHANNEL_DROPOUT,"0.0883,0.0019,0.1415,0.1488,0.2221,0.3168,0.0009,0.1606,0.2584,0.4090,0.3253,0.8053,0.2965,0.3234,0.5408,1.5941,0.3829,0.2011,0.2403,1.1932,2.2007,4.7834,7.3775,6.2031,9.8632,10.6593,11.8031,11.5097,11.9577,11.7729,11.8301,11.7316,11.7968,12.2450,12.3535,12.5138,12.4990,12.7252,12.9144,13.2108,12.9707,12.7241,12.5634"
EP00419,C3_both,23,CHANNEL_DROPOUT,"0.0883,0.1291,0.2809,0.3270,0.2801,0.3168,0.0846,0.1606,0.2735,0.4090,0.3253,0.8053,0.5164,0.5571,0.7181,1.5941,0.7150,0.3538,0.9755,1.4990,2.2007,4.7834,7.3775,7.0572,39.2526,44.0221,46.3483,46.2287,45.9777,45.9169,45.8294,45.8959,46.1921,46.2165,46.3051,46.1899,46.1474,46.2183,46.4929,46.5129,46.8065,46.8203,47.0835"
EP00420,C1_variability,20,CHANNEL_DROPOUT,"0.3522,0.1475,0.0184,0.1942,0.3739,0.1952,0.0661,0.1217,0.4208,0.6104,0.3157,0.0184,0.5346,0.5753,0.7201,0.8827,2.0043,2.9513,3.8448,5.5292,39.8794,38.5417,57.2917,59.8958,59.8958,59.8958,59.8958,59.8958,59.8958,59.8958,59.8958,59.8958,59.8958,59.8958,59.8958,59.8958,59.8958,59.8958,59.8958,59.8958,59.8958,59.8958,59.8958"
EP00420,C2_covariance,20,CHANNEL_DROPOUT,"0.0982,0.0099,0.1316,0.1587,0.3631,0.3267,0.0104,0.1705,0.2484,0.3990,0.3153,0.5090,0.3063,0.3333,0.6391,0.1503,2.2702,7.1037,11.5682,11.4245,18.5353,26.7684,41.3145,42.5627,42.3172,42.3005,41.9769,41.8594,42.2744,41.8152,42.7290,42.2238,41.8143,42.2788,42.8592,42.7934,43.1699,43.1400,43.3307,43.2529,42.4442,42.2375,41.9720"
EP00420,C3_both,20,CHANNEL_DROPOUT,"0.3522,0.1475,0.1316,0.1942,0.3739,0.3267,0.0661,0.1705,0.4208,0.6104,0.3157,0.5090,0.5346,0.5753,0.7201,0.8827,2.2702,7.1037,11.5682,11.4245,39.8794,38.5417,57.2917,59.8958,59.8958,59.8958,59.8958,59.8958,59.8958,59.8958,59.8958,59.8958,59.8958,59.8958,59.8958,59.8958,59.8958,59.8958,59.8958,59.8958,59.8958,59.8958,59.8958"
EP00421,C1_variability,22,CHANNEL_DROPOUT,"0.0132,0.1160,0.0500,0.2589,0.2670,0.1637,0.0977,0.1533,0.2867,0.4526,0.3198,0.0132,0.5034,0.5441,0.7052,0.9743,0.7020,0.4712,1.1544,1.4884,1.9283,2.7899,3.3978,12.8281,13.2217,13.5181,17.4036,17.3809,19.6067,19.6036,20.6684,20.5334,20.4110,20.4671,20.2339,20.6018,20.3470,20.4792,20.7768,20.7989,21.1704,20.9535,21.1219"
EP00421,C2_covariance,22,CHANNEL_DROPOUT,"0.2445,0.0002,0.1418,0.1486,0.2219,0.3166,0.0002,0.1603,0.2587,0.4092,0.3255,1.0907,0.2962,0.3232,0.7223,1.7912,0.6137,0.1998,0.2214,0.6873,0.3932,0.4099,0.5714,0.0386,0.1259,0.7348,0.8394,1.4500,0.5561,1.4790,0.8904,0.7716,0.8627,1.3030,1.7119,1.8107,1.9935,2.1511,2.3693,2.3919,1.8004,1.5591,1.6530"
EP00421,C3_both,22,CHANNEL_DROPOUT,"0.2445,0.1160,0.1418,0.2589,0.2670,0.3166,0.0977,0.1603,0.2867,0.4526,0.3255,1.0907,0.5034,0.5441,0.7223,1.7912,0.7020,0.4712,1.1544,1.4884,1.9283,2.7899,3.3978,12.8281,13.2217,13.5181,17.4036,17.3809,19.6067,19.6036,20.6684,20.5334,20.4110,20.4671,20.2339,20.6018,20.3470,20.4792,20.7768,20.7989,21.1704,20.9535,21.1219"
EP00422,C1_variability,25,CHANNEL_DROPOUT,"0.0263,0.1291,0.0369,0.1758,0.2801,0.1768,0.0846,0.1816,0.2735,0.3588,0.3928,0.0000,0.5164,0.5571,0.7181,0.9872,0.7150,0.3522,0.5003,0.5497,0.2547,0.3727,0.2884,0.3795,1.0753,5.9362,23.2877,27.2683,24.4992,31.8040,33.6721,34.8317,36.2800,41.3801,41.4607,41.4625,41.3489,41.3095,41.2820,41.1435,41.1609,40.9818,40.9329"
EP00422,C2_covariance,25,CHANNEL_DROPOUT,"0.1718,0.0199,0.1216,0.1686,0.2419,0.3366,0.0203,0.1804,0.2385,0.3890,0.3053,1.0637,0.3162,0.3432,0.6142,1.6663,0.4995,0.1856,0.2733,0.6512,0.2208,0.2225,0.2915,0.3991,0.7286,1.1136,2.6345,4.5368,5.4379,5.6700,7.0656,7.5509,9.3663,10.7226,10.9787,11.2868,11.4289,11.4803,11.3383,11.2535,10.8256,10.4742,10.5338"
EP00422,C3_both,25,CHANNEL_DROPOUT,"0.1718,0.1291,0.1216,0.1758,0.2801,0.3366,0.0846,0.1816,0.2735,0.3890,0.3928,1.0637,0.5164,0.5571,0.7181,1.6663,0.7150,0.3522,0.5003,0.6512,0.2547,0.3727,0.2915,0.3991,1.0753,5.9362,23.2877,27.2683,24.4992,31.8040,33.6721,34.8317,36.2800,41.3801,41.4607,41.4625,41.3489,41.3095,41.2820,41.1435,41.1609,40.9818,40.9329"
EP00423,C1_variability,22,CHANNEL_DROPOUT,"0.0132,0.1160,0.0500,0.2581,0.3415,0.1637,0.0977,0.1533,0.2867,0.3392,0.2454,0.0132,0.5034,0.5441,0.7052,0.9743,0.7515,0.8210,1.6660,2.1117,2.8402,5.3679,15.0902,22.1966,30.0198,31.3999,36.5422,35.9375,45.3125,51.5625,56.2500,59.8958,59.8958,59.8958,59.8958,59.8958,59.8958,59.8958,59.8958,59.8958,59.8958,59.8958,59.8958"
EP00423,C2_covariance,22,CHANNEL_DROPOUT,"0.0881,0.0002,0.1418,0.1486,0.2219,0.3166,0.0002,0.1603,0.2587,0.4092,0.3255,0.7695,0.2962,0.3232,0.5482,1.6179,0.3713,0.2975,0.6628,1.5100,1.9736,2.9625,4.1491,7.8199,10.6882,12.2916,15.4973,19.3349,25.9819,31.0930,35.1712,39.7182,39.5643,39.4767,39.8738,39.7214,39.8272,40.0832,40.3376,40.5009,39.9126,39.7802,40.0140"
EP00423,C3_both,22,CHANNEL_DROPOUT,"0.0881,0.1160,0.1418,0.2581,0.3415,0.3166,0.0977,0.1603,0.2867,0.4092,0.3255,0.7695,0.5034,0.5441,0.7052,1.6179,0.7515,0.8210,1.6660,2.1117,2.8402,5.3679,15.0902,22.1966,30.0198,31.3999,36.5422,35.9375,45.3125,51.5625,56.2500,59.8958,59.8958,59.8958,59.8958,59.8958,59.8958,59.8958,59.8958,59.8958,59.8958,59.8958,59.8958"
EP00424,C1_variability,17,CHANNEL_DROPOUT,"0.1031,0.0000,0.1664,0.0771,0.3614,0.1446,0.2142,0.3394,0.4037,0.4563,0.6848,0.1295,0.3883,0.4291,0.5905,0.8603,1.0564,0.9266,1.0747,1.6753,1.3933,1.6525,1.7139,9.6858,9.2358,10.3953,10.5314,13.1532,10.8107,10.7709,11.2713,11.7453,12.3940,12.2605,13.8761,18.5227,18.3188,18.5314,18.4177,18.1520,18.9662,18.6752,18.8896"
EP00424,C2_covariance,17,CHANNEL_DROPOUT,"0.2310,0.1492,0.2912,0.0000,0.1881,0.1685,0.1488,0.0118,0.4084,0.5595,0.4755,0.9923,0.1481,0.2874,0.7055,1.8027,0.6187,0.3637,0.4589,0.8416,0.4046,0.2667,0.2148,0.2543,0.0684,0.6078,0.9410,1.6233,0.6477,1.4394,0.7889,0.9595,0.8761,1.0294,1.0106,1.1365,1.3625,1.5526,1.6269,1.7893,1.5788,1.3713,1.3863"
EP00424,C3_both,17,CHANNEL_DROPOUT,"0.2310,0.1492,0.2912,0.0771,0.3614,0.1685,0.2142,0.3394,0.4084,0.5595,0.6848,0.9923,0.3883,0.4291,0.7055,1.8027,1.0564,0.9266,1.0747,1.6753,1.3933,1.6525,1.7139,9.6858,9.2358,10.3953,10.5314,13.1532,10.8107,10.7709,11.2713,11.7453,12.3940,12.2605,13.8761,18.5227,18.3188,18.5314,18.4177,18.1520,18.9662,18.6752,18.8896"
EP00425,C1_variability,24,CHANNEL_DROPOUT,"0.0132,0.1160,0.0500,0.2932,0.2670,0.1637,0.0977,0.2423,0.2867,0.3392,0.1874,0.0200,0.5034,0.5441,0.7052,0.9743,0.7020,0.3407,0.5244,0.5613,0.3030,0.7562,0.4951,0.9165,12.6301,15.8615,20.0009,14.9351,15.0695,14.9122,12.2251,14.1001,17.6985,17.7583,19.8482,22.1127,20.8461,21.3217,21.0086,21.3542,22.9167,26.0417,32.8280"
EP00425,C2_covariance,24,CHANNEL_DROPOUT,"0.2078,0.1031,0.2450,0.0460,0.1336,0.2144,0.1027,0.0578,0.3621,0.5130,0.4291,1.1293,0.1939,0.2210,0.5943,1.6936,0.5277,0.3091,0.3973,0.7102,0.1169,0.0146,0.1782,0.5282,0.6207,0.8322,0.9545,1.6423,1.1205,1.3799,1.6949,2.2037,3.0279,4.5929,5.0244,5.5580,6.2578,7.0628,7.3124,8.1612,8.4885,10.0700,10.8551"
EP00425,C3_both,24,CHANNEL_DROPOUT,"0.2078,0.1160,0.2450,0.2932,0.2670,0.2144,0.1027,0.2423,0.3621,0.5130,0.4291,1.1293,0.5034,0.5441,0.7052,1.6936,0.7020,0.3407,0.5244,0.7102,0.3030,0.7562,0.4951,0.9165,12.6301,15.8615,20.0009,14.9351,15.0695,14.9122,12.2251,14.1001,17.6985,17.7583,19.8482,22.1127,20.8461,21.3217,21.0086,21.3542,22.9167,26.0417,32.8280"
EP00426,C1_variability,21,CHANNEL_DROPOUT,"0.0095,0.1029,0.0632,0.2467,0.2549,0.1506,0.1109,0.2220,0.3000,0.6640,0.3143,0.0263,0.4904,0.5311,0.6922,0.9614,0.6494,0.4775,0.7153,0.9488,1.2191,4.2367,27.8834,38.5593,45.4106,47.6108,48.4256,49.0823,54.4948,54.2182,52.3907,48.4697,55.1467,59.1358,49.7422,54.2069,49.5105,50.4201,57.7432,94.1807,56.2340,57.8468,63.5891"
EP00426,C2_covariance,21,CHANNEL_DROPOUT,"0.2600,0.0024,0.1420,0.1484,0.2217,0.3164,0.0000,0.1601,0.2589,0.4095,0.3258,1.0236,0.2960,0.3305,0.7459,1.8085,0.7168,0.1035,0.4415,0.9959,0.8199,1.2669,2.0975,2.9701,3.6686,3.9813,4.8439,4.9642,6.5900,7.2995,9.4074,11.3918,13.2303,15.4554,17.4870,20.1464,21.3874,23.1574,27.0688,29.2779,33.1610,33.6774,38.0956"
EP00426,C3_both,21,CHANNEL_DROPOUT,"0.2600,0.1029,0.1420,0.2467,0.2549,0.3164,0.1109,0.2220,0.3000,0.6640,0.3258,1.0236,0.4904,0.5311,0.7459,1.8085,0.7168,0.4775,0.7153,0.9959,1.2191,4.2367,27.8834,38.5593,45.4106,47.6108,48.4256,49.0823,54.4948,54.2182,52.3907,48.4697,55.1467,59.1358,49.7422,54.2069,49.5105,50.4201,57.7432,94.1807,56.2340,57.8468,63.5891"
EP00427,C1_variability,21,GAIN_DRIFT,"0.1031,0.0000,0.1664,0.1175,0.1593,0.0478,0.2142,0.2700,0.4037,0.4563,0.3041,0.1295,0.3883,0.4291,0.5905,0.8748,0.8378,3.0412,5.8353,7.5920,10.5213,12.4065,14.9232,16.2088,17.1459,17.1717,18.0191,18.0277,18.0657,18.4707,16.6239,17.1397,17.4537,16.4153,16.5382,15.2529,16.3398,15.9299,16.8609,16.4051,17.3636,18.1446,16.7380"
EP00427,C2_covariance,21,GAIN_DRIFT,"0.2485,0.0022,0.1420,0.1484,0.2217,0.3164,0.0000,0.1601,0.2589,0.4095,0.3258,1.0633,0.2960,0.3454,0.7535,1.8285,0.6740,0.1428,0.2741,0.6088,0.1708,0.2925,0.1903,0.0737,0.3538,0.8107,0.9547,1.6361,1.0850,1.5548,0.7064,0.9806,0.8072,0.2889,0.0835,0.1340,0.2826,0.3618,0.4652,0.5402,0.0372,0.2256,0.1611"
EP00427,C3_both,21,GAIN_DRIFT,"0.2485,0.0022,0.1664,0.1484,0.2217,0.3164,0.2142,0.2700,0.4037,0.4563,0.3258,1.0633,0.3883,0.4291,0.7535,1.8285,0.8378,3.0412,5.8353,7.5920,10.5213,12.4065,14.9232,16.2088,17.1459,17.1717,18.0191,18.0277,18.0657,18.4707,16.6239,17.1397,17.4537,16.4153,16.5382,15.2529,16.3398,15.9299,16.8609,16.4051,17.3636,18.1446,16.7380"
EP00428,C1_variability,27,GAIN_DRIFT,"0.0631,0.1659,0.2137,0.3160,0.3167,0.2136,0.0476,0.2851,0.2364,0.3890,0.1735,0.0369,0.5529,0.5935,0.7544,1.0234,0.7513,0.3888,0.3886,0.3242,0.1626,2.0449,4.8177,11.0874,16.1216,22.0624,29.7789,40.4042,45.2733,43.7592,41.3102,42.7123,43.8386,41.0521,41.2701,41.9887,43.1180,43.6978,42.5927,44.6810,46.5400,45.7887,43.8517"
EP00428,C2_covariance,27,GAIN_DRIFT,"0.1014,0.0017,0.1420,0.1484,0.2217,0.3164,0.0000,0.1601,0.2589,0.4544,0.3258,1.1367,0.2960,0.3230,0.5279,1.5114,0.3651,0.2060,0.2937,0.6656,0.2447,0.0794,0.0581,0.0634,0.1378,1.1230,1.1586,1.2915,0.9764,1.1914,0.6553,0.9603,0.8033,0.2606,0.1445,0.2385,0.4758,0.5808,0.6935,0.6438,0.0490,0.2166,0.0947"
EP00428,C3_both,27,GAIN_DRIFT,"0.1014,0.1659,0.2137,0.3160,0.3167,0.3164,0.0476,0.2851,0.2589,0.4544,0.3258,1.1367,0.5529,0.5935,0.7544,1.5114,0.7513,0.3888,0.3886,0.6656,0.2447,2.0449,4.8177,11.0874,16.1216,22.0624,29.7789,40.4042,45.2733,43.7592,41.3102,42.7123,43.8386,41.0521,41.2701,41.9887,43.1180,43.6978,42.5927,44.6810,46.5400,45.7887,43.8517"
EP00429,C1_variability,14,GAIN_DRIFT,"0.1383,0.2409,0.0753,0.2875,0.3915,0.2885,0.3072,0.0277,0.1596,2.0213,5.3550,11.9107,19.3676,32.8418,53.5712,81.2223,96.5084,104.6106,108.7217,104.9473,105.4254,101.1885,105.0681,105.1737,103.3680,104.1658,104.1859,104.0762,102.5257,103.1666,102.5330,98.6826,100.0625,104.3459,101.8532,102.3223,102.9967,102.9960,107.1625,104.4677,106.3717,104.5782,102.9771"
EP00429,C2_covariance,14,GAIN_DRIFT,"0.1589,0.0707,0.0707,0.2193,0.2925,0.3870,0.0711,0.2310,0.1877,0.3222,0.6859,1.7567,3.3584,4.8428,5.0429,3.8445,2.7485,1.8101,1.9825,2.4936,1.9902,2.0859,1.9863,1.7237,1.5942,1.2372,1.1266,0.6243,1.1605,0.6869,1.0045,0.6629,0.7169,1.0998,1.4017,1.6103,1.9474,2.1603,2.4940,2.3963,1.7803,1.4526,1.5256"
EP00429,C3_both,14,GAIN_DRIFT,"0.1589,0.2409,0.0753,0.2875,0.3915,0.3870,0.3072,0.2310,0.1877,2.0213,5.3550,11.9107,19.3676,32.8418,53.5712,81.2223,96.5084,104.6106,108.7217,104.9473,105.4254,101.1885,105.0681,105.1737,103.3680,104.1658,104.1859,104.0762,102.5257,103.1666,102.5330,98.6826,100.0625,104.3459,101.8532,102.3223,102.9967,102.9960,107.1625,104.4677,106.3717,104.5782,102.9771"
EP00430,C1_variability,23,GAIN_DRIFT,"0.0000,0.1029,0.0647,0.4396,0.2539,0.1506,0.1109,0.1665,0.3000,0.3525,0.2006,0.0263,0.4904,0.5311,0.6922,0.9614,0.6891,0.3649,0.5803,0.8167,0.8654,2.2759,3.3047,4.9241,7.6827,8.8577,11.4005,12.8621,14.5582,14.3203,14.6836,16.0107,17.8456,15.8787,14.8711,15.3603,15.5293,16.6670,15.5661,15.5103,15.5903,15.9380,16.2166"
EP00430,C2_covariance,23,GAIN_DRIFT,"0.1635,0.0018,0.1415,0.1488,0.2221,0.3168,0.0004,0.1606,0.2584,0.4090,0.3253,1.0620,0.2965,0.3234,0.6092,1.6431,0.4653,0.2056,0.2919,0.6608,0.2166,0.1955,0.0883,0.1782,0.4070,0.8162,0.9231,1.5605,1.1261,1.4410,0.7969,1.0646,0.8663,0.3748,0.0150,0.0743,0.2290,0.3993,0.5149,0.5510,0.0203,0.2415,0.1862"
EP00430,C3_both,23,GAIN_DRIFT,"0.1635,0.1029,0.1415,0.4396,0.2539,0.3168,0.1109,0.1665,0.3000,0.4090,0.3253,1.0620,0.4904,0.5311,0.6922,1.6431,0.6891,0.3649,0.5803,0.8167,0.8654,2.2759,3.3047,4.9241,7.6827,8.8577,11.4005,12.8621,14.5582,14.3203,14.6836,16.0107,17.8456,15.8787,14.8711,15.3603,15.5293,16.6670,15.5661,15.5103,15.5903,15.9380,16.2166"
EP00431,C1_variability,18,GAIN_DRIFT,"0.0680,0.1744,0.0814,0.1937,0.4125,0.1948,0.1291,0.1847,0.3182,0.3707,0.4331,0.0445,0.4653,0.4440,1.1918,2.3682,5.6468,8.5227,12.1863,16.2120,19.3170,25.4603,27.9359,32.8083,38.2512,38.8979,43.5291,40.7012,41.3186,40.6036,40.2731,40.1647,41.2451,40.9079,41.5949,40.3190,41.7425,42.1726,43.4794,43.9145,43.5483,44.3723,42.4090"
EP00431,C2_covariance,18,GAIN_DRIFT,"0.2184,0.1188,0.2607,0.0303,0.1357,0.1987,0.1184,0.0421,0.3779,0.5288,0.4449,1.0444,0.1795,0.2522,0.6989,1.7795,0.8964,0.2098,0.3188,0.6990,0.3616,0.2797,0.2444,0.1615,0.0150,0.4876,0.7503,1.4934,0.6358,1.4868,0.2759,0.5605,0.3463,0.3491,0.5568,0.5324,0.6215,0.8753,0.9942,1.1051,0.5423,0.3601,0.4829"
EP00431,C3_both,18,GAIN_DRIFT,"0.2184,0.1744,0.2607,0.1937,0.4125,0.1987,0.1291,0.1847,0.3779,0.5288,0.4449,1.0444,0.4653,0.4440,1.1918,2.3682,5.6468,8.5227,12.1863,16.2120,19.3170,25.4603,27.9359,32.8083,38.2512,38.8979,43.5291,40.7012,41.3186,40.6036,40.2731,40.1647,41.2451,40.9079,41.5949,40.3190,41.7425,42.1726,43.4794,43.9145,43.5483,44.3723,42.4090"
EP00432,C1_variability,25,GAIN_DRIFT,"0.0263,0.1291,0.0369,0.1758,0.2801,0.1768,0.0846,0.1828,0.2735,0.3522,0.2914,0.1106,0.5164,0.5571,0.7181,0.9872,0.7703,0.6014,0.8197,1.0390,2.4882,7.0232,12.1811,19.4137,27.9201,40.7148,51.8584,69.9685,80.3717,99.5136,109.7391,115.8565,118.7459,120.0216,123.0795,125.5759,126.3704,128.0269,127.9249,128.9077,126.8902,125.7963,125.9630"
EP00432,C2_covariance,25,GAIN_DRIFT,"0.1951,0.0199,0.1216,0.1686,0.2419,0.3366,0.0203,0.1804,0.2385,0.3924,0.3053,1.0879,0.3162,0.3432,0.6410,1.6713,0.5005,0.1856,0.2733,0.6369,0.2884,0.3328,0.1971,1.0371,0.7572,1.1575,2.5112,5.1804,5.2881,5.8089,3.2332,3.0881,3.2044,4.0726,4.0446,4.6039,4.6379,4.5896,4.7416,4.5568,4.4233,4.1555,4.5236"
EP00432,C3_both,25,GAIN_DRIFT,"0.1951,0.1291,0.1216,0.1758,0.2801,0.3366,0.0846,0.1828,0.2735,0.3924,0.3053,1.0879,0.5164,0.5571,0.7181,1.6713,0.7703,0.6014,0.8197,1.0390,2.4882,7.0232,12.1811,19.4137,27.9201,40.7148,51.8584,69.9685,80.3717,99.5136,109.7391,115.8565,118.7459,120.0216,123.0795,125.5759,126.3704,128.0269,127.9249,128.9077,126.8902,125.7963,125.9630"
EP00433,C1_variability,26,GAIN_DRIFT,"0.0604,0.0426,0.2662,0.2324,0.3227,0.1059,0.1715,0.2272,0.3608,0.4133,0.2612,0.0868,0.4305,0.4713,0.6326,0.9022,0.6295,0.3796,0.5685,0.4215,0.2842,0.3234,0.1456,0.5411,1.1969,2.5938,3.4206,4.5016,5.2942,6.2699,8.0503,8.7036,9.4818,9.7165,11.1863,12.1629,13.2479,13.5211,14.5034,15.9778,16.2390,16.3820,16.1339"
EP00433,C2_covariance,26,GAIN_DRIFT,"0.1566,0.0444,0.1861,0.1045,0.1779,0.2727,0.0440,0.1163,0.3031,0.4857,0.3700,1.1152,0.2523,0.2793,0.4910,1.5873,0.4582,0.2502,0.3380,0.7101,0.2884,0.1584,0.0693,0.1190,0.3548,0.8099,0.8320,1.5021,1.0389,1.4312,0.7088,0.9211,0.7203,0.1969,0.1558,0.2192,0.3835,0.4782,0.6374,0.6638,0.1531,0.0757,0.1081"
EP00433,C3_both,26,GAIN_DRIFT,"0.1566,0.0444,0.2662,0.2324,0.3227,0.2727,0.1715,0.2272,0.3608,0.4857,0.3700,1.1152,0.4305,0.4713,0.6326,1.5873,0.6295,0.3796,0.5685,0.7101,0.2884,0.3234,0.1456,0.5411,1.1969,2.5938,3.4206,4.5016,5.2942,6.2699,8.0503,8.7036,9.4818,9.7165,11.1863,12.1629,13.2479,13.5211,14.5034,15.9778,16.2390,16.3820,16.1339"
EP00434,C1_variability,19,GAIN_DRIFT,"0.1031,0.0000,0.1664,0.0752,0.2624,0.0478,0.2142,0.2700,0.4037,0.4563,0.3041,0.1295,0.3883,0.4308,0.5916,0.8653,0.9496,2.4716,4.0138,5.8757,8.0169,10.3007,10.9904,12.7620,15.0518,17.2181,19.2654,22.0024,24.3212,27.7744,28.5790,30.6769,32.2367,34.4543,36.9495,38.7087,40.5035,43.0682,46.1197,47.4173,48.1363,49.0073,49.0057"
EP00434,C2_covariance,19,GAIN_DRIFT,"0.1832,0.0885,0.2303,0.0606,0.1341,0.2289,0.0880,0.0724,0.3474,0.4982,0.4144,1.0698,0.2085,0.2353,0.6149,1.6434,0.4427,0.2973,0.3943,0.7339,0.2809,0.3205,0.2366,0.0739,0.2468,0.6720,0.7689,1.4264,0.9120,1.5664,0.6266,0.8302,0.6307,0.3371,0.2924,0.3557,0.5736,0.8187,1.0472,0.9991,0.5614,0.2309,0.7760"
EP00434,C3_both,19,GAIN_DRIFT,"0.1832,0.0885,0.2303,0.0752,0.2624,0.2289,0.2142,0.2700,0.4037,0.4982,0.4144,1.0698,0.3883,0.4308,0.6149,1.6434,0.9496,2.4716,4.0138,5.8757,8.0169,10.3007,10.9904,12.7620,15.0518,17.2181,19.2654,22.0024,24.3212,27.7744,28.5790,30.6769,32.2367,34.4543,36.9495,38.7087,40.5035,43.0682,46.1197,47.4173,48.1363,49.0073,49.0057"
EP00435,C1_variability,21,GAIN_DRIFT,"0.0733,0.1029,0.0632,0.4275,0.5634,0.3378,0.1109,0.1665,0.3000,0.3525,0.2006,0.0263,0.4904,0.5311,0.6922,0.9552,0.9287,1.4004,3.8253,6.9238,9.2714,13.7287,18.1470,21.7619,27.8174,31.7509,37.3149,42.4544,44.9356,48.9432,54.5800,58.8061,64.6742,67.7496,72.4322,77.2673,80.8694,84.9370,88.1464,92.9884,95.0510,94.8505,97.6450"
EP00435,C2_covariance,21,GAIN_DRIFT,"0.2605,0.0011,0.1420,0.1484,0.2419,0.3164,0.0000,0.1601,0.2589,0.4095,0.3258,1.0603,0.2960,0.3712,0.7793,1.8484,0.6153,0.2156,0.3114,0.6175,0.2154,0.4610,0.2120,0.0601,0.1610,0.5600,1.0534,1.1057,1.5038,0.3230,1.1261,1.4102,0.8569,0.7680,0.8757,1.5443,2.0651,2.4662,3.1326,2.9768,2.6826,2.0415,2.5138"
EP00435,C3_both,21,GAIN_DRIFT,"0.2605,0.1029,0.1420,0.4275,0.5634,0.3378,0.1109,0.1665,0.3000,0.4095,0.3258,1.0603,0.4904,0.5311,0.7793,1.8484,0.9287,1.4004,3.8253,6.9238,9.2714,13.7287,18.1470,21.7619,27.8174,31.7509,37.3149,42.4544,44.9356,48.9432,54.5800,58.8061,64.6742,67.7496,72.4322,77.2673,80.8694,84.9370,88.1464,92.9884,95.0510,94.8505,97.6450"
EP00436,C1_variability,27,GEOMETRY_ROTATION,"0.1511,0.0633,0.2588,0.0941,0.1954,0.0000,0.2623,0.4069,0.4519,0.5046,0.3522,0.1775,0.3408,0.3816,0.5432,0.8133,0.5401,0.2344,0.4044,0.4932,0.3778,1.5087,1.9795,2.8703,3.8679,4.8029,5.5827,7.2175,6.6830,7.1583,7.1930,7.3380,6.6402,6.1155,7.0066,6.6251,5.9207,6.3257,5.8005,5.8385,6.5480,6.8956,5.9009"
EP00436,C2_covariance,27,GEOMETRY_ROTATION,"0.2292,0.1411,0.0000,0.2895,0.3626,0.4571,0.1416,0.3013,0.1166,0.2667,0.1833,0.9224,0.4368,0.4637,0.6680,1.7385,0.5549,0.0639,0.1513,0.5221,0.1024,0.1033,0.4570,1.3926,2.2516,2.7327,3.4835,4.0811,5.0877,4.8627,5.3036,5.0967,5.2775,6.0756,6.4214,6.4696,6.7380,6.9133,7.0109,6.9425,6.4389,6.1271,6.4441"
EP00436,C3_both,27,GEOMETRY_ROTATION,"0.2292,0.1411,0.2588,0.2895,0.3626,0.4571,0.2623,0.4069,0.4519,0.5046,0.3522,0.9224,0.4368,0.4637,0.6680,1.7385,0.5549,0.2344,0.4044,0.5221,0.3778,1.5087,1.9795,2.8703,3.8679,4.8029,5.5827,7.2175,6.6830,7.1583,7.1930,7.3380,6.6402,6.1155,7.0066,6.6251,6.7380,6.9133,7.0109,6.9425,6.5480,6.8956,6.4441"
EP00437,C1_variability,22,GEOMETRY_ROTATION,"0.2031,0.0998,0.2665,0.8538,0.3948,0.1573,0.3144,0.3703,0.5043,0.5570,0.4045,0.2295,0.2893,0.3301,0.4919,0.7623,0.6942,1.8256,3.0045,4.2344,5.7504,7.1238,7.5307,8.4764,8.9926,9.1204,9.1503,9.4049,9.2831,9.3954,9.2622,9.3154,9.8304,9.2681,8.7879,8.7377,8.6024,8.6931,8.5458,8.6152,8.8911,8.9967,8.9297"
EP00437,C2_covariance,22,GEOMETRY_ROTATION,"0.0881,0.0002,0.1418,0.1486,0.2219,0.3166,0.0002,0.1603,0.2587,0.4092,0.3255,0.8048,0.2962,0.3232,0.5281,1.6498,0.4800,0.6157,1.8026,3.9498,5.5992,7.0945,8.9183,10.0118,10.3658,9.9831,9.5006,9.0735,9.4064,9.3556,9.7271,9.7033,10.0620,10.6788,11.1521,11.1471,11.1424,11.1868,11.1902,11.2688,10.7582,10.6016,10.6506"
EP00437,C3_both,22,GEOMETRY_ROTATION,"0.2031,0.0998,0.2665,0.8538,0.3948,0.3166,0.3144,0.3703,0.5043,0.5570,0.4045,0.8048,0.2962,0.3301,0.5281,1.6498,0.6942,1.8256,3.0045,4.2344,5.7504,7.1238,8.9183,10.0118,10.3658,9.9831,9.5006,9.4049,9.4064,9.3954,9.7271,9.7033,10.0620,10.6788,11.1521,11.1471,11.1424,11.1868,11.1902,11.2688,10.7582,10.6016,10.6506"
EP00438,C1_variability,26,GEOMETRY_ROTATION,"0.2031,0.0998,0.2665,0.1062,0.2569,0.0519,0.3144,0.3703,0.5043,0.5570,0.4045,0.2295,0.2893,0.3301,0.4919,0.7623,0.4895,0.2998,0.4888,0.5981,1.6908,3.2800,4.2522,6.4553,8.1291,15.2574,25.6152,21.8587,22.0050,22.0814,21.8981,21.8302,22.5217,21.6876,22.1444,22.3002,21.8354,21.8927,21.7716,21.7214,21.8259,21.7958,21.6674"
EP00438,C2_covariance,26,GEOMETRY_ROTATION,"0.1687,0.0806,0.0607,0.2291,0.3023,0.3969,0.0810,0.2409,0.1774,0.3278,0.2442,0.6763,0.3765,0.4035,0.7090,1.6560,0.4894,0.1247,0.2122,0.5835,2.9271,7.6632,14.0392,16.2530,14.7771,17.7630,20.5053,21.3305,22.1513,22.3653,23.0967,23.1583,23.3379,23.5196,23.3388,23.3022,23.1814,23.2843,23.3408,23.5680,23.3233,23.1798,23.3100"
EP00438,C3_both,26,GEOMETRY_ROTATION,"0.2031,0.0998,0.2665,0.2291,0.3023,0.3969,0.3144,0.3703,0.5043,0.5570,0.4045,0.6763,0.3765,0.4035,0.7090,1.6560,0.4895,0.2998,0.4888,0.5981,2.9271,7.6632,14.0392,16.2530,14.7771,17.7630,25.6152,21.8587,22.1513,22.3653,23.0967,23.1583,23.3379,23.5196,23.3388,23.3022,23.1814,23.2843,23.3408,23.5680,23.3233,23.1798,23.3100"
EP00439,C1_variability,26,GEOMETRY_ROTATION,"0.1506,0.0474,0.2140,0.2087,0.1918,0.0005,0.2618,0.6787,0.4514,0.5041,0.3517,0.1770,0.3413,0.3821,0.5437,0.8138,0.5406,0.2299,0.4273,0.4897,0.6317,1.1393,1.8338,2.4344,3.3908,4.2842,5.3037,5.9248,6.1898,6.4429,7.0107,7.7358,7.0275,6.7337,7.2227,6.4120,7.0838,6.4836,6.2358,6.2111,6.5573,6.5161,6.4081"
EP00439,C2_covariance,26,GEOMETRY_ROTATION,"0.1687,0.0806,0.0607,0.2291,0.3023,0.3969,0.0810,0.2409,0.1774,0.4399,0.2442,1.0762,0.3765,0.4035,0.6080,1.5698,0.4492,0.1247,0.2122,0.5835,0.1719,0.1171,0.2265,0.3994,0.6904,0.7028,1.4855,1.7632,3.1869,3.9839,5.0961,5.6834,6.4568,6.9994,7.4393,7.2518,7.6559,7.6701,7.6568,7.7214,7.0389,6.8007,6.9019"
EP00439,C3_both,26,GEOMETRY_ROTATION,"0.1687,0.0806,0.2140,0.2291,0.3023,0.3969,0.2618,0.6787,0.4514,0.5041,0.3517,1.0762,0.3765,0.4035,0.6080,1.5698,0.5406,0.2299,0.4273,0.5835,0.6317,1.1393,1.8338,2.4344,3.3908,4.2842,5.3037,5.9248,6.1898,6.4429,7.0107,7.7358,7.0275,6.9994,7.4393,7.2518,7.6559,7.6701,7.6568,7.7214,7.0389,6.8007,6.9019"
EP00440,C1_variability,23,GEOMETRY_ROTATION,"0.2552,0.1518,0.3187,0.1048,0.3518,0.1038,0.3667,0.4226,0.5567,0.6094,0.4568,0.2816,0.2377,0.2786,0.4405,0.7112,0.6005,0.5793,1.6451,3.3090,4.5316,6.3734,6.1061,7.4979,8.7508,9.6422,9.3038,11.4732,11.2325,10.3826,10.4583,10.5977,10.9084,11.0818,10.8768,11.6353,11.4722,10.4392,9.8501,9.8830,10.1707,10.1746,10.1304"
EP00440,C2_covariance,23,GEOMETRY_ROTATION,"0.0883,0.0000,0.1415,0.1488,0.2221,0.3168,0.0004,0.1606,0.2584,0.4090,0.3253,0.7542,0.2965,0.3234,0.5316,1.7021,0.5268,0.2080,0.4679,1.7848,2.8191,4.3455,6.3223,7.8953,9.5076,10.5002,11.7051,12.1382,13.2490,13.9987,15.0670,15.2136,15.6926,16.1034,16.5430,16.4495,16.4855,16.7185,16.7841,16.8973,16.2572,16.1657,16.5174"
EP00440,C3_both,23,GEOMETRY_ROTATION,"0.2552,0.1518,0.3187,0.1488,0.3518,0.3168,0.3667,0.4226,0.5567,0.6094,0.4568,0.7542,0.2965,0.3234,0.5316,1.7021,0.6005,0.5793,1.6451,3.3090,4.5316,6.3734,6.3223,7.8953,9.5076,10.5002,11.7051,12.1382,13.2490,13.9987,15.0670,15.2136,15.6926,16.1034,16.5430,16.4495,16.4855,16.7185,16.7841,16.8973,16.2572,16.1657,16.5174"
EP00441,C1_variability,16,GEOMETRY_ROTATION,"0.5513,0.0474,0.2140,0.0005,0.3871,0.1017,0.2618,0.3176,0.4514,0.5041,1.3536,2.7583,4.4560,5.6735,6.7493,8.7413,9.9495,10.0863,10.9370,12.2450,13.7346,15.3851,17.2683,19.1112,21.3290,22.1306,22.8058,23.0783,23.0032,23.3641,22.8902,22.8933,22.6865,22.5132,22.4337,22.4745,22.8657,22.4009,22.2376,22.1536,22.4123,22.4250,22.2845"
EP00441,C2_covariance,16,GEOMETRY_ROTATION,"0.2872,0.1992,0.0582,0.3474,0.4204,0.5148,0.1996,0.3591,0.0582,0.2082,0.4047,2.9539,3.4484,6.1042,7.8221,9.3407,11.7166,13.7131,15.1149,16.0620,17.1482,17.8764,19.1407,19.5920,20.7154,20.4669,20.0319,19.3666,19.9858,20.0720,20.3831,20.1570,20.4790,21.1184,21.2856,21.5518,21.9078,22.3361,22.0733,22.1934,21.6061,21.3571,21.4779"
EP00441,C3_both,16,GEOMETRY_ROTATION,"0.5513,0.1992,0.2140,0.3474,0.4204,0.5148,0.2618,0.3591,0.4514,0.5041,1.3536,2.9539,4.4560,6.1042,7.8221,9.3407,11.7166,13.7131,15.1149,16.0620,17.1482,17.8764,19.1407,19.5920,21.3290,22.1306,22.8058,23.0783,23.0032,23.3641,22.8902,22.8933,22.6865,22.5132,22.4337,22.4745,22.8657,22.4009,22.2376,22.1934,22.4123,22.4250,22.2845"
EP00442,C1_variability,24,GEOMETRY_ROTATION,"0.1590,0.0557,0.2224,0.1984,0.1641,0.0079,0.2702,0.3260,0.4599,0.5125,0.3602,0.1853,0.3330,0.3738,0.5354,0.8056,0.5323,0.4040,0.5840,1.1864,1.4648,2.0854,2.3808,2.5761,3.2903,3.7456,4.2075,4.7010,4.9186,5.7588,5.5773,5.7033,5.9364,5.8470,6.7000,6.0814,6.1515,6.4142,6.3442,6.5249,6.8722,7.0146,6.9614"
EP00442,C2_covariance,24,GEOMETRY_ROTATION,"0.2135,0.0099,0.1316,0.1587,0.2320,0.3267,0.0104,0.1705,0.2484,0.4733,0.3153,1.1561,0.3063,0.3333,0.6172,1.6454,0.4858,0.1956,0.2839,0.6732,0.2703,0.2332,0.2819,0.3087,0.3519,0.4693,0.7666,1.4583,0.6171,1.6608,1.9377,2.4276,3.1662,4.0942,5.0565,5.3042,5.9764,6.6755,7.0525,7.3225,7.0397,6.9998,7.4114"
EP00442,C3_both,24,GEOMETRY_ROTATION,"0.2135,0.0557,0.2224,0.1984,0.2320,0.3267,0.2702,0.3260,0.4599,0.5125,0.3602,1.1561,0.3330,0.3738,0.6172,1.6454,0.5323,0.4040,0.5840,1.1864,1.4648,2.0854,2.3808,2.5761,3.2903,3.7456,4.2075,4.7010,4.9186,5.7588,5.5773,5.7033,5.9364,5.8470,6.7000,6.0814,6.1515,6.6755,7.0525,7.3225,7.0397,7.0146,7.4114"
EP00443,C1_variability,20,GEOMETRY_ROTATION,"0.3246,0.4117,0.2140,0.0994,0.2930,0.0504,0.2618,0.3176,0.4514,0.5041,0.3517,0.1770,0.3413,0.3821,0.5892,1.2625,1.6878,2.1932,3.3648,4.4904,5.2544,5.6714,5.3996,6.1180,6.0991,6.7159,6.9597,7.3880,8.5920,8.8012,8.0655,8.3879,8.8942,8.8911,8.8116,8.6544,8.8339,9.1462,9.1108,9.2401,9.5325,9.6230,9.5330"
EP00443,C2_covariance,20,GEOMETRY_ROTATION,"0.1240,0.0444,0.1861,0.1045,0.1779,0.2727,0.0440,0.1163,0.3031,0.4538,0.3700,0.9412,0.2523,0.2793,0.6319,1.7021,0.4536,0.5130,1.0736,2.2000,2.9514,3.6279,4.6010,5.2877,5.7255,5.9524,6.5226,6.6926,7.5763,7.9221,8.8955,9.4733,10.2353,11.2061,12.1788,12.6599,13.3030,13.7385,13.9095,14.1261,13.7053,13.4594,13.6857"
EP00443,C3_both,20,GEOMETRY_ROTATION,"0.3246,0.4117,0.2140,0.1045,0.2930,0.2727,0.2618,0.3176,0.4514,0.5041,0.3700,0.9412,0.3413,0.3821,0.6319,1.7021,1.6878,2.1932,3.3648,4.4904,5.2544,5.6714,5.3996,6.1180,6.0991,6.7159,6.9597,7.3880,8.5920,8.8012,8.8955,9.4733,10.2353,11.2061,12.1788,12.6599,13.3030,13.7385,13.9095,14.1261,13.7053,13.4594,13.6857"
EP00444,C1_variability,26,GEOMETRY_ROTATION,"0.2031,0.0998,0.2665,0.0529,0.1660,0.0519,0.3144,0.3703,0.5043,0.5570,0.4045,0.2295,0.2893,0.3301,0.4919,0.7623,0.5005,0.3372,0.5112,0.3652,1.0489,1.9740,3.3547,4.4322,5.9050,7.5961,9.0901,10.3880,9.5168,10.2481,10.7720,11.4598,11.9283,12.4605,13.2624,14.1337,15.0656,16.1495,20.7531,24.0904,25.1922,27.1813,27.0537"
EP00444,C2_covariance,26,GEOMETRY_ROTATION,"0.1687,0.0806,0.0607,0.2291,0.3023,0.3969,0.0810,0.2409,0.1774,0.3278,0.2442,0.7402,0.3765,0.4035,0.6080,1.7414,0.5680,0.1247,0.2122,0.5835,0.1808,0.5944,1.9255,3.5505,4.7518,6.5885,8.5363,10.0885,12.4745,14.1648,15.8562,16.9411,17.9889,18.8887,20.1980,20.9298,21.8732,22.5512,23.4403,24.1907,24.3164,24.6762,25.2181"
EP00444,C3_both,26,GEOMETRY_ROTATION,"0.2031,0.0998,0.2665,0.2291,0.3023,0.3969,0.3144,0.3703,0.5043,0.5570,0.4045,0.7402,0.3765,0.4035,0.6080,1.7414,0.5680,0.3372,0.5112,0.5835,1.0489,1.9740,3.3547,4.4322,5.9050,7.5961,9.0901,10.3880,12.4745,14.1648,15.8562,16.9411,17.9889,18.8887,20.1980,20.9298,21.8732,22.5512,23.4403,24.1907,25.1922,27.1813,27.0537"
EP00445,C1_variability,17,NONE,"1.4628,0.1877,0.1409,0.0289,0.0974,0.3025,0.3393,0.1308,0.0664,0.2122,0.0983,0.0923,0.1839,0.2107,0.2941,0.4214,0.4539,1.2789,1.6509,1.4775,1.4858,1.5845,1.8300,1.4692,1.6051,1.5944,2.3517,2.6834,1.6105,1.6286,1.2911,1.6688,1.5134,1.4645,2.5243,2.3338,1.6509,1.3930,1.8634,1.9786,1.7381,1.6714,1.2256"
EP00445,C2_covariance,17,NONE,"0.6709,0.5349,0.6405,0.5157,0.5779,0.0000,0.0344,0.3003,0.0418,0.0775,0.0788,0.1618,0.1316,0.2587,1.2899,0.6062,0.4220,0.2344,0.1244,0.6412,0.6452,0.9139,0.6552,0.4172,0.4970,0.6255,2.1822,2.1699,2.2563,1.3596,0.2445,0.0588,0.0334,0.7031,0.9376,0.9871,0.8338,0.7810,0.8363,0.7549,0.9655,0.7311,0.9972"
EP00445,C3_both,17,NONE,"1.4628,0.5349,0.6405,0.5157,0.5779,0.3025,0.3393,0.3003,0.0664,0.2122,0.0983,0.1618,0.1839,0.2587,1.2899,0.6062,0.4539,1.2789,1.6509,1.4775,1.4858,1.5845,1.8300,1.4692,1.6051,1.5944,2.3517,2.6834,2.2563,1.6286,1.2911,1.6688,1.5134,1.4645,2.5243,2.3338,1.6509,1.3930,1.8634,1.9786,1.7381,1.6714,1.2256"
EP00446,C1_variability,23,RATE_LOSS,"0.9715,0.1423,0.3598,0.2065,0.1118,0.2184,0.2552,0.0463,0.0182,0.2098,0.1175,0.1771,0.2688,0.1368,0.1967,0.2578,0.1006,0.1551,0.3647,1.0751,1.6843,2.6185,3.5081,4.5954,5.1143,5.1300,5.4475,5.5189,5.5708,5.3618,5.0523,4.9496,4.9243,4.7652,4.6692,4.6434,4.6694,4.7530,4.6212,4.6733,4.7892,4.8460,5.0320"
EP00446,C2_covariance,23,RATE_LOSS,"0.6361,0.5002,0.6057,0.4810,0.5431,0.0343,0.0005,0.4289,0.0074,0.1118,0.0444,0.1960,0.1659,0.2929,1.2843,0.6401,0.4561,0.2791,0.0331,0.2309,0.5801,0.2357,0.2172,0.1429,0.5178,0.6423,2.1118,2.0966,2.2153,1.2737,0.1709,0.0931,0.0677,0.6683,0.9026,0.9521,0.7989,0.7461,0.8014,0.7200,0.9243,0.6962,0.6348"
EP00446,C3_both,23,RATE_LOSS,"0.9715,0.5002,0.6057,0.4810,0.5431,0.2184,0.2552,0.4289,0.0182,0.2098,0.1175,0.1960,0.2688,0.2929,1.2843,0.6401,0.4561,0.2791,0.3647,1.0751,1.6843,2.6185,3.5081,4.5954,5.1143,5.1300,5.4475,5.5189,5.5708,5.3618,5.0523,4.9496,4.9243,4.7652,4.6692,4.6434,4.6694,4.7530,4.6212,4.6733,4.7892,4.8460,5.0320"
EP00447,C1_variability,25,RATE_LOSS,"0.8728,0.0758,0.3759,0.2142,0.0936,0.2365,0.2733,0.1179,0.0594,0.3438,0.0993,0.1589,0.2506,0.1186,0.1420,0.1951,0.0634,0.2820,0.4423,0.4758,0.1862,1.5671,3.3918,5.6746,8.0126,10.4255,12.3143,12.9397,12.9891,12.8150,12.5572,12.4717,12.4505,12.3181,12.2381,12.2165,12.2382,12.3078,12.1980,12.2415,12.3380,12.3853,12.5403"
EP00447,C2_covariance,25,RATE_LOSS,"0.5912,0.4554,0.5608,0.4362,0.4983,0.0787,0.0444,0.5966,0.0369,0.1561,0.0003,0.2402,0.2101,0.3370,1.4169,0.6840,0.5000,0.3128,0.0206,0.2767,0.5374,0.4713,0.4419,0.7949,0.3561,0.6023,2.1850,2.2142,2.3326,1.4134,0.2151,0.1374,0.1120,0.6233,0.8574,0.9068,0.7538,0.7011,0.7563,0.6750,0.9115,0.6512,0.7465"
EP00447,C3_both,25,RATE_LOSS,"0.8728,0.4554,0.5608,0.4362,0.4983,0.2365,0.2733,0.5966,0.0594,0.3438,0.0993,0.2402,0.2506,0.3370,1.4169,0.6840,0.5000,0.3128,0.4423,0.4758,0.5374,1.5671,3.3918,5.6746,8.0126,10.4255,12.3143,12.9397,12.9891,12.8150,12.5572,12.4717,12.4505,12.3181,12.2381,12.2165,12.2382,12.3078,12.1980,12.2415,12.3380,12.3853,12.5403"
EP00448,C1_variability,20,RATE_LOSS,"1.4307,0.2255,0.2167,0.0756,0.1027,0.2274,0.2642,0.0909,0.0091,0.1851,0.1084,0.1680,0.2597,0.1818,0.2938,1.4756,3.5962,6.0420,9.9934,14.5445,20.4594,25.0887,27.2107,27.5465,27.5997,27.5691,27.7278,27.7635,27.7894,27.6850,27.5302,27.4789,27.4662,27.3867,27.3387,27.3258,27.3388,27.3806,27.3147,27.3408,27.3987,27.4271,27.5201"
EP00448,C2_covariance,20,RATE_LOSS,"0.6099,0.4740,0.5795,0.4549,0.5169,0.0602,0.0259,0.3817,0.0185,0.1377,0.0185,0.2219,0.1917,0.3187,1.2329,0.5878,0.4276,2.3644,3.9632,5.3697,4.4285,1.8032,0.5991,0.3199,0.5566,0.6679,2.0727,2.0669,2.1647,1.2818,0.1967,0.1189,0.0936,0.6420,0.8762,0.9256,0.7726,0.7198,0.7751,0.6937,0.8979,0.6700,0.8716"
EP00448,C3_both,20,RATE_LOSS,"1.4307,0.4740,0.5795,0.4549,0.5169,0.2274,0.2642,0.3817,0.0185,0.1851,0.1084,0.2219,0.2597,0.3187,1.2329,1.4756,3.5962,6.0420,9.9934,14.5445,20.4594,25.0887,27.2107,27.5465,27.5997,27.5691,27.7278,27.7635,27.7894,27.6850,27.5302,27.4789,27.4662,27.3867,27.3387,27.3258,27.3388,27.3806,27.3147,27.3408,27.3987,27.4271,27.5201"
EP00449,C1_variability,25,RATE_LOSS,"1.1151,0.0725,0.4456,0.2793,0.0271,0.3025,0.3393,0.1308,0.0664,0.3791,0.0735,0.0923,0.1839,0.0520,0.1514,0.1826,0.1297,0.2152,0.1597,0.2860,0.2135,0.0965,0.5419,1.1117,1.7150,2.2245,3.1343,3.7775,4.3911,4.6637,4.7075,4.8513,4.9662,4.8417,4.7458,4.7200,4.7460,4.8294,4.6979,4.7499,4.8657,4.9223,5.1080"
EP00449,C2_covariance,25,RATE_LOSS,"0.6709,0.5349,0.6405,0.5157,0.5779,0.0000,0.0344,0.3924,0.0418,0.0775,0.0788,0.1618,0.1316,0.2587,1.2301,0.6062,0.4220,0.2344,0.0995,0.2633,0.4841,0.2975,0.2720,0.1545,0.4688,0.5806,2.0283,2.0040,2.1396,1.3119,0.1262,0.0516,0.0377,0.7031,0.9376,0.9871,0.8338,0.7810,0.8363,0.7549,0.9593,0.7311,0.5942"
EP00449,C3_both,25,RATE_LOSS,"1.1151,0.5349,0.6405,0.5157,0.5779,0.3025,0.3393,0.3924,0.0664,0.3791,0.0788,0.1618,0.1839,0.2587,1.2301,0.6062,0.4220,0.2344,0.1597,0.2860,0.4841,0.2975,0.5419,1.1117,1.7150,2.2245,3.1343,3.7775,4.3911,4.6637,4.7075,4.8513,4.9662,4.8417,4.7458,4.7200,4.7460,4.8294,4.6979,4.7499,4.8657,4.9223,5.1080"
EP00450,C1_variability,17,RATE_LOSS,"1.3717,0.1251,0.2086,0.0674,0.0946,0.2355,0.2723,0.0664,0.0010,0.2102,0.1003,0.1363,0.0238,0.4921,1.2381,1.9877,2.9273,3.6873,4.9557,6.0394,6.9728,8.1783,9.3257,10.5876,11.4880,12.0384,12.6772,12.9193,12.9884,12.8143,12.5565,12.4709,12.4498,12.3173,12.2373,12.2158,12.2374,12.3071,12.1973,12.2407,12.3373,12.3846,12.5396"
EP00450,C2_covariance,17,RATE_LOSS,"0.6709,0.5349,0.6405,0.5157,0.5779,0.0000,0.0344,0.2885,0.0418,0.0775,0.0788,0.1550,0.1690,0.2557,1.3172,0.6649,0.4306,0.2100,0.1276,0.4926,0.6255,0.6430,0.5002,0.4857,0.4075,0.6516,2.1642,2.1689,2.2546,1.3517,0.2385,0.0588,0.0334,0.7031,0.9376,0.9871,0.8338,0.7810,0.8363,0.7549,0.9676,0.7311,1.0077"
EP00450,C3_both,17,RATE_LOSS,"1.3717,0.5349,0.6405,0.5157,0.5779,0.2355,0.2723,0.2885,0.0418,0.2102,0.1003,0.1550,0.1690,0.4921,1.3172,1.9877,2.9273,3.6873,4.9557,6.0394,6.9728,8.1783,9.3257,10.5876,11.4880,12.0384,12.6772,12.9193,12.9884,12.8143,12.5565,12.4709,12.4498,12.3173,12.2373,12.2158,12.2374,12.3071,12.1973,12.2407,12.3373,12.3846,12.5396"
EP00451,C1_variability,19,RATE_LOSS,"1.3717,0.2972,0.2575,0.1252,0.0936,0.2365,0.2802,0.0645,0.0000,0.1921,0.0993,0.1589,0.2506,0.1796,0.6399,1.5222,2.7984,4.1495,6.5045,8.9629,11.2933,13.8979,16.5622,19.4170,21.9622,24.0593,25.8181,26.9597,27.6616,27.6890,27.5343,27.4830,27.4703,27.3908,27.3428,27.3299,27.3429,27.3847,27.3188,27.3449,27.4028,27.4312,27.5242"
EP00451,C2_covariance,19,RATE_LOSS,"0.6632,0.5272,0.6327,0.5080,0.5701,0.0076,0.0267,0.3956,0.0342,0.0851,0.0712,0.1694,0.1393,0.2492,1.3452,0.6380,0.3600,0.0000,0.3083,0.6757,1.3394,1.4201,1.0542,1.3978,0.8429,0.5421,1.6557,1.9400,2.2013,1.3513,0.2370,0.0664,0.0410,0.6954,0.9298,0.9793,0.8261,0.7732,0.8286,0.7471,1.0841,0.7233,1.0501"
EP00451,C3_both,19,RATE_LOSS,"1.3717,0.5272,0.6327,0.5080,0.5701,0.2365,0.2802,0.3956,0.0342,0.1921,0.0993,0.1694,0.2506,0.2492,1.3452,1.5222,2.7984,4.1495,6.5045,8.9629,11.2933,13.8979,16.5622,19.4170,21.9622,24.0593,25.8181,26.9597,27.6616,27.6890,27.5343,27.4830,27.4703,27.3908,27.3428,27.3299,27.3429,27.3847,27.3188,27.3449,27.4028,27.4312,27.5242"
EP00452,C1_variability,19,RATE_LOSS,"1.3328,0.3758,0.2546,0.1179,0.0936,0.2365,0.2733,0.0645,0.0000,0.2321,0.0993,0.1589,0.2506,0.2615,0.2623,0.3621,0.2398,0.4953,0.4945,0.9128,1.1682,1.3769,1.9609,1.6204,1.9530,2.0989,2.6392,2.9157,3.1883,3.2025,3.0967,3.2101,3.4007,3.4618,3.5791,3.7696,3.9973,4.2826,4.3160,4.5079,4.7209,4.8365,5.0476"
EP00452,C2_covariance,19,RATE_LOSS,"0.6709,0.5349,0.6405,0.5157,0.5779,0.0000,0.0344,0.3376,0.0418,0.0775,0.0788,0.1618,0.1316,0.2587,1.3014,0.6132,0.4349,0.2490,0.0745,0.5960,0.5769,0.8446,0.6381,0.4516,0.4910,0.6043,2.1525,2.1497,2.2354,1.3882,0.2980,0.0649,0.0503,0.6686,0.9092,0.9598,0.8341,0.7899,0.8567,0.7522,1.0436,0.7304,1.0030"
EP00452,C3_both,19,RATE_LOSS,"1.3328,0.5349,0.6405,0.5157,0.5779,0.2365,0.2733,0.3376,0.0418,0.2321,0.0993,0.1618,0.2506,0.2615,1.3014,0.6132,0.4349,0.4953,0.4945,0.9128,1.1682,1.3769,1.9609,1.6204,1.9530,2.0989,2.6392,2.9157,3.1883,3.2025,3.0967,3.2101,3.4007,3.4618,3.5791,3.7696,3.9973,4.2826,4.3160,4.5079,4.7209,4.8365,5.0476"
EP00453,C1_variability,15,RATE_LOSS,"0.8447,0.2360,0.2645,0.0665,0.0936,0.2365,0.2733,0.1136,0.0977,0.2198,0.0595,0.1958,0.1386,0.5466,1.0921,1.5206,2.0098,2.1401,2.7003,3.1549,3.4668,4.0460,4.5369,5.3234,5.9074,6.3115,7.0618,7.5701,8.0966,8.4130,8.6047,8.9933,9.4459,9.7968,10.1852,10.6382,11.0887,11.5412,11.7333,12.0196,12.2649,12.3795,12.5403"
EP00453,C2_covariance,15,RATE_LOSS,"0.6361,0.5002,0.6057,0.4810,0.5431,0.0343,0.0008,0.3240,0.0074,0.1119,0.0550,0.1648,0.1808,0.2954,1.3438,0.7324,0.4842,0.2859,0.2246,0.6282,0.6161,0.9228,0.7107,0.5730,0.5059,0.7463,2.1977,2.1884,2.2689,1.5321,0.3329,0.0946,0.0963,0.5962,0.8443,0.8956,0.8091,0.7745,0.8527,0.7177,0.9320,0.6960,1.0020"
EP00453,C3_both,15,RATE_LOSS,"0.8447,0.5002,0.6057,0.4810,0.5431,0.2365,0.2733,0.3240,0.0977,0.2198,0.0595,0.1958,0.1808,0.5466,1.3438,1.5206,2.0098,2.1401,2.7003,3.1549,3.4668,4.0460,4.5369,5.3234,5.9074,6.3115,7.0618,7.5701,8.0966,8.4130,8.6047,8.9933,9.4459,9.7968,10.1852,10.6382,11.0887,11.5412,11.7333,12.0196,12.2649,12.3795,12.5403"
EP00454,C1_variability,14,RATE_LOSS,"0.6956,0.3357,0.3507,0.2092,0.2364,0.0946,0.1315,0.1282,0.1637,0.3166,0.2549,0.6635,1.3221,2.2893,3.4296,4.4492,5.4471,6.1126,7.2331,8.1880,9.0018,10.0721,11.1019,12.3779,13.4766,14.4089,15.5891,16.5684,17.6118,18.5402,19.3380,20.2839,21.2687,22.2055,23.1441,24.1309,25.0215,25.8479,26.3978,26.9086,27.2417,27.3663,27.4601"
EP00454,C2_covariance,14,RATE_LOSS,"0.6285,0.4926,0.5981,0.4735,0.5355,0.0418,0.0075,0.4226,0.0075,0.1641,0.1144,0.0629,0.1616,0.2814,1.4501,0.8990,0.6096,0.2609,0.2414,0.5200,0.5636,0.7510,0.6180,0.6111,0.3996,0.8187,2.1794,2.1410,2.3576,1.6703,0.3424,0.0743,0.0067,0.5977,0.8671,0.9225,0.9786,0.9522,1.0457,0.7267,0.9139,0.6883,0.9688"
EP00454,C3_both,14,RATE_LOSS,"0.6956,0.4926,0.5981,0.4735,0.5355,0.0946,0.1315,0.4226,0.1637,0.3166,0.2549,0.6635,1.3221,2.2893,3.4296,4.4492,5.4471,6.1126,7.2331,8.1880,9.0018,10.0721,11.1019,12.3779,13.4766,14.4089,15.5891,16.5684,17.6118,18.5402,19.3380,20.2839,21.2687,22.2055,23.1441,24.1309,25.0215,25.8479,26.3978,26.9086,27.2417,27.3663,27.4601"
EP00455,C1_variability,18,CHANNEL_DROPOUT,"1.2821,0.2843,0.1647,0.0486,0.0225,0.3072,0.3439,0.1354,0.0711,0.1846,0.1706,0.0877,0.1872,0.2156,0.3655,0.5188,0.4923,0.6964,12.3290,20.4733,20.6448,23.3833,23.6734,23.7422,23.9299,23.6369,23.1961,22.9077,23.1634,23.2560,23.2936,23.7318,23.8342,24.1703,23.6832,23.6720,23.8679,23.6237,23.3894,23.2061,23.3153,23.3696,23.4375"
EP00455,C2_covariance,18,CHANNEL_DROPOUT,"0.7102,0.5741,0.6798,0.5549,0.6171,0.0388,0.0732,0.3231,0.0806,0.0388,0.1177,0.1231,0.0983,0.2441,1.3358,0.5605,0.4289,0.1338,0.7889,1.8715,2.3110,2.1496,1.8203,1.9099,1.6848,1.5520,2.0078,1.9387,2.0361,1.4286,1.9829,2.0534,2.0944,2.9124,3.1130,3.1292,2.9565,2.9178,3.0268,2.8651,2.9785,2.7871,2.6899"
EP00455,C3_both,18,CHANNEL_DROPOUT,"1.2821,0.5741,0.6798,0.5549,0.6171,0.3072,0.3439,0.3231,0.0806,0.1846,0.1706,0.1231,0.1872,0.2441,1.3358,0.5605,0.4923,0.6964,12.3290,20.4733,20.6448,23.3833,23.6734,23.7422,23.9299,23.6369,23.1961,22.9077,23.1634,23.2560,23.2936,23.7318,23.8342,24.1703,23.6832,23.6720,23.8679,23.6237,23.3894,23.2061,23.3153,23.3696,23.4375"
EP00456,C1_variability,26,CHANNEL_DROPOUT,"0.7103,0.0770,0.4314,0.2771,0.0450,0.3742,0.4109,0.2027,0.1384,0.3839,0.0393,0.0201,0.1115,0.0345,0.2133,0.1719,0.2016,0.1428,0.0874,0.0841,0.2906,0.4520,0.8700,0.9797,1.9521,4.8267,23.2088,40.5533,44.3556,44.4314,44.5219,44.8768,44.9528,45.2066,45.2851,45.2716,45.1560,45.2984,45.4285,45.2843,45.1486,45.1244,45.0150"
EP00456,C2_covariance,26,CHANNEL_DROPOUT,"0.5807,0.4450,0.5504,0.4258,0.4878,0.0890,0.0547,0.3703,0.0472,0.1664,0.0103,0.2505,0.2204,0.3472,1.2116,0.6941,0.5102,0.3230,0.0103,0.1733,0.4742,0.2541,1.4850,2.5858,2.1562,2.9539,4.4649,9.1635,11.2266,11.3751,12.0740,12.1217,11.9650,13.0760,13.2390,13.2514,13.3078,13.2968,13.3071,13.3384,13.6642,13.4942,13.2574"
EP00456,C3_both,26,CHANNEL_DROPOUT,"0.7103,0.4450,0.5504,0.4258,0.4878,0.3742,0.4109,0.3703,0.1384,0.3839,0.0393,0.2505,0.2204,0.3472,1.2116,0.6941,0.5102,0.3230,0.0874,0.1733,0.4742,0.4520,1.4850,2.5858,2.1562,4.8267,23.2088,40.5533,44.3556,44.4314,44.5219,44.8768,44.9528,45.2066,45.2851,45.2716,45.1560,45.2984,45.4285,45.2843,45.1486,45.1244,45.0150"
EP00457,C1_variability,22,CHANNEL_DROPOUT,"0.8886,0.2582,0.1109,0.0300,0.0028,0.3323,0.3690,0.1606,0.0963,0.1515,0.0028,0.0623,0.1538,0.0890,0.1713,0.1477,0.3713,0.5107,1.7057,2.8220,3.9098,5.8884,32.0836,54.2054,54.6875,59.8958,59.8958,59.8958,59.8958,59.8958,59.8958,59.8958,59.8958,59.8958,59.8958,59.8958,59.8958,59.8958,59.8958,59.8958,59.8958,59.8958,59.8958"
EP00457,C2_covariance,22,CHANNEL_DROPOUT,"0.6323,0.4965,0.6019,0.4773,0.5394,0.0381,0.0037,0.4093,0.0037,0.1155,0.0407,0.1997,0.1696,0.2966,1.2231,0.6438,0.4783,0.1190,1.5407,6.0849,11.1524,15.3420,18.0462,27.3924,35.9423,41.8284,41.2481,41.1444,41.1634,41.0780,41.4264,41.7928,41.6682,42.0892,42.2404,42.7578,42.6715,42.6196,42.5724,42.4982,42.8816,42.7892,42.8862"
EP00457,C3_both,22,CHANNEL_DROPOUT,"0.8886,0.4965,0.6019,0.4773,0.5394,0.3323,0.3690,0.4093,0.0963,0.1515,0.0407,0.1997,0.1696,0.2966,1.2231,0.6438,0.4783,0.5107,1.7057,6.0849,11.1524,15.3420,32.0836,54.2054,54.6875,59.8958,59.8958,59.8958,59.8958,59.8958,59.8958,59.8958,59.8958,59.8958,59.8958,59.8958,59.8958,59.8958,59.8958,59.8958,59.8958,59.8958,59.8958"
EP00458,C1_variability,17,CHANNEL_DROPOUT,"1.4703,0.1906,0.1409,0.0307,0.1062,0.3025,0.3393,0.1308,0.0664,0.2121,0.1242,0.0997,0.1908,0.3030,0.5776,0.8102,0.8823,5.3270,16.9609,16.9221,17.3998,16.9389,19.0028,25.6163,29.1014,26.0593,25.7289,26.5760,23.3656,23.5087,24.2646,23.9232,23.8780,24.2142,24.3188,24.3638,24.3087,24.3138,24.2816,24.0739,24.0499,23.8519,23.7536"
EP00458,C2_covariance,17,CHANNEL_DROPOUT,"0.6709,0.5349,0.6405,0.5157,0.5779,0.0000,0.0344,0.3468,0.0418,0.0775,0.0788,0.1583,0.1397,0.2756,1.3258,0.6268,0.4686,0.0819,0.3206,0.3438,0.4872,0.4515,0.3583,0.4287,0.4042,0.7215,2.4908,2.4170,2.5596,1.4867,1.5754,1.5908,1.5978,2.3910,2.6681,2.6654,2.6048,2.5243,2.6068,2.5331,2.6176,2.3497,2.1640"
EP00458,C3_both,17,CHANNEL_DROPOUT,"1.4703,0.5349,0.6405,0.5157,0.5779,0.3025,0.3393,0.3468,0.0664,0.2121,0.1242,0.1583,0.1908,0.3030,1.3258,0.8102,0.8823,5.3270,16.9609,16.9221,17.3998,16.9389,19.0028,25.6163,29.1014,26.0593,25.7289,26.5760,23.3656,23.5087,24.2646,23.9232,23.8780,24.2142,24.3188,24.3638,24.3087,24.3138,24.2816,24.0739,24.0499,23.8519,23.7536"
EP00459,C1_variability,22,CHANNEL_DROPOUT,"1.3360,0.3180,0.2851,0.1629,0.0028,0.3323,0.3690,0.1606,0.0963,0.1999,0.0028,0.0623,0.1538,0.2984,0.2146,0.2547,0.1366,0.2978,0.8567,1.0307,1.6439,2.5952,29.3400,35.7718,36.1970,41.3152,38.9045,42.5953,45.0350,53.9887,48.0468,47.9558,47.8739,47.9888,48.2882,48.2167,48.1874,48.1625,48.4027,48.3455,48.3004,48.2297,47.9731"
EP00459,C2_covariance,22,CHANNEL_DROPOUT,"0.6323,0.4965,0.6019,0.4773,0.5394,0.0381,0.0037,0.5082,0.0037,0.1155,0.0407,0.1997,0.1696,0.2966,1.4138,0.6438,0.4876,0.2780,0.2259,0.5542,0.8476,1.1385,1.6502,3.1430,3.9573,4.1213,5.1934,6.9920,8.6674,9.2826,11.8651,11.8598,11.7045,12.3267,12.7106,12.8989,12.8061,12.5686,12.5275,12.3436,12.6042,12.4269,12.4158"
EP00459,C3_both,22,CHANNEL_DROPOUT,"1.3360,0.4965,0.6019,0.4773,0.5394,0.3323,0.3690,0.5082,0.0963,0.1999,0.0407,0.1997,0.1696,0.2984,1.4138,0.6438,0.4876,0.2978,0.8567,1.0307,1.6439,2.5952,29.3400,35.7718,36.1970,41.3152,38.9045,42.5953,45.0350,53.9887,48.0468,47.9558,47.8739,47.9888,48.2882,48.2167,48.1874,48.1625,48.4027,48.3455,48.3004,48.2297,47.9731"
EP00460,C1_variability,21,CHANNEL_DROPOUT,"0.8359,0.1811,0.2740,0.1808,0.0000,0.3295,0.3662,0.1578,0.0935,0.1145,0.0057,0.0652,0.1566,0.5981,0.2287,0.2767,0.1102,0.4616,0.9017,1.1860,1.8444,9.5643,18.5721,21.9527,35.7451,27.6042,42.6437,42.7083,47.3958,52.6042,57.8125,59.8958,59.8958,59.8958,59.8958,59.8958,59.8958,59.8958,59.8958,59.8958,59.8958,59.8958,59.8958"
EP00460,C2_covariance,21,CHANNEL_DROPOUT,"0.6709,0.5349,0.6405,0.5157,0.5779,0.0000,0.0344,0.3913,0.0418,0.0775,0.0788,0.1618,0.1316,0.2587,1.3028,0.6062,0.3686,0.4525,0.0016,0.8355,2.7218,3.0100,5.4643,8.7365,12.0773,14.2003,19.4250,23.3928,27.5396,33.2003,36.5256,39.9722,40.2525,40.6333,40.8655,40.5862,40.4065,40.4723,40.5339,40.0164,40.4423,40.4084,40.2794"
EP00460,C3_both,21,CHANNEL_DROPOUT,"0.8359,0.5349,0.6405,0.5157,0.5779,0.3295,0.3662,0.3913,0.0935,0.1145,0.0788,0.1618,0.1566,0.5981,1.3028,0.6062,0.3686,0.4616,0.9017,1.1860,2.7218,9.5643,18.5721,21.9527,35.7451,27.6042,42.6437,42.7083,47.3958,52.6042,57.8125,59.8958,59.8958,59.8958,59.8958,59.8958,59.8958,59.8958,59.8958,59.8958,59.8958,59.8958,59.8958"
EP00461,C1_variability,21,CHANNEL_DROPOUT,"1.2495,0.3398,0.3164,0.1943,0.0000,0.3295,0.3662,0.1578,0.0935,0.2082,0.0057,0.0652,0.1566,0.4049,0.2604,0.2990,0.2037,0.4120,0.3240,0.1338,0.5063,0.6478,2.8387,5.1481,5.6822,5.4993,4.4035,4.3653,4.2203,4.0982,4.0342,6.6756,7.0084,7.7479,7.8937,22.0689,21.9407,21.8998,21.9441,21.6475,23.0565,22.9090,22.1695"
EP00461,C2_covariance,21,CHANNEL_DROPOUT,"0.6361,0.5002,0.6057,0.4810,0.5431,0.0343,0.0006,0.3512,0.0074,0.1118,0.0444,0.1960,0.1659,0.2929,1.2872,0.6401,0.4561,0.2720,0.1035,0.4281,0.4848,0.6705,0.4739,0.2344,0.0056,0.4253,2.0451,2.0091,2.0983,1.2138,0.5936,0.8640,0.8970,1.6914,2.0160,2.2338,2.1446,2.0132,2.0859,1.9322,2.4039,2.1042,2.3014"
EP00461,C3_both,21,CHANNEL_DROPOUT,"1.2495,0.5002,0.6057,0.4810,0.5431,0.3295,0.3662,0.3512,0.0935,0.2082,0.0444,0.1960,0.1659,0.4049,1.2872,0.6401,0.4561,0.4120,0.3240,0.4281,0.5063,0.6705,2.8387,5.1481,5.6822,5.4993,4.4035,4.3653,4.2203,4.0982,4.0342,6.6756,7.0084,7.7479,7.8937,22.0689,21.9407,21.8998,21.9441,21.6475,23.0565,22.9090,22.1695"
EP00462,C1_variability,18,CHANNEL_DROPOUT,"1.3286,0.1951,0.1713,0.0417,0.0225,0.3072,0.3439,0.1354,0.0711,0.2141,0.0281,0.0877,0.1792,0.3129,0.2861,0.4110,0.3267,0.9554,1.5247,10.4156,9.4307,9.2616,11.2739,11.3152,19.9142,22.6960,17.5700,16.9974,20.5315,19.9741,20.4569,25.0217,23.3847,25.4351,26.4222,28.5194,27.9614,35.6244,37.8751,36.6062,35.5080,42.2304,42.8864"
EP00462,C2_covariance,18,CHANNEL_DROPOUT,"0.7102,0.5741,0.6798,0.5549,0.6171,0.0388,0.0732,0.3253,0.0806,0.0388,0.1177,0.1231,0.0930,0.2212,1.3079,0.5903,0.3993,0.2002,0.3009,1.4042,1.8780,1.7610,1.8383,2.0620,2.2904,2.2091,2.3581,2.6449,3.5416,4.4938,5.3415,6.3782,7.5037,8.6999,9.2430,9.1349,9.2443,10.1555,11.2363,11.0487,11.4378,12.2651,13.0392"
EP00462,C3_both,18,CHANNEL_DROPOUT,"1.3286,0.5741,0.6798,0.5549,0.6171,0.3072,0.3439,0.3253,0.0806,0.2141,0.1177,0.1231,0.1792,0.3129,1.3079,0.5903,0.3993,0.9554,1.5247,10.4156,9.4307,9.2616,11.2739,11.3152,19.9142,22.6960,17.5700,16.9974,20.5315,19.9741,20.4569,25.0217,23.3847,25.4351,26.4222,28.5194,27.9614,35.6244,37.8751,36.6062,35.5080,42.2304,42.8864"
EP00463,C1_variability,14,CHANNEL_DROPOUT,"1.0119,0.1925,0.1841,0.0182,0.0089,0.3207,0.3574,0.1490,0.0846,0.1871,0.0824,0.3948,0.6101,0.9161,1.3955,8.3837,14.7186,13.6832,18.8325,22.3901,20.1307,22.0732,25.6839,25.8690,27.3686,23.9753,26.5625,27.6042,30.2083,31.7708,32.8125,33.8542,36.4583,39.5833,42.7083,45.8333,48.9583,74.7374,53.1389,56.2500,57.2917,59.8958,59.8958"
EP00463,C2_covariance,14,CHANNEL_DROPOUT,"0.6251,0.4892,0.5947,0.4701,0.5321,0.0452,0.0109,0.5045,0.0034,0.1539,0.1599,0.2106,0.1353,0.0796,1.2715,0.8602,1.8137,1.9466,3.4908,4.3100,5.0891,5.3740,5.9998,7.2760,7.4975,6.9503,8.3097,9.6597,11.7801,11.9792,13.7821,14.3037,16.2790,19.0436,20.8666,23.4578,26.5586,29.2643,31.6862,35.1612,36.9763,41.0910,41.2027"
EP00463,C3_both,14,CHANNEL_DROPOUT,"1.0119,0.4892,0.5947,0.4701,0.5321,0.3207,0.3574,0.5045,0.0846,0.1871,0.1599,0.3948,0.6101,0.9161,1.3955,8.3837,14.7186,13.6832,18.8325,22.3901,20.1307,22.0732,25.6839,25.8690,27.3686,23.9753,26.5625,27.6042,30.2083,31.7708,32.8125,33.8542,36.4583,39.5833,42.7083,45.8333,48.9583,74.7374,53.1389,56.2500,57.2917,59.8958,59.8958"
EP00464,C1_variability,18,GAIN_DRIFT,"1.1744,0.6157,0.1306,0.0103,0.0168,0.3128,0.3495,0.1410,0.0767,0.2825,0.0471,0.0820,0.1765,1.5554,2.8485,5.1512,8.8621,12.2773,16.2498,17.5736,19.0875,18.4719,19.6056,18.5127,17.3455,18.5239,17.9418,17.8270,17.3998,19.0082,18.9725,18.6919,18.7425,19.0052,18.8698,19.7518,18.0467,18.2132,17.6570,17.9020,17.4757,17.3909,16.7366"
EP00464,C2_covariance,18,GAIN_DRIFT,"0.7102,0.5741,0.6798,0.5549,0.6171,0.0388,0.0732,0.3534,0.0806,0.0562,0.1177,0.1231,0.0975,0.2067,1.3358,0.6539,0.4237,0.1101,0.1761,0.7069,0.6366,0.7364,0.6262,0.3183,0.2710,0.5041,2.1053,2.0855,2.2540,1.1297,0.2561,0.1625,0.2045,0.9205,1.0441,1.0790,0.9803,0.9269,0.9917,0.9211,1.1516,0.9133,0.9220"
EP00464,C3_both,18,GAIN_DRIFT,"1.1744,0.6157,0.6798,0.5549,0.6171,0.3128,0.3495,0.3534,0.0806,0.2825,0.1177,0.1231,0.1765,1.5554,2.8485,5.1512,8.8621,12.2773,16.2498,17.5736,19.0875,18.4719,19.6056,18.5127,17.3455,18.5239,17.9418,17.8270,17.3998,19.0082,18.9725,18.6919,18.7425,19.0052,18.8698,19.7518,18.0467,18.2132,17.6570,17.9020,17.4757,17.3909,16.7366"
EP00465,C1_variability,13,GAIN_DRIFT,"0.1751,0.0000,0.1315,0.0094,0.0178,0.3118,0.3486,0.1537,1.2700,3.6918,6.8927,11.2683,17.4917,26.8738,37.1666,42.7128,44.2249,42.9533,44.6427,45.5116,44.7239,45.1725,44.5794,43.0418,43.8759,44.0815,42.1465,45.2004,43.7745,45.9957,45.8333,45.4743,45.6301,44.3103,43.7133,44.6551,43.8069,44.1627,42.9508,40.2571,41.2456,43.4421,42.9701"
EP00465,C2_covariance,13,GAIN_DRIFT,"0.1345,0.0000,0.1044,0.0190,0.0425,0.5293,0.4953,0.5998,0.6178,0.4973,0.2527,1.5918,0.8131,1.5596,0.1204,0.2311,0.0932,0.0523,0.4160,0.6044,0.7243,0.4543,0.3258,0.2306,0.1163,0.4713,1.8932,2.0864,1.7438,0.5611,0.2296,0.1291,0.1295,0.9342,1.0276,1.1389,1.4029,1.3471,1.3674,1.2185,1.4234,1.0963,0.9573"
EP00465,C3_both,13,GAIN_DRIFT,"0.1751,0.0000,0.1315,0.0190,0.0425,0.5293,0.4953,0.5998,1.2700,3.6918,6.8927,11.2683,17.4917,26.8738,37.1666,42.7128,44.2249,42.9533,44.6427,45.5116,44.7239,45.1725,44.5794,43.0418,43.8759,44.0815,42.1465,45.2004,43.7745,45.9957,45.8333,45.4743,45.6301,44.3103,43.7133,44.6551,43.8069,44.1627,42.9508,40.2571,41.2456,43.4421,42.9701"
EP00466,C1_variability,21,GAIN_DRIFT,"1.1939,0.0977,0.1572,0.0328,0.0057,0.3351,0.3718,0.1635,0.0991,0.1172,0.0000,0.0595,0.1510,0.0601,0.4215,0.6173,4.1092,7.0519,11.2588,14.5048,25.3643,50.5893,82.6387,94.8620,96.4696,99.0470,98.9130,98.7936,98.9865,98.6263,98.3723,95.9591,98.6994,98.3692,97.4713,98.2700,99.8398,100.4208,103.2065,99.1904,101.5717,101.7142,101.1993"
EP00466,C2_covariance,21,GAIN_DRIFT,"0.6286,0.4927,0.5982,0.4735,0.5356,0.0418,0.0074,0.4377,0.0036,0.1192,0.0370,0.2034,0.1733,0.3003,1.3583,0.6387,0.6570,0.5977,4.1706,6.3938,7.5190,7.5744,3.7868,2.0561,1.6808,1.4478,0.8858,0.8492,1.3528,1.6846,2.0282,2.4715,2.4030,3.1524,3.0911,3.4704,3.3416,2.9771,3.0903,2.9492,2.9473,2.7975,2.7044"
EP00466,C3_both,21,GAIN_DRIFT,"1.1939,0.4927,0.5982,0.4735,0.5356,0.3351,0.3718,0.4377,0.0991,0.1192,0.0370,0.2034,0.1733,0.3003,1.3583,0.6387,4.1092,7.0519,11.2588,14.5048,25.3643,50.5893,82.6387,94.8620,96.4696,99.0470,98.9130,98.7936,98.9865,98.6263,98.3723,95.9591,98.6994,98.3692,97.4713,98.2700,99.8398,100.4208,103.2065,99.1904,101.5717,101.7142,101.1993"
EP00467,C1_variability,18,GAIN_DRIFT,"0.9135,0.4033,0.1326,0.0300,0.0028,0.3323,0.3690,0.2236,0.0963,0.2516,0.0028,0.0623,0.1549,0.1166,0.3327,0.7093,1.8869,3.3194,4.7847,5.9160,7.9423,9.0007,10.7655,12.3116,14.7048,14.7687,15.9376,17.2358,17.7658,17.2494,17.5420,17.4165,17.7863,17.3568,17.5147,17.5010,16.9589,18.3804,17.0702,16.5922,16.8890,17.0714,16.8671"
EP00467,C2_covariance,18,GAIN_DRIFT,"0.7102,0.5741,0.6798,0.5549,0.6171,0.0388,0.0732,0.3830,0.0806,0.0388,0.1177,0.1231,0.0933,0.2271,1.3647,0.5329,0.3647,0.1750,0.2526,0.6383,0.7906,0.9954,0.8122,0.5914,0.4860,0.6220,2.0110,2.0750,2.2369,1.5386,0.3109,0.0775,0.0403,0.7958,1.0742,1.1272,0.8902,0.8497,0.9466,0.8249,1.2063,0.9030,1.3171"
EP00467,C3_both,18,GAIN_DRIFT,"0.9135,0.5741,0.6798,0.5549,0.6171,0.3323,0.3690,0.3830,0.0963,0.2516,0.1177,0.1231,0.1549,0.2271,1.3647,0.7093,1.8869,3.3194,4.7847,5.9160,7.9423,9.0007,10.7655,12.3116,14.7048,14.7687,15.9376,17.2358,17.7658,17.2494,17.5420,17.4165,17.7863,17.3568,17.5147,17.5010,16.9589,18.3804,17.0702,16.5922,16.8890,17.0714,16.8671"
EP00468,C1_variability,27,GAIN_DRIFT,"0.6268,0.0383,0.4511,0.2980,0.0178,0.3118,0.3486,0.1467,0.0757,0.2963,0.0234,0.0830,0.1745,0.1820,0.1507,0.1093,0.1390,0.2058,0.1503,0.1471,0.2833,0.1311,1.5373,2.9782,5.1041,9.0966,15.7417,20.0215,27.3207,32.8633,41.4171,44.3277,46.5442,49.2759,48.3399,48.2525,47.9181,49.3311,46.8707,47.4668,47.6358,46.7169,47.8065"
EP00468,C2_covariance,27,GAIN_DRIFT,"0.7496,0.6134,0.7191,0.5942,0.6564,0.0776,0.1120,0.2814,0.1195,0.0000,0.1566,0.0844,0.0542,0.1815,1.0640,0.5295,0.3450,0.1572,0.1772,0.3408,0.5478,0.3963,0.2366,0.1222,0.4794,0.6181,1.6944,1.5863,1.7272,1.2434,0.2677,0.1831,0.2638,0.9509,1.2071,1.2029,1.1026,1.1311,1.2405,1.2041,1.3700,1.1329,1.0059"
EP00468,C3_both,27,GAIN_DRIFT,"0.7496,0.6134,0.7191,0.5942,0.6564,0.3118,0.3486,0.2814,0.1195,0.2963,0.1566,0.0844,0.1745,0.1820,1.0640,0.5295,0.3450,0.2058,0.1772,0.3408,0.5478,0.3963,1.5373,2.9782,5.1041,9.0966,15.7417,20.0215,27.3207,32.8633,41.4171,44.3277,46.5442,49.2759,48.3399,48.2525,47.9181,49.3311,46.8707,47.4668,47.6358,46.7169,47.8065"
EP00469,C1_variability,20,GAIN_DRIFT,"0.5657,0.1499,0.1109,0.0300,0.0028,0.3323,0.3690,0.1606,0.0963,0.1489,0.0028,0.1403,0.1538,0.1306,0.4307,0.6325,3.1448,6.7939,12.9754,19.1830,25.6809,35.0587,44.5984,53.8564,64.0083,75.2992,88.0703,96.9303,105.6678,103.8606,99.8994,97.5339,97.7937,100.0425,101.2751,100.7897,100.4490,101.9424,101.1550,99.2893,98.5647,96.7003,98.2997"
EP00469,C2_covariance,20,GAIN_DRIFT,"0.6535,0.5176,0.6231,0.4984,0.5605,0.0172,0.0172,0.4585,0.0246,0.0947,0.0616,0.1789,0.1488,0.2758,1.4102,0.6641,0.5282,0.2073,0.3356,0.8907,2.3635,3.6246,4.0577,5.5787,6.3133,7.0053,8.0500,8.9850,8.7474,8.7938,9.2229,9.4002,9.2268,9.0843,9.0152,8.8377,8.1418,8.5423,7.8827,7.9528,8.4059,8.0988,8.4779"
EP00469,C3_both,20,GAIN_DRIFT,"0.6535,0.5176,0.6231,0.4984,0.5605,0.3323,0.3690,0.4585,0.0963,0.1489,0.0616,0.1789,0.1538,0.2758,1.4102,0.6641,3.1448,6.7939,12.9754,19.1830,25.6809,35.0587,44.5984,53.8564,64.0083,75.2992,88.0703,96.9303,105.6678,103.8606,99.8994,97.5339,97.7937,100.0425,101.2751,100.7897,100.4490,101.9424,101.1550,99.2893,98.5647,96.7003,98.2997"
EP00470,C1_variability,13,GAIN_DRIFT,"0.7498,0.0975,0.2082,0.0462,0.0262,0.3035,0.3402,0.1320,0.2172,0.3584,0.0555,0.7140,1.0974,2.0096,2.8014,3.4287,3.7162,4.6691,5.4364,5.3124,5.7138,6.4599,7.3947,7.8049,7.5349,7.7623,8.7011,9.4965,10.5030,11.9447,12.1591,12.7841,12.9191,13.4946,13.0364,13.8729,14.8474,15.6450,15.8585,14.3027,15.8195,15.9282,16.2883"
EP00470,C2_covariance,13,GAIN_DRIFT,"0.6299,0.4941,0.5995,0.4749,0.5370,0.0404,0.0061,0.5475,0.0014,0.1177,0.0964,0.1864,0.1661,0.2807,1.5209,0.8354,0.5616,0.2412,0.2573,0.6433,0.6432,0.9835,0.7275,0.5011,0.4881,0.8448,2.3670,2.3689,2.4922,1.6401,0.5311,0.2243,0.0614,0.8173,1.0419,1.0613,0.9249,0.8814,0.9219,0.7833,1.0224,0.7988,0.8780"
EP00470,C3_both,13,GAIN_DRIFT,"0.7498,0.4941,0.5995,0.4749,0.5370,0.3035,0.3402,0.5475,0.2172,0.3584,0.0964,0.7140,1.0974,2.0096,2.8014,3.4287,3.7162,4.6691,5.4364,5.3124,5.7138,6.4599,7.3947,7.8049,7.5349,7.7623,8.7011,9.4965,10.5030,11.9447,12.1591,12.7841,12.9191,13.4946,13.0364,13.8729,14.8474,15.6450,15.8585,14.3027,15.8195,15.9282,16.2883"
EP00471,C1_variability,17,GAIN_DRIFT,"1.3314,0.0094,0.1409,0.0000,0.0271,0.3025,0.3393,0.1308,0.0664,0.1608,0.1930,0.0871,0.1604,0.5684,1.3204,2.5823,4.0334,5.6669,7.2561,8.9588,9.3753,10.6258,12.8372,13.9792,14.3893,17.8688,19.6073,21.5177,21.7562,24.7493,26.0185,27.0768,28.1221,29.6589,31.6449,33.9725,36.0963,36.8938,38.1027,38.2409,37.7732,39.6942,39.6556"
EP00471,C2_covariance,17,GAIN_DRIFT,"0.6709,0.5349,0.6405,0.5157,0.5779,0.0000,0.0344,0.3177,0.0418,0.0775,0.0788,0.1594,0.1351,0.2439,1.3256,0.6574,0.4566,0.2496,0.1193,0.6443,0.5688,0.7504,0.5886,0.2876,0.3265,0.5756,2.3011,2.2667,2.0218,1.0997,0.3638,0.2678,0.2959,1.0313,1.1119,0.9783,0.8751,0.9269,1.0832,1.0773,1.3347,1.1350,1.0118"
EP00471,C3_both,17,GAIN_DRIFT,"1.3314,0.5349,0.6405,0.5157,0.5779,0.3025,0.3393,0.3177,0.0664,0.1608,0.1930,0.1594,0.1604,0.5684,1.3256,2.5823,4.0334,5.6669,7.2561,8.9588,9.3753,10.6258,12.8372,13.9792,14.3893,17.8688,19.6073,21.5177,21.7562,24.7493,26.0185,27.0768,28.1221,29.6589,31.6449,33.9725,36.0963,36.8938,38.1027,38.2409,37.7732,39.6942,39.6556"
EP00472,C1_variability,27,GAIN_DRIFT,"0.4704,0.0501,0.3803,0.2393,0.0178,0.3118,0.3486,0.1401,0.0757,0.3389,0.0234,0.0830,0.1745,0.0427,0.1507,0.1394,0.1390,0.2058,0.1503,0.1471,0.3032,0.1393,1.4180,3.1243,4.8046,8.1776,13.1522,18.4493,23.0353,29.1411,35.3565,41.0862,46.7345,50.6631,57.1089,67.2818,69.9002,75.4968,76.1196,79.9148,84.3371,89.1284,90.5100"
EP00472,C2_covariance,27,GAIN_DRIFT,"0.7496,0.6134,0.7191,0.5942,0.6564,0.0776,0.1120,0.2874,0.1195,0.0003,0.1566,0.0844,0.0542,0.1815,1.0851,0.5295,0.3450,0.1572,0.1772,0.3408,0.5478,0.4338,0.2100,0.1198,0.4456,0.5316,1.7453,1.6107,1.8854,0.5720,0.4065,0.3528,0.4325,1.1149,1.5508,1.9118,2.1834,2.4464,2.8080,2.5336,2.8493,2.4786,2.5135"
EP00472,C3_both,27,GAIN_DRIFT,"0.7496,0.6134,0.7191,0.5942,0.6564,0.3118,0.3486,0.2874,0.1195,0.3389,0.1566,0.0844,0.1745,0.1815,1.0851,0.5295,0.3450,0.2058,0.1772,0.3408,0.5478,0.4338,1.4180,3.1243,4.8046,8.1776,13.1522,18.4493,23.0353,29.1411,35.3565,41.0862,46.7345,50.6631,57.1089,67.2818,69.9002,75.4968,76.1196,79.9148,84.3371,89.1284,90.5100"
EP00473,C1_variability,25,GEOMETRY_ROTATION,"0.9492,0.2146,0.2746,0.1940,0.0936,0.2365,0.2733,0.1193,0.0000,0.2698,0.1094,0.1589,0.2506,0.1811,0.0963,0.1166,0.0634,0.2820,0.2264,0.1978,2.0784,2.7827,4.4260,5.5505,6.6017,6.8863,7.8465,8.9294,8.1218,7.8740,7.6139,8.4759,8.6733,8.7889,8.6326,10.3773,10.1712,9.8405,10.5222,8.3314,7.7237,8.3337,7.4393"
EP00473,C2_covariance,25,GEOMETRY_ROTATION,"0.5912,0.4554,0.5608,0.4362,0.4983,0.0787,0.0444,0.3808,0.0369,0.1561,0.0000,0.2402,0.2101,0.3370,1.2378,0.6840,0.5000,0.3128,0.0206,0.1846,0.4651,0.6480,1.7254,3.2220,4.3503,5.7690,6.0639,6.4047,6.7662,7.1563,7.5662,7.8465,7.8543,8.6172,8.9999,9.0671,9.0914,8.9984,9.1916,9.0013,9.1673,8.8402,8.6572"
EP00473,C3_both,25,GEOMETRY_ROTATION,"0.9492,0.4554,0.5608,0.4362,0.4983,0.2365,0.2733,0.3808,0.0369,0.2698,0.1094,0.2402,0.2506,0.3370,1.2378,0.6840,0.5000,0.3128,0.2264,0.1978,2.0784,2.7827,4.4260,5.5505,6.6017,6.8863,7.8465,8.9294,8.1218,7.8740,7.6139,8.4759,8.6733,8.7889,8.9999,10.3773,10.1712,9.8405,10.5222,9.0013,9.1673,8.8402,8.6572"
EP00474,C1_variability,23,GEOMETRY_ROTATION,"0.7672,0.3018,0.2258,0.0846,0.1118,0.2184,0.4123,0.0463,0.0182,0.0139,0.1698,0.1771,0.2688,0.1368,0.0948,0.1072,0.2594,0.8259,2.0637,3.7981,4.3981,5.8057,7.2421,8.8601,9.6550,9.8939,10.3236,10.4572,10.3466,10.0819,9.7708,9.6991,9.7513,9.5385,10.0179,9.9439,9.9517,9.5192,9.3420,9.4159,9.5542,9.6071,9.8516"
EP00474,C2_covariance,23,GEOMETRY_ROTATION,"0.6286,0.4927,0.5982,0.4735,0.5356,0.0418,0.0074,0.4093,0.0000,0.1192,0.0370,0.2034,0.1733,0.3003,1.4143,0.7084,0.4634,0.2625,1.0833,3.7312,6.0953,7.8822,9.7437,12.0461,13.5373,14.1056,13.1720,13.0813,13.3321,13.7082,14.6743,14.8412,15.0790,15.7473,15.8353,15.8207,15.6224,15.8986,15.8275,15.6017,15.7869,15.5583,15.5822"
EP00474,C3_both,23,GEOMETRY_ROTATION,"0.7672,0.4927,0.5982,0.4735,0.5356,0.2184,0.4123,0.4093,0.0182,0.1192,0.1698,0.2034,0.2688,0.3003,1.4143,0.7084,0.4634,0.8259,2.0637,3.7981,6.0953,7.8822,9.7437,12.0461,13.5373,14.1056,13.1720,13.0813,13.3321,13.7082,14.6743,14.8412,15.0790,15.7473,15.8353,15.8207,15.6224,15.8986,15.8275,15.6017,15.7869,15.5583,15.5822"
EP00475,C1_variability,26,GEOMETRY_ROTATION,"0.9456,0.0426,0.1804,0.0813,0.0604,0.2695,0.3063,0.1175,0.0332,0.2059,0.0660,0.1256,0.2172,0.0853,0.2083,0.2747,0.1270,0.2486,0.1930,0.1898,0.6455,2.5144,4.1203,4.4227,7.0186,10.4334,16.3128,25.0855,22.8383,22.4385,22.0914,22.0761,22.0360,21.9403,21.7851,21.9940,22.9226,21.8268,23.1934,21.9287,22.1193,22.2341,22.3521"
EP00475,C2_covariance,26,GEOMETRY_ROTATION,"0.5807,0.4450,0.5504,0.4258,0.4878,0.0890,0.0547,0.4281,0.0472,0.1664,0.0103,0.2505,0.2204,0.3472,1.2482,0.6941,0.5102,0.3230,0.0103,0.1733,0.3746,6.4771,14.0299,17.1569,16.7942,15.4777,18.5178,21.5759,22.3228,22.8454,23.4322,23.4713,23.2743,23.4425,23.6945,23.6505,23.7429,23.8036,23.8039,23.5481,23.4886,23.2611,23.1756"
EP00475,C3_both,26,GEOMETRY_ROTATION,"0.9456,0.4450,0.5504,0.4258,0.4878,0.2695,0.3063,0.4281,0.0472,0.2059,0.0660,0.2505,0.2204,0.3472,1.2482,0.6941,0.5102,0.3230,0.1930,0.1898,0.6455,6.4771,14.0299,17.1569,16.7942,15.4777,18.5178,25.0855,22.8383,22.8454,23.4322,23.4713,23.2743,23.4425,23.6945,23.6505,23.7429,23.8036,23.8039,23.5481,23.4886,23.2611,23.1756"
EP00476,C1_variability,20,GEOMETRY_ROTATION,"1.0726,0.1390,0.2167,0.0756,0.1027,0.2274,0.2642,0.1016,0.0091,0.1770,0.1084,0.1680,0.2597,0.2317,0.3312,0.5461,1.1492,1.4422,2.5141,3.5433,5.1385,6.1387,7.0345,7.6930,7.9540,7.7843,7.1684,6.8598,7.0169,6.8787,7.3874,7.6359,7.3635,7.9864,7.9560,8.3556,8.5720,8.5701,8.7640,9.1677,9.1981,8.7909,8.6207"
EP00476,C2_covariance,20,GEOMETRY_ROTATION,"0.6535,0.5176,0.6231,0.4984,0.5605,0.0172,0.0172,0.3598,0.0246,0.0947,0.0616,0.1789,0.1488,0.2758,1.3193,0.5745,0.3231,0.0419,0.5845,1.1039,1.9292,2.0483,2.4705,3.2212,3.7758,4.0613,3.7441,3.9235,4.4478,4.7263,5.2538,5.2420,5.1703,5.8405,6.3708,6.3167,6.2320,6.1914,6.2027,6.3171,6.4340,6.1387,5.9275"
EP00476,C3_both,20,GEOMETRY_ROTATION,"1.0726,0.5176,0.6231,0.4984,0.5605,0.2274,0.2642,0.3598,0.0246,0.1770,0.1084,0.1789,0.2597,0.2758,1.3193,0.5745,1.1492,1.4422,2.5141,3.5433,5.1385,6.1387,7.0345,7.6930,7.9540,7.7843,7.1684,6.8598,7.0169,6.8787,7.3874,7.6359,7.3635,7.9864,7.9560,8.3556,8.5720,8.5701,8.7640,9.1677,9.1981,8.7909,8.6207"
EP00477,C1_variability,14,GEOMETRY_ROTATION,"0.5087,0.3324,0.4648,0.3230,0.3503,0.0185,0.0185,0.1914,0.3693,1.5462,2.6052,3.2911,4.2365,4.9607,6.0457,6.6213,7.4525,8.3227,9.1643,8.8815,9.0321,9.6069,9.2367,9.8468,10.1015,10.0882,10.5001,10.5595,10.6017,10.2710,9.9129,9.8316,9.8082,10.4901,10.8342,12.9525,10.2557,9.6918,9.4036,9.4832,9.6019,9.6971,9.9379"
EP00477,C2_covariance,14,GEOMETRY_ROTATION,"0.1133,0.0212,0.0832,0.0402,0.0212,0.5503,0.5163,0.8554,0.4945,0.2499,0.4430,0.8471,2.3663,3.6959,4.5913,6.3358,7.7835,9.0513,10.6094,11.7665,12.7733,13.0723,13.3182,13.9223,13.6207,13.5100,12.6597,12.6548,12.9322,13.2669,13.9388,14.1232,14.0985,14.6845,14.9884,15.1144,15.2374,14.8809,14.9241,14.6675,15.2019,14.8030,14.4702"
EP00477,C3_both,14,GEOMETRY_ROTATION,"0.5087,0.3324,0.4648,0.3230,0.3503,0.5503,0.5163,0.8554,0.4945,1.5462,2.6052,3.2911,4.2365,4.9607,6.0457,6.6213,7.7835,9.0513,10.6094,11.7665,12.7733,13.0723,13.3182,13.9223,13.6207,13.5100,12.6597,12.6548,12.9322,13.2669,13.9388,14.1232,14.0985,14.6845,14.9884,15.1144,15.2374,14.8809,14.9241,14.6675,15.2019,14.8030,14.4702"
EP00478,C1_variability,16,GEOMETRY_ROTATION,"0.4618,0.2270,0.3591,0.2176,0.2448,0.0863,0.1232,0.1343,0.1509,0.1327,1.6061,2.4296,4.1946,6.0372,6.8763,7.6454,8.4980,9.4146,10.8726,12.1774,13.5996,15.3113,17.0646,19.1425,21.1895,22.4940,23.4093,23.6400,23.6580,23.5924,23.3753,23.2990,23.4280,23.2107,23.0408,23.0315,23.0160,23.0997,23.0151,22.9902,23.1335,23.1784,23.3859"
EP00478,C2_covariance,16,GEOMETRY_ROTATION,"0.1133,0.0212,0.0832,0.0402,0.0212,0.5503,0.5163,0.6291,0.5089,0.6269,0.3973,0.4547,3.0797,5.2973,7.3412,9.6784,11.9629,13.6286,15.2946,16.6097,17.9542,18.3901,19.1030,20.2829,20.4155,20.1610,19.6972,19.8457,19.9815,20.2905,20.9360,21.3423,21.5051,22.3231,22.5722,22.8818,22.7721,22.7086,22.5511,22.0014,22.1869,21.7980,21.1879"
EP00478,C3_both,16,GEOMETRY_ROTATION,"0.4618,0.2270,0.3591,0.2176,0.2448,0.5503,0.5163,0.6291,0.5089,0.6269,1.6061,2.4296,4.1946,6.0372,7.3412,9.6784,11.9629,13.6286,15.2946,16.6097,17.9542,18.3901,19.1030,20.2829,21.1895,22.4940,23.4093,23.6400,23.6580,23.5924,23.3753,23.2990,23.4280,23.2107,23.0408,23.0315,23.0160,23.0997,23.0151,22.9902,23.1335,23.1784,23.3859"
EP00479,C1_variability,17,GEOMETRY_ROTATION,"1.2246,0.0758,0.2076,0.0665,0.0936,0.2365,0.2733,0.2588,0.1357,0.3800,0.0993,0.1392,0.6919,0.9142,0.9165,1.2248,1.7550,2.1309,2.7654,3.5115,3.4172,3.8377,3.7778,4.3028,4.3397,4.5427,5.0466,6.1023,5.6258,5.2929,5.3838,6.0352,5.9052,5.4704,6.7304,7.4650,7.1709,6.8319,7.1134,6.3543,6.8816,7.4922,6.5664"
EP00479,C2_covariance,17,GEOMETRY_ROTATION,"0.6709,0.5349,0.6405,0.5157,0.5779,0.0000,0.0344,0.3052,0.0418,0.0775,0.0788,0.1624,0.1243,0.2355,1.2884,0.5161,0.2849,0.0032,0.4545,0.8491,1.1022,0.8753,0.7663,1.1538,1.0722,1.2541,1.8322,1.7547,1.7880,2.0954,3.0172,3.3411,3.4805,4.6599,5.4679,5.7745,5.8833,6.0094,6.1211,5.9531,6.4390,6.3678,6.3111"
EP00479,C3_both,17,GEOMETRY_ROTATION,"1.2246,0.5349,0.6405,0.5157,0.5779,0.2365,0.2733,0.3052,0.1357,0.3800,0.0993,0.1624,0.6919,0.9142,1.2884,1.2248,1.7550,2.1309,2.7654,3.5115,3.4172,3.8377,3.7778,4.3028,4.3397,4.5427,5.0466,6.1023,5.6258,5.2929,5.3838,6.0352,5.9052,5.4704,6.7304,7.4650,7.1709,6.8319,7.1134,6.3543,6.8816,7.4922,6.5664"
EP00480,C1_variability,18,GEOMETRY_ROTATION,"0.9817,0.2382,0.5230,0.0756,0.1027,0.2274,0.2642,0.3344,0.1471,0.3051,0.1084,0.1680,0.1906,1.8361,1.3531,2.1268,2.9208,3.6210,4.9054,6.1542,5.7699,5.8870,6.2734,6.6492,6.8008,7.0317,8.1009,9.3331,9.7554,9.3413,10.4302,10.3850,9.3318,11.3348,11.0825,10.1573,8.9586,9.2258,9.4112,9.4677,9.6931,9.8749,10.1189"
EP00480,C2_covariance,18,GEOMETRY_ROTATION,"0.6323,0.4965,0.6019,0.4773,0.5394,0.0381,0.0037,0.3730,0.0037,0.1155,0.0407,0.1997,0.1690,0.2738,1.3638,0.2059,0.3952,1.0603,2.5968,3.6920,4.7449,5.2298,5.8300,6.8070,7.3349,7.9421,7.9481,8.5441,9.2721,10.2463,11.5747,12.2016,12.8580,14.0966,14.9789,15.4070,15.6723,15.9063,16.2105,16.3017,16.5171,16.2744,16.3481"
EP00480,C3_both,18,GEOMETRY_ROTATION,"0.9817,0.4965,0.6019,0.4773,0.5394,0.2274,0.2642,0.3730,0.1471,0.3051,0.1084,0.1997,0.1906,1.8361,1.3638,2.1268,2.9208,3.6210,4.9054,6.1542,5.7699,5.8870,6.2734,6.8070,7.3349,7.9421,8.1009,9.3331,9.7554,10.2463,11.5747,12.2016,12.8580,14.0966,14.9789,15.4070,15.6723,15.9063,16.2105,16.3017,16.5171,16.2744,16.3481"
EP00481,C1_variability,18,GEOMETRY_ROTATION,"0.6092,0.0849,0.2167,0.0756,0.1027,0.2274,0.2642,0.3142,0.0893,0.3036,0.1084,0.2334,1.3403,2.4012,3.1304,4.2976,5.3174,5.8502,6.9885,8.8711,9.1479,9.4928,10.2087,10.3393,10.4464,10.8043,11.6684,12.3469,12.9242,13.2101,13.6164,14.2409,14.9361,15.5636,16.3948,17.2566,18.1305,20.4844,21.5053,22.4826,22.0490,21.4668,22.9932"
EP00481,C2_covariance,18,GEOMETRY_ROTATION,"0.4224,0.2871,0.3922,0.2680,0.3298,0.2452,0.2110,0.3447,0.2036,0.3223,0.1667,0.4062,0.3680,0.3498,1.3281,2.3949,4.7439,6.9322,10.2262,12.1653,13.7025,14.7137,15.8041,16.8060,17.3265,18.0402,17.7558,18.3591,18.9356,20.1287,21.4588,21.8459,22.3808,23.2196,24.0166,24.2010,24.6483,25.2118,25.4345,25.1934,25.8365,25.6149,25.3822"
EP00481,C3_both,18,GEOMETRY_ROTATION,"0.6092,0.2871,0.3922,0.2680,0.3298,0.2452,0.2642,0.3447,0.2036,0.3223,0.1667,0.4062,1.3403,2.4012,3.1304,4.2976,5.3174,6.9322,10.2262,12.1653,13.7025,14.7137,15.8041,16.8060,17.3265,18.0402,17.7558,18.3591,18.9356,20.1287,21.4588,21.8459,22.3808,23.2196,24.0166,24.2010,24.6483,25.2118,25.4345,25.1934,25.8365,25.6149,25.3822"
EP00482,C1_variability,24,NONE,"0.7175,0.4825,0.0304,0.1082,0.0193,0.0841,0.1652,0.0579,0.0765,0.2589,0.3331,0.0975,0.3879,0.0392,0.1512,0.0604,0.1856,0.1843,0.3291,0.5598,0.4146,0.3187,0.4150,0.8430,0.5076,1.5361,2.0448,2.0455,1.2658,1.4188,1.2231,0.9463,1.2916,1.2279,1.4684,1.4130,1.1136,0.9568,1.1940,1.0963,1.6005,0.3880"
EP00482,C2_covariance,24,NONE,"3.0899,2.7616,2.4560,2.0934,1.8420,1.3466,0.5378,0.4135,0.1661,0.1985,0.2642,0.0186,0.4525,0.4664,0.3216,0.3764,0.5156,0.8450,0.9551,0.8157,0.6642,0.3375,0.0104,0.2055,0.0352,0.0281,0.5255,0.2379,0.4677,0.4824,0.3588,0.1226,1.0953,0.7495,0.4478,0.4325,0.3421,0.5106,0.1279,0.0293,0.0517,0.3238"
EP00482,C3_both,24,NONE,"3.0899,2.7616,2.4560,2.0934,1.8420,1.3466,0.5378,0.4135,0.1661,0.2589,0.3331,0.0975,0.4525,0.4664,0.3216,0.3764,0.5156,0.8450,0.9551,0.8157,0.6642,0.3375,0.4150,0.8430,0.5076,1.5361,2.0448,2.0455,1.2658,1.4188,1.2231,0.9463,1.2916,1.2279,1.4684,1.4130,1.1136,0.9568,1.1940,1.0963,1.6005,0.3880"
EP00483,C1_variability,14,RATE_LOSS,"0.7991,0.6245,0.0677,0.1456,0.0566,0.0773,0.0983,0.0025,0.0935,0.4732,0.6188,1.2497,1.9621,3.0162,3.8552,4.5030,4.9507,5.1325,5.1253,4.9633,5.0239,4.8191,4.5927,4.5453,4.6271,4.6877,4.7205,4.8867,5.0362,5.1469,5.1178,5.1201,5.1097,5.0068,4.9038,4.8337,4.9156,4.8848,5.0036,5.0036,5.0366,5.1486"
EP00483,C2_covariance,14,RATE_LOSS,"2.5896,2.2645,1.9617,1.6025,1.3534,0.8627,0.0615,0.0615,0.3032,0.6400,0.6386,0.3943,0.3994,0.5646,0.6487,0.8351,0.9784,1.3081,1.4173,1.2792,1.1291,0.8055,0.4608,0.2676,0.4362,0.4990,0.0494,0.3672,0.5107,0.7516,0.7161,0.5926,1.5562,1.2136,0.9147,0.8995,0.7717,0.9769,0.3444,0.4421,0.4760,0.4273"
EP00483,C3_both,14,RATE_LOSS,"2.5896,2.2645,1.9617,1.6025,1.3534,0.8627,0.0983,0.0615,0.3032,0.6400,0.6386,1.2497,1.9621,3.0162,3.8552,4.5030,4.9507,5.1325,5.1253,4.9633,5.0239,4.8191,4.5927,4.5453,4.6271,4.6877,4.7205,4.8867,5.0362,5.1469,5.1178,5.1201,5.1097,5.0068,4.9038,4.8337,4.9156,4.8848,5.0036,5.0036,5.0366,5.1486"
EP00484,C1_variability,26,RATE_LOSS,"0.7551,0.5200,0.0675,0.1453,0.0563,0.0960,0.1746,0.1054,0.1136,0.1359,0.0335,0.1346,0.1924,0.0021,0.0045,0.0002,0.0991,0.1474,0.4106,0.5510,0.3716,0.6449,1.7528,3.6811,5.5563,8.2001,10.8715,12.1794,12.5304,12.6225,12.5984,12.6003,12.5916,12.5058,12.4200,12.3616,12.4299,12.4042,12.5031,12.5032,12.5307,12.6240"
EP00484,C2_covariance,26,RATE_LOSS,"2.4760,2.2049,1.9524,1.6529,1.4452,1.0360,0.3679,0.2653,0.0609,0.2403,0.2946,0.0609,0.1980,0.2263,0.2440,0.3872,0.5022,0.7743,0.8653,0.7501,0.5989,0.0791,0.7738,1.7329,2.7468,1.0062,0.3798,0.0040,0.2453,0.3102,0.2805,0.1775,0.9811,0.6954,0.4462,0.4335,0.3269,0.4981,0.0294,0.0521,0.0804,0.0397"
EP00484,C3_both,26,RATE_LOSS,"2.4760,2.2049,1.9524,1.6529,1.4452,1.0360,0.3679,0.2653,0.1136,0.2403,0.2946,0.1346,0.1980,0.2263,0.2440,0.3872,0.5022,0.7743,0.8653,0.7501,0.5989,0.6449,1.7528,3.6811,5.5563,8.2001,10.8715,12.1794,12.5304,12.6225,12.5984,12.6003,12.5916,12.5058,12.4200,12.3616,12.4299,12.4042,12.5031,12.5032,12.5307,12.6240"
EP00485,C1_variability,21,RATE_LOSS,"0.7528,0.5208,0.0652,0.1430,0.0540,0.0640,0.1549,0.0000,0.1113,0.0025,0.2285,0.1323,0.4315,0.0044,0.1336,0.1716,1.1718,3.1906,5.3508,8.5027,12.5342,18.1726,23.7058,26.8891,27.3147,27.3450,27.3614,27.4445,27.5193,27.5746,27.5601,27.5612,27.5560,27.5045,27.4530,27.4180,27.4590,27.4435,27.5029,27.5029,27.5194,27.5754"
EP00485,C2_covariance,21,RATE_LOSS,"2.1646,1.8991,1.6653,1.4775,1.1553,0.9958,0.1005,0.0000,0.2001,0.4950,0.5482,0.3194,0.3429,0.4345,0.4987,0.6390,0.6745,0.6839,2.0095,4.5181,6.9736,6.3009,2.3004,0.0919,0.3059,0.3572,0.3842,0.3070,0.5453,0.5667,0.5344,0.4336,1.2203,0.9406,0.6966,0.6842,0.5798,0.7474,0.2310,0.3108,0.3384,0.2986"
EP00485,C3_both,21,RATE_LOSS,"2.1646,1.8991,1.6653,1.4775,1.1553,0.9958,0.1549,0.0000,0.2001,0.4950,0.5482,0.3194,0.4315,0.4345,0.4987,0.6390,1.1718,3.1906,5.3508,8.5027,12.5342,18.1726,23.7058,26.8891,27.3147,27.3450,27.3614,27.4445,27.5193,27.5746,27.5601,27.5612,27.5560,27.5045,27.4530,27.4180,27.4590,27.4435,27.5029,27.5029,27.5194,27.5754"
EP00486,C1_variability,14,RATE_LOSS,"0.7828,0.6097,0.0677,0.1456,0.0566,0.0717,0.1042,0.0025,0.1102,0.1990,0.3410,0.5546,0.4468,0.9730,1.3601,1.8078,2.3095,2.8406,3.1998,3.4490,3.8941,4.0257,4.0877,4.2920,4.5086,4.6680,4.7205,4.8867,5.0362,5.1469,5.1178,5.1201,5.1097,5.0068,4.9038,4.8337,4.9156,4.8848,5.0036,5.0036,5.0366,5.1486"
EP00486,C2_covariance,14,RATE_LOSS,"2.5400,2.2210,1.9241,1.5718,1.3275,0.8462,0.0604,0.0604,0.3002,0.6498,0.6992,0.4432,0.4706,0.5872,0.6392,0.8233,0.9534,1.3553,1.4055,1.3010,1.1135,0.7684,0.4152,0.2507,0.3941,0.4827,0.0484,0.3601,0.5009,0.7372,0.7024,0.5812,1.5263,1.1903,0.8972,0.8823,0.7569,0.9582,0.3378,0.4337,0.4669,0.4191"
EP00486,C3_both,14,RATE_LOSS,"2.5400,2.2210,1.9241,1.5718,1.3275,0.8462,0.1042,0.0604,0.3002,0.6498,0.6992,0.5546,0.4706,0.9730,1.3601,1.8078,2.3095,2.8406,3.1998,3.4490,3.8941,4.0257,4.0877,4.2920,4.5086,4.6680,4.7205,4.8867,5.0362,5.1469,5.1178,5.1201,5.1097,5.0068,4.9038,4.8337,4.9156,4.8848,5.0036,5.0036,5.0366,5.1486"
EP00487,C1_variability,27,RATE_LOSS,"0.7528,0.5176,0.0652,0.1430,0.0540,0.0533,0.1343,0.0000,0.1113,0.0025,0.0538,0.1323,0.4027,0.0044,0.0022,0.0750,0.1870,0.1497,0.4246,0.5910,0.4136,0.2656,0.0273,0.7269,1.4678,2.7714,4.3811,6.1503,7.8494,9.5282,10.6016,11.4909,12.1349,12.4257,12.4217,12.3633,12.4316,12.4059,12.5049,12.5049,12.5324,12.6257"
EP00487,C2_covariance,27,RATE_LOSS,"2.9519,2.6245,2.3197,1.9580,1.7072,1.2131,0.4064,0.2825,0.0357,0.3279,0.3935,0.1114,0.4452,0.4885,0.3413,0.5054,0.6443,0.9727,1.0826,0.9436,0.7924,0.4390,0.0000,0.2101,0.2618,0.1496,0.3744,0.1055,0.2247,0.3677,0.2730,0.0792,1.1755,0.8649,0.5766,0.5613,0.4326,0.6392,0.0030,0.1007,0.1349,0.1165"
EP00487,C3_both,27,RATE_LOSS,"2.9519,2.6245,2.3197,1.9580,1.7072,1.2131,0.4064,0.2825,0.1113,0.3279,0.3935,0.1323,0.4452,0.4885,0.3413,0.5054,0.6443,0.9727,1.0826,0.9436,0.7924,0.4390,0.0273,0.7269,1.4678,2.7714,4.3811,6.1503,7.8494,9.5282,10.6016,11.4909,12.1349,12.4257,12.4217,12.3633,12.4316,12.4059,12.5049,12.5049,12.5324,12.6257"
EP00488,C1_variability,15,RATE_LOSS,"0.7738,0.6200,0.0702,0.1481,0.0591,0.1049,0.1309,0.0051,0.1163,0.4159,0.1961,0.7737,1.6144,3.0975,4.7612,7.0669,9.5063,12.2248,14.3055,16.4872,18.6725,20.6905,22.5886,24.5201,25.7512,26.8231,27.3221,27.4422,27.5170,27.5723,27.5578,27.5589,27.5537,27.5022,27.4507,27.4157,27.4567,27.4413,27.5006,27.5007,27.5172,27.5731"
EP00488,C2_covariance,15,RATE_LOSS,"2.6544,2.3289,2.0257,1.6661,1.4167,0.9254,0.1232,0.0000,0.2454,0.6086,0.6325,0.4040,0.3495,0.4868,0.6745,0.2886,0.2994,1.1222,0.8709,0.8125,0.1974,0.5360,1.0976,0.7525,1.0987,0.1107,0.1011,0.3060,0.4497,0.6910,0.6554,0.5317,1.4965,1.1535,0.8542,0.8390,0.7110,0.9165,0.2832,0.3811,0.4150,0.3662"
EP00488,C3_both,15,RATE_LOSS,"2.6544,2.3289,2.0257,1.6661,1.4167,0.9254,0.1309,0.0051,0.2454,0.6086,0.6325,0.7737,1.6144,3.0975,4.7612,7.0669,9.5063,12.2248,14.3055,16.4872,18.6725,20.6905,22.5886,24.5201,25.7512,26.8231,27.3221,27.4422,27.5170,27.5723,27.5578,27.5589,27.5537,27.5022,27.4507,27.4157,27.4567,27.4413,27.5006,27.5007,27.5172,27.5731"
EP00489,C1_variability,16,RATE_LOSS,"0.7435,0.5901,0.0225,0.1003,0.0114,0.1146,0.1922,0.0426,0.0686,0.0781,0.0642,0.3763,0.2092,0.1965,0.3021,0.4675,0.8633,1.1181,2.2899,1.3841,1.4454,1.4058,1.5874,1.6090,1.7772,2.0584,2.3080,2.6921,3.0207,3.3462,3.4929,3.6754,3.8567,3.9614,4.0547,4.1869,4.4613,4.5978,4.8426,4.9435,5.0403,5.1844"
EP00489,C2_covariance,16,RATE_LOSS,"2.7839,2.4576,2.1537,1.7931,1.5432,1.0507,0.2465,0.1230,0.1230,0.4855,0.5509,0.2745,0.3029,0.4143,0.4832,0.6647,0.8000,1.1656,1.2477,1.1237,0.9543,0.6099,0.2434,0.0670,0.2060,0.2902,0.2112,0.1940,0.3264,0.5865,0.5195,0.3756,1.3597,1.0410,0.7469,0.7296,0.6079,0.8261,0.1764,0.2743,0.3002,0.2444"
EP00489,C3_both,16,RATE_LOSS,"2.7839,2.4576,2.1537,1.7931,1.5432,1.0507,0.2465,0.1230,0.1230,0.4855,0.5509,0.3763,0.3029,0.4143,0.4832,0.6647,0.8633,1.1656,2.2899,1.3841,1.4454,1.4058,1.5874,1.6090,1.7772,2.0584,2.3080,2.6921,3.0207,3.3462,3.4929,3.6754,3.8567,3.9614,4.0547,4.1869,4.4613,4.5978,4.8426,4.9435,5.0403,5.1844"
EP00490,C1_variability,20,RATE_LOSS,"0.7541,0.5189,0.0664,0.1443,0.0553,0.0758,0.1613,0.0263,0.1125,0.0013,0.0325,0.1336,0.4343,0.0032,0.0287,0.1515,0.3544,0.7096,1.0065,1.2854,1.8421,2.1374,2.4310,2.9913,3.5696,4.2456,4.8879,5.5995,6.2777,6.9804,7.4535,7.9658,8.4994,8.9993,9.4684,9.9823,10.6065,11.1295,11.6594,12.0207,12.2988,12.5490"
EP00490,C2_covariance,20,RATE_LOSS,"3.0856,2.7573,2.4517,2.0891,1.8377,1.3424,0.5336,0.4094,0.1620,0.2026,0.2683,0.0145,0.1876,0.2183,0.2070,0.3923,0.5350,0.9108,0.9645,0.8710,0.6697,0.2869,0.1214,0.2680,0.1890,0.0619,0.4679,0.0880,0.2895,0.3414,0.2023,0.0014,1.0235,0.7536,0.4692,0.4517,0.3467,0.6108,0.0679,0.0361,0.0415,0.2032"
EP00490,C3_both,20,RATE_LOSS,"3.0856,2.7573,2.4517,2.0891,1.8377,1.3424,0.5336,0.4094,0.1620,0.2026,0.2683,0.1336,0.4343,0.2183,0.2070,0.3923,0.5350,0.9108,1.0065,1.2854,1.8421,2.1374,2.4310,2.9913,3.5696,4.2456,4.8879,5.5995,6.2777,6.9804,7.4535,7.9658,8.4994,8.9993,9.4684,9.9823,10.6065,11.1295,11.6594,12.0207,12.2988,12.5490"
EP00491,C1_variability,19,RATE_LOSS,"0.7528,0.5225,0.0652,0.1430,0.0540,0.1017,0.1680,0.0507,0.1113,0.0025,0.0312,0.1323,0.4645,0.0050,0.1061,0.4552,1.0489,1.8855,2.6500,3.5783,4.7315,5.6287,6.5481,7.8073,8.9351,10.3033,11.6388,12.9442,14.2001,15.5624,16.6114,17.7032,18.8528,20.0474,21.1816,22.3702,23.5944,24.7299,25.7185,26.5065,27.0640,27.4454"
EP00491,C2_covariance,19,RATE_LOSS,"3.0701,2.7420,2.4365,2.0740,1.8227,1.3275,0.5190,0.3948,0.1475,0.2170,0.2827,0.0000,0.1064,0.1424,0.2117,0.4181,0.5470,0.9830,0.9533,0.8958,0.6177,0.1610,0.3332,0.4341,0.4974,0.2769,0.4648,0.1668,0.1752,0.3289,0.2454,0.3619,0.7330,0.5525,0.2887,0.2901,0.1903,0.5876,0.1252,0.0642,0.0911,0.1617"
EP00491,C3_both,19,RATE_LOSS,"3.0701,2.7420,2.4365,2.0740,1.8227,1.3275,0.5190,0.3948,0.1475,0.2170,0.2827,0.1323,0.4645,0.1424,0.2117,0.4552,1.0489,1.8855,2.6500,3.5783,4.7315,5.6287,6.5481,7.8073,8.9351,10.3033,11.6388,12.9442,14.2001,15.5624,16.6114,17.7032,18.8528,20.0474,21.1816,22.3702,23.5944,24.7299,25.7185,26.5065,27.0640,27.4454"
EP00492,C1_variability,16,CHANNEL_DROPOUT,"0.7178,0.5525,0.0439,0.0338,0.0550,0.1140,0.1575,0.1089,0.0021,0.1114,0.1629,0.4651,0.4172,0.0711,0.1404,0.3399,10.7232,11.0233,14.2739,14.0374,13.8483,13.5315,13.4680,13.6729,13.4476,13.3476,13.7943,13.6864,13.5837,13.7631,14.0357,13.9465,13.8893,14.2358,14.4910,14.2882,14.2320,14.2725,14.4258,14.3372,14.2138,14.3487"
EP00492,C2_covariance,16,CHANNEL_DROPOUT,"2.7839,2.4576,2.1537,1.7931,1.5432,1.0507,0.2465,0.1230,0.1230,0.4855,0.5509,0.2708,0.3162,0.4489,0.5071,0.5600,0.1403,0.1793,0.5448,0.8410,1.0292,1.3371,1.6792,1.8728,1.7372,1.6366,2.0420,1.6456,1.5009,1.2924,1.3811,1.4978,0.6031,0.9410,1.2510,1.2049,1.3740,1.0776,1.8062,1.6945,1.6750,1.7589"
EP00492,C3_both,16,CHANNEL_DROPOUT,"2.7839,2.4576,2.1537,1.7931,1.5432,1.0507,0.2465,0.1230,0.1230,0.4855,0.5509,0.4651,0.4172,0.4489,0.5071,0.5600,10.7232,11.0233,14.2739,14.0374,13.8483,13.5315,13.4680,13.6729,13.4476,13.3476,13.7943,13.6864,13.5837,13.7631,14.0357,13.9465,13.8893,14.2358,14.4910,14.2882,14.2320,14.2725,14.4258,14.3372,14.2138,14.3487"
EP00493,C1_variability,25,CHANNEL_DROPOUT,"0.6980,0.4631,0.0111,0.0889,0.0000,0.0590,0.1530,0.0540,0.0572,0.0565,0.0228,0.0782,0.3374,0.0584,0.0518,0.0561,0.3114,0.3278,0.5814,0.5336,0.3051,0.7062,1.5312,2.6055,4.0744,16.1487,36.6814,44.2842,47.8397,47.5455,47.5211,47.5910,47.5372,47.5049,47.4256,47.6825,47.7223,47.6921,47.4777,47.6290,47.9960,47.9888"
EP00493,C2_covariance,25,CHANNEL_DROPOUT,"2.8926,2.5678,2.2654,1.9067,1.6579,1.1679,0.3676,0.2447,0.0000,0.3607,0.4258,0.1460,0.1747,0.2868,0.3653,0.5367,0.6745,1.0003,1.1093,0.9687,0.6447,0.6082,3.7099,6.8213,10.4315,9.9721,8.1069,11.5510,12.0416,11.6815,11.7167,11.6998,10.6869,11.1788,11.3401,11.0867,11.1895,11.1653,11.6090,11.6330,11.7630,11.8875"
EP00493,C3_both,25,CHANNEL_DROPOUT,"2.8926,2.5678,2.2654,1.9067,1.6579,1.1679,0.3676,0.2447,0.0572,0.3607,0.4258,0.1460,0.3374,0.2868,0.3653,0.5367,0.6745,1.0003,1.1093,0.9687,0.6447,0.7062,3.7099,6.8213,10.4315,16.1487,36.6814,44.2842,47.8397,47.5455,47.5211,47.5910,47.5372,47.5049,47.4256,47.6825,47.7223,47.6921,47.4777,47.6290,47.9960,47.9888"
EP00494,C1_variability,18,CHANNEL_DROPOUT,"0.8165,0.6759,0.1221,0.0053,0.0834,0.1423,0.1668,0.2981,0.0263,0.1398,0.1061,0.0053,0.4169,0.7454,1.8922,3.0469,3.9766,11.3718,27.2027,39.5833,59.3750,59.8958,59.8958,59.8958,59.8958,59.8958,59.8958,59.8958,59.8958,59.8958,59.8958,59.8958,59.8958,59.8958,59.8958,59.8958,59.8958,59.8958,59.8958,59.8958,59.8958,59.8958"
EP00494,C2_covariance,18,CHANNEL_DROPOUT,"0.7733,0.6036,0.4456,0.2581,0.1281,0.1281,0.5463,0.6105,0.7384,0.9270,0.9610,0.8147,0.8721,1.1801,3.4796,6.0103,8.6701,6.8722,7.7689,11.5119,20.6082,21.0286,21.2067,21.2024,21.1489,21.3400,21.3293,20.9691,20.8676,20.7869,20.8272,20.6984,20.5169,20.6480,20.6344,20.6072,20.6518,20.7855,20.9500,20.8765,20.9015,20.8824"
EP00494,C3_both,18,CHANNEL_DROPOUT,"0.8165,0.6759,0.4456,0.2581,0.1281,0.1423,0.5463,0.6105,0.7384,0.9270,0.9610,0.8147,0.8721,1.1801,3.4796,6.0103,8.6701,11.3718,27.2027,39.5833,59.3750,59.8958,59.8958,59.8958,59.8958,59.8958,59.8958,59.8958,59.8958,59.8958,59.8958,59.8958,59.8958,59.8958,59.8958,59.8958,59.8958,59.8958,59.8958,59.8958,59.8958,59.8958"
EP00495,C1_variability,16,CHANNEL_DROPOUT,"0.7489,0.5920,0.0225,0.1003,0.0114,0.1142,0.1919,0.0426,0.0686,0.0771,0.1080,0.3985,0.2326,0.0443,0.2680,0.4015,10.2409,10.8598,11.0512,11.4285,12.0102,12.4380,15.5188,15.2597,16.2822,17.1089,19.6168,20.7288,21.0378,21.2371,21.3962,21.3268,21.6105,21.4713,21.5100,21.5811,21.8215,21.7115,21.8085,21.5109,21.0420,20.7880"
EP00495,C2_covariance,16,CHANNEL_DROPOUT,"2.7839,2.4576,2.1537,1.7931,1.5432,1.0507,0.2465,0.1230,0.1230,0.4855,0.5509,0.2633,0.2800,0.4022,0.5119,0.6823,0.3025,0.2623,0.3742,0.2121,0.1258,0.4409,0.9189,1.0525,1.1575,1.2230,1.8412,1.7301,1.6137,1.4353,1.3857,1.5036,0.6029,0.9505,1.2012,1.1806,1.4069,1.1577,1.8309,1.8625,1.8645,1.8800"
EP00495,C3_both,16,CHANNEL_DROPOUT,"2.7839,2.4576,2.1537,1.7931,1.5432,1.0507,0.2465,0.1230,0.1230,0.4855,0.5509,0.3985,0.2800,0.4022,0.5119,0.6823,10.2409,10.8598,11.0512,11.4285,12.0102,12.4380,15.5188,15.2597,16.2822,17.1089,19.6168,20.7288,21.0378,21.2371,21.3962,21.3268,21.6105,21.4713,21.5100,21.5811,21.8215,21.7115,21.8085,21.5109,21.0420,20.7880"
EP00496,C1_variability,14,CHANNEL_DROPOUT,"0.5984,0.3639,0.0871,0.0095,0.0982,0.1571,0.1816,0.1521,0.0095,0.0839,0.8235,0.9126,1.1912,4.3090,15.1342,27.3414,32.3238,33.8360,32.2354,31.7199,26.5261,25.2861,26.3850,28.5639,28.6458,30.2083,30.2083,30.2083,30.2083,30.2083,30.2083,30.2083,30.2083,30.2083,30.2083,30.2083,30.2083,30.2083,30.2083,30.2083,30.2083,30.2083"
EP00496,C2_covariance,14,CHANNEL_DROPOUT,"1.8986,1.6602,1.4382,1.1749,0.9923,0.6325,0.0451,0.0451,0.3051,0.6597,0.7318,0.6260,0.6496,0.6893,1.3771,1.3802,1.0098,1.6846,1.9858,2.4798,3.3221,4.6567,6.0672,6.8905,7.7320,8.0445,8.3469,8.2755,8.0697,7.9924,8.0137,8.0547,7.3676,7.7258,7.9407,8.0008,8.1915,8.0332,8.2220,8.1455,7.9986,7.9946"
EP00496,C3_both,14,CHANNEL_DROPOUT,"1.8986,1.6602,1.4382,1.1749,0.9923,0.6325,0.1816,0.1521,0.3051,0.6597,0.8235,0.9126,1.1912,4.3090,15.1342,27.3414,32.3238,33.8360,32.2354,31.7199,26.5261,25.2861,26.3850,28.5639,28.6458,30.2083,30.2083,30.2083,30.2083,30.2083,30.2083,30.2083,30.2083,30.2083,30.2083,30.2083,30.2083,30.2083,30.2083,30.2083,30.2083,30.2083"
EP00497,C1_variability,13,CHANNEL_DROPOUT,"0.7271,0.5540,0.0609,0.0168,0.0720,0.1309,0.1554,0.1259,0.0000,0.3604,0.9915,1.0921,1.0179,2.7855,11.5764,25.9691,34.7133,38.9089,31.4923,38.4687,44.6365,39.0625,65.9425,52.0833,54.6875,59.3750,59.8958,59.8958,59.8958,59.8958,59.8958,59.8958,59.8958,59.8958,59.8958,59.8958,59.8958,59.8958,59.8958,59.8958,59.8958,59.8958"
EP00497,C2_covariance,13,CHANNEL_DROPOUT,"1.7182,1.4576,1.2151,0.9273,0.7277,0.3346,0.3073,0.4059,0.5987,0.8466,0.6745,0.2742,0.0000,0.4949,1.7494,3.4241,5.0688,7.2876,10.1987,11.8574,16.0917,18.2094,21.6645,25.3209,27.3876,31.7324,33.2826,32.8046,32.6942,32.1893,32.2597,32.5216,31.6408,32.1219,32.2438,32.2288,32.2719,32.1773,32.5676,32.4695,32.2086,32.2832"
EP00497,C3_both,13,CHANNEL_DROPOUT,"1.7182,1.4576,1.2151,0.9273,0.7277,0.3346,0.3073,0.4059,0.5987,0.8466,0.9915,1.0921,1.0179,2.7855,11.5764,25.9691,34.7133,38.9089,31.4923,38.4687,44.6365,39.0625,65.9425,52.0833,54.6875,59.3750,59.8958,59.8958,59.8958,59.8958,59.8958,59.8958,59.8958,59.8958,59.8958,59.8958,59.8958,59.8958,59.8958,59.8958,59.8958,59.8958"
EP00498,C1_variability,25,CHANNEL_DROPOUT,"0.7140,0.4790,0.0269,0.1047,0.0158,0.1113,0.1885,0.0382,0.0730,0.2647,0.2278,0.0940,0.2718,0.0426,0.0360,0.0454,0.1586,0.1878,0.3326,0.4901,0.3293,0.2090,0.4095,0.4814,0.4142,1.1959,1.6576,3.1778,2.9340,9.0247,9.0437,6.9084,6.7678,7.4449,7.7076,7.8692,9.4181,12.2768,12.2263,12.0912,11.4902,11.4434"
EP00498,C2_covariance,25,CHANNEL_DROPOUT,"3.0785,2.7503,2.4448,2.0822,1.8309,1.3356,0.5269,0.4027,0.1554,0.2092,0.2749,0.0079,0.4857,0.5050,0.3537,0.3870,0.5262,0.8555,0.9656,0.8263,0.6747,0.3482,0.0036,0.2085,0.0628,0.0156,0.5811,0.3996,0.4668,0.4463,0.3644,0.8561,0.1046,0.2700,0.5236,0.5190,0.9307,0.8919,1.5841,1.5135,1.4517,1.5181"
EP00498,C3_both,25,CHANNEL_DROPOUT,"3.0785,2.7503,2.4448,2.0822,1.8309,1.3356,0.5269,0.4027,0.1554,0.2647,0.2749,0.0940,0.4857,0.5050,0.3537,0.3870,0.5262,0.8555,0.9656,0.8263,0.6747,0.3482,0.4095,0.4814,0.4142,1.1959,1.6576,3.1778,2.9340,9.0247,9.0437,6.9084,6.7678,7.4449,7.7076,7.8692,9.4181,12.2768,12.2263,12.0912,11.4902,11.4434"
EP00499,C1_variability,18,CHANNEL_DROPOUT,"0.7017,0.4840,0.0148,0.0926,0.0037,0.0648,0.3154,0.1102,0.0608,0.0528,0.0191,0.4696,0.5951,0.0547,0.0294,0.1742,0.6132,0.4838,1.2673,4.4466,5.3647,8.6075,15.9438,17.0955,15.0914,15.5037,26.1082,37.3958,32.6708,33.5306,34.4906,34.2978,34.9719,35.3936,37.7408,41.4122,44.9220,45.1087,46.1987,44.6344,49.4333,51.6491"
EP00499,C2_covariance,18,CHANNEL_DROPOUT,"2.9920,2.6643,2.3593,1.9973,1.7464,1.2519,0.4446,0.3206,0.0736,0.2903,0.3559,0.0736,0.1026,0.2157,0.3022,0.4760,0.5855,1.0730,1.0552,0.9482,0.7351,0.5209,1.5947,1.6099,1.5745,3.2645,3.7571,4.1363,4.4382,4.9451,5.2940,5.2780,5.1168,5.5206,6.1852,6.4193,7.7012,7.4686,8.9892,9.6227,10.6433,11.3206"
EP00499,C3_both,18,CHANNEL_DROPOUT,"2.9920,2.6643,2.3593,1.9973,1.7464,1.2519,0.4446,0.3206,0.0736,0.2903,0.3559,0.4696,0.5951,0.2157,0.3022,0.4760,0.6132,1.0730,1.2673,4.4466,5.3647,8.6075,15.9438,17.0955,15.0914,15.5037,26.1082,37.3958,32.6708,33.5306,34.4906,34.2978,34.9719,35.3936,37.7408,41.4122,44.9220,45.1087,46.1987,44.6344,49.4333,51.6491"
EP00500,C1_variability,23,CHANNEL_DROPOUT,"0.6980,0.4631,0.0111,0.0889,0.0000,0.0590,0.4313,0.0540,0.0572,0.0565,0.0228,0.0782,0.4058,0.0584,0.0536,0.0561,0.1404,0.2251,0.4329,1.0386,1.2107,1.2634,1.2770,1.5243,9.4393,11.8157,19.1797,23.8751,30.8201,25.0192,32.7673,35.0841,26.5625,28.6458,31.7708,35.4167,44.5466,46.8459,47.1063,47.3958,105.3546,56.7365"
EP00500,C2_covariance,23,CHANNEL_DROPOUT,"3.1010,2.7726,2.4670,2.1042,1.8528,1.3573,0.5483,0.4240,0.1766,0.1881,0.2538,0.0290,0.4165,0.4495,0.3032,0.3660,0.5053,0.8347,0.9028,0.7543,0.5016,0.0249,0.4832,0.7418,1.8269,2.6719,3.6730,4.5051,5.8299,5.9101,7.4971,8.8915,8.9025,11.3412,11.9714,13.2663,15.3807,16.4843,20.6092,23.3908,25.4207,29.8493"
EP00500,C3_both,23,CHANNEL_DROPOUT,"3.1010,2.7726,2.4670,2.1042,1.8528,1.3573,0.5483,0.4240,0.1766,0.1881,0.2538,0.0782,0.4165,0.4495,0.3032,0.3660,0.5053,0.8347,0.9028,1.0386,1.2107,1.2634,1.2770,1.5243,9.4393,11.8157,19.1797,23.8751,30.8201,25.0192,32.7673,35.0841,26.5625,28.6458,31.7708,35.4167,44.5466,46.8459,47.1063,47.3958,105.3546,56.7365"
EP00501,C1_variability,15,GAIN_DRIFT,"0.6867,0.4561,0.0000,0.0778,0.0111,0.0701,0.0947,0.0651,0.0461,0.0936,1.0908,1.8801,3.3846,7.3498,10.3751,14.5580,16.9715,20.3224,19.7852,18.0425,18.3837,16.4863,15.8409,16.7164,17.2526,16.3556,16.8742,17.6567,17.0937,16.5395,17.3811,18.2901,16.6540,15.8873,16.7861,16.2481,17.3409,17.1658,17.0133,16.6875,17.9196,18.1103"
EP00501,C2_covariance,15,GAIN_DRIFT,"2.6544,2.3289,2.0257,1.6661,1.4167,0.9254,0.1232,0.0000,0.2454,0.6070,0.6616,0.4050,0.4782,0.6574,0.6674,0.7792,0.8729,1.1497,1.2093,1.0951,0.9271,0.5830,0.2582,0.1538,0.3405,0.3461,0.3709,0.0603,0.1984,0.4107,0.3382,0.2135,1.3316,0.9819,0.6875,0.6890,0.5615,0.7967,0.1920,0.2718,0.3365,0.2644"
EP00501,C3_both,15,GAIN_DRIFT,"2.6544,2.3289,2.0257,1.6661,1.4167,0.9254,0.1232,0.0651,0.2454,0.6070,1.0908,1.8801,3.3846,7.3498,10.3751,14.5580,16.9715,20.3224,19.7852,18.0425,18.3837,16.4863,15.8409,16.7164,17.2526,16.3556,16.8742,17.6567,17.0937,16.5395,17.3811,18.2901,16.6540,15.8873,16.7861,16.2481,17.3409,17.1658,17.0133,16.6875,17.9196,18.1103"
EP00502,C1_variability,17,GAIN_DRIFT,"0.6353,0.3807,0.1584,0.0071,0.0816,0.1406,0.1824,0.1355,0.0246,0.1380,0.1044,0.0000,2.1166,5.5504,9.5108,17.5470,25.6423,37.5158,41.4428,43.6501,45.0981,46.0332,48.8108,49.1129,48.8889,46.0885,46.8814,46.0830,46.8478,46.9094,46.7543,50.6992,49.8928,49.0786,49.6630,47.5763,48.4696,49.2841,46.1513,45.6594,47.3718,47.5305"
EP00502,C2_covariance,17,GAIN_DRIFT,"2.9141,2.5869,2.2823,1.9208,1.6703,1.1765,0.3704,0.2466,0.0000,0.3634,0.4289,0.1525,0.1426,0.1821,0.1705,0.2021,0.0606,0.7357,0.9907,0.8444,0.6020,0.2611,0.1734,0.3533,0.2219,0.1841,0.4248,0.0760,0.1117,0.3186,0.3225,0.1891,1.0228,0.7525,0.5063,0.5758,0.3680,0.6060,0.0377,0.1038,0.1186,0.3024"
EP00502,C3_both,17,GAIN_DRIFT,"2.9141,2.5869,2.2823,1.9208,1.6703,1.1765,0.3704,0.2466,0.0246,0.3634,0.4289,0.1525,2.1166,5.5504,9.5108,17.5470,25.6423,37.5158,41.4428,43.6501,45.0981,46.0332,48.8108,49.1129,48.8889,46.0885,46.8814,46.0830,46.8478,46.9094,46.7543,50.6992,49.8928,49.0786,49.6630,47.5763,48.4696,49.2841,46.1513,45.6594,47.3718,47.5305"
EP00503,C1_variability,21,GAIN_DRIFT,"0.6401,0.4054,0.0684,0.0317,0.0571,0.2622,0.1406,0.1110,0.0000,0.1135,0.0799,0.0210,0.0786,0.1155,0.1088,0.1641,3.4723,7.4913,11.6672,17.2707,24.3532,48.3895,91.4290,115.3887,119.4349,117.6117,120.8968,118.5958,116.1318,115.3724,112.4109,113.4404,113.7375,114.0021,118.1466,115.3453,115.6936,115.8858,115.5483,115.7290,118.4934,116.7923"
EP00503,C2_covariance,21,GAIN_DRIFT,"2.2752,1.9961,2.1277,1.9181,1.4425,1.3602,0.1056,0.0000,0.2103,0.5203,0.5761,0.3357,0.3604,0.4567,0.5241,0.6745,0.9443,0.5795,5.1890,9.5784,13.8157,14.3263,10.5063,6.8303,7.4364,5.7957,5.4471,5.3712,4.3631,4.1523,4.3027,4.3368,4.3104,5.0508,5.4772,5.3381,4.7992,5.0212,3.6572,3.7924,3.5736,3.4956"
EP00503,C3_both,21,GAIN_DRIFT,"2.2752,1.9961,2.1277,1.9181,1.4425,1.3602,0.1406,0.1110,0.2103,0.5203,0.5761,0.3357,0.3604,0.4567,0.5241,0.6745,3.4723,7.4913,11.6672,17.2707,24.3532,48.3895,91.4290,115.3887,119.4349,117.6117,120.8968,118.5958,116.1318,115.3724,112.4109,113.4404,113.7375,114.0021,118.1466,115.3453,115.6936,115.8858,115.5483,115.7290,118.4934,116.7923"
EP00504,C1_variability,14,GAIN_DRIFT,"0.7608,0.5646,0.0230,0.0547,0.0341,0.0931,0.1176,0.0881,0.0230,0.2275,0.7662,0.9362,1.5805,2.5981,3.8370,5.7581,7.5073,9.5477,9.3268,9.8549,10.4829,12.9237,14.8530,15.2745,15.3943,15.5079,16.5705,15.7553,15.5436,16.1937,16.4594,15.8757,15.2794,15.4192,15.0322,15.8033,15.4824,15.2030,16.3398,15.6091,15.9931,16.2458"
EP00504,C2_covariance,14,GAIN_DRIFT,"2.4955,2.1822,1.8904,1.5443,1.3043,0.8314,0.0593,0.0593,0.2955,0.6415,0.7074,0.4393,0.4978,0.5936,0.6822,0.8361,0.9603,1.2735,1.3310,1.2263,1.0541,0.7256,0.4312,0.2246,0.3924,0.4702,0.1277,0.3100,0.4437,0.6821,0.5995,0.4649,1.4527,1.0934,0.8102,0.8142,0.7598,1.0021,0.3716,0.4284,0.4468,0.3934"
EP00504,C3_both,14,GAIN_DRIFT,"2.4955,2.1822,1.8904,1.5443,1.3043,0.8314,0.1176,0.0881,0.2955,0.6415,0.7662,0.9362,1.5805,2.5981,3.8370,5.7581,7.5073,9.5477,9.3268,9.8549,10.4829,12.9237,14.8530,15.2745,15.3943,15.5079,16.5705,15.7553,15.5436,16.1937,16.4594,15.8757,15.2794,15.4192,15.0322,15.8033,15.4824,15.2030,16.3398,15.6091,15.9931,16.2458"
EP00505,C1_variability,17,GAIN_DRIFT,"0.6401,0.4054,0.0460,0.0317,0.0571,0.1161,0.2253,0.1110,0.0000,0.1593,0.4414,0.6668,1.1535,1.5726,3.1585,6.5407,11.9078,16.2769,21.1239,25.1058,29.9520,33.4319,36.4036,39.7429,42.4061,47.0007,48.9244,50.7136,50.2293,48.3305,48.5649,47.4373,47.3539,46.5089,45.1730,44.5466,44.8219,44.1169,46.1303,44.5616,45.4445,45.8412"
EP00505,C2_covariance,17,GAIN_DRIFT,"2.9141,2.5869,2.2823,1.9208,1.6703,1.1765,0.3704,0.2466,0.0000,0.3634,0.4289,0.1391,0.2077,0.2995,0.4288,0.6053,0.7586,1.1183,1.2155,1.1178,0.8439,0.4617,0.0435,0.0687,0.0240,0.1050,0.7139,0.7541,0.8416,0.5675,0.4552,0.2208,1.1475,0.6763,0.2942,0.3028,0.5350,0.5659,0.1986,0.0230,0.0442,0.0551"
EP00505,C3_both,17,GAIN_DRIFT,"2.9141,2.5869,2.2823,1.9208,1.6703,1.1765,0.3704,0.2466,0.0000,0.3634,0.4414,0.6668,1.1535,1.5726,3.1585,6.5407,11.9078,16.2769,21.1239,25.1058,29.9520,33.4319,36.4036,39.7429,42.4061,47.0007,48.9244,50.7136,50.2293,48.3305,48.5649,47.4373,47.3539,46.5089,45.1730,44.5466,44.8219,44.1169,46.1303,44.5616,45.4445,45.8412"
EP00506,C1_variability,15,GAIN_DRIFT,"0.6376,0.4030,0.0485,0.0292,0.0596,0.1185,0.1430,0.1135,0.0025,0.1150,1.5692,3.6374,6.9545,10.9756,16.7687,28.3738,32.1990,43.2786,52.2499,61.9485,67.6659,80.7094,85.8072,93.9852,99.6366,103.7178,104.2654,102.8943,105.7757,104.3814,102.5927,101.7723,99.7020,98.6206,98.6336,97.0432,100.0697,100.1733,100.4108,100.7696,102.2838,103.0797"
EP00506,C2_covariance,15,GAIN_DRIFT,"2.6544,2.3289,2.0257,1.6661,1.4167,0.9254,0.1232,0.0000,0.2454,0.6028,0.6556,0.4558,0.4349,0.3124,0.4584,0.4335,0.9484,0.3488,0.4702,1.1703,2.1665,3.3541,4.9162,4.5199,5.7741,4.4677,4.9278,4.4161,4.2616,3.8227,3.5180,3.4999,2.9609,3.3669,3.6747,3.8322,4.1553,3.8718,4.2745,3.8452,4.0300,3.5837"
EP00506,C3_both,15,GAIN_DRIFT,"2.6544,2.3289,2.0257,1.6661,1.4167,0.9254,0.1430,0.1135,0.2454,0.6028,1.5692,3.6374,6.9545,10.9756,16.7687,28.3738,32.1990,43.2786,52.2499,61.9485,67.6659,80.7094,85.8072,93.9852,99.6366,103.7178,104.2654,102.8943,105.7757,104.3814,102.5927,101.7723,99.7020,98.6206,98.6336,97.0432,100.0697,100.1733,100.4108,100.7696,102.2838,103.0797"
EP00507,C1_variability,23,GAIN_DRIFT,"0.7211,0.4861,0.0339,0.1117,0.0228,0.0363,0.1309,0.1237,0.0800,0.0337,0.0000,0.1010,0.3534,0.0357,0.0290,0.1068,0.3482,0.3615,0.3955,0.5757,0.5444,1.3892,2.0969,2.8924,4.3315,5.2815,6.3608,7.2477,7.5133,7.4518,8.4947,9.7654,10.3501,11.1908,11.5209,12.7771,14.2649,14.5192,16.5592,17.2294,17.3720,17.9676"
EP00507,C2_covariance,23,GAIN_DRIFT,"3.1010,2.7726,2.4670,2.1042,1.8528,1.3882,0.5483,0.4240,0.1766,0.1881,0.2538,0.0290,0.5059,0.5104,0.3638,0.3660,0.5053,0.8363,0.9521,0.8176,0.6547,0.3302,0.0213,0.2226,0.0674,0.0156,0.5565,0.3089,0.5163,0.5573,0.4228,0.1213,1.0901,0.7768,0.4601,0.4493,0.3898,0.4795,0.1335,0.1935,0.2079,0.5336"
EP00507,C3_both,23,GAIN_DRIFT,"3.1010,2.7726,2.4670,2.1042,1.8528,1.3882,0.5483,0.4240,0.1766,0.1881,0.2538,0.1010,0.5059,0.5104,0.3638,0.3660,0.5053,0.8363,0.9521,0.8176,0.6547,1.3892,2.0969,2.8924,4.3315,5.2815,6.3608,7.2477,7.5133,7.4518,8.4947,9.7654,10.3501,11.1908,11.5209,12.7771,14.2649,14.5192,16.5592,17.2294,17.3720,17.9676"
EP00508,C1_variability,13,GAIN_DRIFT,"0.9972,0.8118,0.2211,0.0620,0.0808,0.1398,0.1643,0.1315,0.0000,0.4327,1.2487,2.0355,2.9756,4.9194,6.2941,8.2974,11.0601,13.5914,13.9041,16.1827,19.3950,20.2442,21.7723,23.0334,24.9164,26.2327,27.9445,30.1795,32.9984,36.5263,37.0844,36.9244,38.7179,42.7275,43.0671,45.5321,47.3886,48.7831,50.0189,49.4222,50.7494,50.9058"
EP00508,C2_covariance,13,GAIN_DRIFT,"2.1282,1.8545,1.5996,1.2972,1.0876,0.6745,0.0000,0.1044,0.3133,0.6125,0.6905,0.4501,0.4864,0.7436,0.6112,0.7798,0.8923,1.1471,1.2176,1.1036,0.9809,0.7041,0.3962,0.4110,0.3516,0.4280,0.0490,0.3258,0.3875,0.5760,0.4723,0.3412,1.0305,0.8270,0.6208,0.4731,0.3207,0.5155,0.0840,0.0122,0.0579,0.1059"
EP00508,C3_both,13,GAIN_DRIFT,"2.1282,1.8545,1.5996,1.2972,1.0876,0.6745,0.1643,0.1315,0.3133,0.6125,1.2487,2.0355,2.9756,4.9194,6.2941,8.2974,11.0601,13.5914,13.9041,16.1827,19.3950,20.2442,21.7723,23.0334,24.9164,26.2327,27.9445,30.1795,32.9984,36.5263,37.0844,36.9244,38.7179,42.7275,43.0671,45.5321,47.3886,48.7831,50.0189,49.4222,50.7494,50.9058"
EP00509,C1_variability,23,GAIN_DRIFT,"0.7100,0.4879,0.0230,0.1008,0.0119,0.0472,0.0717,0.0421,0.0691,0.0446,0.0109,0.0901,0.2920,0.0465,0.2179,0.1013,0.3079,0.2419,0.8030,1.8703,3.7935,6.8067,9.1932,13.6325,20.0626,26.4940,32.3911,36.6096,42.2169,47.6364,52.8725,56.3490,59.3995,66.2147,74.2116,80.8219,86.6568,88.7259,93.1786,94.6964,99.1455,101.1132"
EP00509,C2_covariance,23,GAIN_DRIFT,"3.1010,2.7726,2.4670,2.1042,1.8528,1.3573,0.5483,0.4240,0.1766,0.1881,0.2538,0.0290,0.4803,0.4897,0.3444,0.3660,0.5053,0.8344,0.9479,0.8559,0.7064,0.3409,0.0623,0.2466,0.2058,0.0984,0.5101,0.2712,0.2806,0.3903,0.6085,1.1481,0.2872,0.7328,0.3554,0.2841,0.3631,0.2495,1.3948,1.6156,1.6045,1.8461"
EP00509,C3_both,23,GAIN_DRIFT,"3.1010,2.7726,2.4670,2.1042,1.8528,1.3573,0.5483,0.4240,0.1766,0.1881,0.2538,0.0901,0.4803,0.4897,0.3444,0.3660,0.5053,0.8344,0.9479,1.8703,3.7935,6.8067,9.1932,13.6325,20.0626,26.4940,32.3911,36.6096,42.2169,47.6364,52.8725,56.3490,59.3995,66.2147,74.2116,80.8219,86.6568,88.7259,93.1786,94.6964,99.1455,101.1132"
EP00510,C1_variability,17,GEOMETRY_ROTATION,"0.8694,0.6221,0.0652,0.1430,0.0540,0.0051,0.0296,0.0000,0.1113,0.0267,0.3048,0.7819,2.2312,2.8837,4.2491,5.1627,6.2839,7.7954,8.5565,8.1765,8.1391,8.3366,8.8220,7.7008,7.7821,8.2300,8.5690,8.6702,8.4067,8.4505,8.0897,8.4769,8.7935,8.3663,9.0656,8.6380,9.0867,7.7716,8.1950,8.9644,8.7669,7.8775"
EP00510,C2_covariance,17,GEOMETRY_ROTATION,"0.9961,0.8085,0.6805,0.4749,0.2830,0.0000,0.4622,0.5331,0.6745,0.8828,0.9204,0.7580,0.7260,0.4544,0.0912,0.8396,1.5367,2.2393,2.6714,3.1620,3.3763,3.6812,3.9265,3.9638,3.8767,3.7088,3.7276,3.5180,3.3236,3.1547,3.0715,3.0947,2.7813,3.0055,3.1874,3.1954,3.3437,3.2659,3.6998,3.6546,3.6647,3.7455"
EP00510,C3_both,17,GEOMETRY_ROTATION,"0.9961,0.8085,0.6805,0.4749,0.2830,0.0051,0.4622,0.5331,0.6745,0.8828,0.9204,0.7819,2.2312,2.8837,4.2491,5.1627,6.2839,7.7954,8.5565,8.1765,8.1391,8.3366,8.8220,7.7008,7.7821,8.2300,8.5690,8.6702,8.4067,8.4505,8.0897,8.4769,8.7935,8.3663,9.0656,8.6380,9.0867,7.7716,8.1950,8.9644,8.7669,7.8775"
EP00511,C1_variability,15,GEOMETRY_ROTATION,"0.7579,0.5227,0.0702,0.1481,0.0591,0.0528,0.0246,0.0051,0.1163,0.8667,3.4343,4.6038,6.1647,7.8928,8.5993,10.4781,9.7504,10.3465,10.5436,10.6080,10.1440,9.9162,9.7841,9.7553,9.9122,9.8847,10.7032,10.7299,10.9467,10.4373,10.6252,10.3803,10.3299,10.2284,10.3266,9.9194,11.1652,10.0023,10.6470,10.5956,10.4416,10.3415"
EP00511,C2_covariance,15,GEOMETRY_ROTATION,"0.4321,0.2897,0.1572,0.0000,0.1090,0.3238,0.6745,0.7284,0.8356,0.9676,0.5584,3.9202,3.7918,3.1415,4.0120,4.9173,5.6017,5.8840,5.8514,5.9552,5.9962,6.1122,6.3540,6.5893,6.5453,6.4545,6.5580,6.4265,6.2389,6.1877,6.2168,6.1636,5.9824,6.0861,6.2346,6.2852,6.2480,6.0892,6.4332,6.3814,6.3734,6.3349"
EP00511,C3_both,15,GEOMETRY_ROTATION,"0.7579,0.5227,0.1572,0.1481,0.1090,0.3238,0.6745,0.7284,0.8356,0.9676,3.4343,4.6038,6.1647,7.8928,8.5993,10.4781,9.7504,10.3465,10.5436,10.6080,10.1440,9.9162,9.7841,9.7553,9.9122,9.8847,10.7032,10.7299,10.9467,10.4373,10.6252,10.3803,10.3299,10.2284,10.3266,9.9194,11.1652,10.0023,10.6470,10.5956,10.4416,10.3415"
EP00512,C1_variability,19,GEOMETRY_ROTATION,"0.7528,0.5176,0.0652,0.1430,0.0540,0.1840,0.2103,0.0000,0.1113,0.0025,0.0312,0.1323,0.1901,0.1950,2.6639,3.9815,4.8112,6.7746,9.4476,15.6306,23.9789,22.9427,22.1064,22.0136,22.1000,22.2599,22.2521,22.4303,22.5642,22.6560,22.5233,22.4902,22.3873,22.2103,22.0576,21.9168,22.0129,21.9709,22.1299,22.0755,22.1586,22.2543"
EP00512,C2_covariance,19,GEOMETRY_ROTATION,"0.5023,0.3702,0.4538,0.3126,0.0000,0.1994,0.5249,0.5749,0.6745,0.8213,0.8477,0.7339,0.7456,0.7890,0.1926,8.1516,12.1780,12.8809,11.4967,6.9743,7.2645,7.9633,8.0836,8.3182,8.2356,8.1927,8.1493,8.0001,7.9270,7.8298,7.9513,7.9915,7.8146,7.9797,8.0712,7.9329,7.8463,7.7711,8.3267,8.2332,8.2821,8.3151"
EP00512,C3_both,19,GEOMETRY_ROTATION,"0.7528,0.5176,0.4538,0.3126,0.0540,0.1994,0.5249,0.5749,0.6745,0.8213,0.8477,0.7339,0.7456,0.7890,2.6639,8.1516,12.1780,12.8809,11.4967,15.6306,23.9789,22.9427,22.1064,22.0136,22.1000,22.2599,22.2521,22.4303,22.5642,22.6560,22.5233,22.4902,22.3873,22.2103,22.0576,21.9168,22.0129,21.9709,22.1299,22.0755,22.1586,22.2543"
EP00513,C1_variability,18,GEOMETRY_ROTATION,"0.7495,0.5143,0.0619,0.1398,0.0508,0.0334,0.1209,0.0033,0.1080,0.0058,0.0280,0.1291,0.9634,0.8302,1.2804,2.0337,3.0703,3.9655,4.3225,4.9112,5.2187,5.4971,5.7351,5.9564,6.0726,7.5301,9.2018,8.8108,8.4235,8.0044,7.1304,6.7591,6.2884,6.7890,7.9389,8.0060,8.1240,8.3347,7.5168,7.9763,8.6157,7.7581"
EP00513,C2_covariance,18,GEOMETRY_ROTATION,"2.7839,2.4576,2.1537,1.7931,1.5432,1.0507,0.2465,0.1230,0.1230,0.4855,0.5509,0.2697,0.3753,0.4890,0.4049,0.3503,0.1413,0.1626,0.5770,1.3864,2.1395,3.1115,3.9829,4.9051,5.1804,5.4449,6.1227,5.7414,5.4502,5.0131,5.0005,5.1517,4.6812,5.1317,5.3364,5.2833,5.5182,5.2734,5.8545,5.5775,5.8533,5.8487"
EP00513,C3_both,18,GEOMETRY_ROTATION,"2.7839,2.4576,2.1537,1.7931,1.5432,1.0507,0.2465,0.1230,0.1230,0.4855,0.5509,0.2697,0.9634,0.8302,1.2804,2.0337,3.0703,3.9655,4.3225,4.9112,5.2187,5.4971,5.7351,5.9564,6.0726,7.5301,9.2018,8.8108,8.4235,8.0044,7.1304,6.7591,6.2884,6.7890,7.9389,8.0060,8.1240,8.3347,7.5168,7.9763,8.6157,7.7581"
EP00514,C1_variability,15,GEOMETRY_ROTATION,"0.7579,0.5227,0.0702,0.1481,0.0591,0.0000,0.0246,0.0051,0.1163,0.3534,1.8162,2.3968,3.7521,4.1868,5.3325,6.3017,7.5879,8.5250,9.2902,10.6930,9.3232,9.7704,9.8436,10.0736,9.4064,9.3951,9.3885,9.5634,9.7390,9.8641,9.6709,9.6993,9.7103,9.5627,9.4908,9.4980,10.1957,9.6021,10.4264,10.1030,10.3410,9.9290"
EP00514,C2_covariance,15,GEOMETRY_ROTATION,"1.0948,0.8838,0.6874,0.4544,0.2928,0.0255,0.5453,0.6252,0.7841,1.0086,1.0039,0.4154,0.7626,0.6745,1.4747,2.3895,3.1380,3.8542,4.4541,5.3245,6.0139,6.7754,7.4780,7.9216,8.0558,8.2517,8.4376,8.2509,8.1348,7.9864,7.8908,7.9773,7.6371,7.8342,8.0432,7.9855,8.0463,7.8008,8.1879,8.3178,8.4065,8.4550"
EP00514,C3_both,15,GEOMETRY_ROTATION,"1.0948,0.8838,0.6874,0.4544,0.2928,0.0255,0.5453,0.6252,0.7841,1.0086,1.8162,2.3968,3.7521,4.1868,5.3325,6.3017,7.5879,8.5250,9.2902,10.6930,9.3232,9.7704,9.8436,10.0736,9.4064,9.3951,9.3885,9.5634,9.7390,9.8641,9.6709,9.6993,9.7103,9.5627,9.4908,9.4980,10.1957,9.6021,10.4264,10.1030,10.3410,9.9290"
EP00515,C1_variability,13,GEOMETRY_ROTATION,"0.7829,0.5476,0.0948,0.1727,0.0837,0.0246,0.0000,0.0118,1.1145,3.0446,4.6294,5.5543,6.4877,7.9725,9.3548,10.0669,11.4134,12.9746,14.4230,15.7191,17.4028,18.9676,20.4726,22.0080,22.8090,23.1582,23.1568,23.2981,23.4401,23.5176,23.4696,23.4615,23.5713,23.4138,23.2466,23.1952,23.2092,22.9727,23.0426,23.0340,23.1056,23.1523"
EP00515,C2_covariance,13,GEOMETRY_ROTATION,"0.7656,0.5134,0.2786,0.0009,0.1932,0.5737,1.1952,1.2915,1.3579,0.6048,0.6745,3.1820,4.5324,6.2021,7.7430,8.6406,9.5621,10.0426,10.7708,11.3638,12.0535,13.0905,14.1055,14.3237,14.9180,15.0853,15.6628,15.1433,14.8264,14.4881,14.4817,14.3861,13.8983,14.1654,14.3692,14.7574,14.7307,14.4626,15.2218,15.0292,14.9833,14.9284"
EP00515,C3_both,13,GEOMETRY_ROTATION,"0.7829,0.5476,0.2786,0.1727,0.1932,0.5737,1.1952,1.2915,1.3579,3.0446,4.6294,5.5543,6.4877,7.9725,9.3548,10.0669,11.4134,12.9746,14.4230,15.7191,17.4028,18.9676,20.4726,22.0080,22.8090,23.1582,23.1568,23.2981,23.4401,23.5176,23.4696,23.4615,23.5713,23.4138,23.2466,23.1952,23.2092,22.9727,23.0426,23.0340,23.1056,23.1523"
EP00516,C1_variability,20,GEOMETRY_ROTATION,"0.7541,0.5189,0.0664,0.1443,0.0553,0.0248,0.3271,0.0013,0.1125,0.0013,0.0325,0.1336,0.2960,0.0032,0.0622,0.3287,0.6076,0.9959,1.8445,2.3796,2.3925,2.8993,3.2997,3.9020,3.6177,4.2459,5.7516,5.5678,5.1769,4.9187,5.3318,5.3643,5.3965,5.7803,6.3039,6.3751,6.9287,6.7515,7.0343,7.0265,7.6399,6.3240"
EP00516,C2_covariance,20,GEOMETRY_ROTATION,"3.0856,2.7573,2.4517,2.0891,1.8377,1.3424,0.5336,0.4094,0.1620,0.2026,0.2683,0.0145,0.2717,0.3045,0.2072,0.3761,0.5097,0.8151,0.9102,0.6955,0.4322,0.0867,0.6933,1.0473,1.0300,1.2973,1.9958,1.7431,1.6427,1.8218,2.2081,2.5949,2.1369,2.5790,3.2118,3.4806,4.0240,4.0637,4.9551,5.1704,5.1897,5.3163"
EP00516,C3_both,20,GEOMETRY_ROTATION,"3.0856,2.7573,2.4517,2.0891,1.8377,1.3424,0.5336,0.4094,0.1620,0.2026,0.2683,0.1336,0.2960,0.3045,0.2072,0.3761,0.6076,0.9959,1.8445,2.3796,2.3925,2.8993,3.2997,3.9020,3.6177,4.2459,5.7516,5.5678,5.1769,4.9187,5.3318,5.3643,5.3965,5.7803,6.3039,6.3751,6.9287,6.7515,7.0343,7.0265,7.6399,6.3240"
EP00517,C1_variability,14,GEOMETRY_ROTATION,"0.7553,0.5202,0.0677,0.1456,0.0566,0.0025,0.0271,0.0025,0.0346,0.6533,2.0373,2.6143,3.2457,3.4909,4.0801,4.3434,5.9581,6.1438,5.8703,5.9865,6.7245,6.8438,6.5488,6.6277,6.2388,6.4841,6.7590,8.3000,7.6131,8.5672,8.8390,8.7332,8.6544,9.0728,9.1245,8.7402,9.2337,9.1532,9.6067,9.4458,10.0084,9.7037"
EP00517,C2_covariance,14,GEOMETRY_ROTATION,"1.8285,1.5630,1.3159,1.0226,0.8193,0.4188,0.2353,0.3358,0.5374,0.8157,0.8116,0.4158,0.2466,0.1342,0.5328,1.1560,1.8470,2.1885,2.6621,3.3291,3.8037,4.5846,5.2771,5.9050,6.0412,6.3207,7.0809,7.1362,7.2396,7.2476,7.6299,7.8484,7.7211,8.1434,8.5458,8.8730,9.2691,9.2947,9.7658,9.8636,9.9511,10.0502"
EP00517,C3_both,14,GEOMETRY_ROTATION,"1.8285,1.5630,1.3159,1.0226,0.8193,0.4188,0.2353,0.3358,0.5374,0.8157,2.0373,2.6143,3.2457,3.4909,4.0801,4.3434,5.9581,6.1438,5.8703,5.9865,6.7245,6.8438,6.5488,6.6277,6.2388,6.4841,7.0809,8.3000,7.6131,8.5672,8.8390,8.7332,8.6544,9.0728,9.1245,8.8730,9.2691,9.2947,9.7658,9.8636,10.0084,10.0502"
EP00518,C1_variability,15,GEOMETRY_ROTATION,"0.7579,0.5227,0.0702,0.1481,0.0591,0.0000,0.0246,0.0051,0.1163,0.8232,2.6812,3.9053,5.3904,6.5424,7.9356,9.0365,9.5772,10.2346,11.1007,11.6220,11.4086,10.7909,10.1900,10.6652,11.2427,11.8407,12.4935,13.1735,13.9584,14.7805,15.2768,15.9994,16.7518,17.6595,18.4747,19.2612,21.8409,22.2427,26.1325,27.8611,25.7244,23.2905"
EP00518,C2_covariance,15,GEOMETRY_ROTATION,"0.6745,0.4971,0.3319,0.1359,0.0000,0.2677,0.7049,0.7721,0.9058,1.0645,0.9534,0.9536,1.0544,1.0872,2.0562,3.0865,4.0117,4.6781,5.0030,5.7435,6.0619,6.7298,7.3338,7.8553,7.9542,8.1067,8.2704,8.3378,8.2389,8.0873,8.3928,8.5516,8.6927,8.9892,9.2606,9.5068,9.6868,9.8567,10.3449,10.3465,10.6062,10.7658"
EP00518,C3_both,15,GEOMETRY_ROTATION,"0.7579,0.5227,0.3319,0.1481,0.0591,0.2677,0.7049,0.7721,0.9058,1.0645,2.6812,3.9053,5.3904,6.5424,7.9356,9.0365,9.5772,10.2346,11.1007,11.6220,11.4086,10.7909,10.1900,10.6652,11.2427,11.8407,12.4935,13.1735,13.9584,14.7805,15.2768,15.9994,16.7518,17.6595,18.4747,19.2612,21.8409,22.2427,26.1325,27.8611,25.7244,23.2905"
EP00519,C1_variability,19,NONE,"0.0375,0.1987,0.4340,0.4299,0.1116,0.1129,0.1991,0.1206,0.2204,0.6419,0.4968,0.4015,0.3044,0.1922,0.6064,0.0825,0.0768,0.1332,0.1993,0.6852,1.4865,0.8883,1.3159,0.8838,1.7184,1.3283,1.5012,2.7649,1.6775,1.0604,1.8110,2.0611,1.6261,1.3878,2.4451,2.0491,1.9573,1.9376,1.3699,1.0718,1.1854,0.8640,1.1420"
EP00519,C2_covariance,19,NONE,"0.5188,0.5550,0.0828,0.3813,0.0873,0.1011,0.0442,0.2553,0.1318,0.4245,1.1107,0.2866,0.0000,0.0952,0.1147,0.0959,0.2117,0.3022,0.1508,0.3288,0.0465,0.5745,0.7840,0.3413,0.3638,0.2688,0.2195,0.0613,0.0515,0.1882,0.2537,0.3094,0.6469,0.0092,0.2832,0.7664,0.8321,0.4745,0.8118,0.8551,1.0098,0.2463,0.0779"
EP00519,C3_both,19,NONE,"0.5188,0.5550,0.4340,0.4299,0.1116,0.1129,0.1991,0.2553,0.2204,0.6419,1.1107,0.4015,0.3044,0.1922,0.6064,0.0959,0.2117,0.3022,0.1993,0.6852,1.4865,0.8883,1.3159,0.8838,1.7184,1.3283,1.5012,2.7649,1.6775,1.0604,1.8110,2.0611,1.6261,1.3878,2.4451,2.0491,1.9573,1.9376,1.3699,1.0718,1.1854,0.8640,1.1420"
EP00520,C1_variability,26,RATE_LOSS,"0.0160,0.0160,0.1782,0.4315,0.1037,0.0595,0.1457,0.0672,0.1405,0.5178,0.3343,0.2706,0.3582,0.2459,0.1424,0.1361,0.1340,0.1843,0.2470,0.4716,0.3830,0.3441,0.8600,1.8631,2.5921,3.4560,4.2314,4.6954,4.9521,5.0430,4.9572,5.0169,4.7963,4.7831,4.8064,4.9066,4.8762,4.8348,5.1503,5.0966,5.0068,4.9586,5.0254"
EP00520,C2_covariance,26,RATE_LOSS,"0.4776,0.5274,0.1405,0.4718,0.3045,0.1922,0.1353,0.3461,0.2418,0.4736,1.1271,0.1948,0.0912,0.0038,0.2057,0.1869,0.3531,0.2104,0.0593,0.2369,0.0460,0.4282,0.6856,0.2136,0.4189,0.3952,0.8251,0.1288,0.1426,0.2792,0.3280,0.3398,0.5545,0.1004,0.3739,0.8562,0.9218,0.5649,0.9015,0.9448,1.0992,0.3371,0.1690"
EP00520,C3_both,26,RATE_LOSS,"0.4776,0.5274,0.1782,0.4718,0.3045,0.1922,0.1457,0.3461,0.2418,0.5178,1.1271,0.2706,0.3582,0.2459,0.2057,0.1869,0.3531,0.2104,0.2470,0.4716,0.3830,0.4282,0.8600,1.8631,2.5921,3.4560,4.2314,4.6954,4.9521,5.0430,4.9572,5.0169,4.7963,4.7831,4.8064,4.9066,4.8762,4.8348,5.1503,5.0966,5.0068,4.9586,5.0254"
EP00521,C1_variability,25,RATE_LOSS,"0.0320,0.3524,0.1722,0.4639,0.0422,0.0435,0.1298,0.0512,0.1506,0.5092,0.4135,0.3778,0.3744,0.2620,0.1584,0.1522,0.2623,0.2004,0.2631,0.4737,0.8639,1.7087,3.3152,5.6138,7.5361,9.9076,11.6280,12.3119,12.4480,12.5238,12.4523,12.5021,12.3182,12.3071,12.3266,12.4101,12.3848,12.3503,12.6133,12.5685,12.4937,12.4535,12.5092"
EP00521,C2_covariance,25,RATE_LOSS,"0.6437,0.6390,0.1779,0.4684,0.4210,0.3111,0.1319,0.3427,0.3343,0.5378,1.2010,0.2002,0.0878,0.0073,0.2023,0.1835,0.2809,0.2138,0.0627,0.2321,0.0000,0.5102,1.0436,0.5166,1.0910,0.8371,1.4055,0.1447,0.1392,0.2757,0.4629,0.4586,0.5580,0.0970,0.3705,0.8528,0.9184,0.5615,0.8981,0.9414,1.0958,0.3336,0.1655"
EP00521,C3_both,25,RATE_LOSS,"0.6437,0.6390,0.1779,0.4684,0.4210,0.3111,0.1319,0.3427,0.3343,0.5378,1.2010,0.3778,0.3744,0.2620,0.2023,0.1835,0.2809,0.2138,0.2631,0.4737,0.8639,1.7087,3.3152,5.6138,7.5361,9.9076,11.6280,12.3119,12.4480,12.5238,12.4523,12.5021,12.3182,12.3071,12.3266,12.4101,12.3848,12.3503,12.6133,12.5685,12.4937,12.4535,12.5092"
EP00522,C1_variability,26,RATE_LOSS,"0.0160,0.1347,0.2159,0.4337,0.0582,0.0595,0.1457,0.0672,0.2025,0.5401,0.1873,0.2706,0.3582,0.2459,0.1424,0.1361,0.1978,0.1843,0.2470,0.4716,0.7866,1.9507,4.1503,7.6797,11.3437,16.7054,23.0839,26.8335,27.4760,27.5215,27.4786,27.5084,27.3981,27.3915,27.4032,27.4533,27.4381,27.4174,27.5752,27.5483,27.5034,27.4793,27.5127"
EP00522,C2_covariance,26,RATE_LOSS,"0.4266,0.4627,0.0675,0.4718,0.1784,0.1922,0.1353,0.3461,0.2068,0.1504,0.8248,0.1948,0.0912,0.0038,0.2057,0.1869,0.2422,0.2104,0.0593,0.2369,0.0172,0.7244,2.6923,4.2231,7.9296,10.3500,9.6825,0.3555,0.1426,0.2792,0.0552,0.1742,0.5545,0.1004,0.3739,0.8562,0.9218,0.5649,0.9015,0.9448,1.0992,0.3371,0.1690"
EP00522,C3_both,26,RATE_LOSS,"0.4266,0.4627,0.2159,0.4718,0.1784,0.1922,0.1457,0.3461,0.2068,0.5401,0.8248,0.2706,0.3582,0.2459,0.2057,0.1869,0.2422,0.2104,0.2470,0.4716,0.7866,1.9507,4.1503,7.6797,11.3437,16.7054,23.0839,26.8335,27.4760,27.5215,27.4786,27.5084,27.3981,27.3915,27.4032,27.4533,27.4381,27.4174,27.5752,27.5483,27.5034,27.4793,27.5127"
EP00523,C1_variability,19,RATE_LOSS,"0.0756,0.1112,0.3674,0.4223,0.0013,0.0000,0.0864,0.0077,0.2076,0.6342,0.4345,0.3643,0.4182,0.2885,0.4394,0.0778,0.3373,0.6697,0.9891,1.2609,1.7252,2.5597,2.8628,3.5133,3.8769,4.2484,4.4747,4.6165,4.8723,4.9894,4.9035,4.9633,4.7424,4.7292,4.7526,4.8529,4.8225,4.7810,5.0969,5.0431,4.9532,4.9049,4.9718"
EP00523,C2_covariance,19,RATE_LOSS,"0.5188,0.5550,0.0828,0.3813,0.0873,0.1011,0.0442,0.2553,0.1471,0.4379,1.1253,0.2866,0.0007,0.0929,0.1014,0.0849,0.1869,0.2447,0.1354,0.2885,0.0660,0.5490,0.7723,0.2754,0.3870,0.3358,0.3033,0.0414,0.0431,0.1882,0.2671,0.3210,0.6469,0.0092,0.2832,0.7664,0.8321,0.4745,0.8118,0.8551,1.0098,0.2463,0.0779"
EP00523,C3_both,19,RATE_LOSS,"0.5188,0.5550,0.3674,0.4223,0.0873,0.1011,0.0864,0.2553,0.2076,0.6342,1.1253,0.3643,0.4182,0.2885,0.4394,0.0849,0.3373,0.6697,0.9891,1.2609,1.7252,2.5597,2.8628,3.5133,3.8769,4.2484,4.4747,4.6165,4.8723,4.9894,4.9035,4.9633,4.7424,4.7292,4.7526,4.8529,4.8225,4.7810,5.0969,5.0431,4.9532,4.9049,4.9718"
EP00524,C1_variability,27,RATE_LOSS,"0.0000,0.0320,0.1942,0.4249,0.0951,0.0755,0.1617,0.0832,0.1677,0.5391,0.1300,0.2546,0.3421,0.2299,0.2489,0.1201,0.1144,0.1682,0.2309,0.4555,0.4158,0.0056,0.1158,0.8517,1.5817,2.5746,3.8435,5.5214,7.3622,9.1544,10.4096,11.3569,11.8546,12.2182,12.3507,12.4342,12.4089,12.3744,12.6372,12.5924,12.5177,12.4775,12.5332"
EP00524,C2_covariance,27,RATE_LOSS,"0.4227,0.4589,0.0919,0.4756,0.2050,0.1959,0.1391,0.3499,0.2106,0.3194,0.9658,0.1910,0.0950,0.0000,0.2095,0.1907,0.3561,0.2066,0.0555,0.2331,0.0486,0.4664,0.6929,0.2685,0.4612,0.6814,1.2780,0.1946,0.1747,0.2946,0.2043,0.1555,0.5791,0.1041,0.3777,0.8599,0.9256,0.5686,0.9053,0.9485,1.1029,0.3408,0.1728"
EP00524,C3_both,27,RATE_LOSS,"0.4227,0.4589,0.1942,0.4756,0.2050,0.1959,0.1617,0.3499,0.2106,0.5391,0.9658,0.2546,0.3421,0.2299,0.2489,0.1907,0.3561,0.2066,0.2309,0.4555,0.4158,0.4664,0.6929,0.8517,1.5817,2.5746,3.8435,5.5214,7.3622,9.1544,10.4096,11.3569,11.8546,12.2182,12.3507,12.4342,12.4089,12.3744,12.6372,12.5924,12.5177,12.4775,12.5332"
EP00525,C1_variability,23,RATE_LOSS,"0.0743,0.3284,0.2122,0.5145,0.0000,0.0013,0.0877,0.0734,0.2584,0.6164,0.3894,0.3292,0.4169,0.3045,0.2008,0.1946,0.1888,0.1223,0.3019,1.1235,2.4715,4.7758,7.0992,10.5072,13.1969,15.9117,18.6320,21.4333,23.9052,25.9439,27.0233,27.4590,27.3718,27.3652,27.3769,27.4270,27.4118,27.3911,27.5490,27.5221,27.4772,27.4531,27.4865"
EP00525,C2_covariance,23,RATE_LOSS,"0.4304,0.4665,0.1179,0.4680,0.3015,0.1884,0.1315,0.3423,0.2030,0.3018,0.9325,0.1986,0.0875,0.0076,0.2020,0.1832,0.4770,0.2084,0.1835,0.3705,0.4036,0.9302,1.4380,0.6006,1.5670,2.9733,5.4263,1.9801,1.4608,0.0046,0.1871,0.1639,0.5583,0.0966,0.3702,0.8525,0.9181,0.5611,0.8978,0.9410,1.0955,0.3333,0.1652"
EP00525,C3_both,23,RATE_LOSS,"0.4304,0.4665,0.2122,0.5145,0.3015,0.1884,0.1315,0.3423,0.2584,0.6164,0.9325,0.3292,0.4169,0.3045,0.2020,0.1946,0.4770,0.2084,0.3019,1.1235,2.4715,4.7758,7.0992,10.5072,13.1969,15.9117,18.6320,21.4333,23.9052,25.9439,27.0233,27.4590,27.3718,27.3652,27.3769,27.4270,27.4118,27.3911,27.5490,27.5221,27.4772,27.4531,27.4865"
EP00526,C1_variability,26,RATE_LOSS,"0.0201,0.0941,0.2142,0.4810,0.0942,0.0955,0.1817,0.1032,0.1322,0.5161,0.3689,0.2344,0.3219,0.2097,0.1062,0.1000,0.1576,0.1481,0.2108,0.4352,0.3842,0.0174,0.1018,0.2129,0.3681,0.6364,0.8664,1.1816,1.5401,1.9481,2.1456,2.4652,2.5128,2.7484,3.0291,3.3986,3.6508,3.8656,4.4813,4.6670,4.7722,4.8556,5.0135"
EP00526,C2_covariance,26,RATE_LOSS,"0.4266,0.4627,0.0680,0.4718,0.1784,0.1922,0.1353,0.3461,0.2068,0.4057,1.0618,0.1948,0.0912,0.0038,0.2057,0.1869,0.3001,0.2104,0.0593,0.2369,0.0451,0.4720,0.6821,0.2325,0.2894,0.2385,0.3210,0.1368,0.1327,0.3127,0.1654,0.3187,0.5595,0.0821,0.3342,0.8122,0.8888,0.4988,0.8584,0.9350,1.1124,0.3472,0.1740"
EP00526,C3_both,26,RATE_LOSS,"0.4266,0.4627,0.2142,0.4810,0.1784,0.1922,0.1817,0.3461,0.2068,0.5161,1.0618,0.2344,0.3219,0.2097,0.2057,0.1869,0.3001,0.2104,0.2108,0.4352,0.3842,0.4720,0.6821,0.2325,0.3681,0.6364,0.8664,1.1816,1.5401,1.9481,2.1456,2.4652,2.5128,2.7484,3.0291,3.3986,3.6508,3.8656,4.4813,4.6670,4.7722,4.8556,5.0135"
EP00527,C1_variability,17,RATE_LOSS,"0.2673,0.0435,0.1189,0.4715,0.0013,0.0000,0.0864,0.0077,0.1886,0.5951,0.2058,0.3305,0.3766,0.1390,0.2523,0.4641,0.8446,1.3372,1.7494,2.0518,2.5342,3.3856,3.7138,4.3886,4.8245,5.3254,5.7791,6.2633,6.9261,7.5820,8.0319,8.5570,8.8686,9.3141,9.8045,10.3802,10.8718,11.2588,11.9392,12.1954,12.3304,12.3921,12.4765"
EP00527,C2_covariance,17,RATE_LOSS,"0.5191,0.5553,0.1100,0.3981,0.0870,0.1008,0.0438,0.2550,0.1154,0.2144,0.9218,0.2869,0.0009,0.0981,0.0756,0.0654,0.2819,0.2444,0.1350,0.2875,0.1071,0.5491,0.7732,0.2735,0.4007,0.4047,0.4153,0.0155,0.0170,0.2457,0.0166,0.2565,0.6701,0.0438,0.1835,0.6538,0.7452,0.3302,0.7245,0.8253,1.0186,0.2458,0.0775"
EP00527,C3_both,17,RATE_LOSS,"0.5191,0.5553,0.1189,0.4715,0.0870,0.1008,0.0864,0.2550,0.1886,0.5951,0.9218,0.3305,0.3766,0.1390,0.2523,0.4641,0.8446,1.3372,1.7494,2.0518,2.5342,3.3856,3.7138,4.3886,4.8245,5.3254,5.7791,6.2633,6.9261,7.5820,8.0319,8.5570,8.8686,9.3141,9.8045,10.3802,10.8718,11.2588,11.9392,12.1954,12.3304,12.3921,12.4765"
EP00528,C1_variability,14,RATE_LOSS,"0.1786,0.1465,0.3187,0.4549,0.1041,0.1028,0.0202,0.0951,0.1764,0.5746,0.4170,0.8582,1.4784,2.4525,3.4770,4.5505,5.5015,6.6157,7.4882,8.3095,9.2082,10.5151,11.3592,12.5447,13.4156,14.3343,15.2481,16.2574,17.3842,18.5608,19.5388,20.4926,21.3530,22.2358,23.1609,24.1687,25.1057,25.8190,26.6769,27.1215,27.3540,27.4061,27.4396"
EP00528,C2_covariance,14,RATE_LOSS,"0.4575,0.4937,0.0539,0.4414,0.1478,0.1616,0.1047,0.3156,0.1869,0.0393,0.8875,0.2865,0.0157,0.1353,0.0188,0.0862,0.3065,0.4308,0.0996,0.2262,0.0931,0.5221,0.7675,0.1817,0.4576,0.6133,0.7341,0.1059,0.0870,0.2968,0.1367,0.2945,1.0575,0.5857,0.0973,0.3210,0.4972,0.0353,0.5913,0.8164,1.0832,0.3066,0.1384"
EP00528,C3_both,14,RATE_LOSS,"0.4575,0.4937,0.3187,0.4549,0.1478,0.1616,0.1047,0.3156,0.1869,0.5746,0.8875,0.8582,1.4784,2.4525,3.4770,4.5505,5.5015,6.6157,7.4882,8.3095,9.2082,10.5151,11.3592,12.5447,13.4156,14.3343,15.2481,16.2574,17.3842,18.5608,19.5388,20.4926,21.3530,22.2358,23.1609,24.1687,25.1057,25.8190,26.6769,27.1215,27.3540,27.4061,27.4396"
EP00529,C1_variability,22,CHANNEL_DROPOUT,"0.0759,0.2856,0.4511,0.5213,0.1500,0.1513,0.2374,0.1590,0.2426,0.6001,0.4551,0.1783,0.2657,0.1536,0.2326,0.0440,0.0468,0.1080,0.2304,0.5147,0.9992,1.6004,2.0209,19.8925,18.1341,18.0763,18.3646,18.5213,18.1810,17.8288,18.0757,18.1442,18.2803,18.3956,18.4307,18.7235,18.7612,18.6872,18.4311,18.4444,18.1478,17.8561,17.6195"
EP00529,C2_covariance,22,CHANNEL_DROPOUT,"0.4328,0.5000,0.1361,0.4657,0.2918,0.1860,0.1292,0.3400,0.2006,0.3396,1.0093,0.2010,0.0851,0.0100,0.1996,0.1808,0.3967,0.2321,0.0926,0.4461,0.3575,1.0367,1.2180,1.7067,2.1951,2.0412,1.9326,1.6879,1.7170,1.5865,1.8383,2.0739,2.3791,1.7170,1.4648,0.9732,0.9498,1.2163,0.8609,0.8103,0.6483,1.4172,1.6360"
EP00529,C3_both,22,CHANNEL_DROPOUT,"0.4328,0.5000,0.4511,0.5213,0.2918,0.1860,0.2374,0.3400,0.2426,0.6001,1.0093,0.2010,0.2657,0.1536,0.2326,0.1808,0.3967,0.2321,0.2304,0.5147,0.9992,1.6004,2.0209,19.8925,18.1341,18.0763,18.3646,18.5213,18.1810,17.8288,18.0757,18.1442,18.2803,18.3956,18.4307,18.7235,18.7612,18.6872,18.4311,18.4444,18.1478,17.8561,17.6195"
EP00530,C1_variability,17,CHANNEL_DROPOUT,"0.1643,0.1077,0.1942,0.4128,0.0742,0.0755,0.1617,0.0832,0.1048,0.4996,0.1300,0.4169,0.5448,0.8426,1.4683,2.5991,4.3742,16.9575,36.8877,46.3389,56.3105,55.8040,55.8752,55.7247,55.6482,55.4657,55.4294,55.6084,55.3083,55.1846,55.2903,55.1629,55.1819,55.5276,55.6526,55.7377,55.7698,56.0279,55.9543,55.9199,55.7795,55.7791,55.3999"
EP00530,C2_covariance,17,CHANNEL_DROPOUT,"0.1975,0.2335,0.2356,0.6968,0.4047,0.4184,0.3618,0.5716,0.4329,0.2309,0.4475,0.0000,0.0445,0.5689,1.6493,2.8253,5.1300,6.8317,8.5646,11.0573,12.7731,13.1751,13.4717,13.0119,12.9520,12.8461,12.7020,12.6548,12.9020,12.8249,12.7907,13.1830,13.4630,12.7158,12.7101,12.2520,12.1729,12.4598,12.2889,12.3082,12.1615,12.9728,13.1085"
EP00530,C3_both,17,CHANNEL_DROPOUT,"0.1975,0.2335,0.2356,0.6968,0.4047,0.4184,0.3618,0.5716,0.4329,0.4996,0.4475,0.4169,0.5448,0.8426,1.6493,2.8253,5.1300,16.9575,36.8877,46.3389,56.3105,55.8040,55.8752,55.7247,55.6482,55.4657,55.4294,55.6084,55.3083,55.1846,55.2903,55.1629,55.1819,55.5276,55.6526,55.7377,55.7698,56.0279,55.9543,55.9199,55.7795,55.7791,55.3999"
EP00531,C1_variability,23,CHANNEL_DROPOUT,"0.1198,0.1517,0.3708,0.5722,0.1938,0.2685,0.2811,0.2028,0.2224,0.4759,0.0244,0.2114,0.2215,0.1095,0.0062,0.0000,0.0679,0.2344,0.9613,2.0585,3.1719,3.8850,9.8488,35.7742,74.9254,59.8958,59.8958,59.8958,59.8958,59.8958,59.8958,59.8958,59.8958,59.8958,59.8958,59.8958,59.8958,59.8958,59.8958,59.8958,59.8958,59.8958,59.8958"
EP00531,C2_covariance,23,CHANNEL_DROPOUT,"0.4304,0.4665,0.0072,0.4680,0.1746,0.1884,0.1315,0.3423,0.2030,0.0000,0.4557,0.1986,0.0875,0.0076,0.2020,0.1832,0.2953,0.3080,1.5007,6.2444,13.3649,18.3805,20.4365,18.7876,30.3451,38.2904,38.1149,38.0843,38.6552,38.6167,38.7093,39.1322,39.5020,38.4467,37.7246,37.8661,37.8441,38.0970,37.8541,37.9319,37.9069,38.4272,38.6573"
EP00531,C3_both,23,CHANNEL_DROPOUT,"0.4304,0.4665,0.3708,0.5722,0.1938,0.2685,0.2811,0.3423,0.2224,0.4759,0.4557,0.2114,0.2215,0.1095,0.2020,0.1832,0.2953,0.3080,1.5007,6.2444,13.3649,18.3805,20.4365,35.7742,74.9254,59.8958,59.8958,59.8958,59.8958,59.8958,59.8958,59.8958,59.8958,59.8958,59.8958,59.8958,59.8958,59.8958,59.8958,59.8958,59.8958,59.8958,59.8958"
EP00532,C1_variability,16,CHANNEL_DROPOUT,"0.0344,0.0160,0.3064,0.4470,0.0582,0.0595,0.1457,0.0672,0.1757,0.5693,0.1461,0.2777,0.3723,0.2798,0.7692,0.4745,0.3541,7.7511,8.0263,7.5404,7.5182,7.9433,6.2008,17.3548,22.7455,22.8558,24.0359,24.2121,24.2228,23.9649,23.9014,24.0757,23.9891,23.7116,23.8728,24.1365,24.1797,24.0942,24.1288,24.1813,23.8591,23.5893,23.6485"
EP00532,C2_covariance,16,CHANNEL_DROPOUT,"0.5665,0.6027,0.1635,0.4466,0.1616,0.0539,0.0030,0.2083,0.0686,0.2741,0.9527,0.3361,0.0030,0.0893,0.0853,0.1370,0.4351,0.2149,0.0491,0.1264,0.1836,0.3748,0.7468,0.5782,1.0338,0.7948,1.0797,0.9917,0.9843,0.8524,1.0979,1.3209,1.6135,1.0086,0.8979,1.1445,1.2629,1.1807,1.2376,1.1879,1.4685,0.6187,0.7457"
EP00532,C3_both,16,CHANNEL_DROPOUT,"0.5665,0.6027,0.3064,0.4470,0.1616,0.0595,0.1457,0.2083,0.1757,0.5693,0.9527,0.3361,0.3723,0.2798,0.7692,0.4745,0.4351,7.7511,8.0263,7.5404,7.5182,7.9433,6.2008,17.3548,22.7455,22.8558,24.0359,24.2121,24.2228,23.9649,23.9014,24.0757,23.9891,23.7116,23.8728,24.1365,24.1797,24.0942,24.1288,24.1813,23.8591,23.5893,23.6485"
EP00533,C1_variability,25,CHANNEL_DROPOUT,"0.1260,0.4007,0.3197,0.4514,0.2000,0.2013,0.2873,0.2090,0.2501,0.6516,0.4394,0.2514,0.2153,0.1845,0.0000,0.0128,0.0119,0.0418,0.1044,0.3389,0.3924,0.2734,0.7130,0.7874,1.3718,15.7896,32.5800,35.9324,34.9234,35.7759,46.0457,43.7655,51.9346,57.4242,57.5620,57.3715,57.2163,57.4960,57.3673,57.4163,57.2767,57.4428,57.2179"
EP00533,C2_covariance,25,CHANNEL_DROPOUT,"0.4227,0.4589,0.0700,0.4756,0.3131,0.1959,0.1391,0.3499,0.2106,0.2830,0.9137,0.1910,0.0950,0.0000,0.2095,0.1907,0.2726,0.2066,0.0555,0.2228,0.1356,0.8152,1.1352,1.0932,2.0986,3.2790,3.7624,4.8745,6.3135,6.7090,7.9807,9.8601,11.1859,11.3630,11.1180,10.6216,10.5973,11.1905,11.0234,10.8394,10.6510,11.3444,11.5481"
EP00533,C3_both,25,CHANNEL_DROPOUT,"0.4227,0.4589,0.3197,0.4756,0.3131,0.2013,0.2873,0.3499,0.2501,0.6516,0.9137,0.2514,0.2153,0.1845,0.2095,0.1907,0.2726,0.2066,0.1044,0.3389,0.3924,0.8152,1.1352,1.0932,2.0986,15.7896,32.5800,35.9324,34.9234,35.7759,46.0457,43.7655,51.9346,57.4242,57.5620,57.3715,57.2163,57.4960,57.3673,57.4163,57.2767,57.4428,57.2179"
EP00534,C1_variability,19,CHANNEL_DROPOUT,"0.0375,0.3376,0.2315,0.3635,0.1116,0.1129,0.1991,0.1206,0.1485,0.5515,0.0924,0.2169,0.3044,0.1922,0.4390,0.2535,0.5991,1.1307,1.8411,10.8833,21.5640,21.8728,29.3728,39.1299,34.7664,34.8958,41.6667,121.2379,55.2083,59.8958,59.8958,59.8958,59.8958,59.8958,59.8958,59.8958,59.8958,59.8958,59.8958,59.8958,59.8958,59.8958,59.8958"
EP00534,C2_covariance,19,CHANNEL_DROPOUT,"0.4304,0.4665,0.0047,0.4680,0.1746,0.1884,0.1315,0.3423,0.2030,0.1643,0.8328,0.1986,0.0875,0.0076,0.0540,0.0526,0.3776,1.3499,1.8717,2.5377,4.8323,6.7463,9.7252,12.1091,16.3474,19.2994,25.6238,29.9427,33.2853,38.0617,38.1354,38.3413,38.9064,38.3095,38.6107,38.4679,38.5990,39.2994,38.8260,38.7382,38.3852,38.4947,38.5469"
EP00534,C3_both,19,CHANNEL_DROPOUT,"0.4304,0.4665,0.2315,0.4680,0.1746,0.1884,0.1991,0.3423,0.2030,0.5515,0.8328,0.2169,0.3044,0.1922,0.4390,0.2535,0.5991,1.3499,1.8717,10.8833,21.5640,21.8728,29.3728,39.1299,34.7664,34.8958,41.6667,121.2379,55.2083,59.8958,59.8958,59.8958,59.8958,59.8958,59.8958,59.8958,59.8958,59.8958,59.8958,59.8958,59.8958,59.8958,59.8958"
EP00535,C1_variability,15,CHANNEL_DROPOUT,"0.0838,0.0000,0.2888,0.3832,0.0422,0.0435,0.1298,0.0512,0.1434,0.5340,0.1621,0.2917,0.4113,0.3303,1.0138,0.8527,0.6973,8.3685,8.6903,8.7112,8.6394,8.8804,11.2934,11.2107,11.3371,11.8215,11.0963,11.2362,11.4195,11.4079,11.6675,12.2905,12.0392,12.1966,12.8039,13.6773,13.8689,14.6383,14.8150,17.2497,17.3059,16.9815,16.8524"
EP00535,C2_covariance,15,CHANNEL_DROPOUT,"0.4458,0.4819,0.1411,0.4644,0.1852,0.1732,0.1163,0.3272,0.1878,0.2198,0.9130,0.2255,0.0000,0.0853,0.1004,0.1074,0.4622,0.4538,0.4194,0.6465,0.4120,1.0725,1.5034,1.2112,1.2822,1.3146,1.3341,1.1010,1.1979,1.0455,1.2961,1.6802,2.0489,1.4782,1.1561,0.6308,0.4921,1.0803,0.8031,1.1247,0.9375,1.7708,1.9438"
EP00535,C3_both,15,CHANNEL_DROPOUT,"0.4458,0.4819,0.2888,0.4644,0.1852,0.1732,0.1298,0.3272,0.1878,0.5340,0.9130,0.2917,0.4113,0.3303,1.0138,0.8527,0.6973,8.3685,8.6903,8.7112,8.6394,8.8804,11.2934,11.2107,11.3371,11.8215,11.0963,11.2362,11.4195,11.4079,11.6675,12.2905,12.0392,12.1966,12.8039,13.6773,13.8689,14.6383,14.8150,17.2497,17.3059,16.9815,16.8524"
EP00536,C1_variability,17,CHANNEL_DROPOUT,"0.2914,0.0320,0.1942,0.4762,0.0764,0.0755,0.1617,0.0832,0.1935,0.6097,0.1306,0.3792,0.3491,0.2484,0.4577,0.2374,0.7176,1.0843,10.6788,12.9723,18.1037,23.2647,24.0482,24.1855,24.0368,28.7535,37.8183,35.6499,42.5167,44.7288,43.9352,39.7687,38.2016,38.3745,32.8644,34.9545,34.6563,33.9760,33.7552,35.3313,34.7907,32.1951,38.0844"
EP00536,C2_covariance,17,CHANNEL_DROPOUT,"0.5522,0.5884,0.1328,0.4256,0.0965,0.0681,0.0111,0.2224,0.0827,0.1980,0.9177,0.3199,0.0556,0.0951,0.1126,0.0000,0.3640,0.0841,0.0070,0.3474,0.5672,1.4630,2.0190,1.9424,2.6599,3.7158,4.7444,5.3795,5.8565,6.2176,6.3220,7.4237,8.3021,7.7047,8.6082,8.8120,9.0661,10.1871,9.6778,10.5331,11.0266,12.4019,13.3408"
EP00536,C3_both,17,CHANNEL_DROPOUT,"0.5522,0.5884,0.1942,0.4762,0.0965,0.0755,0.1617,0.2224,0.1935,0.6097,0.9177,0.3792,0.3491,0.2484,0.4577,0.2374,0.7176,1.0843,10.6788,12.9723,18.1037,23.2647,24.0482,24.1855,24.0368,28.7535,37.8183,35.6499,42.5167,44.7288,43.9352,39.7687,38.2016,38.3745,32.8644,34.9545,34.6563,33.9760,33.7552,35.3313,34.7907,32.1951,38.0844"
EP00537,C1_variability,26,CHANNEL_DROPOUT,"0.1231,0.1550,0.3168,0.4694,0.1971,0.1984,0.2844,0.2061,0.2012,0.5479,0.3191,0.1308,0.2181,0.1062,0.0068,0.0118,0.1857,0.1287,0.1464,0.3312,0.2977,0.0029,0.2844,0.2204,0.5585,0.4725,10.9478,17.1892,18.5669,26.9899,21.3793,33.8729,32.4766,28.2942,32.9244,33.3333,36.2254,43.7646,41.9709,42.8141,47.1534,298.6931,53.6458"
EP00537,C2_covariance,26,CHANNEL_DROPOUT,"0.4965,0.5309,0.1669,0.4718,0.3111,0.1922,0.1353,0.3461,0.2068,0.3484,1.0210,0.1948,0.0912,0.0038,0.2057,0.1869,0.3408,0.2104,0.0593,0.2369,0.0456,0.4645,0.5766,0.0397,0.1185,0.9216,2.8621,1.7555,2.8376,3.5476,5.3441,7.2387,7.8949,9.3883,11.5573,13.1289,14.4001,15.7691,16.9342,21.9067,24.5904,28.1823,32.2264"
EP00537,C3_both,26,CHANNEL_DROPOUT,"0.4965,0.5309,0.3168,0.4718,0.3111,0.1984,0.2844,0.3461,0.2068,0.5479,1.0210,0.1948,0.2181,0.1062,0.2057,0.1869,0.3408,0.2104,0.1464,0.3312,0.2977,0.4645,0.5766,0.2204,0.5585,0.9216,10.9478,17.1892,18.5669,26.9899,21.3793,33.8729,32.4766,28.2942,32.9244,33.3333,36.2254,43.7646,41.9709,42.8141,47.1534,298.6931,53.6458"
EP00538,C1_variability,15,GAIN_DRIFT,"0.0629,0.0000,0.1623,0.3643,0.0422,0.0435,0.1298,0.0512,0.1333,0.3990,0.9979,2.2443,3.4013,5.8548,8.4470,11.1076,11.6599,13.0122,14.0800,13.6455,13.7825,13.8029,13.3201,14.5954,14.6517,15.5985,14.9535,14.9683,13.7833,13.7635,14.3061,13.7338,13.9027,14.0996,13.7014,13.8682,12.8092,13.2670,13.7353,14.2453,13.9500,12.8195,13.5629"
EP00538,C2_covariance,15,GAIN_DRIFT,"0.5404,0.5766,0.1711,0.4856,0.2012,0.0797,0.0228,0.2340,0.0944,0.2692,0.8987,0.3035,0.0002,0.0372,0.0856,0.1112,0.5920,0.2520,0.1023,0.2693,0.3115,0.5178,0.7431,0.2722,0.3151,0.2489,0.2068,0.0717,0.0427,0.1602,0.1529,0.3030,0.6631,0.0022,0.2392,0.8871,0.7963,0.4750,0.7896,0.8138,0.9838,0.2315,0.0715"
EP00538,C3_both,15,GAIN_DRIFT,"0.5404,0.5766,0.1711,0.4856,0.2012,0.0797,0.1298,0.2340,0.1333,0.3990,0.9979,2.2443,3.4013,5.8548,8.4470,11.1076,11.6599,13.0122,14.0800,13.6455,13.7825,13.8029,13.3201,14.5954,14.6517,15.5985,14.9535,14.9683,13.7833,13.7635,14.3061,13.7338,13.9027,14.0996,13.7014,13.8682,12.8092,13.2670,13.7353,14.2453,13.9500,12.8195,13.5629"
EP00539,C1_variability,13,GAIN_DRIFT,"0.0743,0.0779,0.1202,0.3722,0.0000,0.0013,0.0877,0.0134,1.1911,4.4199,6.8282,12.7572,19.9552,30.6109,43.1050,47.9664,50.1589,51.5576,49.2189,49.9858,50.2614,52.6696,53.6997,49.5044,54.1716,56.2343,55.9849,54.8399,50.1914,53.1589,52.0048,54.9714,52.2844,53.0143,53.0992,50.9223,50.1378,50.0395,49.8335,49.9444,49.3616,49.1416,51.5766"
EP00539,C2_covariance,13,GAIN_DRIFT,"0.5634,0.5997,0.1271,0.4316,0.1076,0.0570,0.0000,0.2107,0.1344,0.1318,0.7203,0.7837,0.5870,0.8789,0.3578,0.5930,0.6272,0.7754,0.6725,0.9247,0.6046,1.1312,1.3508,0.8876,0.9266,0.7681,0.7181,0.4297,0.4593,0.2434,0.5433,0.7477,1.1899,0.4910,0.1156,0.6636,0.5696,0.4474,0.5849,0.3025,0.3788,0.3512,0.4771"
EP00539,C3_both,13,GAIN_DRIFT,"0.5634,0.5997,0.1271,0.4316,0.1076,0.0570,0.0877,0.2107,1.1911,4.4199,6.8282,12.7572,19.9552,30.6109,43.1050,47.9664,50.1589,51.5576,49.2189,49.9858,50.2614,52.6696,53.6997,49.5044,54.1716,56.2343,55.9849,54.8399,50.1914,53.1589,52.0048,54.9714,52.2844,53.0143,53.0992,50.9223,50.1378,50.0395,49.8335,49.9444,49.3616,49.1416,51.5766"
EP00540,C1_variability,20,GAIN_DRIFT,"0.0836,0.1156,0.2775,0.4093,0.1577,0.1590,0.2451,0.1667,0.1618,0.3107,0.0462,0.1705,0.2579,0.2680,1.1115,4.3123,9.1155,12.8643,19.0459,33.8969,60.4282,89.9799,98.4710,99.2662,94.6334,93.3655,96.0823,96.3062,94.7257,91.8764,91.3801,93.1852,93.8587,95.6647,97.6710,97.4362,96.8097,99.5890,100.2689,101.6987,98.1429,98.2207,97.1298"
EP00540,C2_covariance,20,GAIN_DRIFT,"0.4328,0.4689,0.1011,0.4657,0.1722,0.1860,0.1292,0.3400,0.2006,0.0024,0.3822,0.2010,0.0851,0.0100,0.2418,0.4879,0.8805,5.3441,7.5659,6.9023,5.4938,3.3963,2.8782,2.2712,2.3811,2.1642,1.8035,1.6833,1.6517,1.7379,1.8256,2.1253,2.4958,1.7024,1.4466,0.8690,1.0886,1.4590,1.4078,1.6829,1.4232,2.0246,2.1846"
EP00540,C3_both,20,GAIN_DRIFT,"0.4328,0.4689,0.2775,0.4657,0.1722,0.1860,0.2451,0.3400,0.2006,0.3107,0.3822,0.2010,0.2579,0.2680,1.1115,4.3123,9.1155,12.8643,19.0459,33.8969,60.4282,89.9799,98.4710,99.2662,94.6334,93.3655,96.0823,96.3062,94.7257,91.8764,91.3801,93.1852,93.8587,95.6647,97.6710,97.4362,96.8097,99.5890,100.2689,101.6987,98.1429,98.2207,97.1298"
EP00541,C1_variability,19,GAIN_DRIFT,"0.0375,0.1287,0.2315,0.4504,0.1116,0.1129,0.1991,0.1206,0.2025,0.6280,0.1740,0.2169,0.3044,0.1918,0.0880,0.2498,1.1052,2.0590,3.2359,4.6739,5.9440,8.6658,9.1844,11.4441,12.5442,14.1486,14.8627,16.4731,16.8812,17.0995,17.2834,18.4734,17.7510,17.1064,17.1120,16.0242,16.5271,16.8119,17.3375,16.0525,16.6581,17.0163,16.7528"
EP00541,C2_covariance,19,GAIN_DRIFT,"0.5188,0.5550,0.0828,0.3813,0.0873,0.1011,0.0442,0.2553,0.1294,0.4234,1.1113,0.2866,0.0000,0.0951,0.1176,0.1035,0.1941,0.2790,0.1374,0.3324,0.0568,0.5694,0.8024,0.3218,0.4222,0.3413,0.2947,0.0369,0.0069,0.1282,0.2136,0.3130,0.7497,0.0836,0.2253,0.6689,0.7346,0.3500,0.7349,0.7794,0.9087,0.1946,0.0475"
EP00541,C3_both,19,GAIN_DRIFT,"0.5188,0.5550,0.2315,0.4504,0.1116,0.1129,0.1991,0.2553,0.2025,0.6280,1.1113,0.2866,0.3044,0.1918,0.1176,0.2498,1.1052,2.0590,3.2359,4.6739,5.9440,8.6658,9.1844,11.4441,12.5442,14.1486,14.8627,16.4731,16.8812,17.0995,17.2834,18.4734,17.7510,17.1064,17.1120,16.0242,16.5271,16.8119,17.3375,16.0525,16.6581,17.0163,16.7528"
EP00542,C1_variability,18,GAIN_DRIFT,"0.0749,0.0429,0.1195,0.5150,0.0006,0.0006,0.0870,0.0084,0.1524,0.5298,0.2052,0.3299,0.4153,0.3359,1.5987,2.5408,4.1490,7.2703,11.4915,15.4789,18.3336,22.7398,25.5470,30.1869,33.6207,37.9642,39.6831,41.5807,42.1961,42.5236,41.8480,39.6314,40.9305,41.6238,40.9535,41.8742,40.6948,40.8280,41.0320,41.5248,42.2282,41.7573,42.0790"
EP00542,C2_covariance,18,GAIN_DRIFT,"0.5409,0.5771,0.1048,0.3595,0.0654,0.0792,0.0223,0.2335,0.0939,0.2799,0.9832,0.3086,0.0223,0.1125,0.1142,0.0929,0.1795,0.2129,0.1850,0.4078,0.1714,0.7227,0.9698,0.4572,0.6825,0.7061,1.0056,0.4489,0.3967,0.5373,1.1055,0.8592,1.0510,0.6926,0.3988,0.0485,0.4731,0.4317,0.1613,0.3014,0.2200,0.5867,0.9512"
EP00542,C3_both,18,GAIN_DRIFT,"0.5409,0.5771,0.1195,0.5150,0.0654,0.0792,0.0870,0.2335,0.1524,0.5298,0.9832,0.3299,0.4153,0.3359,1.5987,2.5408,4.1490,7.2703,11.4915,15.4789,18.3336,22.7398,25.5470,30.1869,33.6207,37.9642,39.6831,41.5807,42.1961,42.5236,41.8480,39.6314,40.9305,41.6238,40.9535,41.8742,40.6948,40.8280,41.0320,41.5248,42.2282,41.7573,42.0790"
EP00543,C1_variability,18,GAIN_DRIFT,"0.0188,0.1042,0.2128,0.4765,0.0929,0.0942,0.1804,0.1019,0.0970,0.3694,0.1112,0.2357,0.3385,1.6892,3.4431,7.7445,13.7631,23.0323,29.0496,38.9481,45.8973,55.2703,64.6228,75.0628,83.4683,95.4452,100.1179,105.5201,105.5320,107.9644,107.9000,108.5175,107.6572,111.2439,108.9430,107.5406,101.1372,103.9095,107.4076,108.7857,107.4763,104.4364,107.6869"
EP00543,C2_covariance,18,GAIN_DRIFT,"0.4795,0.5157,0.0439,0.4198,0.1261,0.1399,0.0830,0.2939,0.1545,0.3361,1.0294,0.2475,0.0439,0.0440,0.1569,0.2095,0.2712,0.8219,0.9024,1.3212,2.3264,2.9113,5.7009,3.1506,4.1672,6.6834,7.9734,4.1774,4.7583,4.8624,5.5559,5.2106,4.9852,3.7345,3.5004,3.0108,2.4738,2.6214,2.5515,2.5894,2.2995,3.1452,3.8065"
EP00543,C3_both,18,GAIN_DRIFT,"0.4795,0.5157,0.2128,0.4765,0.1261,0.1399,0.1804,0.2939,0.1545,0.3694,1.0294,0.2475,0.3385,1.6892,3.4431,7.7445,13.7631,23.0323,29.0496,38.9481,45.8973,55.2703,64.6228,75.0628,83.4683,95.4452,100.1179,105.5201,105.5320,107.9644,107.9000,108.5175,107.6572,111.2439,108.9430,107.5406,101.1372,103.9095,107.4076,108.7857,107.4763,104.4364,107.6869"
EP00544,C1_variability,19,GAIN_DRIFT,"0.0375,0.0695,0.2315,0.4717,0.1116,0.1129,0.1991,0.1206,0.2635,0.6782,0.2486,0.2542,0.3044,0.1923,0.3331,0.0824,0.0821,0.7494,1.4638,2.3459,2.6640,3.6299,4.4023,5.0175,5.8352,6.1299,6.6512,7.4714,9.2184,11.3422,12.0016,12.6619,13.7673,13.5967,13.6978,14.3886,14.0714,14.9411,14.9037,16.4034,16.4648,16.8939,16.9941"
EP00544,C2_covariance,19,GAIN_DRIFT,"0.5188,0.5550,0.0828,0.3813,0.0873,0.1011,0.0442,0.2553,0.1423,0.4353,1.1218,0.2866,0.0000,0.0951,0.1167,0.1003,0.2151,0.3051,0.1492,0.3005,0.0670,0.5444,0.7519,0.2883,0.3197,0.2227,0.1714,0.0877,0.0666,0.1999,0.1793,0.2486,0.6225,0.0632,0.3691,0.8041,0.8566,0.5192,0.8718,0.8991,1.0827,0.3562,0.1776"
EP00544,C3_both,19,GAIN_DRIFT,"0.5188,0.5550,0.2315,0.4717,0.1116,0.1129,0.1991,0.2553,0.2635,0.6782,1.1218,0.2866,0.3044,0.1923,0.3331,0.1003,0.2151,0.7494,1.4638,2.3459,2.6640,3.6299,4.4023,5.0175,5.8352,6.1299,6.6512,7.4714,9.2184,11.3422,12.0016,12.6619,13.7673,13.5967,13.6978,14.3886,14.0714,14.9411,14.9037,16.4034,16.4648,16.8939,16.9941"
EP00545,C1_variability,17,GAIN_DRIFT,"0.0000,0.0320,0.1942,0.4429,0.0742,0.0755,0.1617,0.0832,0.2181,0.6140,0.3373,0.4178,0.3388,0.3604,0.9282,2.2765,3.3167,5.7424,8.3375,10.5194,12.1670,14.1581,15.8028,18.9864,19.6900,21.4755,22.5918,24.4168,25.9437,29.0841,31.6517,33.9449,37.0457,37.9921,39.7209,42.5531,44.5288,47.3485,48.8747,50.1697,50.1616,50.8361,49.9541"
EP00545,C2_covariance,17,GAIN_DRIFT,"0.5271,0.5633,0.1370,0.4248,0.1081,0.0929,0.0359,0.2471,0.1075,0.2114,0.9252,0.2949,0.0123,0.1181,0.0803,0.0817,0.1887,0.3683,0.2371,0.3938,0.1615,0.6872,0.9057,0.4415,0.5419,0.5555,0.5924,0.3477,0.2388,0.0543,0.3450,0.6037,1.0259,0.4752,0.3258,0.0343,0.1445,0.3667,0.0657,0.0228,0.2250,0.5412,0.6016"
EP00545,C3_both,17,GAIN_DRIFT,"0.5271,0.5633,0.1942,0.4429,0.1081,0.0929,0.1617,0.2471,0.2181,0.6140,0.9252,0.4178,0.3388,0.3604,0.9282,2.2765,3.3167,5.7424,8.3375,10.5194,12.1670,14.1581,15.8028,18.9864,19.6900,21.4755,22.5918,24.4168,25.9437,29.0841,31.6517,33.9449,37.0457,37.9921,39.7209,42.5531,44.5288,47.3485,48.8747,50.1697,50.1616,50.8361,49.9541"
EP00546,C1_variability,23,GAIN_DRIFT,"0.1198,0.1517,0.4261,0.4453,0.1938,0.1951,0.2811,0.2028,0.2308,0.6443,0.2344,0.1341,0.2215,0.1095,0.4664,0.0000,0.0057,0.0489,0.1444,1.8704,3.8576,6.3320,10.4313,14.6654,20.2227,26.4011,29.3449,35.7107,40.8844,44.0109,48.9430,53.9168,59.2683,65.1317,69.7708,73.4558,82.0371,87.5713,92.5879,94.5453,96.3332,101.6838,104.7178"
EP00546,C2_covariance,23,GAIN_DRIFT,"0.4352,0.4713,0.0875,0.4633,0.2659,0.1836,0.1268,0.3376,0.1983,0.3356,0.9730,0.2034,0.0827,0.0124,0.1972,0.1784,0.4248,0.2189,0.0630,0.2387,0.0500,0.3771,0.6414,0.2607,0.5663,0.6961,1.4742,0.4250,0.5317,0.2127,0.7648,1.4585,3.5913,2.8106,2.2937,2.3176,3.7881,4.9868,5.9085,4.5226,4.1530,4.6233,4.7595"
EP00546,C3_both,23,GAIN_DRIFT,"0.4352,0.4713,0.4261,0.4633,0.2659,0.1951,0.2811,0.3376,0.2308,0.6443,0.9730,0.2034,0.2215,0.1095,0.4664,0.1784,0.4248,0.2189,0.1444,1.8704,3.8576,6.3320,10.4313,14.6654,20.2227,26.4011,29.3449,35.7107,40.8844,44.0109,48.9430,53.9168,59.2683,65.1317,69.7708,73.4558,82.0371,87.5713,92.5879,94.5453,96.3332,101.6838,104.7178"
EP00547,C1_variability,14,GEOMETRY_ROTATION,"0.2049,0.1728,0.2609,0.2794,0.1304,0.1291,0.0425,0.1214,0.1045,1.1823,2.6304,3.5654,4.1339,4.5954,5.9394,6.1078,6.1068,6.5062,6.9612,7.3174,8.1693,7.4620,6.9912,7.0502,6.7798,7.4264,7.2946,7.8160,7.3359,7.8267,7.0373,6.9680,6.5823,6.3869,6.8320,7.4074,7.4819,7.7666,7.5153,7.4987,7.2007,6.1444,7.1697"
EP00547,C2_covariance,14,GEOMETRY_ROTATION,"0.3933,0.4294,0.0415,0.5045,0.2112,0.2250,0.1682,0.3788,0.2387,0.0553,0.7134,1.3367,1.8073,2.6356,3.3791,4.1996,4.4538,5.0384,4.8033,5.2618,4.9188,5.3496,5.3780,5.1732,5.2869,5.1815,5.2266,4.9586,5.0190,4.6982,4.7624,5.1456,5.5608,4.8512,4.5770,4.1907,4.3020,4.8112,4.2810,4.4260,4.4088,4.8386,5.0675"
EP00547,C3_both,14,GEOMETRY_ROTATION,"0.3933,0.4294,0.2609,0.5045,0.2112,0.2250,0.1682,0.3788,0.2387,1.1823,2.6304,3.5654,4.1339,4.5954,5.9394,6.1078,6.1068,6.5062,6.9612,7.3174,8.1693,7.4620,6.9912,7.0502,6.7798,7.4264,7.2946,7.8160,7.3359,7.8267,7.0373,6.9680,6.5823,6.3869,6.8320,7.4074,7.4819,7.7666,7.5153,7.4987,7.2007,6.1444,7.1697"
EP00548,C1_variability,23,GEOMETRY_ROTATION,"0.0756,0.0435,0.1189,0.5466,0.0084,0.0000,0.0864,0.0639,0.3034,0.5803,0.3700,0.3305,0.4182,0.3058,0.2021,0.1959,0.1901,0.1864,1.4519,2.9618,4.2315,5.6111,6.8614,8.5516,9.3094,9.6624,9.5440,9.4678,9.6375,9.7172,9.6398,9.6049,9.4383,9.3614,9.4047,9.5428,9.4891,9.4348,9.7253,9.6509,9.5721,9.4763,9.5574"
EP00548,C2_covariance,23,GEOMETRY_ROTATION,"0.4304,0.4665,0.0056,0.4680,0.2075,0.1884,0.1315,0.3423,0.2030,0.1601,0.8053,0.1986,0.0875,0.0076,0.2020,0.1832,0.2076,0.2669,1.0059,3.4130,5.4213,7.7696,9.3832,10.6124,11.8497,12.2633,12.2320,12.3897,12.4474,12.2511,12.4511,12.4641,12.7125,11.9851,11.6631,11.3440,11.3163,11.5208,11.3224,11.5231,11.7697,12.2617,12.3765"
EP00548,C3_both,23,GEOMETRY_ROTATION,"0.4304,0.4665,0.1189,0.5466,0.2075,0.1884,0.1315,0.3423,0.3034,0.5803,0.8053,0.3305,0.4182,0.3058,0.2021,0.1959,0.2076,0.2669,1.4519,3.4130,5.4213,7.7696,9.3832,10.6124,11.8497,12.2633,12.2320,12.3897,12.4474,12.2511,12.4511,12.4641,12.7125,11.9851,11.6631,11.3440,11.3163,11.5208,11.3224,11.5231,11.7697,12.2617,12.3765"
EP00549,C1_variability,25,GEOMETRY_ROTATION,"0.0743,0.0943,0.1202,0.5166,0.0000,0.0013,0.0877,0.0946,0.3077,0.6396,0.2645,0.3661,0.4169,0.3045,0.2008,0.1946,0.1888,0.2428,0.3056,2.1004,3.9420,4.9152,6.2033,8.2053,17.4273,25.8003,29.6687,25.5595,26.1267,26.3797,23.8397,24.0356,25.4951,22.6294,24.8845,23.3091,23.9901,22.1976,22.3217,22.2465,22.2253,22.0953,22.5825"
EP00549,C2_covariance,25,GEOMETRY_ROTATION,"0.4227,0.4589,0.0123,0.4756,0.1822,0.1959,0.1391,0.3499,0.2106,0.0076,0.4900,0.1910,0.0950,0.0000,0.2095,0.1907,0.1916,0.2066,0.0555,4.0016,9.6488,15.5161,16.1349,14.3417,18.1613,21.7881,22.8766,22.6825,22.7909,22.4317,22.5855,22.4214,22.8283,22.2272,21.9022,21.8176,21.8080,22.0265,21.7858,21.6569,21.2599,22.1016,22.3588"
EP00549,C3_both,25,GEOMETRY_ROTATION,"0.4227,0.4589,0.1202,0.5166,0.1822,0.1959,0.1391,0.3499,0.3077,0.6396,0.4900,0.3661,0.4169,0.3045,0.2095,0.1946,0.1916,0.2428,0.3056,4.0016,9.6488,15.5161,16.1349,14.3417,18.1613,25.8003,29.6687,25.5595,26.1267,26.3797,23.8397,24.0356,25.4951,22.6294,24.8845,23.3091,23.9901,22.1976,22.3217,22.2465,22.2253,22.1016,22.5825"
EP00550,C1_variability,16,GEOMETRY_ROTATION,"0.1378,0.1058,0.0795,0.3298,0.0635,0.0622,0.0243,0.0544,0.0980,0.4932,0.4882,1.6582,2.1012,3.4034,3.5150,3.6048,4.3486,4.6845,5.0839,6.4647,6.0653,6.4056,6.4471,6.7719,6.9143,8.2996,8.3151,8.7202,7.9491,7.7969,8.1584,7.9802,7.5032,7.3137,7.5251,7.6499,7.3291,7.5540,7.6414,7.8274,8.6162,7.3160,7.7164"
EP00550,C2_covariance,16,GEOMETRY_ROTATION,"0.4081,0.4442,0.0623,0.4900,0.1966,0.2104,0.1536,0.3643,0.2250,0.1806,0.8439,0.2391,0.0221,0.3691,0.3990,0.8207,1.5420,3.1196,3.4059,4.6400,5.1645,6.7420,7.2131,7.4235,7.8437,7.8485,7.8791,7.7227,8.0974,8.1548,8.4385,8.5962,8.7142,7.9281,7.5128,6.9147,6.9548,7.3769,7.3029,7.3658,7.3024,8.0527,8.2379"
EP00550,C3_both,16,GEOMETRY_ROTATION,"0.4081,0.4442,0.0795,0.4900,0.1966,0.2104,0.1536,0.3643,0.2250,0.4932,0.8439,1.6582,2.1012,3.4034,3.5150,3.6048,4.3486,4.6845,5.0839,6.4647,6.0653,6.7420,7.2131,7.4235,7.8437,8.2996,8.3151,8.7202,8.0974,8.1548,8.4385,8.5962,8.7142,7.9281,7.5251,7.6499,7.3291,7.5540,7.6414,7.8274,8.6162,8.0527,8.2379"
EP00551,C1_variability,15,GEOMETRY_ROTATION,"0.1622,0.1301,0.0664,0.1706,0.0878,0.0865,0.0000,0.0788,0.0837,0.3989,1.6310,2.5581,4.0261,4.4235,6.1091,6.4128,6.4927,7.4378,7.9510,8.6512,11.0702,10.5147,10.2572,9.3905,9.8595,9.7880,9.7815,9.7096,9.8713,10.3791,10.6686,10.4072,10.7020,9.7833,9.9512,9.8273,9.7367,9.6305,9.9324,9.8273,9.8195,9.8243,10.1366"
EP00551,C2_covariance,15,GEOMETRY_ROTATION,"0.4304,0.4665,0.0048,0.4680,0.2197,0.1884,0.1315,0.3423,0.2030,0.1041,0.6393,0.6035,1.3423,2.3230,3.0758,4.7473,6.3924,8.7704,9.7869,11.3925,12.2524,13.5119,14.4714,14.7756,15.2995,15.2873,15.4928,14.9785,15.0275,15.0369,15.1549,15.2725,15.2909,14.9829,14.9470,14.4204,14.3475,14.4046,14.1613,14.1396,13.9366,14.5962,14.8018"
EP00551,C3_both,15,GEOMETRY_ROTATION,"0.4304,0.4665,0.0664,0.4680,0.2197,0.1884,0.1315,0.3423,0.2030,0.3989,1.6310,2.5581,4.0261,4.4235,6.1091,6.4128,6.4927,8.7704,9.7869,11.3925,12.2524,13.5119,14.4714,14.7756,15.2995,15.2873,15.4928,14.9785,15.0275,15.0369,15.1549,15.2725,15.2909,14.9829,14.9470,14.4204,14.3475,14.4046,14.1613,14.1396,13.9366,14.5962,14.8018"
EP00552,C1_variability,18,GEOMETRY_ROTATION,"0.2231,0.0488,0.1136,0.3825,0.0065,0.0052,0.0811,0.0025,0.1692,0.5236,0.2111,0.3358,0.2197,2.2573,3.9855,5.4706,6.5029,7.2004,8.3754,9.5469,10.7477,12.4307,13.8374,15.8269,18.2459,20.4451,20.8350,21.9057,24.9532,23.1184,22.7223,23.1894,22.4322,22.5678,22.6220,22.6755,24.0231,22.5870,22.8022,23.0315,22.6190,22.5873,22.6288"
EP00552,C2_covariance,18,GEOMETRY_ROTATION,"0.3304,0.3665,0.1039,0.5662,0.2813,0.2871,0.2304,0.4408,0.3017,0.0991,0.5394,0.0991,0.1575,0.7821,2.2278,4.6008,7.1486,10.4830,12.1836,14.2803,15.4937,17.1018,18.2951,18.2059,19.7711,20.8814,21.8050,21.3007,21.9308,21.9448,22.3002,22.4528,22.8365,22.1330,21.8088,21.2843,21.1773,21.3739,21.0775,21.1112,20.7778,21.7191,22.1121"
EP00552,C3_both,18,GEOMETRY_ROTATION,"0.3304,0.3665,0.1136,0.5662,0.2813,0.2871,0.2304,0.4408,0.3017,0.5236,0.5394,0.3358,0.2197,2.2573,3.9855,5.4706,7.1486,10.4830,12.1836,14.2803,15.4937,17.1018,18.2951,18.2059,19.7711,20.8814,21.8050,21.9057,24.9532,23.1184,22.7223,23.1894,22.8365,22.5678,22.6220,22.6755,24.0231,22.5870,22.8022,23.0315,22.6190,22.5873,22.6288"
EP00553,C1_variability,21,GEOMETRY_ROTATION,"0.0756,0.0435,0.1189,0.5402,0.0423,0.0000,0.1996,0.1531,0.3789,0.7406,0.3122,0.3305,0.4182,0.3058,0.2021,0.1865,0.1547,0.4363,0.7208,1.7486,3.0746,3.5442,3.6761,3.4258,4.0918,4.5448,5.4061,5.8279,5.8743,5.5617,6.9336,6.0194,5.6323,5.9492,7.2372,7.5984,7.0377,7.9121,7.9567,6.7862,6.8023,6.6498,6.9466"
EP00553,C2_covariance,21,GEOMETRY_ROTATION,"0.4352,0.4713,0.0295,0.4633,0.1699,0.1836,0.1268,0.3376,0.1983,0.3927,1.0676,0.2034,0.0827,0.0124,0.1972,0.1781,0.2455,0.2630,0.1208,0.3629,0.1288,0.8986,1.3259,1.1684,1.5065,1.5783,1.7844,2.2732,2.6716,2.9913,3.6446,4.0469,4.6494,4.3089,4.3981,4.1395,4.3909,4.9542,4.7804,5.0956,5.2262,5.9708,6.2508"
EP00553,C3_both,21,GEOMETRY_ROTATION,"0.4352,0.4713,0.1189,0.5402,0.1699,0.1836,0.1996,0.3376,0.3789,0.7406,1.0676,0.3305,0.4182,0.3058,0.2021,0.1865,0.2455,0.4363,0.7208,1.7486,3.0746,3.5442,3.6761,3.4258,4.0918,4.5448,5.4061,5.8279,5.8743,5.5617,6.9336,6.0194,5.6323,5.9492,7.2372,7.5984,7.0377,7.9121,7.9567,6.7862,6.8023,6.6498,6.9466"
EP00554,C1_variability,25,GEOMETRY_ROTATION,"0.0320,0.2477,0.5581,0.5477,0.0821,0.0435,0.1298,0.0862,0.2762,0.5786,0.2467,0.2867,0.3744,0.2620,0.1584,0.1522,0.2203,0.2004,0.2631,0.3489,1.2117,1.7209,2.8546,3.4630,4.1980,4.5756,5.2570,5.5867,6.5486,7.3528,7.4713,7.5579,6.8480,7.1265,7.3906,8.0385,8.9566,9.3824,9.0952,9.0000,9.0073,9.0668,9.2226"
EP00554,C2_covariance,25,GEOMETRY_ROTATION,"0.4304,0.4665,0.0060,0.4680,0.2444,0.1884,0.1315,0.3423,0.2956,0.5116,1.1575,0.1986,0.0875,0.0076,0.2020,0.1832,0.3228,0.2142,0.0631,0.2472,0.0161,0.5619,1.1439,1.3349,1.9405,2.6163,3.4449,4.2241,5.1741,5.7907,6.7583,7.4657,8.4728,8.6221,8.7703,8.8226,9.1854,9.8048,9.9074,10.0307,10.3204,10.9038,11.3885"
EP00554,C3_both,25,GEOMETRY_ROTATION,"0.4304,0.4665,0.5581,0.5477,0.2444,0.1884,0.1315,0.3423,0.2956,0.5786,1.1575,0.2867,0.3744,0.2620,0.2020,0.1832,0.3228,0.2142,0.2631,0.3489,1.2117,1.7209,2.8546,3.4630,4.1980,4.5756,5.2570,5.5867,6.5486,7.3528,7.4713,7.5579,8.4728,8.6221,8.7703,8.8226,9.1854,9.8048,9.9074,10.0307,10.3204,10.9038,11.3885"
EP00555,C1_variability,21,GEOMETRY_ROTATION,"0.0784,0.0463,0.4306,0.5164,0.0041,0.0028,0.0836,0.0454,0.2792,0.5413,0.3880,0.3333,0.4210,0.3086,0.2926,1.0109,0.9983,1.9870,2.7315,3.7959,5.4751,5.9356,6.3697,7.3277,8.0095,8.7425,9.3138,9.8764,10.7547,11.5758,12.4595,13.4681,14.2059,15.0163,16.0575,17.2391,18.3724,19.3387,20.7636,21.8297,22.6516,23.1950,23.4966"
EP00555,C2_covariance,21,GEOMETRY_ROTATION,"0.4304,0.4665,0.0081,0.4680,0.1746,0.1884,0.1315,0.3423,0.2030,0.0000,0.5949,0.1986,0.0875,0.0076,0.2020,0.1932,0.2577,1.7264,2.0349,3.4634,4.2683,6.4279,7.7777,8.9158,9.8827,10.6770,11.5173,12.0743,12.6927,13.3781,14.3116,14.8444,15.8707,16.1286,16.1688,16.3730,16.8783,17.9526,17.8885,17.8594,17.3900,18.3778,18.7944"
EP00555,C3_both,21,GEOMETRY_ROTATION,"0.4304,0.4665,0.4306,0.5164,0.1746,0.1884,0.1315,0.3423,0.2792,0.5413,0.5949,0.3333,0.4210,0.3086,0.2926,1.0109,0.9983,1.9870,2.7315,3.7959,5.4751,6.4279,7.7777,8.9158,9.8827,10.6770,11.5173,12.0743,12.6927,13.3781,14.3116,14.8444,15.8707,16.1286,16.1688,17.2391,18.3724,19.3387,20.7636,21.8297,22.6516,23.1950,23.4966"
EP00556,C1_variability,14,NONE,"0.9968,0.7318,0.8654,0.4269,0.0653,0.0609,0.0655,0.0336,0.0163,0.0295,0.1189,0.2127,0.1764,0.1694,1.4630,1.9564,2.0414,1.6016,2.6045,2.8668,2.1721,2.5475,3.4913,2.6849,2.7993,2.2957,1.6599,1.7183,3.0196,2.6705,2.8370,2.2848,5.8915,5.1542,4.8840,4.9342,5.2128,5.2308,2.6463,2.6508,1.8734,1.8310"
EP00556,C2_covariance,14,NONE,"1.1204,0.6789,0.6518,0.6701,0.6378,0.2773,0.1103,0.0940,0.4635,0.7283,0.7814,0.8271,0.8033,1.0448,0.5343,0.7371,1.0594,1.1587,0.9457,0.6220,0.9429,0.7552,0.4893,0.1529,0.3907,0.1772,0.1252,0.5076,0.4476,0.6300,0.7228,0.2744,17.7609,15.9656,15.8644,14.9359,14.7838,14.7072,0.7246,0.5471,1.2202,0.7388"
EP00556,C3_both,14,NONE,"1.1204,0.7318,0.8654,0.6701,0.6378,0.2773,0.1103,0.0940,0.4635,0.7283,0.7814,0.8271,0.8033,1.0448,1.4630,1.9564,2.0414,1.6016,2.6045,2.8668,2.1721,2.5475,3.4913,2.6849,2.7993,2.2957,1.6599,1.7183,3.0196,2.6705,2.8370,2.2848,17.7609,15.9656,15.8644,14.9359,14.7838,14.7072,2.6463,2.6508,1.8734,1.8310"
EP00557,C1_variability,18,RATE_LOSS,"1.0283,0.7658,0.9096,0.4714,0.0659,0.0717,0.3963,0.4619,0.0333,0.0792,0.0694,0.1633,0.2389,0.5739,0.8765,2.0167,2.8478,3.6742,4.4882,4.8973,5.3440,5.1772,5.2307,5.2526,5.0569,4.6467,4.5875,4.7646,4.6001,4.5836,4.6843,4.9424,5.2254,4.0649,3.4749,4.3554,4.0735,4.2594,4.6473,4.7501,4.9436,5.2200"
EP00557,C2_covariance,18,RATE_LOSS,"2.1504,1.5517,1.5150,1.9922,1.5016,1.0070,1.0216,0.5035,0.0024,0.3567,0.4287,0.4907,0.4596,0.7534,0.0024,0.2071,0.5984,0.7506,0.5979,0.1988,0.6486,0.3931,0.0326,0.4236,0.4770,0.8713,0.8008,1.3194,1.2381,1.4854,1.6113,1.0032,16.2371,14.6524,14.6029,13.7849,13.6370,13.5947,0.4483,0.2711,0.6338,0.3703"
EP00557,C3_both,18,RATE_LOSS,"2.1504,1.5517,1.5150,1.9922,1.5016,1.0070,1.0216,0.5035,0.0333,0.3567,0.4287,0.4907,0.4596,0.7534,0.8765,2.0167,2.8478,3.6742,4.4882,4.8973,5.3440,5.1772,5.2307,5.2526,5.0569,4.6467,4.5875,4.7646,4.6001,4.5836,4.6843,4.9424,16.2371,14.6524,14.6029,13.7849,13.6370,13.5947,4.6473,4.7501,4.9436,5.2200"
EP00558,C1_variability,22,RATE_LOSS,"1.0222,0.7341,0.8762,0.4622,0.1087,0.1145,0.3883,0.6564,0.0760,0.1882,0.1207,0.2555,0.2287,0.1675,0.1650,0.2319,0.3879,1.1104,2.3701,4.0545,6.5613,8.5408,10.8725,12.2660,12.5151,12.1733,12.1239,12.2716,12.1345,12.1207,12.2047,12.4199,11.3254,11.1874,11.0975,10.9637,11.1266,11.2329,12.1738,12.2595,12.4210,12.6515"
EP00558,C2_covariance,22,RATE_LOSS,"3.0085,2.1961,2.1463,2.2186,2.1205,1.4571,1.1199,0.7739,0.0940,0.3933,0.4910,0.5751,0.5312,0.9757,0.0362,0.4094,0.9790,1.0165,0.4239,0.4336,0.3600,0.0362,0.2339,0.6535,0.4033,1.2730,1.1772,1.8809,1.7705,2.1061,2.2770,1.4519,19.1740,17.3224,17.2554,16.2924,16.1200,16.0625,0.5280,0.4585,0.7103,0.4118"
EP00558,C3_both,22,RATE_LOSS,"3.0085,2.1961,2.1463,2.2186,2.1205,1.4571,1.1199,0.7739,0.0940,0.3933,0.4910,0.5751,0.5312,0.9757,0.1650,0.4094,0.9790,1.1104,2.3701,4.0545,6.5613,8.5408,10.8725,12.2660,12.5151,12.1733,12.1239,12.2716,12.1345,12.1207,12.2047,12.4199,19.1740,17.3224,17.2554,16.2924,16.1200,16.0625,12.1738,12.2595,12.4210,12.6515"
EP00559,C1_variability,22,RATE_LOSS,"0.6634,0.3844,0.5193,0.2498,0.1087,0.1145,0.0460,0.3672,0.0760,0.1219,0.2922,0.2134,0.1775,0.1294,0.1650,0.2319,0.4252,1.6561,3.5884,6.2236,10.6272,15.2542,21.7584,26.1692,27.4893,27.3040,27.2744,27.3630,27.2807,27.2724,27.3228,27.4520,26.7952,26.7124,26.6585,26.5782,26.6760,26.7397,27.3043,27.3557,27.4526,27.5909"
EP00559,C2_covariance,22,RATE_LOSS,"1.1434,0.7369,0.8458,1.1609,0.8148,0.3670,0.5953,0.0251,0.3151,0.5590,0.6079,0.6499,0.6280,0.8504,0.3803,0.5670,0.8447,0.7231,0.0251,1.3665,4.0758,4.9329,1.2628,0.2594,0.3330,0.4303,0.3146,0.5791,0.5239,0.6918,0.7773,0.3644,11.9811,10.7392,10.7002,10.0667,9.9492,9.9131,0.2775,0.1348,0.4072,0.5682"
EP00559,C3_both,22,RATE_LOSS,"1.1434,0.7369,0.8458,1.1609,0.8148,0.3670,0.5953,0.3672,0.3151,0.5590,0.6079,0.6499,0.6280,0.8504,0.3803,0.5670,0.8447,1.6561,3.5884,6.2236,10.6272,15.2542,21.7584,26.1692,27.4893,27.3040,27.2744,27.3630,27.2807,27.2724,27.3228,27.4520,26.7952,26.7124,26.6585,26.5782,26.6760,26.7397,27.3043,27.3557,27.4526,27.5909"
EP00560,C1_variability,13,RATE_LOSS,"0.8344,0.6465,0.6938,0.5130,0.0786,0.0844,0.0033,0.0000,0.0748,0.1771,0.5403,0.9295,1.2543,1.6391,1.7818,2.5587,2.9639,3.3214,3.7003,4.0026,4.6384,4.7314,4.9961,5.1594,5.0328,4.6353,4.5760,4.7532,4.5887,4.5721,4.6729,4.9310,5.8177,5.3055,4.9213,5.1787,5.3340,4.8313,4.6358,4.7386,4.9323,5.2087"
EP00560,C2_covariance,13,RATE_LOSS,"1.2017,0.6848,0.6531,0.6745,0.6367,0.2145,0.0000,0.2195,0.6468,0.9430,1.0453,1.0680,1.0362,1.3201,0.7136,0.9415,1.3083,1.4177,1.1982,0.8266,1.2366,1.0056,0.6888,0.2940,0.5404,0.0974,0.0365,0.4843,0.4140,0.6275,0.7362,0.2112,17.7095,15.9285,15.8209,14.9050,14.7582,14.6790,0.8260,0.6746,1.3924,0.9746"
EP00560,C3_both,13,RATE_LOSS,"1.2017,0.6848,0.6938,0.6745,0.6367,0.2145,0.0033,0.2195,0.6468,0.9430,1.0453,1.0680,1.2543,1.6391,1.7818,2.5587,2.9639,3.3214,3.7003,4.0026,4.6384,4.7314,4.9961,5.1594,5.0328,4.6353,4.5760,4.7532,4.5887,4.5721,4.6729,4.9310,17.7095,15.9285,15.8209,14.9050,14.7582,14.6790,4.6358,4.7386,4.9323,5.2087"
EP00561,C1_variability,16,RATE_LOSS,"0.9992,0.7533,0.8750,0.4245,0.0413,0.0471,0.0405,0.0087,0.0087,0.0545,0.0956,0.3091,0.5752,1.0147,1.3666,2.5623,3.6018,4.6536,5.7650,6.8071,8.2778,9.2032,10.2777,11.1343,11.5986,11.7618,12.0538,12.3213,12.1854,12.1716,12.2555,12.4705,11.3774,11.2396,11.1498,11.0162,11.1789,11.2850,12.2246,12.3103,12.4715,12.7017"
EP00561,C2_covariance,16,RATE_LOSS,"1.7625,1.2064,1.1723,1.1953,1.1547,0.7004,0.4696,0.2327,0.2327,0.5664,0.6328,0.6893,0.6597,0.9321,0.2498,0.4576,0.8150,0.9083,0.7349,0.3456,0.8827,0.6113,0.2500,0.1664,0.0882,0.5921,0.5104,0.9906,0.9150,1.1448,1.2618,0.6969,18.1493,16.3201,16.2401,15.2953,15.1317,15.0679,0.3359,0.1223,0.7201,0.5790"
EP00561,C3_both,16,RATE_LOSS,"1.7625,1.2064,1.1723,1.1953,1.1547,0.7004,0.4696,0.2327,0.2327,0.5664,0.6328,0.6893,0.6597,1.0147,1.3666,2.5623,3.6018,4.6536,5.7650,6.8071,8.2778,9.2032,10.2777,11.1343,11.5986,11.7618,12.0538,12.3213,12.1854,12.1716,12.2555,12.4705,18.1493,16.3201,16.2401,15.2953,15.1317,15.0679,12.2246,12.3103,12.4715,12.7017"
EP00562,C1_variability,24,RATE_LOSS,"1.1282,0.7919,0.9374,0.5376,0.1609,0.1667,0.7236,0.6049,0.3453,0.1742,0.0981,0.1458,0.1218,0.0506,0.2173,0.1800,0.1845,0.1508,0.2598,0.7620,2.3311,3.7071,5.7121,8.1566,10.7859,13.8324,16.9616,19.9887,22.4564,24.4290,25.8882,27.2084,26.7710,26.6882,26.6342,26.5538,26.6517,26.7155,27.2806,27.3321,27.4291,27.5675"
EP00562,C2_covariance,24,RATE_LOSS,"2.5621,1.8889,1.8476,1.9816,1.8263,1.2764,0.9970,0.7103,0.1469,0.4000,0.5082,0.4076,0.3712,0.7396,0.0390,0.2703,0.7617,0.9132,0.5799,0.0390,0.6387,0.2089,0.4662,1.2048,1.4081,1.9137,2.0805,2.7403,2.6186,2.6081,2.8164,1.2554,19.1449,17.3101,17.2402,16.2616,16.0994,16.0456,0.3904,0.4490,0.6801,0.2722"
EP00562,C3_both,24,RATE_LOSS,"2.5621,1.8889,1.8476,1.9816,1.8263,1.2764,0.9970,0.7103,0.3453,0.4000,0.5082,0.4076,0.3712,0.7396,0.2173,0.2703,0.7617,0.9132,0.5799,0.7620,2.3311,3.7071,5.7121,8.1566,10.7859,13.8324,16.9616,19.9887,22.4564,24.4290,25.8882,27.2084,26.7710,26.6882,26.6342,26.5538,26.6517,26.7155,27.2806,27.3321,27.4291,27.5675"
EP00563,C1_variability,21,RATE_LOSS,"1.1413,0.8560,0.9992,0.5911,0.0819,0.0877,0.4283,0.3748,0.0492,0.1277,0.0535,0.1622,0.1217,0.1040,0.1382,0.2661,0.3150,0.3595,0.4418,0.4888,0.9863,1.2640,2.1888,2.5099,1.9737,1.6021,1.5052,1.9104,2.1100,2.1608,2.4818,3.0531,5.2324,4.1292,3.5040,4.0402,4.5387,4.7337,4.2315,4.4973,4.7961,5.1627"
EP00563,C2_covariance,21,RATE_LOSS,"2.7580,2.0582,2.0153,2.0442,1.9931,1.4215,1.1310,0.8329,0.2471,0.1727,0.2569,0.3293,0.2915,0.6745,0.1349,0.1855,0.6922,0.8455,0.5126,0.0614,0.5373,0.2334,0.1994,0.7375,0.4187,1.2384,1.1749,1.7901,1.7168,1.9886,2.1628,1.3628,18.3072,16.6582,16.8043,16.0183,16.0377,16.1785,0.4739,0.5859,0.5724,0.1839"
EP00563,C3_both,21,RATE_LOSS,"2.7580,2.0582,2.0153,2.0442,1.9931,1.4215,1.1310,0.8329,0.2471,0.1727,0.2569,0.3293,0.2915,0.6745,0.1382,0.2661,0.6922,0.8455,0.5126,0.4888,0.9863,1.2640,2.1888,2.5099,1.9737,1.6021,1.5052,1.9104,2.1100,2.1608,2.4818,3.0531,18.3072,16.6582,16.8043,16.0183,16.0377,16.1785,4.2315,4.4973,4.7961,5.1627"
EP00564,C1_variability,15,RATE_LOSS,"1.0570,0.7984,0.9255,0.4969,0.0327,0.0965,0.0492,0.0173,0.0000,0.0456,0.1436,0.3582,0.5264,0.7854,0.9511,1.6975,2.1773,2.6068,3.0615,3.4423,4.2288,4.5173,5.0301,5.4907,5.7288,5.8626,6.2783,6.9008,7.2015,7.6524,8.1944,9.0612,8.5073,8.7583,9.0417,9.3678,9.9245,10.3674,11.7452,12.0832,12.3853,12.7025"
EP00564,C2_covariance,15,RATE_LOSS,"1.1591,0.7377,0.7119,0.7293,0.6985,0.3544,0.1795,0.0000,0.3527,0.6054,0.6547,0.6959,0.6745,0.8956,0.3987,0.5827,0.8801,0.9682,0.7934,0.4911,0.8385,0.6500,0.3818,0.0548,0.2288,0.2314,0.2069,0.5840,0.5572,0.7089,0.8364,0.2801,16.4259,15.1097,15.5222,15.0607,15.3677,15.7124,0.4940,0.2971,0.9396,0.6149"
EP00564,C3_both,15,RATE_LOSS,"1.1591,0.7984,0.9255,0.7293,0.6985,0.3544,0.1795,0.0173,0.3527,0.6054,0.6547,0.6959,0.6745,0.8956,0.9511,1.6975,2.1773,2.6068,3.0615,3.4423,4.2288,4.5173,5.0301,5.4907,5.7288,5.8626,6.2783,6.9008,7.2015,7.6524,8.1944,9.0612,16.4259,15.1097,15.5222,15.0607,15.3677,15.7124,11.7452,12.0832,12.3853,12.7025"
EP00565,C1_variability,13,RATE_LOSS,"0.8456,0.5884,0.7111,0.4401,0.0501,0.0559,0.0318,0.0000,0.0698,0.2538,0.7784,1.4317,2.1256,2.9961,3.6993,5.0391,6.0279,6.9555,7.9356,8.8497,10.1667,10.9735,11.9738,12.9051,13.6388,14.4141,15.3552,16.4310,17.2581,18.2067,19.2013,20.6841,21.1504,21.8794,22.6038,23.4717,24.3459,25.0780,26.5078,27.0364,27.3745,27.6171"
EP00565,C2_covariance,13,RATE_LOSS,"1.2017,0.6848,0.6531,0.6745,0.6367,0.2145,0.0000,0.2201,0.6487,0.9355,1.0691,1.0448,1.0033,1.2734,0.6514,0.8633,1.2081,1.2981,1.1307,0.7681,1.2589,1.0096,0.6598,0.2499,0.3980,0.0677,0.2382,0.5623,0.5934,0.7568,1.0054,0.0354,13.9899,13.6070,14.9802,15.5174,16.8565,18.1202,0.7859,0.6502,1.3811,0.9746"
EP00565,C3_both,13,RATE_LOSS,"1.2017,0.6848,0.7111,0.6745,0.6367,0.2145,0.0318,0.2201,0.6487,0.9355,1.0691,1.4317,2.1256,2.9961,3.6993,5.0391,6.0279,6.9555,7.9356,8.8497,10.1667,10.9735,11.9738,12.9051,13.6388,14.4141,15.3552,16.4310,17.2581,18.2067,19.2013,20.6841,21.1504,21.8794,22.6038,23.4717,24.3459,25.0780,26.5078,27.0364,27.3745,27.6171"
EP00566,C1_variability,25,CHANNEL_DROPOUT,"0.8040,0.4382,0.5722,0.1735,0.1049,0.0384,0.1537,0.3101,0.0000,0.0534,0.5193,0.2628,0.1880,0.1531,0.0889,0.3074,0.3119,0.2782,0.2475,0.0683,0.2550,0.3284,1.1204,1.6491,2.0026,24.2199,26.0979,26.1482,26.2816,26.2700,26.1541,25.7545,26.3811,26.3232,26.4193,25.7977,25.8441,25.4409,24.6604,24.6999,24.5951,24.8149"
EP00566,C2_covariance,25,CHANNEL_DROPOUT,"2.6213,1.9135,1.8702,1.8994,1.8477,1.2697,0.9759,0.6745,0.0821,0.6074,0.7487,0.5008,0.4625,0.8498,0.0313,0.3564,0.8731,1.0323,0.6909,0.0678,0.3711,0.0000,0.3868,1.0077,0.4602,1.7448,2.4704,3.1471,3.1205,3.4197,3.4907,2.7637,19.6866,17.7244,17.6577,16.4862,16.2479,16.0551,1.7705,1.8374,1.3485,1.0650"
EP00566,C3_both,25,CHANNEL_DROPOUT,"2.6213,1.9135,1.8702,1.8994,1.8477,1.2697,0.9759,0.6745,0.0821,0.6074,0.7487,0.5008,0.4625,0.8498,0.0889,0.3564,0.8731,1.0323,0.6909,0.0683,0.3711,0.3284,1.1204,1.6491,2.0026,24.2199,26.0979,26.1482,26.2816,26.2700,26.1541,25.7545,26.3811,26.3232,26.4193,25.7977,25.8441,25.4409,24.6604,24.6999,24.5951,24.8149"
EP00567,C1_variability,25,CHANNEL_DROPOUT,"1.0588,0.7409,0.8777,0.4807,0.0651,0.0384,0.2693,0.4326,0.0000,0.1166,0.1912,0.1965,0.1829,0.1531,0.0889,0.3074,0.3119,0.2782,0.2475,0.1377,0.2539,0.4520,1.2748,2.5802,3.4303,13.3178,36.3413,52.6388,52.8519,53.0022,53.1009,52.5786,52.7378,52.7654,52.8420,52.4091,52.2279,51.7983,51.3963,51.3820,51.5276,51.6828"
EP00567,C2_covariance,25,CHANNEL_DROPOUT,"1.9162,1.3821,1.3494,1.4573,1.3324,0.8962,0.6745,0.4470,0.0000,0.3204,0.3846,0.4399,0.4111,0.7033,0.0856,0.3310,0.7209,0.8410,0.5834,0.1920,0.5047,0.0684,0.9301,2.0999,4.5405,5.2843,5.6497,7.9041,7.8226,8.1636,8.2569,7.3002,21.5476,19.5728,19.6666,18.6093,18.4402,18.1726,6.4168,6.6359,6.4257,6.2571"
EP00567,C3_both,25,CHANNEL_DROPOUT,"1.9162,1.3821,1.3494,1.4573,1.3324,0.8962,0.6745,0.4470,0.0000,0.3204,0.3846,0.4399,0.4111,0.7033,0.0889,0.3310,0.7209,0.8410,0.5834,0.1920,0.5047,0.4520,1.2748,2.5802,4.5405,13.3178,36.3413,52.6388,52.8519,53.0022,53.1009,52.5786,52.7378,52.7654,52.8420,52.4091,52.2279,51.7983,51.3963,51.3820,51.5276,51.6828"
EP00568,C1_variability,15,CHANNEL_DROPOUT,"0.2301,0.2852,0.1817,0.0231,0.1174,0.1116,0.1989,0.1672,0.1499,0.1028,0.3712,0.7071,1.2913,2.5888,3.6145,28.2103,36.2984,46.8799,57.8125,59.8958,59.8958,59.8958,59.8958,59.8958,59.8958,59.8958,59.8958,59.8958,59.8958,59.8958,59.8958,59.8958,59.8958,59.8958,59.8958,59.8958,59.8958,59.8958,59.8958,59.8958,59.8958,59.8958"
EP00568,C2_covariance,15,CHANNEL_DROPOUT,"0.8375,0.2878,0.2541,0.3028,0.2367,0.2122,0.4404,0.6745,1.1345,1.4633,1.6189,1.2156,0.8045,6.4800,9.9255,14.3115,15.7602,16.6427,19.8425,21.9757,21.8018,21.9601,22.2706,22.3389,22.2089,23.0021,22.9683,23.2499,23.3945,24.0501,24.1161,23.3897,28.2797,27.2158,27.1218,26.4543,26.5989,26.3645,21.9500,22.0662,22.0658,22.1886"
EP00568,C3_both,15,CHANNEL_DROPOUT,"0.8375,0.2878,0.2541,0.3028,0.2367,0.2122,0.4404,0.6745,1.1345,1.4633,1.6189,1.2156,1.2913,6.4800,9.9255,28.2103,36.2984,46.8799,57.8125,59.8958,59.8958,59.8958,59.8958,59.8958,59.8958,59.8958,59.8958,59.8958,59.8958,59.8958,59.8958,59.8958,59.8958,59.8958,59.8958,59.8958,59.8958,59.8958,59.8958,59.8958,59.8958,59.8958"
EP00569,C1_variability,16,CHANNEL_DROPOUT,"1.0042,0.7538,0.8841,0.4375,0.0163,0.0221,0.1016,0.0336,0.0163,0.0295,0.1189,0.2127,0.1764,0.1687,0.3377,0.7015,0.4895,1.2016,8.5703,8.2231,8.1287,8.2744,11.1670,12.2969,13.3465,11.8422,11.8668,15.9181,15.3065,14.9120,14.8797,14.8932,15.1046,15.3336,15.5006,15.9812,15.9621,15.9317,15.7929,15.9870,16.4414,16.1603"
EP00569,C2_covariance,16,CHANNEL_DROPOUT,"1.7592,1.2041,1.1701,1.1930,1.1525,0.6991,0.4687,0.2323,0.2323,0.5653,0.6320,0.6895,0.6595,0.9603,0.3092,0.5771,0.9768,1.0457,0.5806,0.0528,0.4894,0.0092,0.5113,0.9026,0.7411,1.5837,1.5759,2.1224,2.0077,2.3747,2.5133,1.8262,18.4777,16.5858,16.5906,15.6180,15.4045,15.4141,1.1297,1.2419,0.8166,0.6171"
EP00569,C3_both,16,CHANNEL_DROPOUT,"1.7592,1.2041,1.1701,1.1930,1.1525,0.6991,0.4687,0.2323,0.2323,0.5653,0.6320,0.6895,0.6595,0.9603,0.3377,0.7015,0.9768,1.2016,8.5703,8.2231,8.1287,8.2744,11.1670,12.2969,13.3465,11.8422,11.8668,15.9181,15.3065,14.9120,14.8797,14.8932,18.4777,16.5858,16.5906,15.9812,15.9621,15.9317,15.7929,15.9870,16.4414,16.1603"
EP00570,C1_variability,16,CHANNEL_DROPOUT,"0.9513,0.7084,0.8350,0.4866,0.0726,0.0037,0.1204,0.0594,0.0421,0.0037,0.1330,0.3252,0.2197,0.1520,0.5348,0.6041,8.7194,14.6719,12.5611,19.2363,15.9744,21.1277,23.9969,36.9346,33.5818,31.5110,33.9833,37.0146,36.9463,37.1432,37.3003,37.1734,37.3215,37.4698,37.5010,37.8703,38.0201,38.0603,38.0037,38.0928,38.2622,38.0930"
EP00570,C2_covariance,16,CHANNEL_DROPOUT,"1.5761,1.0459,1.0135,1.4548,0.9966,0.5636,0.7779,0.1178,0.3260,0.6440,0.7050,0.7142,0.6191,0.7771,0.1178,0.1419,0.1738,0.9377,1.2845,2.1392,2.1631,2.6241,3.1688,3.7345,4.2029,5.6394,6.1203,7.1569,7.1039,7.3600,7.3571,6.6317,18.3106,16.1663,16.3158,15.4879,15.7003,15.1839,5.9617,6.0222,5.6687,5.4248"
EP00570,C3_both,16,CHANNEL_DROPOUT,"1.5761,1.0459,1.0135,1.4548,0.9966,0.5636,0.7779,0.1178,0.3260,0.6440,0.7050,0.7142,0.6191,0.7771,0.5348,0.6041,8.7194,14.6719,12.5611,19.2363,15.9744,21.1277,23.9969,36.9346,33.5818,31.5110,33.9833,37.0146,36.9463,37.1432,37.3003,37.1734,37.3215,37.4698,37.5010,37.8703,38.0201,38.0603,38.0037,38.0928,38.2622,38.0930"
EP00571,C1_variability,17,CHANNEL_DROPOUT,"0.4349,0.3503,0.3317,0.1852,0.0132,0.0074,0.0949,0.4427,0.0458,0.0000,0.1483,0.3039,0.0349,0.2070,0.7043,1.4270,1.7451,11.5063,15.9756,41.1686,43.0987,47.7878,38.7517,34.8958,41.1458,52.2568,87.5783,57.2917,59.8958,59.8958,59.8958,59.8958,59.8958,59.8958,59.8958,59.8958,59.8958,59.8958,59.8958,59.8958,59.8958,59.8958"
EP00571,C2_covariance,17,CHANNEL_DROPOUT,"1.7881,1.4600,1.9581,2.4851,1.8771,1.2005,1.5215,0.0056,0.3600,0.6220,0.6745,0.7286,0.7418,0.9093,0.2595,0.1612,0.0000,0.6097,1.7059,2.7388,3.2983,4.6427,7.3327,8.9385,10.7042,12.7206,14.0675,16.3391,18.5260,18.2616,18.3472,17.7724,21.5103,21.1548,20.9039,21.1294,21.2499,21.0955,18.1363,18.3280,18.0249,17.7250"
EP00571,C3_both,17,CHANNEL_DROPOUT,"1.7881,1.4600,1.9581,2.4851,1.8771,1.2005,1.5215,0.4427,0.3600,0.6220,0.6745,0.7286,0.7418,0.9093,0.7043,1.4270,1.7451,11.5063,15.9756,41.1686,43.0987,47.7878,38.7517,34.8958,41.1458,52.2568,87.5783,57.2917,59.8958,59.8958,59.8958,59.8958,59.8958,59.8958,59.8958,59.8958,59.8958,59.8958,59.8958,59.8958,59.8958,59.8958"
EP00572,C1_variability,14,CHANNEL_DROPOUT,"1.0002,0.7299,0.8608,0.4943,0.1789,0.0221,0.0655,0.0336,0.0163,0.0295,0.1844,0.2021,0.1379,0.3279,1.7031,2.2037,2.2432,4.0540,5.0790,4.6736,8.1426,7.7778,7.5758,7.6567,7.8625,9.4570,9.4776,9.4821,10.3256,10.3386,10.2726,9.8593,9.6579,10.0736,14.0232,14.1986,13.9415,13.8511,13.7293,13.7010,13.8395,13.4811"
EP00572,C2_covariance,14,CHANNEL_DROPOUT,"1.1204,0.6789,0.6518,0.6701,0.6378,0.2773,0.1106,0.0940,0.4635,0.7283,0.8161,0.8710,0.9097,1.1964,0.7034,0.8613,1.4244,1.5365,1.3701,0.8942,0.7642,0.5669,0.3343,0.0543,0.9606,0.3453,0.3045,0.5705,0.5853,0.8233,0.9398,0.4995,17.0383,15.2262,14.9987,14.0100,13.9598,14.1147,1.2442,1.2789,1.7921,1.4747"
EP00572,C3_both,14,CHANNEL_DROPOUT,"1.1204,0.7299,0.8608,0.6701,0.6378,0.2773,0.1106,0.0940,0.4635,0.7283,0.8161,0.8710,0.9097,1.1964,1.7031,2.2037,2.2432,4.0540,5.0790,4.6736,8.1426,7.7778,7.5758,7.6567,7.8625,9.4570,9.4776,9.4821,10.3256,10.3386,10.2726,9.8593,17.0383,15.2262,14.9987,14.1986,13.9598,14.1147,13.7293,13.7010,13.8395,13.4811"
EP00573,C1_variability,21,CHANNEL_DROPOUT,"0.9278,0.6614,0.8034,0.3973,0.0424,0.1834,0.4591,0.2400,0.0000,0.0459,0.1026,0.1965,0.1602,0.1531,0.0889,0.2855,0.2522,0.2309,0.7292,1.2230,7.0812,16.8921,20.3420,20.4193,22.9126,29.2384,34.5676,37.7596,33.0237,31.4567,31.2400,31.4396,28.1093,29.5224,30.4183,28.3943,29.7859,35.1459,39.2731,41.5601,34.8378,31.2297"
EP00573,C2_covariance,21,CHANNEL_DROPOUT,"2.7796,2.0143,1.9674,1.9990,1.9431,1.3181,1.0004,0.6745,0.0340,0.4251,0.5171,0.5963,0.5550,0.9738,0.0887,0.4222,0.8924,0.9552,0.5469,0.1699,0.3030,0.5961,1.1950,1.7679,1.7465,3.1342,3.6893,4.6794,5.1358,6.0604,6.6685,5.5618,15.0861,14.1334,14.7353,14.5828,15.7001,16.9032,9.8017,9.9066,9.9667,10.3643"
EP00573,C3_both,21,CHANNEL_DROPOUT,"2.7796,2.0143,1.9674,1.9990,1.9431,1.3181,1.0004,0.6745,0.0340,0.4251,0.5171,0.5963,0.5550,0.9738,0.0889,0.4222,0.8924,0.9552,0.7292,1.2230,7.0812,16.8921,20.3420,20.4193,22.9126,29.2384,34.5676,37.7596,33.0237,31.4567,31.2400,31.4396,28.1093,29.5224,30.4183,28.3943,29.7859,35.1459,39.2731,41.5601,34.8378,31.2297"
EP00574,C1_variability,26,CHANNEL_DROPOUT,"1.1813,0.7967,0.9452,0.5358,0.2155,0.0717,0.4507,0.5136,0.1566,0.1523,0.3942,0.1633,0.1298,0.1199,0.1222,0.2743,0.2789,0.2451,0.2144,0.1041,0.3853,0.1463,0.9173,0.9576,1.2554,1.8640,6.5658,13.5154,18.4545,21.1073,24.2556,21.4542,25.2406,34.1789,33.8136,35.4433,35.5397,42.5739,47.6324,50.4890,51.6959,51.0417"
EP00574,C2_covariance,26,CHANNEL_DROPOUT,"2.3448,1.7055,1.6663,1.9748,1.6460,1.1239,0.8586,0.5863,0.0512,0.9059,1.0223,0.5918,0.5149,0.7906,0.0512,0.3449,0.8116,0.9554,0.6470,0.1782,0.6429,0.4364,0.0561,0.7289,0.7020,1.4421,1.6267,2.3642,3.1122,4.6561,6.3117,5.2150,10.2313,11.0955,14.2244,14.5912,16.0526,19.1867,14.0613,16.9324,18.0430,20.3882"
EP00574,C3_both,26,CHANNEL_DROPOUT,"2.3448,1.7055,1.6663,1.9748,1.6460,1.1239,0.8586,0.5863,0.1566,0.9059,1.0223,0.5918,0.5149,0.7906,0.1222,0.3449,0.8116,0.9554,0.6470,0.1782,0.6429,0.4364,0.9173,0.9576,1.2554,1.8640,6.5658,13.5154,18.4545,21.1073,24.2556,21.4542,25.2406,34.1789,33.8136,35.4433,35.5397,42.5739,47.6324,50.4890,51.6959,51.0417"
EP00575,C1_variability,17,GAIN_DRIFT,"0.8076,0.5824,0.6348,0.1909,0.0500,0.0558,0.0385,0.1274,0.0173,0.0725,0.0853,0.2323,0.1982,1.4242,3.5249,6.1090,9.3884,13.6380,16.9690,19.0691,19.5836,21.0827,19.8134,19.9027,20.8287,19.2957,17.5144,17.5938,17.2410,17.3238,17.5092,19.1017,19.7967,18.9213,20.1232,20.5526,21.2812,20.2696,20.2711,20.5372,20.0805,20.6546"
EP00575,C2_covariance,17,GAIN_DRIFT,"1.9163,1.3821,1.3494,1.6804,1.3324,0.8962,0.6745,0.4470,0.0000,0.3204,0.3846,0.4415,0.4144,0.7026,0.1145,0.3214,0.6745,0.7037,0.4677,0.0360,0.4429,0.2173,0.1076,0.5420,0.2492,0.9134,0.8753,1.3785,1.2837,1.5167,1.6164,1.0514,19.6423,17.7076,17.6142,16.6728,16.5546,16.5931,0.2412,0.3181,0.4807,0.1984"
EP00575,C3_both,17,GAIN_DRIFT,"1.9163,1.3821,1.3494,1.6804,1.3324,0.8962,0.6745,0.4470,0.0173,0.3204,0.3846,0.4415,0.4144,1.4242,3.5249,6.1090,9.3884,13.6380,16.9690,19.0691,19.5836,21.0827,19.8134,19.9027,20.8287,19.2957,17.5144,17.5938,17.2410,17.3238,17.5092,19.1017,19.7967,18.9213,20.1232,20.5526,21.2812,20.2696,20.2711,20.5372,20.0805,20.6546"
EP00576,C1_variability,15,GAIN_DRIFT,"0.3525,0.0959,0.1736,0.0222,0.1183,0.1125,0.1999,0.1681,0.1508,0.1458,3.4807,7.6069,13.1096,22.2330,28.7339,35.9170,42.5770,43.4276,42.3152,42.3530,43.8183,44.5956,43.7870,44.2688,40.8217,42.4857,43.4798,44.5552,45.0778,45.4173,44.6291,45.4260,44.7738,44.4276,42.1644,41.4989,40.5722,40.0396,42.1089,42.0684,43.3287,42.7957"
EP00576,C2_covariance,15,GAIN_DRIFT,"1.1988,0.7630,0.7363,0.7543,0.7224,0.3665,0.1856,0.0000,0.3647,0.6057,0.6745,0.6768,0.5506,0.7466,0.2917,0.5461,0.8094,0.8774,0.7344,0.4278,0.6961,0.5150,0.2673,0.0176,0.1494,0.3792,0.2653,0.5106,0.4312,0.7061,0.7974,0.2955,13.6073,12.3539,12.3257,11.8324,11.7709,11.6553,0.2911,0.1551,1.0160,0.6377"
EP00576,C3_both,15,GAIN_DRIFT,"1.1988,0.7630,0.7363,0.7543,0.7224,0.3665,0.1999,0.1681,0.3647,0.6057,3.4807,7.6069,13.1096,22.2330,28.7339,35.9170,42.5770,43.4276,42.3152,42.3530,43.8183,44.5956,43.7870,44.2688,40.8217,42.4857,43.4798,44.5552,45.0778,45.4173,44.6291,45.4260,44.7738,44.4276,42.1644,41.4989,40.5722,40.0396,42.1089,42.0684,43.3287,42.7957"
EP00577,C1_variability,16,GAIN_DRIFT,"0.5517,0.3605,0.3458,0.0882,0.1178,0.1121,0.1994,0.1677,0.1504,0.1047,0.2314,3.1624,7.2284,11.9189,20.4240,29.9320,54.1094,74.7703,86.6503,89.9162,88.2368,91.3385,88.7043,92.3708,89.7879,89.1389,91.9330,91.0089,91.4528,91.1165,90.6640,93.4085,92.9571,91.0987,94.3528,90.7032,91.8285,92.2829,91.0380,87.1179,87.7989,89.8048"
EP00577,C2_covariance,16,GAIN_DRIFT,"1.1083,0.5848,0.5528,0.6886,0.5361,0.1086,0.1117,0.3316,0.7697,1.0836,1.1559,1.2319,0.8760,0.3891,1.3489,4.7982,5.2919,4.1983,0.7407,1.0408,0.5992,0.7033,0.8240,1.2866,0.6055,1.9300,1.8681,2.3337,2.2256,3.1302,3.7529,1.8453,14.2524,12.1692,12.4485,10.5219,9.8858,9.6432,0.6049,0.6125,0.2303,0.0999"
EP00577,C3_both,16,GAIN_DRIFT,"1.1083,0.5848,0.5528,0.6886,0.5361,0.1121,0.1994,0.3316,0.7697,1.0836,1.1559,3.1624,7.2284,11.9189,20.4240,29.9320,54.1094,74.7703,86.6503,89.9162,88.2368,91.3385,88.7043,92.3708,89.7879,89.1389,91.9330,91.0089,91.4528,91.1165,90.6640,93.4085,92.9571,91.0987,94.3528,90.7032,91.8285,92.2829,91.0380,87.1179,87.7989,89.8048"
EP00578,C1_variability,19,GAIN_DRIFT,"1.1097,0.8387,0.9904,0.5589,0.0500,0.0558,0.1011,0.1879,0.0173,0.0632,0.0853,0.1792,0.1429,0.1364,0.1093,0.2714,1.1363,2.3755,3.9056,5.0207,7.5019,10.0034,11.0045,12.8188,14.0038,16.8825,15.4346,16.4387,17.8727,17.5449,19.0056,18.8647,18.9759,19.0806,18.2125,18.5766,18.5271,18.7127,18.9238,19.7207,19.4549,16.8123"
EP00578,C2_covariance,19,GAIN_DRIFT,"2.1630,1.5844,1.5490,1.6323,1.5306,1.0580,0.8178,0.5714,0.0871,0.2600,0.3296,0.3895,0.3582,0.6745,0.0000,0.2636,0.6764,0.8294,0.5159,0.1139,0.5744,0.3361,0.0290,0.4533,0.2025,0.9496,0.9402,1.4694,1.4088,1.5714,1.6945,1.0696,19.0661,17.1403,17.0626,16.0972,15.9489,15.9715,0.2957,0.3789,0.4227,0.2368"
EP00578,C3_both,19,GAIN_DRIFT,"2.1630,1.5844,1.5490,1.6323,1.5306,1.0580,0.8178,0.5714,0.0871,0.2600,0.3296,0.3895,0.3582,0.6745,0.1093,0.2714,1.1363,2.3755,3.9056,5.0207,7.5019,10.0034,11.0045,12.8188,14.0038,16.8825,15.4346,16.4387,17.8727,17.5449,19.0056,18.8647,19.0661,19.0806,18.2125,18.5766,18.5271,18.7127,18.9238,19.7207,19.4549,16.8123"
EP00579,C1_variability,21,GAIN_DRIFT,"0.9765,0.6877,0.8422,0.4350,0.0000,0.0058,0.1390,0.1939,0.0326,0.0701,0.1352,0.2290,0.1927,0.1856,0.0562,0.3385,0.9300,1.9757,3.8703,6.4610,11.5939,16.4732,20.7702,24.5859,28.7858,34.0812,38.4752,41.0628,43.2791,43.4979,43.6994,42.8828,44.6295,44.5850,47.1180,44.7036,45.2933,45.9818,44.0683,44.4808,43.2442,44.1448"
EP00579,C2_covariance,21,GAIN_DRIFT,"2.6857,2.0005,1.9586,1.9869,1.9368,1.3773,1.0929,0.8011,0.2277,0.1833,0.2657,0.3366,0.2996,0.6745,0.1178,0.2009,0.7107,0.8419,0.4689,0.0670,0.5653,0.3534,0.0277,0.6078,0.5084,1.1503,0.9650,1.4785,1.3615,1.5592,1.6382,1.0852,16.6662,14.9964,14.9511,14.2908,14.2082,14.1627,0.3809,0.4906,0.3115,0.2255"
EP00579,C3_both,21,GAIN_DRIFT,"2.6857,2.0005,1.9586,1.9869,1.9368,1.3773,1.0929,0.8011,0.2277,0.1833,0.2657,0.3366,0.2996,0.6745,0.1178,0.3385,0.9300,1.9757,3.8703,6.4610,11.5939,16.4732,20.7702,24.5859,28.7858,34.0812,38.4752,41.0628,43.2791,43.4979,43.6994,42.8828,44.6295,44.5850,47.1180,44.7036,45.2933,45.9818,44.0683,44.4808,43.2442,44.1448"
EP00580,C1_variability,17,GAIN_DRIFT,"0.9807,0.8073,0.9118,0.5392,0.0144,0.0202,0.0674,0.0355,0.0182,0.0276,0.1208,0.2156,1.0221,3.6346,6.8845,11.3119,17.9305,27.3885,34.0929,45.2223,56.3486,62.4593,69.1526,79.8179,87.1741,95.2132,100.5194,102.0020,103.4608,104.3629,104.1672,108.6297,106.3334,107.7219,105.8893,106.6673,104.5985,104.1093,104.7174,106.6887,102.5051,103.1042"
EP00580,C2_covariance,17,GAIN_DRIFT,"2.8912,2.0854,2.0360,2.0693,2.0104,1.3522,1.0177,0.6745,0.0000,0.4834,0.5803,0.6733,0.6236,1.0493,0.0043,0.0768,0.1649,0.0145,0.3223,1.2382,0.3128,1.2123,2.2951,3.5095,3.6676,3.9903,3.7029,4.5394,4.5907,4.9075,5.2025,4.3075,18.8801,16.5343,16.3715,14.8945,14.7331,14.7961,2.9984,3.2962,2.5263,2.2270"
EP00580,C3_both,17,GAIN_DRIFT,"2.8912,2.0854,2.0360,2.0693,2.0104,1.3522,1.0177,0.6745,0.0182,0.4834,0.5803,0.6733,1.0221,3.6346,6.8845,11.3119,17.9305,27.3885,34.0929,45.2223,56.3486,62.4593,69.1526,79.8179,87.1741,95.2132,100.5194,102.0020,103.4608,104.3629,104.1672,108.6297,106.3334,107.7219,105.8893,106.6673,104.5985,104.1093,104.7174,106.6887,102.5051,103.1042"
EP00581,C1_variability,27,GAIN_DRIFT,"1.1908,0.8091,0.9562,0.5417,0.2313,0.0877,0.5236,0.6788,0.3320,0.2019,0.0535,0.1867,0.1903,0.1345,0.1382,0.2585,0.2630,0.2293,0.1985,0.0882,0.3695,0.1703,0.4493,0.5286,1.2357,1.8286,2.9199,4.3948,5.7155,6.5967,6.8277,8.3622,10.6008,12.4732,12.9907,14.4984,14.1456,15.6036,15.8312,15.9727,16.6424,16.7105"
EP00581,C2_covariance,27,GAIN_DRIFT,"2.4224,1.7598,1.7192,1.7466,1.6981,1.1569,0.8819,0.5997,0.0706,0.9959,1.1177,0.7302,0.6479,0.8275,0.0612,0.3656,0.8493,0.9984,0.6787,0.1928,0.6745,0.3960,0.0000,0.5047,0.1732,1.0120,0.9309,1.4857,1.3976,1.6867,1.8211,1.1384,17.1430,15.3364,15.2011,14.2415,13.9386,13.8462,0.1410,0.2444,0.4224,0.4717"
EP00581,C3_both,27,GAIN_DRIFT,"2.4224,1.7598,1.7192,1.7466,1.6981,1.1569,0.8819,0.6788,0.3320,0.9959,1.1177,0.7302,0.6479,0.8275,0.1382,0.3656,0.8493,0.9984,0.6787,0.1928,0.6745,0.3960,0.4493,0.5286,1.2357,1.8286,2.9199,4.3948,5.7155,6.5967,6.8277,8.3622,17.1430,15.3364,15.2011,14.4984,14.1456,15.6036,15.8312,15.9727,16.6424,16.7105"
EP00582,C1_variability,25,GAIN_DRIFT,"1.2108,0.8599,1.0127,0.5981,0.1714,0.1772,0.2993,0.1213,0.1387,0.1847,0.1359,0.1396,0.1434,0.0948,0.2278,0.1695,0.1741,0.1403,0.1094,0.0000,0.3006,0.6688,1.8781,2.7933,4.1217,6.3408,9.4066,11.6042,13.6209,15.9951,18.5777,21.0392,25.2181,26.7505,28.1052,31.2707,34.2279,36.5990,38.0567,40.1715,42.4915,42.2844"
EP00582,C2_covariance,25,GAIN_DRIFT,"2.7126,1.9889,1.9445,2.0912,1.9215,1.3304,1.0300,0.7218,0.1160,0.7249,0.8267,0.4801,0.4410,0.8370,0.0000,0.3325,0.8608,1.0237,0.6745,0.1436,0.6807,0.3907,0.0648,0.6029,0.2766,1.1885,1.0936,1.7252,1.6964,1.9342,2.1524,1.4157,19.3580,17.6106,17.8078,17.2640,17.3614,17.6422,0.5318,0.6917,0.4169,0.0226"
EP00582,C3_both,25,GAIN_DRIFT,"2.7126,1.9889,1.9445,2.0912,1.9215,1.3304,1.0300,0.7218,0.1387,0.7249,0.8267,0.4801,0.4410,0.8370,0.2278,0.3325,0.8608,1.0237,0.6745,0.1436,0.6807,0.6688,1.8781,2.7933,4.1217,6.3408,9.4066,11.6042,13.6209,15.9951,18.5777,21.0392,25.2181,26.7505,28.1052,31.2707,34.2279,36.5990,38.0567,40.1715,42.4915,42.2844"
EP00583,C1_variability,17,GAIN_DRIFT,"0.4773,0.2650,0.3907,0.4888,0.1633,0.0558,0.0318,0.0000,0.0173,0.0632,0.0853,0.1951,0.1815,1.1638,2.7885,4.1047,7.7799,11.6021,15.3109,20.0686,26.2399,31.8125,35.1514,39.6174,43.6599,50.2941,56.4280,58.2134,60.5643,66.2535,70.7839,75.5743,80.3074,87.0494,90.4901,96.0446,98.2931,101.3176,105.5867,108.8803,107.8537,109.3745"
EP00583,C2_covariance,17,GAIN_DRIFT,"2.0749,1.4966,1.4612,1.8233,1.4428,0.9704,0.8093,0.4841,0.0000,0.3469,0.4165,0.4772,0.4508,0.7878,0.0550,0.3413,0.6745,0.7266,0.4846,0.0314,0.3944,0.0732,0.4323,1.1169,1.1595,1.9425,2.0685,2.7922,3.1404,3.8013,5.8229,2.9909,26.0869,26.3653,28.5265,29.4123,32.0776,35.3070,3.5802,3.7211,2.6793,2.5763"
EP00583,C3_both,17,GAIN_DRIFT,"2.0749,1.4966,1.4612,1.8233,1.4428,0.9704,0.8093,0.4841,0.0173,0.3469,0.4165,0.4772,0.4508,1.1638,2.7885,4.1047,7.7799,11.6021,15.3109,20.0686,26.2399,31.8125,35.1514,39.6174,43.6599,50.2941,56.4280,58.2134,60.5643,66.2535,70.7839,75.5743,80.3074,87.0494,90.4901,96.0446,98.2931,101.3176,105.5867,108.8803,107.8537,109.3745"
EP00584,C1_variability,26,GEOMETRY_ROTATION,"0.7830,0.5375,0.6677,0.3197,0.1784,0.1842,0.5072,0.5142,0.1456,0.2431,0.0427,0.1848,0.1388,0.0209,0.2348,0.1627,0.1672,0.1334,0.1025,0.0079,1.0844,2.8020,3.8567,5.0686,5.6469,6.7131,7.7533,7.8314,8.6986,8.9750,8.1023,7.8048,8.9504,9.0095,9.1348,8.9251,8.0303,9.4621,7.9175,8.2173,7.3161,7.4970"
EP00584,C2_covariance,26,GEOMETRY_ROTATION,"1.9640,1.4278,1.3950,1.5625,1.3779,0.9400,0.7175,0.4891,0.0404,0.7122,0.8561,0.4552,0.3741,0.6657,0.0456,0.2919,0.6833,0.8040,0.5453,0.1521,0.5308,0.0404,0.9411,2.0381,2.5775,4.0342,4.8787,5.7202,5.8475,6.0647,6.2638,5.8466,17.4182,15.3280,15.2786,14.5446,14.0910,14.1150,5.2119,5.1395,4.7635,4.4947"
EP00584,C3_both,26,GEOMETRY_ROTATION,"1.9640,1.4278,1.3950,1.5625,1.3779,0.9400,0.7175,0.5142,0.1456,0.7122,0.8561,0.4552,0.3741,0.6657,0.2348,0.2919,0.6833,0.8040,0.5453,0.1521,1.0844,2.8020,3.8567,5.0686,5.6469,6.7131,7.7533,7.8314,8.6986,8.9750,8.1023,7.8048,17.4182,15.3280,15.2786,14.5446,14.0910,14.1150,7.9175,8.2173,7.3161,7.4970"
EP00585,C1_variability,15,GEOMETRY_ROTATION,"0.3986,0.1687,0.1678,0.1909,0.0500,0.0558,0.0318,0.0000,0.0173,1.0225,2.6981,4.4217,5.0888,6.9207,8.3046,9.8737,9.7988,10.4192,9.9604,9.7870,10.1423,9.9991,9.9929,10.1050,9.8905,9.5325,9.5464,9.6281,9.5039,9.3933,9.5647,9.7020,10.1869,10.0551,9.2386,10.5849,9.6146,8.9867,9.2338,9.3235,9.9571,9.8992"
EP00585,C2_covariance,15,GEOMETRY_ROTATION,"0.5665,0.0327,0.0040,0.4567,0.0170,0.4529,0.6745,0.9018,1.3486,1.6264,0.6978,0.6089,3.1275,3.3060,4.6004,5.3856,6.1713,6.4249,6.5306,6.7874,6.4392,6.6590,6.8164,6.9809,6.9016,7.4434,7.5466,7.6218,7.6559,7.7388,7.8222,7.3057,11.1070,10.7071,10.7715,10.5273,10.4088,10.4132,7.0536,7.0458,6.6234,6.4345"
EP00585,C3_both,15,GEOMETRY_ROTATION,"0.5665,0.1687,0.1678,0.4567,0.0500,0.4529,0.6745,0.9018,1.3486,1.6264,2.6981,4.4217,5.0888,6.9207,8.3046,9.8737,9.7988,10.4192,9.9604,9.7870,10.1423,9.9991,9.9929,10.1050,9.8905,9.5325,9.5464,9.6281,9.5039,9.3933,9.5647,9.7020,11.1070,10.7071,10.7715,10.5849,10.4088,10.4132,9.2338,9.3235,9.9571,9.8992"
EP00586,C1_variability,21,GEOMETRY_ROTATION,"0.4830,0.2064,0.3203,0.2229,0.0819,0.0877,0.0000,0.1531,0.0492,0.0951,0.0535,0.1475,0.1111,0.1040,0.2679,1.9474,3.1513,4.2722,5.7532,7.9562,12.2745,22.2353,27.0735,23.4141,23.0998,22.4606,22.6131,24.4303,22.6646,22.5985,22.6856,22.8087,22.8326,24.4240,28.1779,28.4386,26.6210,25.9595,23.2226,23.1463,22.6886,22.8800"
EP00586,C2_covariance,21,GEOMETRY_ROTATION,"0.6745,0.3213,0.3730,0.7508,0.3108,0.0000,0.2414,0.2970,0.5926,0.8045,0.8469,0.8835,0.8644,1.0577,0.6492,0.2264,3.0038,5.0618,5.7281,5.5496,6.8395,6.5737,7.3472,7.7330,7.5067,7.7264,7.7687,7.7911,7.6656,7.7362,7.7132,7.5999,8.9968,8.7684,8.6660,8.7139,8.6687,8.5761,7.4246,7.4071,7.2143,6.9242"
EP00586,C3_both,21,GEOMETRY_ROTATION,"0.6745,0.3213,0.3730,0.7508,0.3108,0.0877,0.2414,0.2970,0.5926,0.8045,0.8469,0.8835,0.8644,1.0577,0.6492,1.9474,3.1513,5.0618,5.7532,7.9562,12.2745,22.2353,27.0735,23.4141,23.0998,22.4606,22.6131,24.4303,22.6646,22.5985,22.6856,22.8087,22.8326,24.4240,28.1779,28.4386,26.6210,25.9595,23.2226,23.1463,22.6886,22.8800"
EP00587,C1_variability,18,GEOMETRY_ROTATION,"0.6426,0.3859,0.4921,0.2282,0.0659,0.0717,0.0159,0.0159,0.0333,0.0792,0.0694,0.1633,0.1421,1.3043,1.1214,2.0700,3.1662,4.7456,5.6753,6.0046,6.5763,6.7627,7.7035,7.6770,7.7918,8.1417,8.1552,8.0909,8.7065,8.8922,8.9646,8.2226,10.3637,9.8803,9.6908,10.6328,10.1069,10.1534,7.8610,8.1946,7.9181,7.9059"
EP00587,C2_covariance,18,GEOMETRY_ROTATION,"2.9559,2.1435,2.0937,2.1273,2.0679,1.4045,1.0673,0.7213,0.0414,0.4459,0.5436,0.6277,0.5836,1.0175,0.0414,0.3466,0.6065,0.3160,0.5547,1.8523,2.2553,3.0912,4.2508,5.3670,5.7053,7.2926,7.5276,8.5265,8.7018,8.9588,9.0423,8.0109,18.2298,16.1929,16.1761,15.0027,14.4837,14.3623,7.7881,7.7565,7.1114,6.8894"
EP00587,C3_both,18,GEOMETRY_ROTATION,"2.9559,2.1435,2.0937,2.1273,2.0679,1.4045,1.0673,0.7213,0.0414,0.4459,0.5436,0.6277,0.5836,1.3043,1.1214,2.0700,3.1662,4.7456,5.6753,6.0046,6.5763,6.7627,7.7035,7.6770,7.7918,8.1417,8.1552,8.5265,8.7065,8.9588,9.0423,8.2226,18.2298,16.1929,16.1761,15.0027,14.4837,14.3623,7.8610,8.1946,7.9181,7.9059"
EP00588,C1_variability,14,GEOMETRY_ROTATION,"0.3900,0.1600,0.1591,0.1823,0.0414,0.0471,0.0405,0.0086,0.1536,1.2239,2.5096,3.3233,4.2130,5.7357,5.6764,7.3952,7.7534,8.6617,8.9381,8.8413,9.0349,9.4035,9.4958,9.7457,9.7958,9.5371,9.5854,9.7551,9.5828,9.5739,9.6879,10.0130,8.7312,8.5744,8.4358,8.2657,10.0369,8.5612,9.5540,9.5967,9.7915,10.0317"
EP00588,C2_covariance,14,GEOMETRY_ROTATION,"1.3052,0.5346,0.4874,0.6606,0.4629,0.1664,0.4862,0.8144,1.4593,1.8961,1.7272,0.9724,0.1664,0.9004,2.8390,3.8316,4.7165,5.5162,6.6892,8.0363,8.1180,8.8494,9.8678,10.5632,10.5523,11.4417,11.5949,12.0816,12.1071,12.5294,12.6684,11.7968,16.9502,16.1889,16.2920,15.9070,15.7924,15.5849,11.2026,11.0865,10.4602,10.3139"
EP00588,C3_both,14,GEOMETRY_ROTATION,"1.3052,0.5346,0.4874,0.6606,0.4629,0.1664,0.4862,0.8144,1.4593,1.8961,2.5096,3.3233,4.2130,5.7357,5.6764,7.3952,7.7534,8.6617,8.9381,8.8413,9.0349,9.4035,9.8678,10.5632,10.5523,11.4417,11.5949,12.0816,12.1071,12.5294,12.6684,11.7968,16.9502,16.1889,16.2920,15.9070,15.7924,15.5849,11.2026,11.0865,10.4602,10.3139"
EP00589,C1_variability,13,GEOMETRY_ROTATION,"0.4308,0.2007,0.1997,0.2229,0.0819,0.0877,0.0000,0.4601,2.0460,3.8057,5.1241,5.7750,6.8589,9.2570,9.8135,10.4345,11.7311,12.9217,14.2735,15.7495,19.6774,22.5352,22.7436,23.0038,22.5991,22.4499,22.3608,24.5835,27.4097,27.8872,28.6181,27.3416,30.6351,28.2752,29.3086,28.1788,26.4946,26.5209,24.1931,22.2906,23.5795,24.3291"
EP00589,C2_covariance,13,GEOMETRY_ROTATION,"0.6745,0.0389,0.0000,0.5792,0.0202,0.5393,0.8031,1.0687,0.8859,0.6779,0.8369,2.1436,3.8184,4.7970,6.6640,7.4986,8.1146,8.8091,9.3532,10.3116,10.5736,11.5618,12.2368,12.8455,13.1936,13.6990,13.7992,13.8713,13.9952,14.0913,14.0274,13.2592,15.8088,15.5932,15.6579,15.2110,15.2139,15.3081,13.2836,13.3842,13.0599,12.6856"
EP00589,C3_both,13,GEOMETRY_ROTATION,"0.6745,0.2007,0.1997,0.5792,0.0819,0.5393,0.8031,1.0687,2.0460,3.8057,5.1241,5.7750,6.8589,9.2570,9.8135,10.4345,11.7311,12.9217,14.2735,15.7495,19.6774,22.5352,22.7436,23.0038,22.5991,22.4499,22.3608,24.5835,27.4097,27.8872,28.6181,27.3416,30.6351,28.2752,29.3086,28.1788,26.4946,26.5209,24.1931,22.2906,23.5795,24.3291"
EP00590,C1_variability,21,GEOMETRY_ROTATION,"0.8374,0.5791,0.7020,0.3885,0.1751,0.0877,0.2785,0.0319,0.0492,0.0951,0.0535,0.1475,0.1111,0.1040,0.1382,0.2602,0.5039,0.6946,1.0279,1.5373,2.2096,3.0664,3.6098,3.6644,3.3947,3.7306,3.7928,4.4780,5.5198,5.5226,4.2081,4.6027,7.3345,6.7950,7.8940,8.3070,8.1601,8.3942,7.5131,7.4181,6.8354,7.1432"
EP00590,C2_covariance,21,GEOMETRY_ROTATION,"2.4242,1.7924,1.7537,1.8476,1.7336,1.2176,0.9554,0.6863,0.1575,0.2215,0.2975,0.3629,0.3288,0.6745,0.0562,0.2340,0.6949,0.8284,0.4946,0.0244,0.3708,0.0063,0.4620,1.0156,0.8637,1.9411,2.1334,2.7413,2.8018,3.3119,3.6308,3.2983,19.0566,16.9483,16.9422,15.8081,15.5156,15.3136,4.0727,4.2387,3.9264,3.5956"
EP00590,C3_both,21,GEOMETRY_ROTATION,"2.4242,1.7924,1.7537,1.8476,1.7336,1.2176,0.9554,0.6863,0.1575,0.2215,0.2975,0.3629,0.3288,0.6745,0.1382,0.2602,0.6949,0.8284,1.0279,1.5373,2.2096,3.0664,3.6098,3.6644,3.3947,3.7306,3.7928,4.4780,5.5198,5.5226,4.2081,4.6027,19.0566,16.9483,16.9422,15.8081,15.5156,15.3136,7.5131,7.4181,6.8354,7.1432"
EP00591,C1_variability,26,GEOMETRY_ROTATION,"0.8987,0.5678,0.7196,0.3378,0.1784,0.1842,0.6020,0.7091,0.1456,0.1916,0.0427,0.1468,0.0940,0.0271,0.2348,0.1627,0.1672,0.1334,0.1025,0.0079,0.5559,1.9134,2.7681,4.0598,4.8817,6.4499,7.3043,7.1891,6.6818,6.5526,6.9157,7.3326,9.0967,8.3271,9.7320,9.3378,8.9018,8.9628,9.0034,9.3399,9.7762,10.2511"
EP00591,C2_covariance,26,GEOMETRY_ROTATION,"2.2003,1.6004,1.5637,1.5884,1.5446,1.0547,0.8057,0.5502,0.0481,0.6381,0.7545,0.4460,0.4136,0.7418,0.0481,0.3237,0.7616,0.8965,0.6071,0.1672,0.5934,0.2354,0.2341,1.0721,1.4098,2.9583,3.6313,4.9999,5.5758,6.7971,7.7258,8.0100,16.2665,14.3252,14.4333,13.9544,14.1003,14.4548,10.1746,10.5279,10.2619,10.2486"
EP00591,C3_both,26,GEOMETRY_ROTATION,"2.2003,1.6004,1.5637,1.5884,1.5446,1.0547,0.8057,0.7091,0.1456,0.6381,0.7545,0.4460,0.4136,0.7418,0.2348,0.3237,0.7616,0.8965,0.6071,0.1672,0.5934,1.9134,2.7681,4.0598,4.8817,6.4499,7.3043,7.1891,6.6818,6.7971,7.7258,8.0100,16.2665,14.3252,14.4333,13.9544,14.1003,14.4548,10.1746,10.5279,10.2619,10.2511"
EP00592,C1_variability,26,GEOMETRY_ROTATION,"1.0368,0.6931,0.8378,0.4352,0.1784,0.1842,0.4549,0.8009,0.3120,0.2148,0.0973,0.2453,0.2011,0.1300,0.2348,0.1627,0.1672,0.1334,0.1025,0.0079,0.2739,1.7123,3.2260,3.3533,4.0788,5.2532,6.6433,8.1118,9.1371,9.2301,9.0744,10.3882,10.2544,10.9815,11.7381,12.6586,13.6925,14.8429,17.0716,20.4336,23.1536,23.3898"
EP00592,C2_covariance,26,GEOMETRY_ROTATION,"2.2003,1.6004,1.5637,1.7235,1.5446,1.0547,0.8057,0.5502,0.0481,0.5653,0.6788,0.4460,0.4136,0.7418,0.0481,0.3237,0.7616,0.8965,0.6071,0.1672,0.6033,0.3434,0.1868,1.0416,1.5883,3.6022,4.8419,6.2087,7.2666,8.2267,9.1321,9.0966,13.3720,13.1606,13.8320,13.7987,14.4379,15.1135,12.7238,13.3977,13.7790,13.2451"
EP00592,C3_both,26,GEOMETRY_ROTATION,"2.2003,1.6004,1.5637,1.7235,1.5446,1.0547,0.8057,0.8009,0.3120,0.5653,0.6788,0.4460,0.4136,0.7418,0.2348,0.3237,0.7616,0.8965,0.6071,0.1672,0.6033,1.7123,3.2260,3.3533,4.0788,5.2532,6.6433,8.1118,9.1371,9.2301,9.1321,10.3882,13.3720,13.1606,13.8320,13.7987,14.4379,15.1135,17.0716,20.4336,23.1536,23.3898"
EP00593,C1_variability,21,NONE,"1.1406,0.4904,0.6301,0.4792,0.1557,0.0820,0.2180,0.0316,0.0069,0.3089,0.2551,0.2381,0.0000,0.2917,0.2754,0.2032,0.1766,0.1884,0.1160,1.0031,0.5246,1.1257,1.7679,1.7322,2.2253,1.9478,1.5409,1.6714,1.6305,2.4968,1.5839,2.1559,1.5185,2.0320,1.5405,1.8048,2.4742,1.8486,2.1644,2.5025,1.8202,1.7805"
EP00593,C2_covariance,21,NONE,"6.1688,6.7600,6.0221,5.5119,3.7708,3.3531,3.1328,1.2877,0.5367,0.2328,0.4000,0.0286,0.2326,0.2072,0.1590,0.2100,0.2977,0.2079,0.0038,0.0000,0.3516,0.4881,0.5913,0.0734,0.7365,0.8351,1.4051,2.6948,3.2656,4.4518,4.9883,5.9003,5.3963,4.5213,4.6177,6.4338,6.7067,6.9306,8.5773,10.0147,12.5715,10.5130"
EP00593,C3_both,21,NONE,"6.1688,6.7600,6.0221,5.5119,3.7708,3.3531,3.1328,1.2877,0.5367,0.3089,0.4000,0.2381,0.2326,0.2917,0.2754,0.2100,0.2977,0.2079,0.1160,1.0031,0.5246,1.1257,1.7679,1.7322,2.2253,1.9478,1.5409,2.6948,3.2656,4.4518,4.9883,5.9003,5.3963,4.5213,4.6177,6.4338,6.7067,6.9306,8.5773,10.0147,12.5715,10.5130"
EP00594,C1_variability,15,RATE_LOSS,"1.2665,0.6812,0.5191,0.6456,0.1427,0.1286,0.1022,0.0846,0.1231,0.1963,0.3062,0.6284,1.0374,2.0692,2.7114,3.6256,4.2835,4.5803,4.8442,4.8196,4.8613,4.8688,4.8033,4.9290,4.8762,4.8980,4.8451,4.8772,5.2225,4.9202,4.8518,4.7741,4.8584,4.8362,4.7690,4.9617,5.0966,4.9132,4.7454,4.8027,4.7622,4.8324"
EP00594,C2_covariance,15,RATE_LOSS,"4.1463,4.8057,4.1716,3.1575,2.0953,1.3287,0.7364,0.0000,0.2997,0.6068,0.6745,0.5008,0.5822,0.5283,0.4690,0.5385,0.6237,0.5760,0.5153,0.5139,0.3736,0.4956,0.5746,0.4846,0.6637,0.6845,0.2995,1.0664,1.5136,3.1242,2.8090,4.1751,3.7612,2.6882,3.1266,4.5493,4.5639,4.7454,6.1387,7.4787,9.7378,7.9394"
EP00594,C3_both,15,RATE_LOSS,"4.1463,4.8057,4.1716,3.1575,2.0953,1.3287,0.7364,0.0846,0.2997,0.6068,0.6745,0.6284,1.0374,2.0692,2.7114,3.6256,4.2835,4.5803,4.8442,4.8196,4.8613,4.8688,4.8033,4.9290,4.8762,4.8980,4.8451,4.8772,5.2225,4.9202,4.8518,4.7741,4.8584,4.8362,4.7690,4.9617,5.0966,4.9132,6.1387,7.4787,9.7378,7.9394"
EP00595,C1_variability,15,RATE_LOSS,"0.7370,0.4528,0.5439,0.3586,0.1427,0.1286,0.1022,0.0846,0.1231,0.2416,0.7140,1.5801,2.9265,4.9539,6.8330,9.2867,11.1053,11.9647,12.3728,12.3497,12.3844,12.3906,12.3361,12.4409,12.3969,12.4150,12.3709,12.3977,12.6854,12.4335,12.3765,12.3117,12.3820,12.3635,12.3075,12.4681,12.5805,12.4277,12.2878,12.3356,12.3018,12.3603"
EP00595,C2_covariance,15,RATE_LOSS,"4.3663,5.1735,4.4275,3.2756,2.1601,1.2283,0.7414,0.0000,0.3018,0.6127,0.6745,0.4278,0.4374,0.2291,0.0669,0.3238,0.5805,0.7082,0.5190,0.5174,0.3761,1.0760,1.0667,0.5323,1.1248,1.1595,0.4835,0.8834,1.5125,3.3917,3.0382,4.4684,3.9867,2.8498,3.3880,4.9429,5.0414,5.2536,6.9047,8.4840,11.0733,8.9200"
EP00595,C3_both,15,RATE_LOSS,"4.3663,5.1735,4.4275,3.2756,2.1601,1.2283,0.7414,0.0846,0.3018,0.6127,0.7140,1.5801,2.9265,4.9539,6.8330,9.2867,11.1053,11.9647,12.3728,12.3497,12.3844,12.3906,12.3361,12.4409,12.3969,12.4150,12.3709,12.3977,12.6854,12.4335,12.3765,12.3117,12.3820,12.3635,12.3075,12.4681,12.5805,12.4277,12.2878,12.3356,12.3018,12.3603"
EP00596,C1_variability,17,RATE_LOSS,"1.2411,0.5254,0.6589,0.6331,0.2454,0.2313,0.0000,0.1872,0.2258,0.0914,0.0372,0.3093,1.4675,3.7020,6.1808,9.8949,15.1244,20.7333,25.3865,27.1993,27.3844,27.3881,27.3554,27.4183,27.3919,27.4028,27.3763,27.3924,27.5654,27.4139,27.3796,27.3407,27.3830,27.3719,27.3382,27.4347,27.5023,27.4104,27.3263,27.3551,27.3348,27.3699"
EP00596,C2_covariance,17,RATE_LOSS,"1.7395,2.1556,1.7960,1.1892,0.8018,0.3239,0.0688,0.6453,0.8800,1.1204,1.1726,1.0323,1.0080,0.6014,0.1642,1.6776,0.7837,0.4115,0.6754,1.0499,0.9378,1.0181,1.0127,1.0247,0.9325,0.9570,0.6086,0.2673,0.5285,1.4465,1.1817,1.8736,1.6438,1.0943,1.3518,2.0355,1.8659,1.9482,2.7243,3.6339,4.9552,3.8977"
EP00596,C3_both,17,RATE_LOSS,"1.7395,2.1556,1.7960,1.1892,0.8018,0.3239,0.0688,0.6453,0.8800,1.1204,1.1726,1.0323,1.4675,3.7020,6.1808,9.8949,15.1244,20.7333,25.3865,27.1993,27.3844,27.3881,27.3554,27.4183,27.3919,27.4028,27.3763,27.3924,27.5654,27.4139,27.3796,27.3407,27.3830,27.3719,27.3382,27.4347,27.5023,27.4104,27.3263,27.3551,27.3348,27.3699"
EP00597,C1_variability,18,RATE_LOSS,"1.3014,0.6087,0.7485,0.5875,0.2665,0.1799,0.0512,0.1359,0.1744,0.1424,0.0884,0.0713,0.1436,0.2420,0.2386,0.5710,0.6928,1.0000,1.6071,2.0083,2.4818,2.9231,3.3217,3.8937,4.2368,4.5210,4.6469,4.7891,5.1767,4.8741,4.8056,4.7278,4.8123,4.7900,4.7227,4.9156,5.0507,4.8671,4.6991,4.7565,4.7159,4.7862"
EP00597,C2_covariance,18,RATE_LOSS,"5.8849,6.0575,5.6134,5.2313,3.4990,3.0834,2.8642,1.0284,0.2812,0.4844,0.6507,0.2812,0.4819,0.4466,0.3760,0.4128,0.4907,0.4390,0.3335,0.3069,0.1285,0.3153,0.4494,0.1465,0.5525,0.8519,1.1297,2.4276,2.9963,4.1366,4.7104,5.5894,5.1162,4.2457,4.3210,5.7843,5.8173,6.0600,7.4506,8.8227,11.2454,9.3446"
EP00597,C3_both,18,RATE_LOSS,"5.8849,6.0575,5.6134,5.2313,3.4990,3.0834,2.8642,1.0284,0.2812,0.4844,0.6507,0.2812,0.4819,0.4466,0.3760,0.5710,0.6928,1.0000,1.6071,2.0083,2.4818,2.9231,3.3217,3.8937,4.2368,4.5210,4.6469,4.7891,5.1767,4.8741,4.8056,5.5894,5.1162,4.7900,4.7227,5.7843,5.8173,6.0600,7.4506,8.8227,11.2454,9.3446"
EP00598,C1_variability,16,RATE_LOSS,"0.9907,0.4379,0.5396,0.3791,0.1940,0.1799,0.0512,0.1359,0.1744,0.1424,0.1291,0.2893,0.4398,1.2476,1.7938,2.7158,3.7188,4.7336,6.0610,7.0532,8.1080,9.1262,10.0355,10.9951,11.6728,12.1082,12.2830,12.3592,12.6472,12.3951,12.3380,12.2732,12.3435,12.3250,12.2690,12.4297,12.5422,12.3893,12.2492,12.2971,12.2633,12.3218"
EP00598,C2_covariance,16,RATE_LOSS,"5.0539,5.7927,5.0611,3.9088,2.5366,1.6787,1.2192,0.2062,0.2062,0.6286,0.7204,0.4996,0.6137,0.5601,0.4726,0.4994,0.5598,0.5463,0.5698,0.5441,0.2313,0.2944,0.2404,0.3629,0.7463,0.9590,0.5156,1.4431,1.8997,3.7267,3.4056,5.0093,4.5158,3.2638,3.7423,5.4420,5.5030,5.7137,7.3259,8.8548,11.4679,9.4046"
EP00598,C3_both,16,RATE_LOSS,"5.0539,5.7927,5.0611,3.9088,2.5366,1.6787,1.2192,0.2062,0.2062,0.6286,0.7204,0.4996,0.6137,1.2476,1.7938,2.7158,3.7188,4.7336,6.0610,7.0532,8.1080,9.1262,10.0355,10.9951,11.6728,12.1082,12.2830,12.3592,12.6472,12.3951,12.3380,12.2732,12.3435,12.3250,12.2690,12.4297,12.5422,12.3893,12.2492,12.2971,12.2633,12.3218"
EP00599,C1_variability,20,RATE_LOSS,"1.0390,0.5198,0.6822,0.5174,0.2180,0.2040,0.0272,0.1599,0.1985,0.1186,0.0645,0.0474,0.1916,0.1012,0.1847,0.3543,1.0390,2.2824,4.3015,6.2584,8.7730,11.2833,13.8875,16.7702,19.7505,22.1473,24.0787,25.6712,27.0403,27.3712,27.3920,27.3531,27.3953,27.3842,27.3505,27.4470,27.5146,27.4227,27.3387,27.3674,27.3471,27.3822"
EP00599,C2_covariance,20,RATE_LOSS,"6.0777,6.6502,5.9168,5.4218,3.6835,3.2665,3.0466,1.2045,0.4547,0.3135,0.4805,0.1097,0.3133,0.2880,0.2329,0.2058,0.1378,0.1357,0.1233,0.1097,0.9857,1.2743,1.8868,1.6615,1.1668,0.9416,1.8509,2.9603,3.1714,4.3062,4.8991,5.7812,5.3064,4.4328,4.5084,6.2971,6.5615,6.7902,8.4299,9.8517,12.4155,10.3641"
EP00599,C3_both,20,RATE_LOSS,"6.0777,6.6502,5.9168,5.4218,3.6835,3.2665,3.0466,1.2045,0.4547,0.3135,0.4805,0.1097,0.3133,0.2880,0.2329,0.3543,1.0390,2.2824,4.3015,6.2584,8.7730,11.2833,13.8875,16.7702,19.7505,22.1473,24.0787,25.6712,27.0403,27.3712,27.3920,27.3531,27.3953,27.3842,27.3505,27.4470,27.5146,27.4227,27.3387,27.3674,27.3471,27.3822"
EP00600,C1_variability,23,RATE_LOSS,"1.1342,0.3939,0.5638,0.3995,0.1274,0.1133,0.1174,0.0693,0.1079,0.2086,0.1546,0.1376,0.1010,0.1913,0.3785,0.2785,0.2532,0.2416,0.0877,0.3331,0.2080,0.5101,1.0939,1.1886,1.6340,1.9977,1.4612,1.7388,2.3719,2.4123,2.4669,2.6159,2.9401,3.1690,3.3294,3.7853,4.1621,4.2203,4.2712,4.5240,4.6103,4.7828"
EP00600,C2_covariance,23,RATE_LOSS,"6.2263,6.9475,6.2124,5.3639,3.6275,3.2109,2.9912,1.1510,0.5688,0.3654,0.5322,0.1618,0.3652,0.3399,0.2919,0.3426,0.4302,0.3453,0.1522,0.1392,0.2403,0.3041,0.3983,0.0477,0.4487,0.8133,1.2432,2.5240,3.0870,4.4419,4.8020,6.0136,5.5289,4.4042,4.8059,6.5652,6.9321,7.1814,8.8866,10.2534,12.8047,10.7346"
EP00600,C3_both,23,RATE_LOSS,"6.2263,6.9475,6.2124,5.3639,3.6275,3.2109,2.9912,1.1510,0.5688,0.3654,0.5322,0.1618,0.3652,0.3399,0.3785,0.3426,0.4302,0.3453,0.1522,0.3331,0.2403,0.5101,1.0939,1.1886,1.6340,1.9977,1.4612,2.5240,3.0870,4.4419,4.8020,6.0136,5.5289,4.4042,4.8059,6.5652,6.9321,7.1814,8.8866,10.2534,12.8047,10.7346"
EP00601,C1_variability,20,RATE_LOSS,"0.9907,0.5764,0.7392,0.5809,0.2525,0.1621,0.0689,0.1181,0.1566,0.1601,0.1061,0.0891,0.1497,0.1428,0.1679,0.1676,0.1046,0.2386,0.7102,1.0813,1.6134,2.1371,2.6231,3.3230,3.8833,4.4428,4.9183,5.5010,6.4397,6.6926,7.1884,7.6378,8.2515,8.8021,9.2627,10.0183,10.6790,11.0552,11.3661,11.8084,12.0209,12.2623"
EP00601,C2_covariance,20,RATE_LOSS,"6.2180,6.6939,5.9576,5.5604,3.8178,3.3998,3.1793,1.3326,0.5809,0.1892,0.3566,0.0151,0.1890,0.1637,0.1146,0.1550,0.2253,0.1821,0.0492,0.0151,0.4351,0.3920,0.4862,0.1648,0.4962,1.0886,1.4035,2.6829,3.2364,4.3320,4.9523,5.9278,5.5498,4.6606,4.7628,6.2150,6.3957,6.6546,8.4129,9.8785,12.5256,10.4066"
EP00601,C3_both,20,RATE_LOSS,"6.2180,6.6939,5.9576,5.5604,3.8178,3.3998,3.1793,1.3326,0.5809,0.1892,0.3566,0.0891,0.1890,0.1637,0.1679,0.1676,0.2253,0.2386,0.7102,1.0813,1.6134,2.1371,2.6231,3.3230,3.8833,4.4428,4.9183,5.5010,6.4397,6.6926,7.1884,7.6378,8.2515,8.8021,9.2627,10.0183,10.6790,11.0552,11.3661,11.8084,12.5256,12.2623"
EP00602,C1_variability,13,RATE_LOSS,"0.7012,0.4004,0.5475,0.4402,0.1427,0.1286,0.1022,0.0777,0.0046,0.6365,1.0314,1.5352,2.0961,3.2493,4.0331,5.0241,5.9200,6.8162,8.0017,8.8824,9.8233,10.7347,11.6502,12.7570,13.7985,14.7613,15.6484,16.6388,17.9459,18.6914,19.6302,20.4971,21.4913,22.4797,23.3558,24.4878,25.4526,26.1091,26.6143,27.1003,27.3045,27.4162"
EP00602,C2_covariance,13,RATE_LOSS,"0.7834,1.5302,0.7809,0.5807,0.1557,0.0538,0.0000,0.4501,0.6290,0.8254,0.8665,0.7535,0.8174,0.7871,0.7452,0.7683,0.7954,0.7889,0.7954,0.7843,0.6488,0.6800,0.6529,0.7010,0.6866,0.7018,0.4294,0.1188,0.0091,0.2581,0.4265,0.6985,0.6463,0.4339,0.4779,0.7138,0.8774,1.0506,3.0469,4.7266,7.3763,5.1862"
EP00602,C3_both,13,RATE_LOSS,"0.7834,1.5302,0.7809,0.5807,0.1557,0.1286,0.1022,0.4501,0.6290,0.8254,1.0314,1.5352,2.0961,3.2493,4.0331,5.0241,5.9200,6.8162,8.0017,8.8824,9.8233,10.7347,11.6502,12.7570,13.7985,14.7613,15.6484,16.6388,17.9459,18.6914,19.6302,20.4971,21.4913,22.4797,23.3558,24.4878,25.4526,26.1091,26.6143,27.1003,27.3045,27.4162"
EP00603,C1_variability,24,CHANNEL_DROPOUT,"0.8590,0.3443,0.5279,0.3646,0.0216,0.0076,0.2227,0.0363,0.0021,0.3137,0.2598,0.2428,0.0047,0.2964,0.2547,0.2322,0.2164,0.1380,0.0708,0.1543,0.2671,0.8425,1.0106,4.6108,11.9583,17.8092,19.4616,19.5658,19.5021,19.5185,19.5719,19.5217,19.5553,19.6169,19.3452,19.5852,19.6057,19.6507,19.5059,19.4510,19.5327,19.4201"
EP00603,C2_covariance,24,CHANNEL_DROPOUT,"6.3835,7.1060,6.3733,5.2788,3.6173,3.0301,2.8111,0.9772,0.7271,0.5341,0.7003,0.3311,0.5339,0.5087,0.4608,0.5114,0.5986,0.5093,0.3243,0.2986,0.1113,0.1742,0.0774,0.1340,0.3852,0.7895,2.4690,3.7560,4.2889,5.4949,6.0665,6.9807,6.6384,5.7352,5.8299,7.2293,7.5278,7.7441,9.3143,10.5693,13.0967,10.9684"
EP00603,C3_both,24,CHANNEL_DROPOUT,"6.3835,7.1060,6.3733,5.2788,3.6173,3.0301,2.8111,0.9772,0.7271,0.5341,0.7003,0.3311,0.5339,0.5087,0.4608,0.5114,0.5986,0.5093,0.3243,0.2986,0.2671,0.8425,1.0106,4.6108,11.9583,17.8092,19.4616,19.5658,19.5021,19.5185,19.5719,19.5217,19.5553,19.6169,19.3452,19.5852,19.6057,19.6507,19.5059,19.4510,19.5327,19.4201"
EP00604,C1_variability,20,CHANNEL_DROPOUT,"1.1862,0.4132,0.6242,0.3832,0.0229,0.0089,0.2214,0.0350,0.0034,0.3124,0.2585,0.2415,0.0034,0.2951,0.2608,0.6801,0.6305,1.2336,1.5673,2.1061,26.8748,34.9146,46.6132,39.3389,39.2582,39.2799,39.2039,39.3728,39.0621,39.2563,39.4625,39.4628,39.4886,39.4747,39.3959,39.5149,39.3605,39.4174,39.5153,39.4042,39.2432,39.4003"
EP00604,C2_covariance,20,CHANNEL_DROPOUT,"5.0658,5.8079,5.0741,3.9095,2.5901,1.7410,0.7732,0.0235,0.3478,0.6801,0.7523,0.5919,0.6800,0.6690,0.6609,0.5483,0.3534,0.0235,0.3147,0.5491,1.1710,2.2238,4.3197,5.1464,5.2733,5.2342,5.7587,6.5366,6.8958,7.3470,7.4750,7.9416,7.7761,7.2998,7.2555,7.9032,8.0399,8.1133,8.4815,11.0424,13.4998,11.7316"
EP00604,C3_both,20,CHANNEL_DROPOUT,"5.0658,5.8079,5.0741,3.9095,2.5901,1.7410,0.7732,0.0350,0.3478,0.6801,0.7523,0.5919,0.6800,0.6690,0.6609,0.6801,0.6305,1.2336,1.5673,2.1061,26.8748,34.9146,46.6132,39.3389,39.2582,39.2799,39.2039,39.3728,39.0621,39.2563,39.4625,39.4628,39.4886,39.4747,39.3959,39.5149,39.3605,39.4174,39.5153,39.4042,39.2432,39.4003"
EP00605,C1_variability,23,CHANNEL_DROPOUT,"1.3865,0.3909,0.5443,0.3548,0.0238,0.0097,0.2206,0.0342,0.0043,0.3115,0.2576,0.2406,0.1917,0.2942,0.2954,0.2956,0.1989,0.2202,0.7838,1.8463,2.8276,3.9823,15.3467,62.6507,120.4751,59.8958,59.8958,59.8958,59.8958,59.8958,59.8958,59.8958,59.8958,59.8958,59.8958,59.8958,59.8958,59.8958,59.8958,59.8958,59.8958,59.8958"
EP00605,C2_covariance,23,CHANNEL_DROPOUT,"2.2264,2.5674,2.2313,1.6882,1.0739,0.8255,0.7374,0.0000,0.3001,0.6077,0.6745,0.5261,0.6076,0.5974,0.5782,0.5985,0.6336,0.6756,0.4157,0.3469,2.8559,4.7294,6.3067,9.4184,11.7469,15.3380,15.5463,15.8868,16.1875,16.4563,16.7255,16.9156,16.8616,16.6732,16.4316,16.8798,16.8364,16.7133,16.9642,17.6546,18.3385,17.7285"
EP00605,C3_both,23,CHANNEL_DROPOUT,"2.2264,2.5674,2.2313,1.6882,1.0739,0.8255,0.7374,0.0342,0.3001,0.6077,0.6745,0.5261,0.6076,0.5974,0.5782,0.5985,0.6336,0.6756,0.7838,1.8463,2.8559,4.7294,15.3467,62.6507,120.4751,59.8958,59.8958,59.8958,59.8958,59.8958,59.8958,59.8958,59.8958,59.8958,59.8958,59.8958,59.8958,59.8958,59.8958,59.8958,59.8958,59.8958"
EP00606,C1_variability,22,CHANNEL_DROPOUT,"1.1458,0.4114,0.5800,0.4222,0.0721,0.0155,0.2148,0.0284,0.0100,0.3058,0.2519,0.2349,0.1618,0.2885,0.2618,0.2281,0.1582,0.1499,0.1141,0.6822,0.3945,1.0000,4.4756,8.6834,9.3692,9.6607,9.9768,9.9840,17.2528,21.4730,29.4542,29.4342,29.3622,29.5022,29.4825,29.5855,29.7280,29.9259,29.8275,29.7208,29.5859,29.4032"
EP00606,C2_covariance,22,CHANNEL_DROPOUT,"6.2886,7.0177,6.2778,5.5440,3.8019,3.3839,3.1636,1.3173,0.5659,0.2040,0.3713,0.0019,0.2038,0.1784,0.1302,0.1811,0.2951,0.2247,0.0824,0.0651,0.2710,0.0003,0.2270,0.4385,1.1014,1.1535,2.3504,3.5115,3.5772,5.2421,6.0736,6.9090,6.3177,5.5018,5.4821,7.0032,6.9251,7.0872,8.2263,9.7278,12.5633,10.4922"
EP00606,C3_both,22,CHANNEL_DROPOUT,"6.2886,7.0177,6.2778,5.5440,3.8019,3.3839,3.1636,1.3173,0.5659,0.3058,0.3713,0.2349,0.2038,0.2885,0.2618,0.2281,0.2951,0.2247,0.1141,0.6822,0.3945,1.0000,4.4756,8.6834,9.3692,9.6607,9.9768,9.9840,17.2528,21.4730,29.4542,29.4342,29.3622,29.5022,29.4825,29.5855,29.7280,29.9259,29.8275,29.7208,29.5859,29.4032"
EP00607,C1_variability,26,CHANNEL_DROPOUT,"0.8979,0.5072,0.4823,0.4359,0.0168,0.1065,0.2275,0.0412,0.1872,0.3185,0.2646,0.2476,0.0096,0.3012,0.2231,0.1194,0.0780,0.2773,0.0436,0.0743,0.0366,0.4265,0.5376,0.6316,0.7454,0.9034,7.4759,17.0295,23.8724,28.7861,43.6802,46.9556,41.7169,52.0410,50.3394,50.4200,50.0114,50.2761,50.4318,50.2052,50.2487,49.8560"
EP00607,C2_covariance,26,CHANNEL_DROPOUT,"6.2507,6.9641,6.2294,5.5140,3.7728,3.3551,3.1349,1.2896,0.8114,0.2309,0.3981,0.0267,0.2307,0.2053,0.1571,0.2080,0.2958,0.2060,0.0019,0.0019,0.3371,0.3020,0.4536,0.0340,0.4007,0.7541,2.5947,5.4016,6.3373,8.7263,11.6197,13.7565,15.4359,15.5241,15.9237,17.1679,17.4413,17.7260,18.7846,20.0080,21.6787,20.4436"
EP00607,C3_both,26,CHANNEL_DROPOUT,"6.2507,6.9641,6.2294,5.5140,3.7728,3.3551,3.1349,1.2896,0.8114,0.3185,0.3981,0.2476,0.2307,0.3012,0.2231,0.2080,0.2958,0.2773,0.0436,0.0743,0.3371,0.4265,0.5376,0.6316,0.7454,0.9034,7.4759,17.0295,23.8724,28.7861,43.6802,46.9556,41.7169,52.0410,50.3394,50.4200,50.0114,50.2761,50.4318,50.2052,50.2487,49.8560"
EP00608,C1_variability,19,CHANNEL_DROPOUT,"1.1350,0.4761,0.6545,0.5374,0.1581,0.0123,0.2180,0.0316,0.0069,0.3089,0.2551,0.2381,0.0000,0.2751,0.0492,0.1436,0.4600,0.9120,5.0699,20.8234,39.5432,30.9093,39.5524,29.1667,34.3750,41.1458,69.1185,53.1250,58.3333,59.8958,59.8958,59.8958,59.8958,59.8958,59.8958,59.8958,59.8958,59.8958,59.8958,59.8958,59.8958,59.8958"
EP00608,C2_covariance,19,CHANNEL_DROPOUT,"5.4137,6.1550,5.4121,4.2818,2.7354,1.8990,1.3349,0.2333,0.2151,0.6745,0.7743,0.5526,0.6744,0.6387,0.5837,0.4835,0.3477,0.1807,0.8249,2.1942,4.1971,5.3096,7.2751,8.6499,10.0644,13.3710,17.0494,21.0289,23.6539,25.4972,25.5293,26.3196,26.0560,26.0663,25.8988,26.6807,27.0498,27.2346,27.7707,28.4770,28.6408,28.0883"
EP00608,C3_both,19,CHANNEL_DROPOUT,"5.4137,6.1550,5.4121,4.2818,2.7354,1.8990,1.3349,0.2333,0.2151,0.6745,0.7743,0.5526,0.6744,0.6387,0.5837,0.4835,0.4600,0.9120,5.0699,20.8234,39.5432,30.9093,39.5524,29.1667,34.3750,41.1458,69.1185,53.1250,58.3333,59.8958,59.8958,59.8958,59.8958,59.8958,59.8958,59.8958,59.8958,59.8958,59.8958,59.8958,59.8958,59.8958"
EP00609,C1_variability,18,CHANNEL_DROPOUT,"1.3966,0.6001,0.7385,0.5794,0.2662,0.1486,0.1520,0.0346,0.0731,0.2431,0.1891,0.1721,0.0663,0.2258,0.1881,0.3998,0.1917,0.4817,0.7743,7.9839,8.0628,8.5239,8.3800,10.0699,10.0277,10.7371,10.5203,9.9978,9.8012,9.1618,9.1469,10.0675,9.9193,10.2087,10.4518,11.6684,14.9006,14.9918,15.3081,15.4229,15.6572,17.1393"
EP00609,C2_covariance,18,CHANNEL_DROPOUT,"5.8849,6.0575,5.6134,5.2313,3.4990,3.0834,2.8642,1.0284,0.2812,0.4844,0.6507,0.2812,0.4842,0.4589,0.4215,0.4797,0.5634,0.4943,0.3197,0.1108,0.2943,0.4083,0.5912,0.2435,0.5832,0.5225,1.6240,2.8783,3.3895,4.9380,5.5725,6.5730,6.0307,5.1357,5.1839,6.8017,7.0158,7.2534,8.3788,9.8924,11.1830,9.5013"
EP00609,C3_both,18,CHANNEL_DROPOUT,"5.8849,6.0575,5.6134,5.2313,3.4990,3.0834,2.8642,1.0284,0.2812,0.4844,0.6507,0.2812,0.4842,0.4589,0.4215,0.4797,0.5634,0.4943,0.7743,7.9839,8.0628,8.5239,8.3800,10.0699,10.0277,10.7371,10.5203,9.9978,9.8012,9.1618,9.1469,10.0675,9.9193,10.2087,10.4518,11.6684,14.9006,14.9918,15.3081,15.4229,15.6572,17.1393"
EP00610,C1_variability,17,CHANNEL_DROPOUT,"0.9701,0.4233,0.5256,0.4961,0.1179,0.0661,0.1645,0.0221,0.0606,0.2556,0.2016,0.1846,0.0537,0.2303,0.2488,0.8052,0.4828,0.9223,0.8444,6.8127,12.0222,11.5753,9.7688,12.9126,14.2972,20.4505,19.2888,22.4474,22.5383,32.1305,33.9326,32.4986,33.2449,27.9999,26.5683,25.1773,25.0329,33.2390,38.1616,36.9955,38.0470,36.0034"
EP00610,C2_covariance,17,CHANNEL_DROPOUT,"4.6753,4.8193,4.4488,4.1300,2.6847,2.3379,2.1551,0.6234,0.0000,0.6387,0.7775,0.4692,0.6386,0.6446,0.5819,0.6127,0.6745,0.7007,0.4879,0.0718,0.7402,0.7371,1.0959,2.0846,2.5761,3.3909,4.3491,5.2890,5.5920,6.5450,7.6549,8.6513,8.3291,9.2735,9.4222,10.9010,11.0084,11.9944,13.7082,14.7793,16.3171,15.6176"
EP00610,C3_both,17,CHANNEL_DROPOUT,"4.6753,4.8193,4.4488,4.1300,2.6847,2.3379,2.1551,0.6234,0.0606,0.6387,0.7775,0.4692,0.6386,0.6446,0.5819,0.8052,0.6745,0.9223,0.8444,6.8127,12.0222,11.5753,9.7688,12.9126,14.2972,20.4505,19.2888,22.4474,22.5383,32.1305,33.9326,32.4986,33.2449,27.9999,26.5683,25.1773,25.0329,33.2390,38.1616,36.9955,38.0470,36.0034"
EP00611,C1_variability,16,CHANNEL_DROPOUT,"1.2373,0.3357,0.4307,0.4066,0.2424,0.0247,0.2057,0.0192,0.0192,0.2967,0.2423,0.2201,0.0946,0.1098,0.5692,1.1617,3.2270,8.8656,10.5678,16.2460,17.6529,24.0130,34.9791,47.9902,46.5269,46.3180,47.3371,49.7566,48.6047,46.5751,53.1083,59.8262,57.8938,62.1454,59.1692,59.4577,55.6446,122.4454,53.1250,55.8419,59.3184,58.8542"
EP00611,C2_covariance,16,CHANNEL_DROPOUT,"3.5865,4.1430,3.5964,2.7347,1.7381,1.3174,1.1985,0.2027,0.2027,0.6179,0.7074,0.4973,0.6416,0.5803,0.5230,0.4904,0.3083,0.1613,0.7812,1.1828,1.7988,2.6074,3.0352,3.2756,3.8501,4.2031,5.3554,6.3700,6.8748,8.1766,8.9480,10.3018,11.9005,12.6019,13.6919,15.3588,15.6218,17.7584,19.6139,20.8320,23.4289,22.6644"
EP00611,C3_both,16,CHANNEL_DROPOUT,"3.5865,4.1430,3.5964,2.7347,1.7381,1.3174,1.1985,0.2027,0.2027,0.6179,0.7074,0.4973,0.6416,0.5803,0.5692,1.1617,3.2270,8.8656,10.5678,16.2460,17.6529,24.0130,34.9791,47.9902,46.5269,46.3180,47.3371,49.7566,48.6047,46.5751,53.1083,59.8262,57.8938,62.1454,59.1692,59.4577,55.6446,122.4454,53.1250,55.8419,59.3184,58.8542"
EP00612,C1_variability,17,GAIN_DRIFT,"0.8243,0.4412,0.5439,0.3703,0.1427,0.1286,0.1022,0.0846,0.1231,0.1934,0.1394,0.1228,0.3744,1.5219,4.0479,6.6404,8.1993,10.6673,12.8522,14.1629,13.9648,14.4659,13.9917,15.0053,14.8617,14.2414,13.9165,14.3094,14.3754,14.4633,13.9159,13.6556,14.1583,13.3575,14.0999,14.4945,14.6501,14.8848,14.0176,14.4664,14.5749,15.3266"
EP00612,C2_covariance,17,GAIN_DRIFT,"5.5372,6.2664,5.5325,4.3865,2.9161,2.4207,2.2314,0.6455,0.0000,0.6613,0.8051,0.4848,0.6622,0.6745,0.6352,0.5395,0.5209,0.3931,0.3439,0.3499,0.0392,0.2781,0.4502,0.3356,0.6340,1.0918,0.7925,1.9455,2.4674,4.3738,4.0740,5.6829,5.2299,3.6499,4.1449,6.0259,6.4663,6.7103,8.4948,9.9322,12.6105,10.4864"
EP00612,C3_both,17,GAIN_DRIFT,"5.5372,6.2664,5.5325,4.3865,2.9161,2.4207,2.2314,0.6455,0.1231,0.6613,0.8051,0.4848,0.6622,1.5219,4.0479,6.6404,8.1993,10.6673,12.8522,14.1629,13.9648,14.4659,13.9917,15.0053,14.8617,14.2414,13.9165,14.3094,14.3754,14.4633,13.9159,13.6556,14.1583,13.3575,14.0999,14.4945,14.6501,14.8848,14.0176,14.4664,14.5749,15.3266"
EP00613,C1_variability,15,GAIN_DRIFT,"0.7819,0.6745,0.1228,0.0448,0.0195,0.0055,0.2248,0.1194,0.0000,0.2750,1.8055,4.7265,9.0008,13.5881,21.9798,32.0528,37.1560,42.5120,42.6363,42.6301,42.8081,42.8317,41.7271,42.7576,41.1075,40.1606,39.6656,39.8545,39.1152,38.4047,39.5687,39.7010,37.2463,40.4741,39.3261,38.5261,38.3348,40.1020,40.1896,40.1071,41.2030,40.5149"
EP00613,C2_covariance,15,GAIN_DRIFT,"2.0047,2.6125,2.0762,1.5842,0.9022,0.7386,0.6524,0.0703,0.3645,0.6745,0.7302,0.5141,0.4001,0.1854,0.0000,0.2933,0.4771,0.3808,0.3148,0.3701,0.2586,0.4169,0.3399,0.4333,0.5415,0.3039,0.3101,0.7239,0.9047,1.7100,1.6778,2.1891,1.9624,1.6587,1.9444,3.3069,3.6106,3.6610,4.9314,6.2920,8.0356,6.1673"
EP00613,C3_both,15,GAIN_DRIFT,"2.0047,2.6125,2.0762,1.5842,0.9022,0.7386,0.6524,0.1194,0.3645,0.6745,1.8055,4.7265,9.0008,13.5881,21.9798,32.0528,37.1560,42.5120,42.6363,42.6301,42.8081,42.8317,41.7271,42.7576,41.1075,40.1606,39.6656,39.8545,39.1152,38.4047,39.5687,39.7010,37.2463,40.4741,39.3261,38.5261,38.3348,40.1020,40.1896,40.1071,41.2030,40.5149"
EP00614,C1_variability,17,GAIN_DRIFT,"0.8471,0.4438,0.5232,0.3969,0.0140,0.0000,0.2303,0.0439,0.0055,0.3212,0.2673,0.2158,3.6882,7.6980,11.9808,15.8875,26.5973,51.8237,96.1737,113.2506,115.5416,115.5224,115.9339,116.9663,118.5237,120.6046,121.1674,120.3699,116.8532,119.1120,119.5347,118.3709,121.2144,118.9535,118.3723,118.2723,117.7240,116.3517,114.0122,114.0348,113.8512,113.0101"
EP00614,C2_covariance,17,GAIN_DRIFT,"0.8607,0.9864,0.8018,0.6745,0.2288,0.0624,0.0000,0.5231,0.7360,0.9542,1.0016,0.8986,0.9500,0.6457,0.2021,1.1654,1.2462,1.4906,0.2479,0.2307,0.1560,0.0809,0.0470,0.1556,0.2024,0.2816,0.0707,0.3234,0.5364,0.8648,1.1553,1.4679,1.2801,1.0411,1.0631,1.5677,1.5593,1.5521,1.8946,2.2657,2.5686,2.0299"
EP00614,C3_both,17,GAIN_DRIFT,"0.8607,0.9864,0.8018,0.6745,0.2288,0.0624,0.2303,0.5231,0.7360,0.9542,1.0016,0.8986,3.6882,7.6980,11.9808,15.8875,26.5973,51.8237,96.1737,113.2506,115.5416,115.5224,115.9339,116.9663,118.5237,120.6046,121.1674,120.3699,116.8532,119.1120,119.5347,118.3709,121.2144,118.9535,118.3723,118.2723,117.7240,116.3517,114.0122,114.0348,113.8512,113.0101"
EP00615,C1_variability,17,GAIN_DRIFT,"1.1685,0.4737,0.5826,0.4055,0.1427,0.1286,0.1022,0.0846,0.1231,0.1934,0.1394,0.1333,0.0745,0.3334,1.3191,2.6473,3.6324,6.0574,8.2345,10.8265,12.4479,12.9206,15.0709,15.7284,17.1367,17.3793,18.2511,18.4659,18.5528,18.1962,17.5291,18.4757,18.1406,17.4126,18.3715,18.1672,19.7659,20.0207,19.2093,20.6176,20.0536,20.0490"
EP00615,C2_covariance,17,GAIN_DRIFT,"4.4826,4.7473,4.2654,3.9597,2.5740,2.2416,2.0663,0.5977,0.0000,0.6124,0.7455,0.4476,0.6020,0.5810,0.5403,0.5850,0.6745,0.6097,0.4299,0.4179,0.0713,0.2804,0.4300,0.3403,0.6526,0.2521,0.7879,1.8559,2.3190,3.2428,3.6854,4.3885,3.9865,3.3129,3.4015,4.6866,4.8436,4.9724,6.2810,7.4459,9.5128,7.7048"
EP00615,C3_both,17,GAIN_DRIFT,"4.4826,4.7473,4.2654,3.9597,2.5740,2.2416,2.0663,0.5977,0.1231,0.6124,0.7455,0.4476,0.6020,0.5810,1.3191,2.6473,3.6324,6.0574,8.2345,10.8265,12.4479,12.9206,15.0709,15.7284,17.1367,17.3793,18.2511,18.4659,18.5528,18.1962,17.5291,18.4757,18.1406,17.4126,18.3715,18.1672,19.7659,20.0207,19.2093,20.6176,20.0536,20.0490"
EP00616,C1_variability,14,GAIN_DRIFT,"0.6412,0.2378,0.4133,0.2019,0.0380,0.0240,0.2064,0.0199,0.0451,0.4209,0.7402,2.2789,4.6576,6.7906,10.6395,14.5120,19.1930,22.3360,27.9128,32.2904,34.3032,36.8725,39.3977,40.0625,41.2006,41.5067,41.4954,43.6284,41.0401,42.8984,43.3054,42.4578,41.8027,41.4911,41.0068,42.7153,41.6014,42.5347,42.9921,42.8258,42.4854,43.8324"
EP00616,C2_covariance,14,GAIN_DRIFT,"3.2816,4.0626,3.2917,2.1047,0.7777,0.3175,0.2563,0.2563,0.4649,0.6805,0.7232,0.6354,0.6788,0.6701,0.6585,0.6812,0.6949,0.6713,0.6328,0.6417,0.5202,0.6821,0.5469,0.5426,0.5746,0.9234,0.2632,0.0507,0.2121,1.4206,1.7363,3.2972,3.1185,0.8920,1.0592,2.9535,3.5219,3.7640,5.7902,6.8104,8.6899,6.9717"
EP00616,C3_both,14,GAIN_DRIFT,"3.2816,4.0626,3.2917,2.1047,0.7777,0.3175,0.2563,0.2563,0.4649,0.6805,0.7402,2.2789,4.6576,6.7906,10.6395,14.5120,19.1930,22.3360,27.9128,32.2904,34.3032,36.8725,39.3977,40.0625,41.2006,41.5067,41.4954,43.6284,41.0401,42.8984,43.3054,42.4578,41.8027,41.4911,41.0068,42.7153,41.6014,42.5347,42.9921,42.8258,42.4854,43.8324"
EP00617,C1_variability,15,GAIN_DRIFT,"0.2619,0.1131,0.1283,0.0394,0.0140,0.1064,0.2303,0.0439,0.0055,0.3019,0.7796,2.9848,6.6250,11.3727,17.7828,26.4516,33.6981,43.2871,51.4987,62.5633,71.3888,81.2844,89.6516,98.7165,103.5175,108.2712,108.5083,107.0545,108.6802,105.4868,105.7481,105.3771,107.2099,108.0964,105.3604,104.6829,108.5486,106.2655,103.1571,106.5026,104.2505,109.1581"
EP00617,C2_covariance,15,GAIN_DRIFT,"4.2674,4.7995,4.2390,3.3410,2.2080,1.5919,0.9250,0.0000,0.2919,0.5912,0.6745,0.5268,0.6144,0.5468,0.3267,0.1829,0.0475,0.0767,0.2099,1.1657,2.8836,4.4890,5.8775,3.3928,1.4387,2.3586,3.1170,3.0891,3.4048,3.9493,3.6181,4.4254,3.7054,3.7702,3.9359,5.1917,6.1323,6.2421,7.7762,9.1685,10.5356,8.9779"
EP00617,C3_both,15,GAIN_DRIFT,"4.2674,4.7995,4.2390,3.3410,2.2080,1.5919,0.9250,0.0439,0.2919,0.5912,0.7796,2.9848,6.6250,11.3727,17.7828,26.4516,33.6981,43.2871,51.4987,62.5633,71.3888,81.2844,89.6516,98.7165,103.5175,108.2712,108.5083,107.0545,108.6802,105.4868,105.7481,105.3771,107.2099,108.0964,105.3604,104.6829,108.5486,106.2655,103.1571,106.5026,104.2505,109.1581"
EP00618,C1_variability,26,GAIN_DRIFT,"0.6825,0.4509,0.5740,0.4141,0.0392,0.0252,0.2052,0.0506,0.0197,0.2962,0.2423,0.2253,0.1042,0.2789,0.2741,0.1432,0.1430,0.2592,0.0661,0.0968,0.0507,0.3675,0.2097,0.7689,1.5896,2.1980,3.4611,4.2290,4.5207,5.2742,6.4156,7.4002,7.6763,8.1614,8.9737,9.8078,11.2815,11.3326,12.9066,13.0904,14.1756,14.4152"
EP00618,C2_covariance,26,GAIN_DRIFT,"6.6458,7.3430,6.6273,5.5608,3.8528,3.2374,3.0176,1.1765,0.8393,0.3407,0.5075,0.1369,0.3405,0.3152,0.2671,0.3179,0.4055,0.3158,0.1122,0.1084,0.2424,0.0118,0.0157,0.0308,0.2742,0.3455,1.2635,2.5207,3.1233,4.7731,4.8969,6.3969,5.9049,4.6542,5.1078,7.0101,7.4415,7.7743,9.4845,10.9614,13.4002,11.3439"
EP00618,C3_both,26,GAIN_DRIFT,"6.6458,7.3430,6.6273,5.5608,3.8528,3.2374,3.0176,1.1765,0.8393,0.3407,0.5075,0.2253,0.3405,0.3152,0.2741,0.3179,0.4055,0.3158,0.1122,0.1084,0.2424,0.3675,0.2097,0.7689,1.5896,2.1980,3.4611,4.2290,4.5207,5.2742,6.4156,7.4002,7.6763,8.1614,8.9737,9.8078,11.2815,11.3326,12.9066,13.0904,14.1756,14.4152"
EP00619,C1_variability,15,GAIN_DRIFT,"0.7052,0.4979,0.5415,0.3558,0.0717,0.0079,0.2248,0.0384,0.0000,0.3080,0.2243,0.1437,1.3636,2.2583,4.3661,5.8781,7.7427,9.1523,10.7802,12.6309,14.9443,18.2492,21.4203,21.7636,23.4560,24.9467,26.1861,26.9530,27.3648,29.7752,31.7187,33.9129,37.1620,39.2036,40.4519,41.1692,44.1196,44.5818,46.8693,49.0281,49.7778,49.7270"
EP00619,C2_covariance,15,GAIN_DRIFT,"2.8562,3.3103,2.8690,2.1584,1.4008,0.8743,0.7381,0.0000,0.3004,0.6080,0.6745,0.5253,0.6073,0.6020,0.5704,0.5821,0.6037,0.5857,0.5110,0.4964,0.3507,0.4521,0.4374,0.4310,0.3317,0.3586,0.0772,0.5992,0.8576,1.8674,2.0171,2.8253,2.5250,1.8043,2.0714,2.8787,2.5207,2.5206,3.5274,4.6115,6.1749,5.0078"
EP00619,C3_both,15,GAIN_DRIFT,"2.8562,3.3103,2.8690,2.1584,1.4008,0.8743,0.7381,0.0384,0.3004,0.6080,0.6745,0.5253,1.3636,2.2583,4.3661,5.8781,7.7427,9.1523,10.7802,12.6309,14.9443,18.2492,21.4203,21.7636,23.4560,24.9467,26.1861,26.9530,27.3648,29.7752,31.7187,33.9129,37.1620,39.2036,40.4519,41.1692,44.1196,44.5818,46.8693,49.0281,49.7778,49.7270"
EP00620,C1_variability,14,GAIN_DRIFT,"0.6575,0.3560,0.5343,0.3241,0.1350,0.1210,0.1098,0.0770,0.1116,0.2539,0.3102,1.6290,3.4017,6.1518,9.8168,14.0335,17.8279,20.6787,26.1227,28.2198,33.0996,37.1212,40.1329,43.4831,49.2342,51.3785,53.7606,57.0643,56.7304,64.7539,68.5021,73.9361,78.0768,83.1104,85.7272,88.3524,90.1680,88.8002,97.5648,98.3886,98.8534,98.9752"
EP00620,C2_covariance,14,GAIN_DRIFT,"3.0939,3.8856,3.1099,1.9259,0.6206,0.3201,0.2584,0.2584,0.4688,0.6906,0.7399,0.6542,0.6943,0.6584,0.6104,0.6194,0.6183,0.6199,0.6194,0.6044,0.3963,0.3902,0.3592,0.3581,0.3532,0.3454,0.0243,0.9205,1.4599,2.7478,2.8169,3.8590,3.4916,2.1537,2.7178,4.8506,5.6453,5.3177,7.6206,10.5562,12.9090,9.9627"
EP00620,C3_both,14,GAIN_DRIFT,"3.0939,3.8856,3.1099,1.9259,0.6206,0.3201,0.2584,0.2584,0.4688,0.6906,0.7399,1.6290,3.4017,6.1518,9.8168,14.0335,17.8279,20.6787,26.1227,28.2198,33.0996,37.1212,40.1329,43.4831,49.2342,51.3785,53.7606,57.0643,56.7304,64.7539,68.5021,73.9361,78.0768,83.1104,85.7272,88.3524,90.1680,88.8002,97.5648,98.3886,98.8534,98.9752"
EP00621,C1_variability,23,GEOMETRY_ROTATION,"1.2454,0.4302,0.4637,0.8506,0.1427,0.1286,0.1022,0.0846,0.1231,0.1934,0.1394,0.1224,0.1163,0.1761,0.3589,0.1966,0.2151,0.2255,1.6398,2.5519,4.7362,4.9783,5.1979,6.0022,6.5205,6.4013,5.9935,5.9893,6.4540,6.0284,5.9917,5.8485,5.9206,6.3940,6.3002,6.1658,7.2629,6.5651,6.8124,7.0063,6.3095,6.5859"
EP00621,C2_covariance,23,GEOMETRY_ROTATION,"5.7940,6.5265,5.7877,4.6745,3.0334,2.2374,1.4626,0.2232,0.5303,0.6746,0.7491,0.5836,0.6745,0.6632,0.6417,0.6644,0.7035,0.6511,0.2827,0.2413,0.4534,0.6589,1.2353,1.6805,2.1314,2.3018,2.6627,3.1902,3.3146,4.5680,5.0654,6.6659,6.1103,4.9485,5.3173,7.2880,7.1131,7.2272,8.6904,10.3169,12.4225,10.7653"
EP00621,C3_both,23,GEOMETRY_ROTATION,"5.7940,6.5265,5.7877,4.6745,3.0334,2.2374,1.4626,0.2232,0.5303,0.6746,0.7491,0.5836,0.6745,0.6632,0.6417,0.6644,0.7035,0.6511,1.6398,2.5519,4.7362,4.9783,5.1979,6.0022,6.5205,6.4013,5.9935,5.9893,6.4540,6.0284,5.9917,6.6659,6.1103,6.3940,6.3002,7.2880,7.2629,7.2272,8.6904,10.3169,12.4225,10.7653"
EP00622,C1_variability,19,GEOMETRY_ROTATION,"0.9071,0.2515,0.2673,0.2709,0.2454,0.2313,0.0000,0.1872,0.2258,0.0914,0.0372,0.0202,0.2189,1.4852,3.6927,5.1801,5.8575,6.7261,8.1479,9.2613,10.3808,9.9994,10.0235,10.0368,10.0344,10.0875,10.1246,10.7945,10.7279,10.4160,10.2848,10.1200,10.2048,10.1059,10.0495,10.2309,11.0335,11.1159,10.0691,10.0843,10.0645,10.0936"
EP00622,C2_covariance,19,GEOMETRY_ROTATION,"1.0627,1.7363,1.1775,0.5170,0.1000,0.0000,0.0527,0.4946,0.6745,0.8588,0.8988,0.8099,0.8587,0.8169,0.2906,0.4269,0.9392,1.4688,2.1536,2.5847,2.8840,2.8791,2.8617,2.8845,2.9060,2.9660,3.0828,3.2102,3.2745,3.4793,3.6014,3.7171,3.6609,3.5884,3.6260,3.8205,3.7797,3.7927,4.0421,4.3957,5.5912,4.7132"
EP00622,C3_both,19,GEOMETRY_ROTATION,"1.0627,1.7363,1.1775,0.5170,0.2454,0.2313,0.0527,0.4946,0.6745,0.8588,0.8988,0.8099,0.8587,1.4852,3.6927,5.1801,5.8575,6.7261,8.1479,9.2613,10.3808,9.9994,10.0235,10.0368,10.0344,10.0875,10.1246,10.7945,10.7279,10.4160,10.2848,10.1200,10.2048,10.1059,10.0495,10.2309,11.0335,11.1159,10.0691,10.0843,10.0645,10.0936"
EP00623,C1_variability,17,GEOMETRY_ROTATION,"0.9352,0.1177,0.1662,0.4040,0.2454,0.2313,0.0000,0.1872,0.2258,0.0914,0.0372,1.3168,3.0825,4.0801,4.9051,6.8682,10.3324,17.1606,29.5355,22.6942,23.1822,23.4840,23.7855,24.4998,24.2742,24.1278,22.1534,22.2199,22.5464,22.8464,22.2984,22.2386,22.6540,22.2096,22.1580,22.3633,22.4993,23.7923,23.6402,22.6474,23.0872,22.2046"
EP00623,C2_covariance,17,GEOMETRY_ROTATION,"0.9750,1.4523,1.0356,0.4567,0.0000,0.1096,0.1673,0.6513,0.8483,1.0501,1.0940,0.9116,0.0604,0.8051,3.5839,4.9119,3.3449,4.2920,4.3788,4.6046,4.7027,4.7174,4.6955,4.7180,4.7626,4.7413,4.7919,5.0443,5.0459,5.3320,5.3508,5.4270,5.2310,5.0768,5.0595,5.2388,5.2291,5.2865,5.4863,5.9766,6.3384,6.1107"
EP00623,C3_both,17,GEOMETRY_ROTATION,"0.9750,1.4523,1.0356,0.4567,0.2454,0.2313,0.1673,0.6513,0.8483,1.0501,1.0940,1.3168,3.0825,4.0801,4.9051,6.8682,10.3324,17.1606,29.5355,22.6942,23.1822,23.4840,23.7855,24.4998,24.2742,24.1278,22.1534,22.2199,22.5464,22.8464,22.2984,22.2386,22.6540,22.2096,22.1580,22.3633,22.4993,23.7923,23.6402,22.6474,23.0872,22.2046"
EP00624,C1_variability,15,GEOMETRY_ROTATION,"1.2086,0.6222,0.4452,0.2479,0.1427,0.1286,0.1022,0.0846,0.1231,0.1968,0.4443,0.9507,1.4596,2.5298,2.9821,4.3676,5.1410,5.0605,6.1509,7.0933,7.4542,6.7277,7.7563,7.2400,7.0475,6.9435,7.4907,7.2843,7.0643,7.9802,8.0015,8.8039,7.6911,8.5262,7.8160,8.5522,8.7616,8.5761,8.6327,8.0287,7.3355,7.5160"
EP00624,C2_covariance,15,GEOMETRY_ROTATION,"3.9646,4.6195,3.9573,2.9121,1.7061,0.9425,0.7386,0.0000,0.3006,0.6087,0.6745,0.5184,0.5612,0.4727,0.3411,0.0799,0.1958,0.4668,0.8908,1.1058,1.4530,1.5077,1.6587,1.7705,2.0472,2.1945,2.6212,3.0795,3.2085,3.5819,3.8471,4.4003,3.9464,3.6660,3.6676,4.5454,4.0897,4.2106,5.5602,7.4343,9.4868,7.9098"
EP00624,C3_both,15,GEOMETRY_ROTATION,"3.9646,4.6195,3.9573,2.9121,1.7061,0.9425,0.7386,0.0846,0.3006,0.6087,0.6745,0.9507,1.4596,2.5298,2.9821,4.3676,5.1410,5.0605,6.1509,7.0933,7.4542,6.7277,7.7563,7.2400,7.0475,6.9435,7.4907,7.2843,7.0643,7.9802,8.0015,8.8039,7.6911,8.5262,7.8160,8.5522,8.7616,8.5761,8.6327,8.0287,9.4868,7.9098"
EP00625,C1_variability,22,GEOMETRY_ROTATION,"1.6237,0.3738,0.3836,0.6007,0.1423,0.1282,0.1026,0.0842,0.1228,0.1938,0.1398,0.1227,0.1159,0.1764,0.1275,0.1126,0.1183,0.7890,1.8264,2.9393,4.3925,6.0602,6.5000,6.8507,8.6054,8.2707,8.1801,8.6077,9.2395,9.1270,9.2152,9.2129,9.3852,9.3005,9.1709,9.3773,9.5907,9.3129,9.1383,9.1586,9.1456,9.3655"
EP00625,C2_covariance,22,GEOMETRY_ROTATION,"5.1976,5.9602,5.2095,4.0851,2.5226,1.6755,1.1144,0.1430,0.3624,0.6574,0.7454,0.5499,0.6573,0.6439,0.6186,0.6454,0.6916,0.5840,0.1430,0.2064,0.8817,1.3192,2.1722,3.1331,4.2773,4.9703,5.9056,6.6551,7.1449,7.8758,8.2678,8.7128,8.5517,8.4246,8.4448,8.8574,9.0525,9.0359,9.3986,9.7948,11.6438,10.0055"
EP00625,C3_both,22,GEOMETRY_ROTATION,"5.1976,5.9602,5.2095,4.0851,2.5226,1.6755,1.1144,0.1430,0.3624,0.6574,0.7454,0.5499,0.6573,0.6439,0.6186,0.6454,0.6916,0.7890,1.8264,2.9393,4.3925,6.0602,6.5000,6.8507,8.6054,8.2707,8.1801,8.6077,9.2395,9.1270,9.2152,9.2129,9.3852,9.3005,9.1709,9.3773,9.5907,9.3129,9.3986,9.7948,11.6438,10.0055"
EP00626,C1_variability,16,GEOMETRY_ROTATION,"0.8938,0.0664,0.1578,0.2194,0.1940,0.1799,0.0512,0.1359,0.1744,0.1424,0.8233,2.1689,3.2772,4.7728,5.7820,7.4181,9.2853,9.6280,11.1966,12.4674,13.9632,15.5233,17.2340,19.3521,21.5859,22.8275,23.2094,23.1805,23.3377,23.1816,23.1679,23.1427,23.3002,23.3983,23.3514,23.4422,23.4279,23.2989,23.2599,23.1261,23.0326,23.0196"
EP00626,C2_covariance,16,GEOMETRY_ROTATION,"1.3258,2.0214,1.3394,0.5324,0.0570,0.0570,0.1172,0.6209,0.8260,1.0361,1.0694,0.8430,0.4204,0.1155,0.7428,1.3559,1.9035,2.3168,2.8369,3.2138,3.7388,4.0162,4.2713,4.3394,4.4728,4.6013,4.7626,4.9121,4.9992,5.2264,5.2877,5.3471,5.1234,5.0091,5.0925,5.3883,5.4065,5.4761,5.6498,5.8296,5.9737,5.8419"
EP00626,C3_both,16,GEOMETRY_ROTATION,"1.3258,2.0214,1.3394,0.5324,0.1940,0.1799,0.1172,0.6209,0.8260,1.0361,1.0694,2.1689,3.2772,4.7728,5.7820,7.4181,9.2853,9.6280,11.1966,12.4674,13.9632,15.5233,17.2340,19.3521,21.5859,22.8275,23.2094,23.1805,23.3377,23.1816,23.1679,23.1427,23.3002,23.3983,23.3514,23.4422,23.4279,23.2989,23.2599,23.1261,23.0326,23.0196"
EP00627,C1_variability,16,GEOMETRY_ROTATION,"1.2701,0.3767,0.5662,0.3510,0.1940,0.1799,0.0512,0.1359,0.1744,0.1435,0.1416,0.4019,1.2235,1.9206,2.5788,3.4475,3.3614,3.3156,3.4948,4.5792,4.5132,4.7937,5.5309,5.4556,5.5592,5.8839,5.9816,5.9997,5.9207,6.1489,6.6911,6.9465,6.9338,6.6137,6.6484,6.5472,6.8055,8.3240,7.6923,7.3737,7.7183,7.3377"
EP00627,C2_covariance,16,GEOMETRY_ROTATION,"4.3175,4.9473,4.3165,3.3226,2.1175,1.3908,1.2197,0.2062,0.2062,0.6289,0.7201,0.5181,0.6191,0.5942,0.5625,0.4918,0.4234,0.2832,0.0842,0.2492,0.6086,0.6335,0.8277,0.9636,1.3674,1.5779,2.2371,3.1075,3.6495,4.4023,4.8331,6.3355,5.6830,5.1340,5.3010,6.8415,6.3825,6.7748,7.5085,9.6224,11.4215,9.9649"
EP00627,C3_both,16,GEOMETRY_ROTATION,"4.3175,4.9473,4.3165,3.3226,2.1175,1.3908,1.2197,0.2062,0.2062,0.6289,0.7201,0.5181,1.2235,1.9206,2.5788,3.4475,3.3614,3.3156,3.4948,4.5792,4.5132,4.7937,5.5309,5.4556,5.5592,5.8839,5.9816,5.9997,5.9207,6.1489,6.6911,6.9465,6.9338,6.6137,6.6484,6.8415,6.8055,8.3240,7.6923,9.6224,11.4215,9.9649"
EP00628,C1_variability,20,GEOMETRY_ROTATION,"1.1804,0.2752,0.4656,0.4666,0.2122,0.1981,0.0330,0.1541,0.1926,0.1243,0.0703,0.0532,0.1858,0.1070,0.2262,0.8103,0.9902,1.9017,2.9580,4.4533,5.2988,5.9326,5.9287,7.1253,7.6236,8.4380,8.9364,9.0166,7.6832,8.2451,8.2354,9.5166,9.4805,12.0143,11.1058,9.3934,10.7206,10.5702,11.0233,9.6460,10.9837,9.5419"
EP00628,C2_covariance,20,GEOMETRY_ROTATION,"5.6728,6.4048,5.6674,4.5359,2.9688,2.1477,1.4980,0.3024,0.1842,0.6828,0.7912,0.5505,0.6827,0.6663,0.6347,0.6521,0.6209,0.4320,0.1842,0.6102,1.1815,1.5042,2.0269,2.6761,3.3610,3.8510,4.7770,5.8475,6.5920,7.6135,8.3029,9.0287,8.8588,8.7935,9.0956,9.9033,10.1819,10.5776,11.5196,12.4187,13.3465,12.4919"
EP00628,C3_both,20,GEOMETRY_ROTATION,"5.6728,6.4048,5.6674,4.5359,2.9688,2.1477,1.4980,0.3024,0.1926,0.6828,0.7912,0.5505,0.6827,0.6663,0.6347,0.8103,0.9902,1.9017,2.9580,4.4533,5.2988,5.9326,5.9287,7.1253,7.6236,8.4380,8.9364,9.0166,7.6832,8.2451,8.3029,9.5166,9.4805,12.0143,11.1058,9.9033,10.7206,10.5776,11.5196,12.4187,13.3465,12.4919"
EP00629,C1_variability,17,GEOMETRY_ROTATION,"1.3685,0.3829,0.5237,0.3363,0.2454,0.2313,0.0000,0.1872,0.2258,0.0914,0.0372,0.0206,1.1201,1.5792,2.8104,4.5797,5.6276,6.8555,8.1372,9.7366,9.6010,9.9878,10.0853,9.6234,10.4642,10.6914,11.2436,11.9556,12.9587,13.2370,13.9172,14.4506,15.3187,16.2347,17.1896,18.4463,19.7078,20.7553,21.4341,22.1727,22.5297,22.9094"
EP00629,C2_covariance,17,GEOMETRY_ROTATION,"4.5270,5.2773,4.5168,3.3606,1.8321,0.9660,0.5367,0.1601,0.4437,0.7342,0.7973,0.6571,0.7298,0.6745,0.4014,0.0000,0.5837,1.2896,2.2314,2.7719,3.3741,3.6669,3.9759,4.3673,4.8732,5.1995,5.5499,5.7625,6.1474,6.4603,6.8032,7.1934,7.3405,7.4838,7.6075,7.9842,8.2400,8.4619,8.9842,9.2264,9.8287,9.5227"
EP00629,C3_both,17,GEOMETRY_ROTATION,"4.5270,5.2773,4.5168,3.3606,1.8321,0.9660,0.5367,0.1872,0.4437,0.7342,0.7973,0.6571,1.1201,1.5792,2.8104,4.5797,5.6276,6.8555,8.1372,9.7366,9.6010,9.9878,10.0853,9.6234,10.4642,10.6914,11.2436,11.9556,12.9587,13.2370,13.9172,14.4506,15.3187,16.2347,17.1896,18.4463,19.7078,20.7553,21.4341,22.1727,22.5297,22.9094"
EP00630,C1_variability,23,NONE,"0.3364,0.1376,0.0350,0.0960,0.0993,0.0000,0.1112,0.0099,0.1033,0.0584,0.0016,0.1141,0.0096,0.1447,3.8609,3.5095,3.1689,3.0737,3.0917,2.9406,1.4466,1.1992,1.3489,1.5159,1.4822,0.8659,1.1701,1.2751,1.1319,1.3698,2.2793,1.6539,1.4182,1.0652,0.7055,0.8952,1.0666,0.6926,0.4343,0.3617,0.7549,0.4115,0.7118"
EP00630,C2_covariance,23,NONE,"0.4936,0.2598,0.0015,0.1086,0.1465,0.2483,0.3640,0.4972,0.5411,0.4339,0.4314,0.3199,0.0123,0.0561,1.3598,1.7542,1.8033,1.8666,1.9186,2.0347,1.6809,1.7773,1.9191,1.6817,1.9432,0.9875,1.4189,1.0141,0.9882,0.7398,0.3332,0.3705,0.3809,0.4264,0.7551,1.1067,1.0336,0.8067,0.5888,0.6831,0.6392,0.4051,0.0689"
EP00630,C3_both,23,NONE,"0.4936,0.2598,0.0350,0.1086,0.1465,0.2483,0.3640,0.4972,0.5411,0.4339,0.4314,0.3199,0.0123,0.1447,3.8609,3.5095,3.1689,3.0737,3.0917,2.9406,1.6809,1.7773,1.9191,1.6817,1.9432,0.9875,1.4189,1.2751,1.1319,1.3698,2.2793,1.6539,1.4182,1.0652,0.7551,1.1067,1.0666,0.8067,0.5888,0.6831,0.7549,0.4115,0.7118"
EP00631,C1_variability,22,RATE_LOSS,"0.3260,0.3508,0.0252,0.0863,0.0896,0.0097,0.1015,0.0002,0.0935,0.0556,0.0081,0.1044,0.0002,0.1544,3.8293,3.4750,3.1453,3.0930,3.1686,3.0280,1.5417,2.3414,3.2606,3.9347,3.9218,4.7856,4.5452,4.5278,4.5056,4.4789,4.5802,4.6778,4.7213,4.7061,4.6087,4.6486,4.5811,4.5576,4.6280,4.6656,4.7399,4.8159,4.7838"
EP00631,C2_covariance,22,RATE_LOSS,"0.4943,0.2605,0.0007,0.1079,0.1458,0.2475,0.3632,0.4965,0.5403,0.4331,0.4306,0.3192,0.1105,0.1643,1.3605,1.7549,1.8160,1.8651,1.9826,2.1697,1.7991,1.8551,2.0304,1.6778,1.9437,0.9883,1.5495,1.1478,1.1132,0.8635,0.3889,0.3712,0.3816,0.4272,0.7559,1.1075,1.0343,0.8075,0.5895,0.6839,0.6399,0.4058,0.0696"
EP00631,C3_both,22,RATE_LOSS,"0.4943,0.3508,0.0252,0.1079,0.1458,0.2475,0.3632,0.4965,0.5403,0.4331,0.4306,0.3192,0.1105,0.1643,3.8293,3.4750,3.1453,3.0930,3.1686,3.0280,1.7991,2.3414,3.2606,3.9347,3.9218,4.7856,4.5452,4.5278,4.5056,4.4789,4.5802,4.6778,4.7213,4.7061,4.6087,4.6486,4.5811,4.5576,4.6280,4.6656,4.7399,4.8159,4.7838"
EP00632,C1_variability,13,RATE_LOSS,"0.8178,0.0953,0.0692,0.0080,0.0047,0.1042,0.0072,0.0933,0.2942,1.0676,2.4403,4.4124,6.4838,8.5254,8.4508,9.5964,10.1637,10.1117,10.2376,10.3305,11.3983,11.5205,11.6167,11.7001,11.5294,12.2501,12.0495,12.0349,12.0164,11.9941,12.0786,12.1602,12.1965,12.1838,12.1025,12.1358,12.0794,12.0598,12.1186,12.1500,12.2120,12.2754,12.2486"
EP00632,C2_covariance,13,RATE_LOSS,"0.6420,0.4075,0.1455,0.1346,0.2476,0.1020,0.2181,0.3514,0.3680,0.1577,0.0622,0.3324,0.6590,0.7369,1.6628,1.8910,2.1264,2.8103,2.7650,2.7203,1.8328,1.9295,2.0718,1.8336,2.1195,1.6883,2.4691,2.0916,2.0135,1.7296,1.3777,1.2094,0.9490,0.7263,0.9043,1.2570,1.1836,0.9561,0.7375,0.8321,0.8223,0.6814,0.8184"
EP00632,C3_both,13,RATE_LOSS,"0.8178,0.4075,0.1455,0.1346,0.2476,0.1042,0.2181,0.3514,0.3680,1.0676,2.4403,4.4124,6.4838,8.5254,8.4508,9.5964,10.1637,10.1117,10.2376,10.3305,11.3983,11.5205,11.6167,11.7001,11.5294,12.2501,12.0495,12.0349,12.0164,11.9941,12.0786,12.1602,12.1965,12.1838,12.1025,12.1358,12.0794,12.0598,12.1186,12.1500,12.2120,12.2754,12.2486"
EP00633,C1_variability,22,RATE_LOSS,"0.4978,0.5297,0.0337,0.0541,0.0574,0.0420,0.0693,0.0321,0.0613,0.0070,0.0404,0.0721,0.0324,0.1868,3.7907,3.4207,3.1427,3.3092,3.6385,5.2074,11.0042,16.6550,22.4170,26.2322,26.9463,27.3782,27.2579,27.2492,27.2381,27.2248,27.2754,27.3243,27.3460,27.3384,27.2897,27.3097,27.2759,27.2641,27.2994,27.3182,27.3553,27.3934,27.3773"
EP00633,C2_covariance,22,RATE_LOSS,"0.4943,0.2605,0.0007,0.1079,0.1458,0.2475,0.3632,0.4965,0.5403,0.4331,0.4306,0.3192,0.1236,0.1837,1.3605,1.7549,1.9653,2.4051,4.0299,6.0834,6.4879,6.5997,5.6596,2.1437,1.9439,0.9883,1.5803,1.1931,1.1309,0.8775,0.4917,0.3712,0.3816,0.4272,0.7559,1.1075,1.0343,0.8075,0.5895,0.6839,0.6399,0.4058,0.0696"
EP00633,C3_both,22,RATE_LOSS,"0.4978,0.5297,0.0337,0.1079,0.1458,0.2475,0.3632,0.4965,0.5403,0.4331,0.4306,0.3192,0.1236,0.1868,3.7907,3.4207,3.1427,3.3092,4.0299,6.0834,11.0042,16.6550,22.4170,26.2322,26.9463,27.3782,27.2579,27.2492,27.2381,27.2248,27.2754,27.3243,27.3460,27.3384,27.2897,27.3097,27.2759,27.2641,27.2994,27.3182,27.3553,27.3934,27.3773"
EP00634,C1_variability,15,RATE_LOSS,"0.5055,0.2139,0.0612,0.1211,0.0033,0.0962,0.0152,0.0863,0.0072,0.0404,0.0766,0.2411,0.3574,0.4963,4.2310,3.8930,3.5741,3.5489,3.6339,3.5052,2.2254,2.7822,3.2430,3.6338,3.6270,4.6533,4.4645,4.4492,4.4270,4.4002,4.5016,4.5994,4.6430,4.6278,4.5302,4.5702,4.5026,4.4790,4.5496,4.5872,4.6617,4.7377,4.7056"
EP00634,C2_covariance,15,RATE_LOSS,"0.6420,0.4075,0.1455,0.0381,0.0955,0.1020,0.2181,0.3517,0.3957,0.2884,0.2896,0.5404,0.3972,0.4744,1.4896,1.8943,2.1101,2.6856,2.6651,2.6278,1.8629,1.9461,2.0967,1.8290,2.1118,1.5402,2.3092,1.9345,1.8503,1.5588,1.2047,1.0473,0.7800,0.5783,0.9043,1.2570,1.1836,0.9561,0.7375,0.8321,0.7880,0.5532,0.6570"
EP00634,C3_both,15,RATE_LOSS,"0.6420,0.4075,0.1455,0.1211,0.0955,0.1020,0.2181,0.3517,0.3957,0.2884,0.2896,0.5404,0.3972,0.4963,4.2310,3.8930,3.5741,3.5489,3.6339,3.5052,2.2254,2.7822,3.2430,3.6338,3.6270,4.6533,4.4645,4.4492,4.4270,4.4002,4.5016,4.5994,4.6430,4.6278,4.5302,4.5702,4.5026,4.4790,4.5496,4.5872,4.6617,4.7377,4.7056"
EP00635,C1_variability,27,RATE_LOSS,"0.0357,0.1024,0.0334,0.0944,0.0977,0.0016,0.1096,0.0083,0.1017,0.0474,0.0000,0.1125,0.0080,0.1463,3.7480,3.3634,3.0139,3.0754,2.9080,2.7843,1.3636,1.1490,1.0820,1.2300,1.2437,2.5464,3.7227,5.3143,7.1616,8.6350,9.9074,10.9398,11.7366,12.1334,12.1801,12.2133,12.1571,12.1375,12.1962,12.2275,12.2894,12.3527,12.3259"
EP00635,C2_covariance,27,RATE_LOSS,"0.0000,0.1705,0.3610,0.4391,0.4668,0.5410,0.6254,0.7225,0.7545,0.6763,0.6745,0.5932,0.3599,0.3711,0.6316,0.9192,0.9550,1.2037,1.1664,1.1238,0.8658,0.9335,1.0126,0.9015,1.2182,0.5395,0.8422,0.6928,0.0174,0.1175,0.0558,0.0152,0.0699,0.0407,0.1907,0.4471,0.3937,0.2283,0.0694,0.1382,0.1061,0.0646,0.3097"
EP00635,C3_both,27,RATE_LOSS,"0.0357,0.1705,0.3610,0.4391,0.4668,0.5410,0.6254,0.7225,0.7545,0.6763,0.6745,0.5932,0.3599,0.3711,3.7480,3.3634,3.0139,3.0754,2.9080,2.7843,1.3636,1.1490,1.0820,1.2300,1.2437,2.5464,3.7227,5.3143,7.1616,8.6350,9.9074,10.9398,11.7366,12.1334,12.1801,12.2133,12.1571,12.1375,12.1962,12.2275,12.2894,12.3527,12.3259"
EP00636,C1_variability,26,RATE_LOSS,"0.0862,0.0943,0.0252,0.0863,0.0896,0.0097,0.1015,0.0002,0.0935,0.0393,0.0081,0.1044,0.0002,0.1544,3.7670,3.3910,3.0434,3.0841,2.9454,2.7929,1.3717,0.9928,1.2452,1.4497,2.9495,6.3982,9.3292,12.7274,16.6577,19.8248,22.5270,24.7206,26.4103,27.2086,27.3044,27.3243,27.2906,27.2788,27.3140,27.3328,27.3700,27.4079,27.3919"
EP00636,C2_covariance,26,RATE_LOSS,"0.0880,0.0880,0.2847,0.3654,0.3940,0.4706,0.5577,0.6580,0.6910,0.6103,0.6084,0.5245,0.2836,0.2951,0.7402,1.0371,1.0741,1.3648,1.3242,1.2498,0.9820,1.0500,1.1364,1.1748,1.8056,1.6968,1.5467,1.7015,0.8762,0.9694,0.9048,0.6912,0.1832,0.0648,0.2849,0.5497,0.4946,0.3238,0.1597,0.2307,0.1976,0.0213,0.2318"
EP00636,C3_both,26,RATE_LOSS,"0.0880,0.0943,0.2847,0.3654,0.3940,0.4706,0.5577,0.6580,0.6910,0.6103,0.6084,0.5245,0.2836,0.2951,3.7670,3.3910,3.0434,3.0841,2.9454,2.7929,1.3717,1.0500,1.2452,1.4497,2.9495,6.3982,9.3292,12.7274,16.6577,19.8248,22.5270,24.7206,26.4103,27.2086,27.3044,27.3243,27.2906,27.2788,27.3140,27.3328,27.3700,27.4079,27.3919"
EP00637,C1_variability,16,RATE_LOSS,"0.3719,0.1471,0.0322,0.0901,0.0322,0.0672,0.0441,0.0573,0.0362,0.0182,0.0552,0.1009,0.0733,0.2512,4.1135,3.7688,3.4528,3.3816,3.4418,3.3015,1.7835,1.5596,1.6494,1.8032,1.7651,2.1503,2.0940,2.2652,2.4577,2.6182,2.9005,3.1830,3.4329,3.5954,3.6850,3.9246,4.0382,4.1754,4.3860,4.5154,4.6537,4.7611,4.7318"
EP00637,C2_covariance,16,RATE_LOSS,"0.6228,0.3884,0.1264,0.0190,0.0987,0.1210,0.2370,0.3706,0.4145,0.3071,0.3054,0.5136,0.3578,0.4340,1.4796,1.8786,1.9528,2.5399,2.5012,2.4609,1.8227,1.9131,2.0543,1.8131,2.1012,1.4679,2.1786,1.8218,1.6629,1.4309,1.0706,0.9330,0.6601,0.5598,0.8891,1.2412,1.1862,0.9488,0.7204,0.8185,0.7706,0.5334,0.5397"
EP00637,C3_both,16,RATE_LOSS,"0.6228,0.3884,0.1264,0.0901,0.0987,0.1210,0.2370,0.3706,0.4145,0.3071,0.3054,0.5136,0.3578,0.4340,4.1135,3.7688,3.4528,3.3816,3.4418,3.3015,1.8227,1.9131,2.0543,1.8131,2.1012,2.1503,2.1786,2.2652,2.4577,2.6182,2.9005,3.1830,3.4329,3.5954,3.6850,3.9246,4.0382,4.1754,4.3860,4.5154,4.6537,4.7611,4.7318"
EP00638,C1_variability,22,RATE_LOSS,"0.3352,0.3320,0.0294,0.0905,0.0937,0.0056,0.1056,0.0043,0.0977,0.0434,0.0040,0.1085,0.0040,0.1503,3.8593,3.5072,3.1713,3.0825,3.1317,2.9923,1.4486,1.1941,1.4005,1.8106,2.1611,3.7103,4.0679,4.6289,5.2671,5.8166,6.4553,7.1015,7.7682,8.2985,8.7873,9.4308,9.9417,10.5063,11.1156,11.5527,11.9371,12.2211,12.3030"
EP00638,C2_covariance,22,RATE_LOSS,"0.4943,0.2605,0.0007,0.1079,0.1458,0.2475,0.3632,0.4965,0.5403,0.4331,0.4306,0.3192,0.1116,0.1640,1.3605,1.7549,1.8090,1.8635,1.9291,2.0593,1.7161,1.8044,1.9458,1.6959,2.0368,1.0340,1.4708,1.1570,0.8337,0.7453,0.3453,0.4129,0.3950,0.4732,0.7949,1.1436,1.1393,0.8893,0.6365,0.7373,0.6620,0.4066,0.0690"
EP00638,C3_both,22,RATE_LOSS,"0.4943,0.3320,0.0294,0.1079,0.1458,0.2475,0.3632,0.4965,0.5403,0.4331,0.4306,0.3192,0.1116,0.1640,3.8593,3.5072,3.1713,3.0825,3.1317,2.9923,1.7161,1.8044,1.9458,1.8106,2.1611,3.7103,4.0679,4.6289,5.2671,5.8166,6.4553,7.1015,7.7682,8.2985,8.7873,9.4308,9.9417,10.5063,11.1156,11.5527,11.9371,12.2211,12.3030"
EP00639,C1_variability,25,RATE_LOSS,"0.2035,0.0944,0.0265,0.0865,0.0897,0.0096,0.1016,0.0003,0.0937,0.0394,0.0080,0.1045,0.0000,0.1543,3.8291,3.4585,3.1092,3.0839,3.0113,2.8540,1.3281,1.0981,1.3259,1.4883,2.1421,4.5972,5.8646,7.2990,8.9426,10.3642,11.8083,13.2717,14.8701,16.2258,17.6004,19.1491,20.5283,21.9843,23.5552,24.8031,25.8883,26.7129,27.1688"
EP00639,C2_covariance,25,RATE_LOSS,"0.2083,0.0000,0.2328,0.3282,0.3621,0.4527,0.5558,0.6745,0.7136,0.6181,0.6158,0.5165,0.2315,0.2451,0.9801,1.3315,1.3752,1.4316,1.4780,1.5823,1.2931,1.3852,1.4864,1.3500,1.7724,0.8919,1.1421,0.9827,0.2233,0.3469,0.2203,0.3607,0.3309,0.4885,0.7657,1.0868,1.2781,1.0819,0.7612,0.8885,0.6252,0.2144,0.1618"
EP00639,C3_both,25,RATE_LOSS,"0.2083,0.0944,0.2328,0.3282,0.3621,0.4527,0.5558,0.6745,0.7136,0.6181,0.6158,0.5165,0.2315,0.2451,3.8291,3.4585,3.1092,3.0839,3.0113,2.8540,1.3281,1.3852,1.4864,1.4883,2.1421,4.5972,5.8646,7.2990,8.9426,10.3642,11.8083,13.2717,14.8701,16.2258,17.6004,19.1491,20.5283,21.9843,23.5552,24.8031,25.8883,26.7129,27.1688"
EP00640,C1_variability,25,CHANNEL_DROPOUT,"0.2176,0.1450,0.0690,0.1300,0.1333,0.0340,0.1452,0.0439,0.1372,0.0830,0.0356,0.1480,0.0436,0.1105,3.8095,3.4399,3.0882,3.0376,2.9926,2.8240,1.3311,1.2150,1.1533,1.3048,4.4093,6.2304,14.4207,14.3878,14.1011,13.8938,13.7536,13.3162,13.0666,12.8552,13.1314,13.1342,13.1969,13.3498,13.4395,13.7293,13.6171,13.6718,13.4891"
EP00640,C2_covariance,25,CHANNEL_DROPOUT,"0.2083,0.0000,0.2328,0.3282,0.3621,0.4527,0.5558,0.6745,0.7136,0.6181,0.6158,0.5165,0.2315,0.2451,0.9801,1.3315,1.3752,1.4316,1.4780,1.5953,1.2901,1.3792,1.4480,1.3160,1.8219,1.6056,2.4076,2.2461,2.0625,1.8238,1.8381,1.9208,1.9469,1.9886,2.2201,2.5866,2.5781,2.2657,2.0530,2.1494,2.0986,1.9025,1.6248"
EP00640,C3_both,25,CHANNEL_DROPOUT,"0.2176,0.1450,0.2328,0.3282,0.3621,0.4527,0.5558,0.6745,0.7136,0.6181,0.6158,0.5165,0.2315,0.2451,3.8095,3.4399,3.0882,3.0376,2.9926,2.8240,1.3311,1.3792,1.4480,1.3160,4.4093,6.2304,14.4207,14.3878,14.1011,13.8938,13.7536,13.3162,13.0666,12.8552,13.1314,13.1342,13.1969,13.3498,13.4395,13.7293,13.6171,13.6718,13.4891"
EP00641,C1_variability,14,CHANNEL_DROPOUT,"0.4954,0.2048,0.0575,0.0911,0.0944,0.0049,0.1063,0.0049,0.0482,0.2259,0.4749,0.5425,0.9634,4.4346,26.3634,35.1396,29.7790,30.2083,30.2083,30.2083,30.2083,30.2083,30.2083,30.2083,30.2083,30.2083,30.2083,30.2083,30.2083,30.2083,30.2083,30.2083,30.2083,30.2083,30.2083,30.2083,30.2083,30.2083,30.2083,30.2083,30.2083,30.2083,30.2083"
EP00641,C2_covariance,14,CHANNEL_DROPOUT,"0.5505,0.3164,0.0549,0.0524,0.0903,0.1922,0.3080,0.4414,0.4970,0.2469,0.0524,0.5264,2.2067,2.2838,5.1671,9.3962,12.2272,13.5840,13.6968,13.9676,13.8882,13.9859,14.3149,14.3031,14.3223,14.1691,14.1357,13.9646,13.5659,13.3815,13.4612,13.6313,13.6972,13.5341,13.8312,14.1295,14.1025,13.8070,13.7553,13.6501,13.4384,13.1708,13.1429"
EP00641,C3_both,14,CHANNEL_DROPOUT,"0.5505,0.3164,0.0575,0.0911,0.0944,0.1922,0.3080,0.4414,0.4970,0.2469,0.4749,0.5425,2.2067,4.4346,26.3634,35.1396,29.7790,30.2083,30.2083,30.2083,30.2083,30.2083,30.2083,30.2083,30.2083,30.2083,30.2083,30.2083,30.2083,30.2083,30.2083,30.2083,30.2083,30.2083,30.2083,30.2083,30.2083,30.2083,30.2083,30.2083,30.2083,30.2083,30.2083"
EP00642,C1_variability,23,CHANNEL_DROPOUT,"0.4669,0.1222,0.0350,0.0960,0.0993,0.0000,0.1112,0.0099,0.1033,0.0490,0.0016,0.1141,0.0096,0.1447,3.7932,3.4351,3.1099,3.1629,3.5800,4.4374,4.0873,5.0582,9.3606,33.5523,192.9592,59.8958,59.8958,59.8958,59.8958,59.8958,59.8958,59.8958,59.8958,59.8958,59.8958,59.8958,59.8958,59.8958,59.8958,59.8958,59.8958,59.8958,59.8958"
EP00642,C2_covariance,23,CHANNEL_DROPOUT,"0.4936,0.2598,0.0015,0.1086,0.1465,0.2483,0.3640,0.4972,0.5411,0.4339,0.4314,0.3199,0.0000,0.0588,1.3598,1.7542,1.8033,1.8997,2.5370,4.5995,9.6283,14.6875,19.1852,25.7747,35.2832,41.6082,41.7554,42.0721,42.4694,42.1989,42.3225,42.5459,42.3353,41.9563,42.1726,42.7742,42.7512,42.3742,42.2342,42.4969,42.1349,41.5248,41.6883"
EP00642,C3_both,23,CHANNEL_DROPOUT,"0.4936,0.2598,0.0350,0.1086,0.1465,0.2483,0.3640,0.4972,0.5411,0.4339,0.4314,0.3199,0.0096,0.1447,3.7932,3.4351,3.1099,3.1629,3.5800,4.5995,9.6283,14.6875,19.1852,33.5523,192.9592,59.8958,59.8958,59.8958,59.8958,59.8958,59.8958,59.8958,59.8958,59.8958,59.8958,59.8958,59.8958,59.8958,59.8958,59.8958,59.8958,59.8958,59.8958"
EP00643,C1_variability,25,CHANNEL_DROPOUT,"0.1843,0.1379,0.0698,0.1300,0.1333,0.0340,0.1452,0.0439,0.1372,0.0830,0.0356,0.1480,0.0436,0.1105,3.8144,3.4409,3.0907,3.0376,2.9924,2.8296,1.3273,1.1400,1.2462,1.4200,1.3899,0.4998,3.9760,4.1514,4.6461,8.6322,10.9295,10.6112,13.1496,14.3172,13.8729,14.1834,14.3209,14.4892,14.3405,14.0328,14.2026,14.1900,14.1627"
EP00643,C2_covariance,25,CHANNEL_DROPOUT,"0.2083,0.0000,0.2328,0.3282,0.3621,0.4527,0.5558,0.6745,0.7136,0.6181,0.6158,0.5165,0.2315,0.2451,0.9801,1.3315,1.3752,1.4316,1.4780,1.5814,1.2842,1.3753,1.4939,1.2724,1.5188,0.6708,1.1170,0.7233,0.6454,0.6089,0.9848,0.9234,1.4927,1.6926,1.9652,2.4483,2.3875,2.1524,1.8970,2.0036,1.9495,1.6992,1.4199"
EP00643,C3_both,25,CHANNEL_DROPOUT,"0.2083,0.1379,0.2328,0.3282,0.3621,0.4527,0.5558,0.6745,0.7136,0.6181,0.6158,0.5165,0.2315,0.2451,3.8144,3.4409,3.0907,3.0376,2.9924,2.8296,1.3273,1.3753,1.4939,1.4200,1.5188,0.6708,3.9760,4.1514,4.6461,8.6322,10.9295,10.6112,13.1496,14.3172,13.8729,14.1834,14.3209,14.4892,14.3405,14.0328,14.2026,14.1900,14.1627"
EP00644,C1_variability,23,CHANNEL_DROPOUT,"0.3454,0.1121,0.0350,0.0960,0.0993,0.0000,0.1112,0.0099,0.1033,0.0490,0.0016,0.1141,0.0096,0.1447,3.8673,3.5102,3.1728,3.0958,3.0968,3.2208,2.0825,2.2932,4.2646,8.6310,20.1502,22.9456,34.5553,34.9597,33.9966,25.7971,29.2374,48.2700,48.1635,47.9697,48.1055,47.9494,47.9018,47.9173,48.2509,48.4775,48.2692,48.3727,48.3040"
EP00644,C2_covariance,23,CHANNEL_DROPOUT,"0.4936,0.2598,0.0015,0.1086,0.1465,0.2483,0.3640,0.4972,0.5411,0.4339,0.4314,0.3199,0.0361,0.0798,1.3598,1.7542,1.8033,1.8535,2.0308,2.2826,2.4517,2.9338,3.4513,3.3886,4.8296,4.2445,5.8951,6.9341,8.4201,8.5135,10.7223,12.6030,12.6612,12.8812,13.2089,13.5053,13.3458,13.3262,13.2792,13.1753,13.1600,12.9912,12.7876"
EP00644,C3_both,23,CHANNEL_DROPOUT,"0.4936,0.2598,0.0350,0.1086,0.1465,0.2483,0.3640,0.4972,0.5411,0.4339,0.4314,0.3199,0.0361,0.1447,3.8673,3.5102,3.1728,3.0958,3.0968,3.2208,2.4517,2.9338,4.2646,8.6310,20.1502,22.9456,34.5553,34.9597,33.9966,25.7971,29.2374,48.2700,48.1635,47.9697,48.1055,47.9494,47.9018,47.9173,48.2509,48.4775,48.2692,48.3727,48.3040"
EP00645,C1_variability,15,CHANNEL_DROPOUT,"0.8435,0.3360,0.0251,0.0862,0.0894,0.0099,0.1013,0.0000,0.0934,0.0264,0.1525,0.2374,0.6784,1.0548,4.2482,13.6301,37.4435,41.4927,43.7563,50.4920,50.3733,53.9780,54.7585,55.3364,61.7545,56.2500,59.3750,59.8958,59.8958,59.8958,59.8958,59.8958,59.8958,59.8958,59.8958,59.8958,59.8958,59.8958,59.8958,59.8958,59.8958,59.8958,59.8958"
EP00645,C2_covariance,15,CHANNEL_DROPOUT,"0.7456,0.5106,0.2480,0.1404,0.1022,0.0000,0.1163,0.2502,0.2942,0.2289,0.4060,0.6091,0.8446,1.6602,1.8714,4.2625,6.3275,8.3486,9.6515,12.7063,13.9133,18.1157,23.1147,27.8751,32.1555,36.9355,41.1000,41.8719,41.7148,41.4671,41.5681,41.4949,41.7676,41.9509,41.6945,42.1778,42.3196,42.1710,41.7791,42.1538,42.0192,41.7630,41.2637"
EP00645,C3_both,15,CHANNEL_DROPOUT,"0.8435,0.5106,0.2480,0.1404,0.1022,0.0099,0.1163,0.2502,0.2942,0.2289,0.4060,0.6091,0.8446,1.6602,4.2482,13.6301,37.4435,41.4927,43.7563,50.4920,50.3733,53.9780,54.7585,55.3364,61.7545,56.2500,59.3750,59.8958,59.8958,59.8958,59.8958,59.8958,59.8958,59.8958,59.8958,59.8958,59.8958,59.8958,59.8958,59.8958,59.8958,59.8958,59.8958"
EP00646,C1_variability,17,CHANNEL_DROPOUT,"0.3667,0.1364,0.0251,0.0862,0.0894,0.0099,0.1013,0.0000,0.0934,0.0391,0.0083,0.1042,0.0413,0.1546,4.0331,3.6817,3.3684,3.2386,3.2787,3.1202,1.6325,1.5051,1.4625,2.0410,2.1600,2.7251,2.9754,2.9021,3.7185,4.1110,4.1100,3.8164,3.6598,3.8903,4.0338,4.4910,4.6685,9.3978,12.5816,10.0899,9.9928,12.9387,12.9175"
EP00646,C2_covariance,17,CHANNEL_DROPOUT,"0.6035,0.3692,0.1074,0.0000,0.0905,0.1400,0.2559,0.3894,0.4334,0.3260,0.3235,0.4743,0.3158,0.3858,1.4716,1.8668,1.9160,2.3912,2.3523,2.3196,1.7545,1.8305,2.0026,1.9788,2.2245,1.7219,2.1475,1.7505,1.6955,1.4871,1.4151,1.5046,1.4205,1.4265,1.8106,2.2208,2.1245,2.0986,1.9896,2.2653,2.2595,2.3350,2.0522"
EP00646,C3_both,17,CHANNEL_DROPOUT,"0.6035,0.3692,0.1074,0.0862,0.0905,0.1400,0.2559,0.3894,0.4334,0.3260,0.3235,0.4743,0.3158,0.3858,4.0331,3.6817,3.3684,3.2386,3.2787,3.1202,1.7545,1.8305,2.0026,2.0410,2.2245,2.7251,2.9754,2.9021,3.7185,4.1110,4.1100,3.8164,3.6598,3.8903,4.0338,4.4910,4.6685,9.3978,12.5816,10.0899,9.9928,12.9387,12.9175"
EP00647,C1_variability,15,CHANNEL_DROPOUT,"0.6349,0.3591,0.0605,0.3088,0.0894,0.0099,0.1013,0.0000,0.0934,0.0391,0.0535,0.1751,0.3104,0.5572,4.1605,3.8057,14.1536,11.5884,12.1248,14.4347,21.2782,21.2184,21.5550,27.7296,34.0542,35.3917,35.4529,34.8859,36.8301,36.1735,39.3208,39.3784,39.3220,38.4205,38.1645,36.5092,37.0357,34.3871,38.7904,38.5763,37.1971,37.4363,37.6484"
EP00647,C2_covariance,15,CHANNEL_DROPOUT,"0.6420,0.4075,0.1455,0.0381,0.1134,0.1020,0.2181,0.3517,0.3957,0.2882,0.2574,0.5723,0.4651,0.4423,1.5420,1.9096,2.2488,3.1908,3.4934,4.0169,3.8519,3.9775,4.1404,4.3125,5.5712,4.8887,4.9686,4.9171,5.1129,4.4007,4.9629,5.2037,5.7748,6.5975,7.4860,8.2443,8.8386,10.1741,10.6739,11.0439,11.6173,12.2182,11.6697"
EP00647,C3_both,15,CHANNEL_DROPOUT,"0.6420,0.4075,0.1455,0.3088,0.1134,0.1020,0.2181,0.3517,0.3957,0.2882,0.2574,0.5723,0.4651,0.5572,4.1605,3.8057,14.1536,11.5884,12.1248,14.4347,21.2782,21.2184,21.5550,27.7296,34.0542,35.3917,35.4529,34.8859,36.8301,36.1735,39.3208,39.3784,39.3220,38.4205,38.1645,36.5092,37.0357,34.3871,38.7904,38.5763,37.1971,37.4363,37.6484"
EP00648,C1_variability,21,CHANNEL_DROPOUT,"0.3658,0.1308,0.1059,0.0944,0.0977,0.0016,0.1096,0.0083,0.1017,0.0474,0.0000,0.1125,0.0080,0.1463,3.8799,3.5290,3.2689,3.2118,3.1837,3.1182,1.9552,10.0744,11.1497,23.1000,29.5849,30.8177,27.6073,26.9693,25.7238,33.0501,46.8093,40.8756,46.6123,46.0556,51.7777,49.7064,53.4975,49.7303,52.3117,53.1250,55.7292,57.2917,59.8958"
EP00648,C2_covariance,21,CHANNEL_DROPOUT,"0.4951,0.2613,0.0000,0.1071,0.1451,0.2468,0.3625,0.4958,0.5396,0.4324,0.4299,0.4234,0.2437,0.3041,1.3613,1.7564,1.8373,2.0348,2.0591,2.4260,2.3196,3.0819,4.0898,5.3959,7.1259,6.5355,7.4100,9.1029,10.2338,11.6359,13.8333,16.4333,18.7338,21.2624,24.4794,25.0673,27.1901,28.5922,30.1114,36.4534,39.3867,42.0249,45.0993"
EP00648,C3_both,21,CHANNEL_DROPOUT,"0.4951,0.2613,0.1059,0.1071,0.1451,0.2468,0.3625,0.4958,0.5396,0.4324,0.4299,0.4234,0.2437,0.3041,3.8799,3.5290,3.2689,3.2118,3.1837,3.1182,2.3196,10.0744,11.1497,23.1000,29.5849,30.8177,27.6073,26.9693,25.7238,33.0501,46.8093,40.8756,46.6123,46.0556,51.7777,49.7064,53.4975,49.7303,52.3117,53.1250,55.7292,57.2917,59.8958"
EP00649,C1_variability,17,GAIN_DRIFT,"0.6722,0.2259,0.0826,0.0862,0.0894,0.0099,0.1013,0.0000,0.0934,0.0670,0.0103,0.1015,0.5778,2.1092,4.8243,5.5262,8.2694,11.1694,12.5141,13.8201,14.8334,15.5075,14.8873,15.9229,15.6133,15.5749,15.6961,15.5657,14.1147,14.5890,16.1235,15.9182,15.8785,16.7718,16.7238,16.9105,16.2843,15.3379,15.5886,15.7728,15.9214,15.9100,16.6398"
EP00649,C2_covariance,17,GAIN_DRIFT,"0.6035,0.3692,0.1074,0.0000,0.0951,0.1400,0.2559,0.3894,0.4334,0.3260,0.3235,0.4746,0.3015,0.4130,1.4272,1.7746,1.8653,2.0949,2.0448,2.1764,1.8265,1.8829,2.0869,1.8836,2.1262,1.3860,1.9750,1.6907,1.7455,1.1824,0.8520,0.7101,0.5472,0.6039,0.8773,1.2827,1.2457,0.9357,0.7610,0.7980,0.7638,0.5313,0.3337"
EP00649,C3_both,17,GAIN_DRIFT,"0.6722,0.3692,0.1074,0.0862,0.0951,0.1400,0.2559,0.3894,0.4334,0.3260,0.3235,0.4746,0.5778,2.1092,4.8243,5.5262,8.2694,11.1694,12.5141,13.8201,14.8334,15.5075,14.8873,15.9229,15.6133,15.5749,15.6961,15.5657,14.1147,14.5890,16.1235,15.9182,15.8785,16.7718,16.7238,16.9105,16.2843,15.3379,15.5886,15.7728,15.9214,15.9100,16.6398"
EP00650,C1_variability,19,GAIN_DRIFT,"0.4280,0.2138,0.0947,0.0865,0.0897,0.0096,0.1617,0.0003,0.1895,0.0394,0.0080,0.1045,0.0245,0.1636,4.4416,6.1647,10.7928,16.7785,24.1639,34.0322,45.5213,50.7313,49.1611,49.4356,48.8279,48.3708,48.2091,47.9618,48.0625,47.0643,47.6843,46.5810,49.7975,48.4770,49.1566,47.5121,47.2594,47.5311,49.6171,47.7426,47.0499,47.7900,48.9323"
EP00650,C2_covariance,19,GAIN_DRIFT,"0.5093,0.2754,0.0141,0.0931,0.1311,0.2328,0.3486,0.4818,0.5257,0.4185,0.4160,0.4989,0.3245,0.4063,1.3165,1.6046,1.8150,2.0242,2.1721,2.1884,1.8171,1.7343,2.0008,1.7657,1.9248,1.0973,1.0723,0.8994,0.5857,0.2949,0.3596,0.2970,0.3137,0.4648,0.8757,1.2363,1.1699,1.1297,0.9702,0.9386,0.9169,0.6815,0.3313"
EP00650,C3_both,19,GAIN_DRIFT,"0.5093,0.2754,0.0947,0.0931,0.1311,0.2328,0.3486,0.4818,0.5257,0.4185,0.4160,0.4989,0.3245,0.4063,4.4416,6.1647,10.7928,16.7785,24.1639,34.0322,45.5213,50.7313,49.1611,49.4356,48.8279,48.3708,48.2091,47.9618,48.0625,47.0643,47.6843,46.5810,49.7975,48.4770,49.1566,47.5121,47.2594,47.5311,49.6171,47.7426,47.0499,47.7900,48.9323"
EP00651,C1_variability,19,GAIN_DRIFT,"0.3113,0.0944,0.0254,0.0865,0.0897,0.0096,0.1057,0.1356,0.0937,0.0394,0.0080,0.1045,0.0158,0.2439,4.3936,10.1166,15.8305,23.8928,34.2635,54.4016,94.5631,116.3478,119.9230,118.0491,120.4530,120.6874,119.3651,118.0165,120.2604,112.3721,112.1381,113.9611,118.0632,115.2792,118.2107,118.2258,119.5599,120.1129,117.1770,117.0732,116.9166,113.3700,114.8706"
EP00651,C2_covariance,19,GAIN_DRIFT,"0.5116,0.2778,0.0164,0.0908,0.1287,0.2305,0.3462,0.4795,0.5234,0.4161,0.4136,0.4963,0.3271,0.3955,1.3436,2.4407,3.9286,6.7843,8.1679,10.0021,6.6888,4.6452,5.2637,4.6727,5.2124,4.3342,4.4120,4.2593,3.9477,3.7161,3.5862,3.4028,3.5165,3.6273,4.0332,4.1312,4.3616,4.3160,3.8585,3.8125,3.7142,3.3651,3.1320"
EP00651,C3_both,19,GAIN_DRIFT,"0.5116,0.2778,0.0254,0.0908,0.1287,0.2305,0.3462,0.4795,0.5234,0.4161,0.4136,0.4963,0.3271,0.3955,4.3936,10.1166,15.8305,23.8928,34.2635,54.4016,94.5631,116.3478,119.9230,118.0491,120.4530,120.6874,119.3651,118.0165,120.2604,112.3721,112.1381,113.9611,118.0632,115.2792,118.2107,118.2258,119.5599,120.1129,117.1770,117.0732,116.9166,113.3700,114.8706"
EP00652,C1_variability,20,GAIN_DRIFT,"0.7341,0.0984,0.0294,0.0905,0.0937,0.0056,0.1056,0.0043,0.1755,0.1433,0.0040,0.1085,0.0040,0.1503,3.9044,3.5674,3.2549,3.2846,3.2661,4.0804,4.8208,6.6342,9.2287,10.9324,13.5549,15.3894,16.8645,17.3553,16.5293,16.0003,16.4683,16.3271,16.9150,16.8980,17.2058,16.4865,16.6052,17.2763,15.9355,15.8691,17.0517,15.9864,17.2458"
EP00652,C2_covariance,20,GAIN_DRIFT,"0.5020,0.2682,0.0069,0.1002,0.1382,0.2400,0.3557,0.4889,0.5328,0.4256,0.4231,0.4560,0.2825,0.3439,1.3679,1.7575,1.7976,2.1156,2.0610,1.9774,1.6350,1.6986,1.8678,1.6409,1.8678,0.9022,1.4052,0.9957,0.8111,0.8645,0.4852,0.4302,0.3296,0.4110,0.7481,1.0683,0.9709,0.7448,0.5459,0.6656,0.5829,0.3253,0.0700"
EP00652,C3_both,20,GAIN_DRIFT,"0.7341,0.2682,0.0294,0.1002,0.1382,0.2400,0.3557,0.4889,0.5328,0.4256,0.4231,0.4560,0.2825,0.3439,3.9044,3.5674,3.2549,3.2846,3.2661,4.0804,4.8208,6.6342,9.2287,10.9324,13.5549,15.3894,16.8645,17.3553,16.5293,16.0003,16.4683,16.3271,16.9150,16.8980,17.2058,16.4865,16.6052,17.2763,15.9355,15.8691,17.0517,15.9864,17.2458"
EP00653,C1_variability,26,GAIN_DRIFT,"0.1266,0.1693,0.1003,0.1613,0.1646,0.0654,0.1765,0.0753,0.1685,0.1144,0.0670,0.1793,0.0750,0.0791,3.5851,3.2073,2.8684,3.0043,2.8371,2.7136,1.2836,1.0975,2.3073,5.0911,8.4628,12.4136,18.5535,24.0606,30.5270,34.9551,40.0699,41.9740,44.2846,45.8396,45.4692,44.2815,46.8516,45.6375,44.7178,45.5749,44.9575,45.1667,43.3136"
EP00653,C2_covariance,26,GAIN_DRIFT,"0.0888,0.0888,0.2874,0.3688,0.3976,0.4749,0.5628,0.6641,0.6974,0.6159,0.6140,0.5294,0.2863,0.2979,0.7470,1.0467,1.0841,1.3683,1.3257,1.2599,0.9979,1.0759,1.1326,0.9695,1.2901,1.1643,1.6365,1.4846,0.9799,1.1228,0.6621,0.6773,0.5035,0.4737,0.7578,0.9067,0.8520,0.6873,0.5041,0.5947,0.4470,0.2789,0.1793"
EP00653,C3_both,26,GAIN_DRIFT,"0.1266,0.1693,0.2874,0.3688,0.3976,0.4749,0.5628,0.6641,0.6974,0.6159,0.6140,0.5294,0.2863,0.2979,3.5851,3.2073,2.8684,3.0043,2.8371,2.7136,1.2836,1.0975,2.3073,5.0911,8.4628,12.4136,18.5535,24.0606,30.5270,34.9551,40.0699,41.9740,44.2846,45.8396,45.4692,44.2815,46.8516,45.6375,44.7178,45.5749,44.9575,45.1667,43.3136"
EP00654,C1_variability,26,GAIN_DRIFT,"0.1129,0.1930,0.1241,0.1851,0.1883,0.0892,0.2002,0.0991,0.1923,0.1381,0.0908,0.2031,0.0988,0.0552,3.7128,3.3417,3.0097,2.9790,2.9228,2.7595,1.2568,1.6586,4.7994,9.3293,15.5526,23.2031,32.3701,42.9309,53.7825,67.7412,75.8284,83.5723,86.7089,87.1174,88.2607,88.5596,86.0254,85.2619,84.3220,86.3719,87.0146,90.1854,90.0655"
EP00654,C2_covariance,26,GAIN_DRIFT,"0.0895,0.0895,0.2895,0.3715,0.4005,0.4784,0.5670,0.6689,0.7025,0.6205,0.6185,0.5332,0.2884,0.3000,0.7525,1.0544,1.0920,1.3459,1.3066,1.2691,1.0076,1.0566,1.0804,0.8810,1.3522,0.6800,1.2667,1.5929,1.0624,1.1794,1.0019,1.0368,1.1351,1.2108,1.4820,1.6449,1.6719,1.7305,1.6325,1.4756,1.4856,1.2062,0.9377"
EP00654,C3_both,26,GAIN_DRIFT,"0.1129,0.1930,0.2895,0.3715,0.4005,0.4784,0.5670,0.6689,0.7025,0.6205,0.6185,0.5332,0.2884,0.3000,3.7128,3.3417,3.0097,2.9790,2.9228,2.7595,1.2568,1.6586,4.7994,9.3293,15.5526,23.2031,32.3701,42.9309,53.7825,67.7412,75.8284,83.5723,86.7089,87.1174,88.2607,88.5596,86.0254,85.2619,84.3220,86.3719,87.0146,90.1854,90.0655"
EP00655,C1_variability,18,GAIN_DRIFT,"0.8622,0.5034,0.1381,0.0863,0.0896,0.0097,0.1015,0.0001,0.0935,0.1157,0.0081,0.1044,0.0230,0.1517,3.9368,3.6238,3.3643,3.3594,3.7286,3.9642,4.9197,4.8326,5.3380,5.5995,6.2701,6.9464,6.9897,8.2475,8.7544,9.8650,9.3308,10.9990,10.6641,11.1500,12.5736,13.7664,14.1165,14.2703,15.7938,15.2055,16.0674,16.6722,15.7444"
EP00655,C2_covariance,18,GAIN_DRIFT,"0.5566,0.3225,0.0610,0.0463,0.0843,0.1862,0.3020,0.4354,0.4793,0.3720,0.3695,0.4532,0.2877,0.3551,1.4240,1.8286,1.8900,2.3073,2.2640,2.2360,1.7488,1.8652,2.0049,1.7717,2.0576,1.2285,1.9982,1.6027,1.5359,1.2971,0.8242,0.6634,0.4530,0.4955,0.8270,1.2044,1.1369,0.8761,0.6995,0.8228,0.7681,0.5121,0.4171"
EP00655,C3_both,18,GAIN_DRIFT,"0.8622,0.5034,0.1381,0.0863,0.0896,0.1862,0.3020,0.4354,0.4793,0.3720,0.3695,0.4532,0.2877,0.3551,3.9368,3.6238,3.3643,3.3594,3.7286,3.9642,4.9197,4.8326,5.3380,5.5995,6.2701,6.9464,6.9897,8.2475,8.7544,9.8650,9.3308,10.9990,10.6641,11.1500,12.5736,13.7664,14.1165,14.2703,15.7938,15.2055,16.0674,16.6722,15.7444"
EP00656,C1_variability,18,GAIN_DRIFT,"0.3237,0.1136,0.0244,0.0855,0.0888,0.0106,0.1007,0.0007,0.0927,0.0459,0.0089,0.1036,0.0007,0.1523,3.9055,3.5359,3.2810,5.5110,7.4211,9.7013,10.2838,11.8877,14.3678,16.2766,18.4750,19.6532,22.1343,23.8715,25.4931,27.6575,28.8286,31.3726,32.5307,33.9880,36.7005,37.8697,39.4652,40.8033,44.5067,44.2729,44.5671,46.7951,45.7304"
EP00656,C2_covariance,18,GAIN_DRIFT,"0.5591,0.3250,0.0634,0.0439,0.0819,0.1837,0.2996,0.4330,0.4769,0.3696,0.3671,0.4532,0.2867,0.3655,1.4193,1.8213,1.9298,2.2578,2.2148,2.2264,1.7848,1.8564,1.9507,1.6630,1.9742,1.3916,1.9704,1.6703,1.6047,1.1582,0.7698,0.5481,0.5369,0.7178,1.0933,1.5660,1.5556,1.3261,0.9644,1.1157,1.1281,0.8835,0.6444"
EP00656,C3_both,18,GAIN_DRIFT,"0.5591,0.3250,0.0634,0.0855,0.0888,0.1837,0.2996,0.4330,0.4769,0.3696,0.3671,0.4532,0.2867,0.3655,3.9055,3.5359,3.2810,5.5110,7.4211,9.7013,10.2838,11.8877,14.3678,16.2766,18.4750,19.6532,22.1343,23.8715,25.4931,27.6575,28.8286,31.3726,32.5307,33.9880,36.7005,37.8697,39.4652,40.8033,44.5067,44.2729,44.5671,46.7951,45.7304"
EP00657,C1_variability,17,GAIN_DRIFT,"0.3909,0.1584,0.0389,0.0786,0.0819,0.0175,0.0938,0.0076,0.0858,0.0315,0.0159,0.0989,0.3682,1.4302,3.9184,5.7019,9.0559,13.2557,18.1199,21.7261,26.1002,30.0615,33.5055,37.1430,42.2020,47.3252,51.9969,57.3020,63.7625,69.9195,71.5332,73.9652,77.1635,82.3421,86.5961,88.7695,94.6916,98.5760,102.3129,107.8393,112.9822,110.0930,107.8187"
EP00657,C2_covariance,17,GAIN_DRIFT,"0.6035,0.3692,0.1074,0.0000,0.0727,0.1400,0.2559,0.3894,0.4334,0.3260,0.3235,0.4728,0.3185,0.3430,1.4532,1.8147,1.9741,2.3547,2.3704,2.3506,2.0794,2.1850,2.4137,2.2695,2.6425,1.6749,1.8228,1.6994,1.4494,1.4717,2.1864,2.6125,3.5592,4.2503,4.8172,5.2184,5.4704,5.8119,6.1039,6.6700,7.2938,7.2406,7.1176"
EP00657,C3_both,17,GAIN_DRIFT,"0.6035,0.3692,0.1074,0.0786,0.0819,0.1400,0.2559,0.3894,0.4334,0.3260,0.3235,0.4728,0.3682,1.4302,3.9184,5.7019,9.0559,13.2557,18.1199,21.7261,26.1002,30.0615,33.5055,37.1430,42.2020,47.3252,51.9969,57.3020,63.7625,69.9195,71.5332,73.9652,77.1635,82.3421,86.5961,88.7695,94.6916,98.5760,102.3129,107.8393,112.9822,110.0930,107.8187"
EP00658,C1_variability,24,GEOMETRY_ROTATION,"0.3888,0.0816,0.0850,0.0736,0.0769,0.0224,0.0888,0.0125,0.0809,0.0266,0.0208,0.0917,0.0129,0.1672,3.8147,3.4626,3.1371,3.0975,3.0591,2.8769,3.1248,3.5295,4.6827,5.6259,5.7633,6.9309,6.1148,6.0949,6.5348,6.0763,6.4251,6.4301,6.1206,6.1966,6.0589,6.1125,5.9732,5.9441,6.2571,6.1589,7.0790,6.2980,6.5962"
EP00658,C2_covariance,24,GEOMETRY_ROTATION,"0.3628,0.1296,0.1310,0.2379,0.2757,0.3772,0.4926,0.6255,0.6692,0.5623,0.5598,0.4486,0.1296,0.1448,1.2267,1.6201,1.6690,1.7322,1.8003,2.2542,2.9504,4.1740,5.3885,6.5557,7.8026,7.2470,7.3205,7.1564,7.2038,6.9084,6.9725,6.9793,7.0336,6.9833,7.2069,7.5694,7.5738,7.4005,7.1618,7.1701,7.0521,6.7715,6.5245"
EP00658,C3_both,24,GEOMETRY_ROTATION,"0.3888,0.1296,0.1310,0.2379,0.2757,0.3772,0.4926,0.6255,0.6692,0.5623,0.5598,0.4486,0.1296,0.1672,3.8147,3.4626,3.1371,3.0975,3.0591,2.8769,3.1248,4.1740,5.3885,6.5557,7.8026,7.2470,7.3205,7.1564,7.2038,6.9084,6.9725,6.9793,7.0336,6.9833,7.2069,7.5694,7.5738,7.4005,7.1618,7.1701,7.0790,6.7715,6.5962"
EP00659,C1_variability,23,GEOMETRY_ROTATION,"0.4448,0.2619,0.0000,0.0611,0.0644,0.0350,0.0763,0.0251,0.0683,0.0141,0.0334,0.0792,0.0254,0.1798,3.9535,3.5857,3.2740,3.3270,3.5756,3.9648,4.1291,5.4893,6.9072,8.3700,8.8899,9.7822,9.6427,9.6259,9.5306,9.4932,9.6346,9.7122,9.6424,9.6513,9.5589,9.6307,9.4866,9.4786,9.6625,9.7176,9.8109,9.9345,9.9617"
EP00659,C2_covariance,23,GEOMETRY_ROTATION,"0.4936,0.2598,0.0015,0.1086,0.1465,0.2483,0.3640,0.4972,0.5411,0.4339,0.4314,0.3199,0.1149,0.1703,1.3598,1.7542,1.8033,1.8982,3.0300,5.8796,8.1853,10.2065,11.8522,14.1583,15.7911,15.5786,15.6558,15.5810,15.5550,15.4669,15.2492,15.1524,15.0819,15.1581,15.3420,15.5566,15.4732,15.3850,15.2351,15.2714,15.1926,15.1080,14.7222"
EP00659,C3_both,23,GEOMETRY_ROTATION,"0.4936,0.2619,0.0015,0.1086,0.1465,0.2483,0.3640,0.4972,0.5411,0.4339,0.4314,0.3199,0.1149,0.1798,3.9535,3.5857,3.2740,3.3270,3.5756,5.8796,8.1853,10.2065,11.8522,14.1583,15.7911,15.5786,15.6558,15.5810,15.5550,15.4669,15.2492,15.1524,15.0819,15.1581,15.3420,15.5566,15.4732,15.3850,15.2351,15.2714,15.1926,15.1080,14.7222"
EP00660,C1_variability,22,GEOMETRY_ROTATION,"1.0224,0.4825,0.0307,0.0305,0.0337,0.0657,0.0736,0.0558,0.0377,0.0405,0.0641,0.0485,0.0561,0.2105,3.7265,3.3626,3.4164,3.7944,5.2772,6.5364,8.1473,12.8188,21.4489,26.4116,23.4019,22.3644,23.9704,22.0844,21.2520,21.7653,21.9878,22.5953,23.6107,24.8063,23.0153,23.1629,21.5618,21.5692,21.6920,22.3213,22.4439,21.6124,22.5486"
EP00660,C2_covariance,22,GEOMETRY_ROTATION,"0.4943,0.2605,0.0007,0.1079,0.1458,0.2475,0.3632,0.4965,0.5403,0.4331,0.4306,0.3192,0.1303,0.1866,1.3605,1.7549,2.7732,7.7135,10.3295,12.7730,14.8971,18.6464,22.1920,23.4882,24.2991,23.9961,24.0459,23.6767,23.7467,23.0207,23.2410,23.2938,23.0732,23.6741,24.1095,24.6188,24.3575,24.1285,24.0677,23.9842,24.0393,23.6416,23.7505"
EP00660,C3_both,22,GEOMETRY_ROTATION,"1.0224,0.4825,0.0307,0.1079,0.1458,0.2475,0.3632,0.4965,0.5403,0.4331,0.4306,0.3192,0.1303,0.2105,3.7265,3.3626,3.4164,7.7135,10.3295,12.7730,14.8971,18.6464,22.1920,26.4116,24.2991,23.9961,24.0459,23.6767,23.7467,23.0207,23.2410,23.2938,23.6107,24.8063,24.1095,24.6188,24.3575,24.1285,24.0677,23.9842,24.0393,23.6416,23.7505"
EP00661,C1_variability,26,GEOMETRY_ROTATION,"0.1796,0.0943,0.0252,0.0863,0.0896,0.0097,0.1015,0.0002,0.0935,0.0393,0.0081,0.1044,0.0002,0.1544,3.6750,3.3253,2.9999,3.0841,2.9197,2.7929,1.2486,0.7729,1.4916,2.7578,3.1094,3.8713,4.7947,5.4305,5.0902,6.2044,6.6197,6.1083,6.2136,6.3795,7.5954,7.1282,7.3697,7.2733,6.4182,6.2618,7.2177,6.3861,7.0304"
EP00661,C2_covariance,26,GEOMETRY_ROTATION,"0.0880,0.0880,0.2847,0.3654,0.3940,0.4706,0.5577,0.6580,0.6910,0.6103,0.6084,0.5245,0.2836,0.2951,0.7402,1.0371,1.0741,1.3733,1.3304,1.2547,0.9843,1.0832,1.2957,1.2476,1.7598,1.5269,2.1561,2.6850,3.2491,3.5553,3.9017,4.1324,4.3427,4.4431,4.7838,5.0163,5.0005,4.8861,4.8469,4.9718,4.8669,4.6245,4.3414"
EP00661,C3_both,26,GEOMETRY_ROTATION,"0.1796,0.0943,0.2847,0.3654,0.3940,0.4706,0.5577,0.6580,0.6910,0.6103,0.6084,0.5245,0.2836,0.2951,3.6750,3.3253,2.9999,3.0841,2.9197,2.7929,1.2486,1.0832,1.4916,2.7578,3.1094,3.8713,4.7947,5.4305,5.0902,6.2044,6.6197,6.1083,6.2136,6.3795,7.5954,7.1282,7.3697,7.2733,6.4182,6.2618,7.2177,6.3861,7.0304"
EP00662,C1_variability,13,GEOMETRY_ROTATION,"0.2238,0.0072,0.0764,0.0152,0.0119,0.1115,0.0000,0.2039,1.4419,3.0687,3.7267,4.4027,5.8517,7.2109,8.9102,8.4314,8.0907,9.7009,9.8904,9.0061,9.4367,9.6455,10.0838,9.3982,8.7075,9.8345,9.5936,9.5949,9.6480,9.5676,9.7207,9.8380,9.8631,9.7576,9.6178,9.6911,9.5748,9.5182,9.6061,9.6606,9.6801,9.7628,9.6282"
EP00662,C2_covariance,13,GEOMETRY_ROTATION,"0.5344,0.3004,0.0389,0.0683,0.1068,0.2081,0.3239,0.4526,0.4376,0.0722,0.7828,1.8259,3.7203,5.3888,9.2335,11.0437,12.4925,13.6994,14.7958,15.8975,16.0885,16.4896,17.1557,17.1806,17.4605,15.8720,15.7172,15.4175,15.6025,15.2940,15.4900,15.3039,15.4900,15.6460,15.6359,15.9561,16.0205,15.7042,15.5075,15.6632,15.4498,15.3195,15.1747"
EP00662,C3_both,13,GEOMETRY_ROTATION,"0.5344,0.3004,0.0764,0.0683,0.1068,0.2081,0.3239,0.4526,1.4419,3.0687,3.7267,4.4027,5.8517,7.2109,9.2335,11.0437,12.4925,13.6994,14.7958,15.8975,16.0885,16.4896,17.1557,17.1806,17.4605,15.8720,15.7172,15.4175,15.6025,15.2940,15.4900,15.3039,15.4900,15.6460,15.6359,15.9561,16.0205,15.7042,15.5075,15.6632,15.4498,15.3195,15.1747"
EP00663,C1_variability,23,GEOMETRY_ROTATION,"0.8542,0.0701,0.0141,0.0471,0.0503,0.0491,0.0623,0.0392,0.0543,0.0000,0.0475,0.0651,0.0395,0.1939,3.8260,3.4629,3.1578,2.8567,3.5208,3.8401,4.9026,5.9485,6.8663,8.7787,10.3122,13.2955,15.0846,17.1272,19.8073,21.5489,22.8207,23.3829,23.2583,23.2598,23.2271,23.2983,23.2669,23.2685,23.4314,23.5407,23.6936,23.7233,23.6838"
EP00663,C2_covariance,23,GEOMETRY_ROTATION,"0.4936,0.2598,0.0015,0.1086,0.1465,0.2483,0.3640,0.4972,0.5411,0.4339,0.4314,0.3199,0.1118,0.1688,1.3598,1.7542,1.8033,2.0973,3.7656,6.2685,8.7401,11.4100,13.8440,15.9259,17.8693,18.2052,19.1973,20.5077,20.6990,21.7211,22.7906,23.2303,23.5993,23.3246,23.3584,23.6456,23.4727,23.5670,23.3945,23.5051,24.0393,23.8648,23.5401"
EP00663,C3_both,23,GEOMETRY_ROTATION,"0.8542,0.2598,0.0141,0.1086,0.1465,0.2483,0.3640,0.4972,0.5411,0.4339,0.4314,0.3199,0.1118,0.1939,3.8260,3.4629,3.1578,2.8567,3.7656,6.2685,8.7401,11.4100,13.8440,15.9259,17.8693,18.2052,19.1973,20.5077,20.6990,21.7211,22.8207,23.3829,23.5993,23.3246,23.3584,23.6456,23.4727,23.5670,23.4314,23.5407,24.0393,23.8648,23.6838"
EP00664,C1_variability,22,GEOMETRY_ROTATION,"0.4283,0.1716,0.0294,0.0905,0.0937,0.0056,0.1056,0.0043,0.0977,0.0434,0.0040,0.1085,0.0040,0.1503,3.8843,3.5267,3.1942,3.0664,3.0930,2.9609,1.7438,1.8503,2.3939,2.5403,3.1248,4.2074,4.6042,5.0932,5.3064,4.9831,4.9962,6.2727,5.3549,4.8115,5.5341,5.8331,5.0786,5.4852,5.7327,5.5478,5.7197,5.8642,6.0353"
EP00664,C2_covariance,22,GEOMETRY_ROTATION,"0.4943,0.2605,0.0007,0.1079,0.1458,0.2475,0.3632,0.4965,0.5403,0.4331,0.4306,0.3192,0.1130,0.1637,1.3605,1.7549,1.8037,1.8675,1.9178,2.0484,1.7667,1.9932,2.2374,2.1673,2.6537,2.0119,2.3596,2.4379,2.7568,2.7345,3.1540,3.3307,3.7257,4.2288,4.7683,5.6148,5.7284,5.8673,6.0819,6.3271,6.4475,6.2362,6.1351"
EP00664,C3_both,22,GEOMETRY_ROTATION,"0.4943,0.2605,0.0294,0.1079,0.1458,0.2475,0.3632,0.4965,0.5403,0.4331,0.4306,0.3192,0.1130,0.1637,3.8843,3.5267,3.1942,3.0664,3.0930,2.9609,1.7667,1.9932,2.3939,2.5403,3.1248,4.2074,4.6042,5.0932,5.3064,4.9831,4.9962,6.2727,5.3549,4.8115,5.5341,5.8331,5.7284,5.8673,6.0819,6.3271,6.4475,6.2362,6.1351"
EP00665,C1_variability,20,GEOMETRY_ROTATION,"0.7426,0.0943,0.0252,0.0863,0.0896,0.0097,0.1015,0.0164,0.0935,0.0393,0.0307,0.1148,0.0002,0.1544,3.8713,3.5840,3.4056,3.4179,3.5309,3.6398,3.7852,4.1633,5.4350,5.5691,6.5181,6.4398,7.4171,8.7373,9.1393,8.8277,7.8289,9.2469,8.0091,8.4579,8.3583,8.1878,9.7484,9.6643,9.0368,9.1087,9.2983,9.3972,9.4525"
EP00665,C2_covariance,20,GEOMETRY_ROTATION,"0.5020,0.2682,0.0069,0.1002,0.1382,0.2400,0.3557,0.4889,0.5328,0.4256,0.4231,0.4532,0.2790,0.3381,1.3681,1.7648,1.8261,2.0951,2.4116,3.1331,3.7308,4.6861,5.8373,6.7442,8.1715,8.1932,8.9637,9.4555,9.9415,10.3804,10.6210,10.9420,11.7970,12.3836,13.2126,13.8287,14.2666,14.5443,14.5620,15.1226,14.9670,14.9089,14.6332"
EP00665,C3_both,20,GEOMETRY_ROTATION,"0.7426,0.2682,0.0252,0.1002,0.1382,0.2400,0.3557,0.4889,0.5328,0.4256,0.4231,0.4532,0.2790,0.3381,3.8713,3.5840,3.4056,3.4179,3.5309,3.6398,3.7852,4.6861,5.8373,6.7442,8.1715,8.1932,8.9637,9.4555,9.9415,10.3804,10.6210,10.9420,11.7970,12.3836,13.2126,13.8287,14.2666,14.5443,14.5620,15.1226,14.9670,14.9089,14.6332"
EP00666,C1_variability,22,GEOMETRY_ROTATION,"0.6696,0.0816,0.0125,0.0736,0.0769,0.0224,0.1057,0.0125,0.0809,0.0266,0.0208,0.0917,0.0129,0.1672,3.8932,3.5275,3.2227,2.5518,2.8783,3.6325,4.0056,4.5702,5.8759,7.4696,8.6849,8.7462,9.0166,9.6655,10.4328,11.0982,11.8104,12.6086,13.3841,14.2116,15.0300,16.1042,17.3043,18.5021,19.9672,21.0080,21.9558,22.6068,22.8844"
EP00666,C2_covariance,22,GEOMETRY_ROTATION,"0.4943,0.2605,0.0007,0.1079,0.1458,0.2475,0.3632,0.4965,0.5403,0.4331,0.4306,0.3192,0.1106,0.1684,1.3605,1.7549,1.8039,1.9443,2.5408,3.7870,5.1081,7.1059,9.4279,11.2654,13.0337,13.8518,15.0899,15.9659,17.1138,17.4962,17.7456,18.2433,18.9924,19.2339,20.2999,20.7007,21.4492,21.9925,22.0512,22.7107,22.9618,23.1005,23.1140"
EP00666,C3_both,22,GEOMETRY_ROTATION,"0.6696,0.2605,0.0125,0.1079,0.1458,0.2475,0.3632,0.4965,0.5403,0.4331,0.4306,0.3192,0.1106,0.1684,3.8932,3.5275,3.2227,2.5518,2.8783,3.7870,5.1081,7.1059,9.4279,11.2654,13.0337,13.8518,15.0899,15.9659,17.1138,17.4962,17.7456,18.2433,18.9924,19.2339,20.2999,20.7007,21.4492,21.9925,22.0512,22.7107,22.9618,23.1005,23.1140"
EP00667,C1_variability,23,NONE,"0.1587,0.5494,0.4408,0.1637,0.3189,0.3770,0.1965,0.1751,0.0000,0.0129,0.1791,5.4661,5.4493,5.3665,5.4220,5.4129,5.5244,0.1821,0.0642,0.0294,0.2236,0.1756,0.2165,0.6377,0.5312,0.2611,5.5674,5.4192,5.5367,5.5608,1.2873,1.1346,0.7900,0.8730,0.7230,0.4455,0.3992,0.9116,0.2140,1.1902,0.3591,5.9287"
EP00667,C2_covariance,23,NONE,"0.0002,0.1116,0.0262,0.2985,0.3185,0.3150,0.1591,1.4284,1.0019,0.9538,0.7018,0.5566,0.8288,0.5346,0.2035,0.3440,0.3244,0.2905,0.1786,0.4973,0.2469,0.1918,0.1640,0.0421,0.1358,0.3001,0.5348,0.3919,0.3454,0.2790,0.3192,0.1690,0.2408,0.2725,0.0019,0.1959,0.6471,0.6895,0.8598,0.8281,1.0729,1.0961"
EP00667,C3_both,23,NONE,"0.1587,0.5494,0.4408,0.2985,0.3189,0.3770,0.1965,1.4284,1.0019,0.9538,0.7018,5.4661,5.4493,5.3665,5.4220,5.4129,5.5244,0.2905,0.1786,0.4973,0.2469,0.1918,0.2165,0.6377,0.5312,0.3001,5.5674,5.4192,5.5367,5.5608,1.2873,1.1346,0.7900,0.8730,0.7230,0.4455,0.6471,0.9116,0.8598,1.1902,1.0729,5.9287"
EP00668,C1_variability,22,RATE_LOSS,"0.1073,0.2828,0.3164,0.1165,0.3338,0.4417,0.1081,0.1237,0.0516,0.0645,0.2308,5.4899,5.4783,5.3983,5.4542,5.4402,5.5489,0.0096,0.7609,1.4648,2.1219,2.9523,3.7627,4.3093,4.6852,4.8430,5.4147,5.3464,5.3821,5.4077,4.9266,4.9708,4.8864,4.9421,4.8548,5.0447,5.1841,5.1124,5.1407,5.0362,5.0756,5.7783"
EP00668,C2_covariance,22,RATE_LOSS,"0.0593,0.1707,0.0854,0.3574,0.3774,0.3739,0.2182,1.3676,0.9419,0.8959,0.6577,0.5330,0.7685,0.4747,0.1756,0.3571,0.2651,0.2243,0.2207,0.4792,0.2916,0.1793,0.1400,0.0916,0.0707,0.2404,0.4749,0.3321,0.2857,0.2194,0.2753,0.1184,0.2044,0.2400,0.0574,0.2314,0.5797,0.6324,0.8044,0.7879,1.0274,1.0621"
EP00668,C3_both,22,RATE_LOSS,"0.1073,0.2828,0.3164,0.3574,0.3774,0.4417,0.2182,1.3676,0.9419,0.8959,0.6577,5.4899,5.4783,5.3983,5.4542,5.4402,5.5489,0.2243,0.7609,1.4648,2.1219,2.9523,3.7627,4.3093,4.6852,4.8430,5.4147,5.3464,5.3821,5.4077,4.9266,4.9708,4.8864,4.9421,4.8548,5.0447,5.1841,5.1124,5.1407,5.0362,5.0756,5.7783"
EP00669,C1_variability,23,RATE_LOSS,"0.1064,0.4905,0.1775,0.0449,0.0904,0.3557,0.2368,0.1436,0.0795,0.0655,0.2318,5.5282,5.5180,5.4322,5.4883,5.4771,5.5840,0.2111,0.5968,1.7911,3.4224,5.2096,7.3002,9.6160,11.4668,12.3304,12.7478,12.7879,12.7835,12.7201,12.4381,12.4749,12.4046,12.4511,12.3782,12.5365,12.6527,12.5930,12.6166,12.5294,12.5623,12.6994"
EP00669,C2_covariance,23,RATE_LOSS,"0.2027,0.3138,0.2288,0.5000,0.5199,0.5165,0.3612,0.9753,0.5630,0.5486,0.3781,0.2829,0.6227,0.3298,0.0301,0.1655,0.1204,0.0822,0.3390,0.4130,0.0471,0.4021,0.4996,0.1290,0.0400,0.1018,0.3299,0.1876,0.1413,0.0751,0.0872,0.0476,0.0930,0.0754,0.2008,0.3744,0.2486,0.2413,0.3899,0.3888,0.6271,0.6797"
EP00669,C3_both,23,RATE_LOSS,"0.2027,0.4905,0.2288,0.5000,0.5199,0.5165,0.3612,0.9753,0.5630,0.5486,0.3781,5.5282,5.5180,5.4322,5.4883,5.4771,5.5840,0.2111,0.5968,1.7911,3.4224,5.2096,7.3002,9.6160,11.4668,12.3304,12.7478,12.7879,12.7835,12.7201,12.4381,12.4749,12.4046,12.4511,12.3782,12.5365,12.6527,12.5930,12.6166,12.5294,12.5623,12.6994"
EP00670,C1_variability,24,RATE_LOSS,"0.1054,0.1359,0.3266,0.4352,0.3142,0.2513,0.1789,0.1218,0.0535,0.0664,0.2327,5.3740,5.3668,5.2808,5.3378,5.3239,5.4411,0.2357,0.4042,2.0282,4.3294,7.0192,10.9192,16.3169,22.8829,26.6287,27.6483,27.6724,27.6697,27.6317,27.4625,27.4845,27.4424,27.4702,27.4265,27.5215,27.5912,27.5554,27.5695,27.5172,27.5370,27.6192"
EP00670,C2_covariance,24,RATE_LOSS,"0.2695,0.3805,0.2956,0.5664,0.5864,0.5829,0.4278,0.7410,0.3292,0.3497,0.2311,0.1898,0.5548,0.2622,0.0671,0.0726,0.0531,0.0194,0.3980,0.1126,1.3939,3.7639,6.0348,5.6664,2.5776,0.6279,0.2623,0.1202,0.0740,0.0079,0.1542,0.1147,0.1600,0.0799,0.2677,0.4410,0.3036,0.1362,0.1403,0.1999,0.4280,0.5127"
EP00670,C3_both,24,RATE_LOSS,"0.2695,0.3805,0.3266,0.5664,0.5864,0.5829,0.4278,0.7410,0.3292,0.3497,0.2327,5.3740,5.3668,5.2808,5.3378,5.3239,5.4411,0.2357,0.4042,2.0282,4.3294,7.0192,10.9192,16.3169,22.8829,26.6287,27.6483,27.6724,27.6697,27.6317,27.4625,27.4845,27.4424,27.4702,27.4265,27.5215,27.5912,27.5554,27.5695,27.5172,27.5370,27.6192"
EP00671,C1_variability,13,RATE_LOSS,"0.6250,0.9429,0.2969,0.1523,0.0626,0.0095,0.0000,0.0398,0.0355,0.1164,0.6665,5.5687,5.5760,5.5575,5.6018,5.5421,5.6468,2.7974,3.4593,3.7835,3.9546,4.2595,4.4267,4.4618,4.6016,4.7452,5.5488,5.3802,5.4850,5.5224,4.8290,4.8732,4.7887,4.8445,4.7570,4.9473,5.0870,5.0152,5.0436,4.9388,4.9783,5.9389"
EP00671,C2_covariance,13,RATE_LOSS,"0.0000,0.1116,0.0262,0.2985,0.3185,0.3150,0.1591,1.2272,0.7442,0.6223,0.4607,0.4530,0.8026,0.5401,0.4267,0.6648,0.3998,0.3513,0.2343,0.4853,0.2651,0.1926,0.1555,0.0422,0.1340,0.3001,0.5348,0.3919,0.3454,0.2790,0.1160,0.1557,0.1102,0.1906,0.0019,0.1724,0.3478,0.4673,0.6850,0.7474,0.9317,0.9973"
EP00671,C3_both,13,RATE_LOSS,"0.6250,0.9429,0.2969,0.2985,0.3185,0.3150,0.1591,1.2272,0.7442,0.6223,0.6665,5.5687,5.5760,5.5575,5.6018,5.5421,5.6468,2.7974,3.4593,3.7835,3.9546,4.2595,4.4267,4.4618,4.6016,4.7452,5.5488,5.3802,5.4850,5.5224,4.8290,4.8732,4.7887,4.8445,4.7570,4.9473,5.0870,5.0152,5.0436,4.9388,4.9783,5.9389"
EP00672,C1_variability,21,RATE_LOSS,"0.1074,0.3925,0.1751,0.1336,0.0428,0.5258,0.1053,0.1209,0.0544,0.0673,0.2336,5.5027,5.4948,5.4193,5.4759,5.4573,5.5671,0.3046,1.1529,1.8880,2.7487,3.9252,5.1857,6.4227,7.8185,9.2602,10.7501,11.5388,12.1959,12.5413,12.4290,12.4736,12.4032,12.4497,12.3769,12.5352,12.6513,12.5916,12.6152,12.5280,12.5609,12.6981"
EP00672,C2_covariance,21,RATE_LOSS,"0.1184,0.2297,0.1445,0.4162,0.4362,0.4327,0.2772,1.3284,0.8937,0.8447,0.6002,0.4827,0.7084,0.4150,0.1623,0.3577,0.2323,0.1905,0.2631,0.5401,0.3555,0.1639,0.1002,0.0550,0.0695,0.3501,0.4193,0.4142,0.2695,0.1702,0.2222,0.0644,0.1516,0.1802,0.1165,0.2904,0.5334,0.5889,0.7653,0.7613,0.9995,1.0398"
EP00672,C3_both,21,RATE_LOSS,"0.1184,0.3925,0.1751,0.4162,0.4362,0.5258,0.2772,1.3284,0.8937,0.8447,0.6002,5.5027,5.4948,5.4193,5.4759,5.4573,5.5671,0.3046,1.1529,1.8880,2.7487,3.9252,5.1857,6.4227,7.8185,9.2602,10.7501,11.5388,12.1959,12.5413,12.4290,12.4736,12.4032,12.4497,12.3769,12.5352,12.6513,12.5916,12.6152,12.5280,12.5609,12.6981"
EP00673,C1_variability,13,RATE_LOSS,"0.3435,0.5946,0.2848,0.1619,0.0721,0.0000,0.0095,0.0277,0.1233,0.7357,1.4964,5.3839,5.2916,6.6028,8.9153,11.0521,13.2276,15.2411,17.7876,20.0225,22.0673,23.8460,25.2954,26.3540,27.0656,27.3674,27.5965,27.6206,27.6179,27.5798,27.4102,27.4323,27.3901,27.4180,27.3742,27.4694,27.5393,27.5033,27.5175,27.4651,27.4849,27.5674"
EP00673,C2_covariance,13,RATE_LOSS,"0.0000,0.1116,0.0262,0.2985,0.3185,0.3150,0.1591,1.1901,0.6939,0.5502,0.5839,0.6246,0.9847,0.9689,0.7030,1.0097,1.5150,1.3704,0.8668,0.4132,0.4390,0.5081,0.4041,0.1176,0.1253,0.2999,0.5348,0.3919,0.3454,0.2790,0.1160,0.1557,0.1102,0.1906,0.0019,0.1724,0.3162,0.4404,0.6617,0.7320,0.9142,0.9834"
EP00673,C3_both,13,RATE_LOSS,"0.3435,0.5946,0.2848,0.2985,0.3185,0.3150,0.1591,1.1901,0.6939,0.7357,1.4964,5.3839,5.2916,6.6028,8.9153,11.0521,13.2276,15.2411,17.7876,20.0225,22.0673,23.8460,25.2954,26.3540,27.0656,27.3674,27.5965,27.6206,27.6179,27.5798,27.4102,27.4323,27.3901,27.4180,27.3742,27.4694,27.5393,27.5033,27.5175,27.4651,27.4849,27.5674"
EP00674,C1_variability,26,RATE_LOSS,"0.3687,0.3299,0.6277,0.2159,0.1938,0.3124,0.1557,0.1713,0.0038,0.0167,0.1829,5.4666,5.4478,5.3662,5.4170,5.4094,5.5196,0.1859,0.0604,0.0332,0.2266,0.1523,0.1114,0.1114,0.1439,0.5188,5.5316,5.3671,5.4822,5.4929,2.0000,2.3297,2.4901,2.8097,3.0053,3.5092,3.9556,4.1777,4.4592,4.5785,4.8002,5.7289"
EP00674,C2_covariance,26,RATE_LOSS,"0.0593,0.1707,0.0854,0.3574,0.3774,0.3739,0.2182,1.3480,0.9255,0.8836,0.6500,0.5323,0.7685,0.4747,0.2059,0.3737,0.2648,0.2309,0.2377,0.5560,0.3059,0.2438,0.2208,0.1090,0.0595,0.2309,0.4693,0.3618,0.2928,0.2515,0.2942,0.1251,0.2052,0.2385,0.0166,0.2146,0.5254,0.6012,0.7528,0.7157,0.9899,1.0269"
EP00674,C3_both,26,RATE_LOSS,"0.3687,0.3299,0.6277,0.3574,0.3774,0.3739,0.2182,1.3480,0.9255,0.8836,0.6500,5.4666,5.4478,5.3662,5.4170,5.4094,5.5196,0.2309,0.2377,0.5560,0.3059,0.2438,0.2208,0.1114,0.1439,0.5188,5.5316,5.3671,5.4822,5.4929,2.0000,2.3297,2.4901,2.8097,3.0053,3.5092,3.9556,4.1777,4.4592,4.5785,4.8002,5.7289"
EP00675,C1_variability,26,RATE_LOSS,"0.3393,0.3281,0.5940,0.1992,0.1712,0.2787,0.1350,0.1507,0.0246,0.0375,0.2037,5.4621,5.4435,5.3619,5.4127,5.4051,5.5149,0.2067,0.0397,0.0540,0.2480,0.1452,0.0333,0.1957,0.6854,1.3884,5.5064,5.3082,5.4245,5.4017,4.9539,5.7089,6.2527,6.9610,7.5988,8.5462,9.4333,10.1113,10.7740,11.2577,11.7584,12.2816"
EP00675,C2_covariance,26,RATE_LOSS,"0.0527,0.1642,0.0789,0.3509,0.3709,0.3674,0.2117,1.3342,0.9116,0.8709,0.6399,0.5254,0.7752,0.4813,0.2044,0.3733,0.2714,0.2375,0.2312,0.5495,0.2995,0.2289,0.2101,0.1072,0.0527,0.2389,0.4831,0.4353,0.3323,0.2780,0.2973,0.1305,0.2156,0.3287,0.1862,0.1467,0.4526,0.5569,0.6621,0.6290,0.9844,1.0380"
EP00675,C3_both,26,RATE_LOSS,"0.3393,0.3281,0.5940,0.3509,0.3709,0.3674,0.2117,1.3342,0.9116,0.8709,0.6399,5.4621,5.4435,5.3619,5.4127,5.4051,5.5149,0.2375,0.2312,0.5495,0.2995,0.2289,0.2101,0.1957,0.6854,1.3884,5.5064,5.3082,5.4245,5.4017,4.9539,5.7089,6.2527,6.9610,7.5988,8.5462,9.4333,10.1113,10.7740,11.2577,11.7584,12.2816"
EP00676,C1_variability,15,RATE_LOSS,"0.5815,0.7445,0.3653,0.1516,0.0619,0.0102,0.0007,0.0164,0.1592,0.1529,0.1650,5.6372,5.5928,5.5832,5.6245,5.5547,5.6644,5.1528,6.4833,7.4756,8.3665,9.3470,10.3354,11.2984,12.4025,13.5902,14.9697,15.9195,16.9974,18.0161,18.7876,19.8515,20.7027,21.6844,22.6756,23.9042,25.0470,25.9008,26.5583,27.0001,27.3280,27.5646"
EP00676,C2_covariance,15,RATE_LOSS,"0.1184,0.2297,0.1445,0.4162,0.4362,0.4327,0.2772,1.0433,0.5751,0.4812,0.3522,0.3706,0.6896,0.4360,0.1489,0.4245,0.4236,0.3915,0.1637,0.5218,0.3638,0.1911,0.1349,0.0834,0.0452,0.2489,0.4702,0.5290,0.3813,0.1863,0.0033,0.1266,0.3508,0.6282,0.5560,0.0397,0.1011,0.2447,0.3914,0.4250,0.7731,0.8224"
EP00676,C3_both,15,RATE_LOSS,"0.5815,0.7445,0.3653,0.4162,0.4362,0.4327,0.2772,1.0433,0.5751,0.4812,0.3522,5.6372,5.5928,5.5832,5.6245,5.5547,5.6644,5.1528,6.4833,7.4756,8.3665,9.3470,10.3354,11.2984,12.4025,13.5902,14.9697,15.9195,16.9974,18.0161,18.7876,19.8515,20.7027,21.6844,22.6756,23.9042,25.0470,25.9008,26.5583,27.0001,27.3280,27.5646"
EP00677,C1_variability,23,CHANNEL_DROPOUT,"0.1587,0.6106,0.3700,0.3157,0.3053,0.2783,0.3390,0.1751,0.0187,0.0129,0.1791,5.3872,5.3667,5.2787,5.3341,5.3301,5.4472,0.1894,0.0047,0.1363,0.5208,0.5208,0.6944,5.5508,10.1516,14.0094,15.6820,15.7254,15.8313,15.9043,13.6486,13.6462,13.6429,13.6532,13.9447,13.8641,13.8613,14.0573,14.2036,14.1702,13.9163,15.8846"
EP00677,C2_covariance,23,CHANNEL_DROPOUT,"0.1551,0.2663,0.1812,0.4527,0.4726,0.4692,0.3137,1.4302,1.0043,0.9637,0.7145,0.5631,0.6711,0.3779,0.0533,0.2462,0.1683,0.1454,0.2733,0.5764,0.1808,0.0007,0.1430,0.7391,1.8249,2.2478,2.4445,2.2821,2.2238,2.2270,2.0096,2.0602,2.0092,2.0566,1.8550,1.6326,1.8028,1.9382,2.0465,2.2105,2.2000,2.6406"
EP00677,C3_both,23,CHANNEL_DROPOUT,"0.1587,0.6106,0.3700,0.4527,0.4726,0.4692,0.3390,1.4302,1.0043,0.9637,0.7145,5.3872,5.3667,5.2787,5.3341,5.3301,5.4472,0.1894,0.2733,0.5764,0.5208,0.5208,0.6944,5.5508,10.1516,14.0094,15.6820,15.7254,15.8313,15.9043,13.6486,13.6462,13.6429,13.6532,13.9447,13.8641,13.8613,14.0573,14.2036,14.1702,13.9163,15.8846"
EP00678,C1_variability,17,CHANNEL_DROPOUT,"0.1587,0.3576,0.1246,0.0076,0.1954,0.1689,0.1595,0.1751,0.0000,0.0129,0.1791,5.3486,5.3315,5.2854,5.4305,5.4569,5.5123,16.4264,26.9868,47.9202,43.3772,43.3226,43.3955,43.4824,43.2459,43.0428,42.9114,42.5947,42.3784,42.4648,42.5744,42.7374,42.8307,43.0282,43.3076,43.3662,43.3654,43.2595,43.1946,43.3100,43.2650,43.3130"
EP00678,C2_covariance,17,CHANNEL_DROPOUT,"0.2502,0.3613,0.2763,0.5472,0.5672,0.5637,0.4086,0.4677,0.0474,0.1201,0.2024,0.2093,0.5570,0.2806,0.7949,2.5263,2.8542,5.1147,8.8356,10.1695,12.7725,12.7385,12.8218,13.2699,13.7595,13.9305,14.1308,14.0576,13.9259,13.8560,13.8546,13.9744,14.0061,13.9352,13.4836,13.0692,13.6168,13.6870,13.7452,14.0544,13.9971,14.2823"
EP00678,C3_both,17,CHANNEL_DROPOUT,"0.2502,0.3613,0.2763,0.5472,0.5672,0.5637,0.4086,0.4677,0.0474,0.1201,0.2024,5.3486,5.3315,5.2854,5.4305,5.4569,5.5123,16.4264,26.9868,47.9202,43.3772,43.3226,43.3955,43.4824,43.2459,43.0428,42.9114,42.5947,42.3784,42.4648,42.5744,42.7374,42.8307,43.0282,43.3076,43.3662,43.3654,43.2595,43.1946,43.3100,43.2650,43.3130"
EP00679,C1_variability,16,CHANNEL_DROPOUT,"0.1652,0.4657,0.0794,0.0141,0.1035,0.1754,0.1659,0.1816,0.0064,0.0064,0.3083,5.5369,5.8029,6.3007,6.7770,7.3542,23.0814,43.0311,55.2083,59.8958,59.8958,59.8958,59.8958,59.8958,59.8958,59.8958,60.4167,60.4167,60.4167,60.4167,59.8958,59.8958,59.8958,59.8958,59.8958,59.8958,59.8958,59.8958,59.8958,59.8958,59.8958,60.4167"
EP00679,C2_covariance,16,CHANNEL_DROPOUT,"0.1844,0.2956,0.2105,0.4818,0.5018,0.4983,0.3430,0.0662,0.0662,0.1864,0.3608,1.0526,2.3859,5.1278,9.3877,10.5631,17.6025,25.7410,35.0068,41.5188,41.9177,41.7787,41.9160,42.0591,42.7460,43.0699,43.9241,44.0893,43.3663,43.7329,42.6392,42.3563,42.1634,41.8491,42.1072,41.9874,42.1435,42.8888,43.4330,43.6534,43.6357,44.5972"
EP00679,C3_both,16,CHANNEL_DROPOUT,"0.1844,0.4657,0.2105,0.4818,0.5018,0.4983,0.3430,0.1816,0.0662,0.1864,0.3608,5.5369,5.8029,6.3007,9.3877,10.5631,23.0814,43.0311,55.2083,59.8958,59.8958,59.8958,59.8958,59.8958,59.8958,59.8958,60.4167,60.4167,60.4167,60.4167,59.8958,59.8958,59.8958,59.8958,59.8958,59.8958,59.8958,59.8958,59.8958,59.8958,59.8958,60.4167"
EP00680,C1_variability,13,CHANNEL_DROPOUT,"0.6032,0.8426,0.2239,0.1382,0.0763,0.1483,0.1388,0.1545,0.0163,0.0343,0.4573,5.4236,5.4690,5.3657,7.3911,17.2771,17.4476,13.2992,13.2504,13.4142,12.5446,12.9608,15.3895,16.2051,16.2186,13.6879,19.7864,19.4882,19.4160,19.4704,13.9025,14.0143,13.9932,14.0377,13.9816,14.2103,14.1500,14.0933,14.2602,14.5537,14.6438,20.1602"
EP00680,C2_covariance,13,CHANNEL_DROPOUT,"0.0000,0.1116,0.0262,0.2985,0.3185,0.3150,0.1591,1.2103,0.7283,0.6192,0.4360,0.4698,0.7922,0.4528,0.4285,0.8834,0.8103,0.9335,0.5428,0.5676,1.0316,1.0229,1.3066,1.5477,1.7518,2.0644,2.2914,2.1380,2.1307,2.1117,1.9957,2.0341,2.0053,2.1649,1.8822,1.6864,1.7986,1.9797,2.1585,2.3546,2.3505,2.6032"
EP00680,C3_both,13,CHANNEL_DROPOUT,"0.6032,0.8426,0.2239,0.2985,0.3185,0.3150,0.1591,1.2103,0.7283,0.6192,0.4573,5.4236,5.4690,5.3657,7.3911,17.2771,17.4476,13.2992,13.2504,13.4142,12.5446,12.9608,15.3895,16.2051,16.2186,13.6879,19.7864,19.4882,19.4160,19.4704,13.9025,14.0143,13.9932,14.0377,13.9816,14.2103,14.1500,14.0933,14.2602,14.5537,14.6438,20.1602"
EP00681,C1_variability,24,CHANNEL_DROPOUT,"0.2528,0.2413,0.3614,0.4560,0.1035,0.1754,0.1659,0.1816,0.0064,0.0064,0.1726,5.3944,5.3732,5.2877,5.3400,5.3341,5.4476,0.1756,0.0707,0.0558,0.2990,0.5654,0.9355,1.6517,1.6679,27.9505,33.2822,40.1630,38.8919,43.4183,51.2000,42.4945,44.3230,38.4353,38.6463,38.3212,38.1468,38.1652,38.2385,38.3626,38.3260,39.3378"
EP00681,C2_covariance,24,CHANNEL_DROPOUT,"0.1562,0.2674,0.1823,0.4538,0.4737,0.4703,0.3148,1.2413,0.8320,0.8057,0.6055,0.4958,0.6700,0.3767,0.1368,0.2924,0.1672,0.1334,0.3343,0.6324,0.4673,0.2400,0.3767,0.4866,1.5606,2.0555,2.2457,3.9014,4.8824,6.3785,8.0245,9.8088,10.6747,11.8073,11.7625,11.8638,11.8253,12.1985,12.3715,12.4465,12.4258,12.8152"
EP00681,C3_both,24,CHANNEL_DROPOUT,"0.2528,0.2674,0.3614,0.4560,0.4737,0.4703,0.3148,1.2413,0.8320,0.8057,0.6055,5.3944,5.3732,5.2877,5.3400,5.3341,5.4476,0.1756,0.3343,0.6324,0.4673,0.5654,0.9355,1.6517,1.6679,27.9505,33.2822,40.1630,38.8919,43.4183,51.2000,42.4945,44.3230,38.4353,38.6463,38.3212,38.1468,38.1652,38.2385,38.3626,38.3260,39.3378"
EP00682,C1_variability,22,CHANNEL_DROPOUT,"0.1652,0.5705,0.2937,0.2659,0.1035,0.4290,0.1659,0.1816,0.0064,0.0064,0.1726,5.3283,5.3009,5.2248,5.2828,5.2700,5.3679,0.2812,0.1813,0.5836,1.3291,3.1817,21.3118,28.5873,28.6613,45.1305,34.3750,40.1042,43.7500,54.0914,58.3333,59.8958,59.8958,59.8958,59.8958,59.8958,59.8958,59.8958,59.8958,59.8958,59.8958,59.8958"
EP00682,C2_covariance,22,CHANNEL_DROPOUT,"0.2265,0.3375,0.2525,0.5236,0.5436,0.5401,0.3849,1.2607,0.8285,0.7992,0.5680,0.4199,0.5985,0.3057,0.0239,0.1808,0.0972,0.1192,0.1932,0.3629,1.7925,2.8999,5.2101,6.9947,10.7439,12.2481,15.8448,19.5287,22.2023,28.1768,36.2847,39.1039,39.1612,39.5452,39.4700,39.0404,39.3545,39.3996,39.8061,39.4229,39.3296,39.7081"
EP00682,C3_both,22,CHANNEL_DROPOUT,"0.2265,0.5705,0.2937,0.5236,0.5436,0.5401,0.3849,1.2607,0.8285,0.7992,0.5680,5.3283,5.3009,5.2248,5.2828,5.2700,5.3679,0.2812,0.1932,0.5836,1.7925,3.1817,21.3118,28.5873,28.6613,45.1305,34.3750,40.1042,43.7500,54.0914,58.3333,59.8958,59.8958,59.8958,59.8958,59.8958,59.8958,59.8958,59.8958,59.8958,59.8958,59.8958"
EP00683,C1_variability,22,CHANNEL_DROPOUT,"0.1549,0.6149,0.3925,0.4490,0.3430,0.4541,0.1557,0.1713,0.0038,0.0167,0.1829,5.5106,5.4997,5.4203,5.4759,5.4613,5.5721,0.1859,0.0604,0.0332,0.2275,0.1794,0.4295,0.8813,0.7483,0.4910,5.6210,5.4573,5.5679,4.8722,5.0655,4.6826,4.7042,4.6398,8.5444,8.5724,12.6133,12.4720,14.6501,14.3787,14.3494,17.6154"
EP00683,C2_covariance,22,CHANNEL_DROPOUT,"0.0593,0.1707,0.0854,0.3574,0.3774,0.3739,0.2182,1.3668,0.9402,0.8955,0.6540,0.5241,0.7685,0.4747,0.1440,0.3213,0.2648,0.2309,0.2377,0.5560,0.3059,0.2509,0.2231,0.1014,0.0624,0.2314,0.4715,0.3397,0.2904,0.3629,0.3646,0.5475,0.5339,0.6442,0.6011,0.3487,0.7080,0.8426,1.1415,1.2055,1.3597,1.6891"
EP00683,C3_both,22,CHANNEL_DROPOUT,"0.1549,0.6149,0.3925,0.4490,0.3774,0.4541,0.2182,1.3668,0.9402,0.8955,0.6540,5.5106,5.4997,5.4203,5.4759,5.4613,5.5721,0.2309,0.2377,0.5560,0.3059,0.2509,0.4295,0.8813,0.7483,0.4910,5.6210,5.4573,5.5679,4.8722,5.0655,4.6826,4.7042,4.6398,8.5444,8.5724,12.6133,12.4720,14.6501,14.3787,14.3494,17.6154"
EP00684,C1_variability,19,CHANNEL_DROPOUT,"0.1587,0.5345,0.1389,0.0076,0.0970,0.4027,0.1595,0.1751,0.0000,0.0129,0.1791,5.4372,5.4245,5.3523,5.3976,5.3377,5.3415,0.3094,0.1014,4.2823,14.2054,14.1265,14.2053,26.3333,26.4003,28.3397,34.7205,34.8230,31.2591,31.0531,29.9689,27.9893,32.1355,33.5011,33.4888,39.1486,39.1331,39.9164,46.5585,45.2561,46.7475,49.0827"
EP00684,C2_covariance,19,CHANNEL_DROPOUT,"0.0852,0.1965,0.1113,0.3832,0.4031,0.3997,0.2440,0.9777,0.5409,0.4784,0.3690,0.3759,0.7422,0.4486,0.1286,0.2373,0.1727,0.3332,1.0873,1.1961,1.2001,1.3653,1.1126,1.1228,1.2282,1.4038,1.9385,1.8984,2.2624,2.1440,3.2866,3.5776,3.9541,4.5174,4.8292,5.1334,6.3548,7.2908,9.3608,9.9973,11.0578,12.7547"
EP00684,C3_both,19,CHANNEL_DROPOUT,"0.1587,0.5345,0.1389,0.3832,0.4031,0.4027,0.2440,0.9777,0.5409,0.4784,0.3690,5.4372,5.4245,5.3523,5.3976,5.3377,5.3415,0.3332,1.0873,4.2823,14.2054,14.1265,14.2053,26.3333,26.4003,28.3397,34.7205,34.8230,31.2591,31.0531,29.9689,27.9893,32.1355,33.5011,33.4888,39.1486,39.1331,39.9164,46.5585,45.2561,46.7475,49.0827"
EP00685,C1_variability,24,CHANNEL_DROPOUT,"0.2439,0.3408,0.4233,0.5337,0.1035,0.3952,0.1659,0.1816,0.0064,0.0064,0.1726,5.3923,5.3762,5.2938,5.3481,5.3373,5.4476,0.1756,0.0707,0.0421,0.2754,0.3341,0.6300,1.1061,6.8518,15.1394,15.1905,10.4167,13.5417,15.1042,21.5523,23.4375,26.0417,28.6458,29.7263,47.2837,42.0334,38.0208,39.5833,43.2292,45.8333,51.5625"
EP00685,C2_covariance,24,CHANNEL_DROPOUT,"0.1606,0.2718,0.1867,0.4581,0.4781,0.4746,0.3192,1.3812,0.9602,0.9208,0.6839,0.5512,0.6655,0.3723,0.1175,0.2953,0.1628,0.1290,0.3386,0.6290,0.4218,0.2872,0.0830,0.2104,0.7690,2.2869,3.5287,4.1815,5.8951,6.4627,7.5038,9.3181,10.4966,12.3870,13.6390,15.5407,17.1084,19.4910,21.7670,22.2615,25.7004,29.4615"
EP00685,C3_both,24,CHANNEL_DROPOUT,"0.2439,0.3408,0.4233,0.5337,0.4781,0.4746,0.3192,1.3812,0.9602,0.9208,0.6839,5.3923,5.3762,5.2938,5.3481,5.3373,5.4476,0.1756,0.3386,0.6290,0.4218,0.3341,0.6300,1.1061,6.8518,15.1394,15.1905,10.4167,13.5417,15.1042,21.5523,23.4375,26.0417,28.6458,29.7263,47.2837,42.0334,38.0208,39.5833,43.2292,45.8333,51.5625"
EP00686,C1_variability,23,GAIN_DRIFT,"0.1587,0.2128,0.1949,0.1616,0.0970,0.1689,0.1595,0.1751,0.0105,0.0129,0.1791,5.4433,5.4414,5.3570,5.4114,5.3945,5.5148,0.1836,0.0947,1.8562,4.2682,7.0070,10.3533,13.9376,16.7956,18.1037,18.5634,18.6644,19.5203,19.4619,19.0947,18.8975,18.1038,18.2415,18.0752,18.7576,17.3850,19.3131,18.1510,17.6021,18.2442,18.1377"
EP00686,C2_covariance,23,GAIN_DRIFT,"0.0001,0.1116,0.0262,0.2985,0.3185,0.3150,0.1591,1.3969,0.9769,0.9378,0.7022,0.5620,0.8288,0.5346,0.2035,0.3440,0.3244,0.2908,0.1818,0.4597,0.2496,0.1270,0.0196,0.0225,0.2275,0.4045,0.6561,0.5372,0.4899,0.4285,0.2614,0.2788,0.2138,0.3015,0.1439,0.1630,0.6074,0.6550,0.8725,0.9027,1.1504,1.1934"
EP00686,C3_both,23,GAIN_DRIFT,"0.1587,0.2128,0.1949,0.2985,0.3185,0.3150,0.1595,1.3969,0.9769,0.9378,0.7022,5.4433,5.4414,5.3570,5.4114,5.3945,5.5148,0.2908,0.1818,1.8562,4.2682,7.0070,10.3533,13.9376,16.7956,18.1037,18.5634,18.6644,19.5203,19.4619,19.0947,18.8975,18.1038,18.2415,18.0752,18.7576,17.3850,19.3131,18.1510,17.6021,18.2442,18.1377"
EP00687,C1_variability,15,GAIN_DRIFT,"0.5241,0.6009,0.1722,0.0076,0.0970,0.1689,0.1595,0.1751,0.0000,0.0198,1.9956,5.4197,9.8569,15.7473,24.2156,32.7001,39.4025,43.2715,43.5900,42.3033,40.9857,40.6607,40.0284,41.3075,41.8367,41.4524,42.5319,40.8467,42.7898,39.4292,38.7511,39.6449,39.4569,39.0614,41.4455,41.3758,41.1028,41.8314,40.6839,41.3567,41.4593,41.6840"
EP00687,C2_covariance,15,GAIN_DRIFT,"0.1184,0.2297,0.1445,0.4162,0.4362,0.4327,0.2772,0.8859,0.4144,0.3434,0.2909,0.1921,0.7405,0.7059,0.3723,0.3608,0.4272,0.2990,0.0601,0.4387,0.1379,0.1549,0.1064,0.1329,0.3779,0.6043,0.8053,0.7082,0.6103,0.3694,0.2716,0.2431,0.3360,0.4187,0.2773,0.1162,0.1485,0.3354,0.4188,0.5882,0.8162,0.8917"
EP00687,C3_both,15,GAIN_DRIFT,"0.5241,0.6009,0.1722,0.4162,0.4362,0.4327,0.2772,0.8859,0.4144,0.3434,1.9956,5.4197,9.8569,15.7473,24.2156,32.7001,39.4025,43.2715,43.5900,42.3033,40.9857,40.6607,40.0284,41.3075,41.8367,41.4524,42.5319,40.8467,42.7898,39.4292,38.7511,39.6449,39.4569,39.0614,41.4455,41.3758,41.1028,41.8314,40.6839,41.3567,41.4593,41.6840"
EP00688,C1_variability,14,GAIN_DRIFT,"0.2493,0.0706,0.0066,0.1162,0.0829,0.1548,0.1453,0.1610,0.0516,2.8910,5.9079,9.2651,13.8962,16.6902,35.1520,72.3757,97.0071,102.5060,105.0773,103.3909,100.5518,95.9072,94.3383,94.3940,97.4188,100.5816,99.3475,99.2737,102.7155,101.3997,102.1803,101.1604,100.9137,102.9914,104.6273,102.1411,102.6011,102.5749,104.1876,106.3540,105.2348,103.2414"
EP00688,C2_covariance,14,GAIN_DRIFT,"0.0593,0.1707,0.0854,0.3574,0.3774,0.3739,0.2182,0.2674,0.1859,0.4590,2.4910,4.1741,8.1051,13.1815,16.0003,11.4935,8.9192,7.4901,7.3673,7.5043,7.4490,8.0092,7.9391,8.0885,7.8389,7.9220,9.1753,8.6458,9.0550,9.2467,8.8468,8.7154,7.5521,9.6782,9.5679,9.2919,9.6889,9.9874,9.9632,7.2454,7.0671,8.0787"
EP00688,C3_both,14,GAIN_DRIFT,"0.2493,0.1707,0.0854,0.3574,0.3774,0.3739,0.2182,0.2674,0.1859,2.8910,5.9079,9.2651,13.8962,16.6902,35.1520,72.3757,97.0071,102.5060,105.0773,103.3909,100.5518,95.9072,94.3383,94.3940,97.4188,100.5816,99.3475,99.2737,102.7155,101.3997,102.1803,101.1604,100.9137,102.9914,104.6273,102.1411,102.6011,102.5749,104.1876,106.3540,105.2348,103.2414"
EP00689,C1_variability,22,GAIN_DRIFT,"0.1549,0.6498,0.2753,0.1137,0.1003,0.4086,0.1557,0.1713,0.0117,0.0167,0.1829,5.5375,5.5273,5.4461,5.4993,5.4812,5.5863,0.2030,0.5760,1.7772,3.4611,5.4446,7.5312,9.5837,12.5118,13.4694,15.3569,16.8877,18.4325,19.6373,19.5298,19.3226,18.5046,19.0099,17.9660,19.8211,20.3722,19.8677,19.4767,20.4769,20.2402,20.5903"
EP00689,C2_covariance,22,GAIN_DRIFT,"0.0593,0.1707,0.0854,0.3574,0.3774,0.3739,0.2182,1.3616,0.9330,0.8851,0.6394,0.5092,0.7685,0.4747,0.1440,0.3145,0.2630,0.2434,0.2200,0.5647,0.3024,0.2443,0.2013,0.0485,0.1111,0.2867,0.5201,0.4058,0.3290,0.2164,0.2033,0.1312,0.1878,0.1762,0.0023,0.1502,0.5703,0.6174,0.8021,0.7442,0.9532,1.0021"
EP00689,C3_both,22,GAIN_DRIFT,"0.1549,0.6498,0.2753,0.3574,0.3774,0.4086,0.2182,1.3616,0.9330,0.8851,0.6394,5.5375,5.5273,5.4461,5.4993,5.4812,5.5863,0.2434,0.5760,1.7772,3.4611,5.4446,7.5312,9.5837,12.5118,13.4694,15.3569,16.8877,18.4325,19.6373,19.5298,19.3226,18.5046,19.0099,17.9660,19.8211,20.3722,19.8677,19.4767,20.4769,20.2402,20.5903"
EP00690,C1_variability,20,GAIN_DRIFT,"0.1184,0.3563,0.1202,0.0509,0.0567,0.1286,0.1192,0.1348,0.0404,0.0534,0.2196,5.1820,5.1366,5.0297,5.1099,5.1555,5.4249,3.2313,7.0358,9.2282,13.0661,17.2856,20.5021,24.4869,30.3586,34.4720,35.8047,36.4832,37.3907,38.8709,39.1407,38.2176,38.2982,38.4533,38.7491,38.3822,39.4023,38.6185,36.9246,38.4233,38.9935,38.9546"
EP00690,C2_covariance,20,GAIN_DRIFT,"0.1605,0.2717,0.1866,0.4580,0.4780,0.4745,0.3191,1.1906,0.7524,0.6965,0.4466,0.3281,0.6657,0.3725,0.0525,0.2708,0.1059,0.1945,0.4495,0.6711,0.3091,0.1448,0.0467,0.1995,0.1859,0.4547,0.6924,0.7998,0.7549,0.5991,0.4741,0.5565,0.5266,0.5297,0.2825,0.0482,0.4087,0.5299,0.6904,0.7978,0.8657,1.1849"
EP00690,C3_both,20,GAIN_DRIFT,"0.1605,0.3563,0.1866,0.4580,0.4780,0.4745,0.3191,1.1906,0.7524,0.6965,0.4466,5.1820,5.1366,5.0297,5.1099,5.1555,5.4249,3.2313,7.0358,9.2282,13.0661,17.2856,20.5021,24.4869,30.3586,34.4720,35.8047,36.4832,37.3907,38.8709,39.1407,38.2176,38.2982,38.4533,38.7491,38.3822,39.4023,38.6185,36.9246,38.4233,38.9935,38.9546"
EP00691,C1_variability,21,GAIN_DRIFT,"0.1587,0.1600,0.0869,0.0133,0.0970,0.1689,0.1595,0.1751,0.0000,0.0129,0.1791,5.0576,5.0532,4.9860,5.0398,5.0040,5.0891,2.2330,5.5750,10.9289,17.8118,27.1445,33.1220,46.7086,55.7251,64.4175,72.8267,82.0207,87.2961,93.1702,93.9135,95.7332,93.8289,95.0885,94.7596,95.0957,91.1743,93.7713,92.5302,95.1999,91.7606,94.5658"
EP00691,C2_covariance,21,GAIN_DRIFT,"0.1184,0.2297,0.1445,0.4162,0.4362,0.4327,0.2772,1.1729,0.7444,0.6918,0.4515,0.3423,0.7084,0.4150,0.0846,0.2209,0.1953,0.0052,0.3707,0.5403,0.3158,1.6403,1.7617,1.8799,2.9289,4.3948,5.1303,5.7563,6.4387,7.7454,7.5671,7.4014,7.1999,7.5344,6.7100,7.2035,7.3789,7.3773,7.9420,8.1972,8.5096,8.4641"
EP00691,C3_both,21,GAIN_DRIFT,"0.1587,0.2297,0.1445,0.4162,0.4362,0.4327,0.2772,1.1729,0.7444,0.6918,0.4515,5.0576,5.0532,4.9860,5.0398,5.0040,5.0891,2.2330,5.5750,10.9289,17.8118,27.1445,33.1220,46.7086,55.7251,64.4175,72.8267,82.0207,87.2961,93.1702,93.9135,95.7332,93.8289,95.0885,94.7596,95.0957,91.1743,93.7713,92.5302,95.1999,91.7606,94.5658"
EP00692,C1_variability,24,GAIN_DRIFT,"0.2357,0.2708,0.3228,0.1887,0.1583,0.2598,0.1659,0.1816,0.0064,0.0064,0.1726,5.4050,5.3882,5.3030,5.3552,5.3466,5.4562,0.1756,0.0707,0.0192,0.2041,0.1333,0.7889,1.4173,2.5447,2.9273,5.9779,5.8803,6.1689,6.3279,7.5329,8.7214,9.3373,10.4380,11.3239,12.8606,14.1547,14.2732,15.7811,17.2642,17.4282,18.6811"
EP00692,C2_covariance,24,GAIN_DRIFT,"0.0131,0.0985,0.0131,0.2855,0.3055,0.3020,0.1461,1.4021,0.9698,0.9232,0.6726,0.5365,0.8421,0.5479,0.2167,0.3571,0.3376,0.3037,0.1656,0.4842,0.2330,0.1764,0.1481,0.0362,0.1335,0.2974,0.5413,0.4208,0.3899,0.2997,0.3311,0.2292,0.2496,0.3097,0.0972,0.2551,0.6343,0.6773,0.8295,0.7876,1.0806,1.1312"
EP00692,C3_both,24,GAIN_DRIFT,"0.2357,0.2708,0.3228,0.2855,0.3055,0.3020,0.1659,1.4021,0.9698,0.9232,0.6726,5.4050,5.3882,5.3030,5.3552,5.3466,5.4562,0.3037,0.1656,0.4842,0.2330,0.1764,0.7889,1.4173,2.5447,2.9273,5.9779,5.8803,6.1689,6.3279,7.5329,8.7214,9.3373,10.4380,11.3239,12.8606,14.1547,14.2732,15.7811,17.2642,17.4282,18.6811"
EP00693,C1_variability,21,GAIN_DRIFT,"0.1475,0.5624,0.3008,0.0037,0.0858,0.1577,0.1482,0.1639,0.0113,0.0242,0.1904,5.4361,5.4272,5.3521,5.4089,5.3951,5.5096,0.1730,0.6327,2.2968,2.9274,4.8358,6.5496,8.3740,10.2642,12.7533,16.4538,18.7495,21.3103,23.1387,26.7652,27.8618,30.0624,30.6345,33.3600,36.3151,37.8684,40.5422,43.2727,43.4188,44.2618,47.3255"
EP00693,C2_covariance,21,GAIN_DRIFT,"0.1184,0.2297,0.1445,0.4162,0.4362,0.4327,0.2772,1.2922,0.8566,0.8049,0.5546,0.4337,0.7084,0.4150,0.0979,0.2974,0.2037,0.1914,0.2892,0.6026,0.3560,0.2692,0.2264,0.1628,0.0427,0.2257,0.4732,0.4089,0.3476,0.2886,0.2843,0.1914,0.2139,0.3477,0.2400,0.1514,0.6117,0.6593,0.8962,0.9514,1.3847,1.3468"
EP00693,C3_both,21,GAIN_DRIFT,"0.1475,0.5624,0.3008,0.4162,0.4362,0.4327,0.2772,1.2922,0.8566,0.8049,0.5546,5.4361,5.4272,5.3521,5.4089,5.3951,5.5096,0.1914,0.6327,2.2968,2.9274,4.8358,6.5496,8.3740,10.2642,12.7533,16.4538,18.7495,21.3103,23.1387,26.7652,27.8618,30.0624,30.6345,33.3600,36.3151,37.8684,40.5422,43.2727,43.4188,44.2618,47.3255"
EP00694,C1_variability,26,GAIN_DRIFT,"0.1504,0.5813,0.3879,0.2556,0.0887,0.1606,0.1512,0.1668,0.0083,0.0212,0.1874,5.4595,5.4500,5.3697,5.4203,5.4028,5.5227,0.1904,0.0559,0.0377,0.2143,0.3839,2.3826,4.9574,9.6755,14.3269,20.6866,26.3479,32.5844,38.7823,44.9277,51.2368,58.8755,66.7602,72.2588,80.1027,85.8752,91.4940,99.8864,105.9153,107.4354,112.7105"
EP00694,C2_covariance,26,GAIN_DRIFT,"0.0131,0.0985,0.0131,0.2855,0.3055,0.3020,0.1461,1.3844,0.9641,0.9236,0.6871,0.5606,0.8421,0.5479,0.2167,0.3571,0.3376,0.3037,0.1656,0.4844,0.2353,0.1586,0.1244,0.1017,0.0622,0.1245,0.5583,0.7006,0.8296,0.6896,0.8464,0.8413,1.5239,1.6827,1.8738,1.2935,1.9491,1.9852,1.9366,1.8358,2.0236,2.2307"
EP00694,C3_both,26,GAIN_DRIFT,"0.1504,0.5813,0.3879,0.2855,0.3055,0.3020,0.1512,1.3844,0.9641,0.9236,0.6871,5.4595,5.4500,5.3697,5.4203,5.4028,5.5227,0.3037,0.1656,0.4844,0.2353,0.3839,2.3826,4.9574,9.6755,14.3269,20.6866,26.3479,32.5844,38.7823,44.9277,51.2368,58.8755,66.7602,72.2588,80.1027,85.8752,91.4940,99.8864,105.9153,107.4354,112.7105"
EP00695,C1_variability,27,GEOMETRY_ROTATION,"0.1064,0.5148,0.7533,0.1607,0.3729,0.7480,0.1715,0.1228,0.0526,0.0655,0.2318,5.3889,5.3780,5.2994,5.3512,5.3272,5.4395,0.2348,0.0117,0.0820,0.2764,1.2338,2.9433,4.2932,5.2604,6.1234,7.0114,7.1628,7.4677,7.2117,6.8196,6.9090,6.9197,7.0895,6.7825,7.1094,7.3636,7.4284,7.3137,7.9551,7.2819,7.6676"
EP00695,C2_covariance,27,GEOMETRY_ROTATION,"0.2502,0.3613,0.2763,0.5472,0.5672,0.5637,0.4086,1.2324,0.8304,0.8135,0.5816,0.4276,0.5744,0.2817,0.0477,0.0920,0.0726,0.0388,0.4280,0.7451,0.4959,0.4025,0.7772,2.1917,3.7148,5.5726,7.5295,8.1740,8.7972,8.5953,8.2078,8.4400,8.5620,8.5596,7.9614,7.7367,7.9179,8.1074,8.3928,8.7771,8.9516,9.4256"
EP00695,C3_both,27,GEOMETRY_ROTATION,"0.2502,0.5148,0.7533,0.5472,0.5672,0.7480,0.4086,1.2324,0.8304,0.8135,0.5816,5.3889,5.3780,5.2994,5.3512,5.3272,5.4395,0.2348,0.4280,0.7451,0.4959,1.2338,2.9433,4.2932,5.2604,6.1234,7.5295,8.1740,8.7972,8.5953,8.2078,8.4400,8.5620,8.5596,7.9614,7.7367,7.9179,8.1074,8.3928,8.7771,8.9516,9.4256"
EP00696,C1_variability,14,GEOMETRY_ROTATION,"0.1321,0.2213,0.1440,0.1571,0.0674,0.0047,0.0047,0.0110,0.3510,2.1198,3.2010,4.1348,5.6049,6.7211,8.5687,8.7000,9.3981,9.7047,10.0397,9.9785,9.8224,9.9042,9.9068,9.8957,9.7798,10.0409,10.1490,10.2492,10.1598,10.1041,10.0636,10.0597,9.8958,9.9020,9.7850,10.1249,10.0755,10.8435,10.7455,9.9414,9.9950,9.9280"
EP00696,C2_covariance,14,GEOMETRY_ROTATION,"0.0593,0.1707,0.0854,0.3574,0.3774,0.3739,0.2182,0.3110,0.1922,0.8423,2.9888,4.8402,7.9108,9.1801,11.1894,13.3680,14.5410,15.0875,14.5219,14.5277,15.0516,14.9038,14.9891,15.0046,14.9619,15.2998,15.2779,15.2627,15.0581,15.0684,14.9294,14.8990,14.9190,14.7037,14.7325,14.3462,14.6191,14.9687,15.1018,15.3753,15.3571,15.5754"
EP00696,C3_both,14,GEOMETRY_ROTATION,"0.1321,0.2213,0.1440,0.3574,0.3774,0.3739,0.2182,0.3110,0.3510,2.1198,3.2010,4.8402,7.9108,9.1801,11.1894,13.3680,14.5410,15.0875,14.5219,14.5277,15.0516,14.9038,14.9891,15.0046,14.9619,15.2998,15.2779,15.2627,15.0581,15.0684,14.9294,14.8990,14.9190,14.7037,14.7325,14.3462,14.6191,14.9687,15.1018,15.3753,15.3571,15.5754"
EP00697,C1_variability,20,GEOMETRY_ROTATION,"0.3615,0.3708,0.1074,0.1206,0.0309,0.0411,0.0317,0.0474,0.1282,0.1412,0.3077,5.0091,5.0056,4.9563,1.2461,2.6386,3.3085,4.4919,7.3327,11.1561,19.3460,21.0680,22.5669,22.5656,22.5880,22.6057,22.6515,22.6658,22.7296,22.6862,22.6316,22.6774,22.6213,22.7149,22.6112,22.7613,22.8972,22.7997,22.8290,22.7279,22.8676,22.7682"
EP00697,C2_covariance,20,GEOMETRY_ROTATION,"0.4102,0.5208,0.4361,0.7062,0.7261,0.7226,0.5680,0.2924,0.1607,0.0410,0.0410,0.0479,0.4118,0.2359,0.9629,4.5395,6.5988,9.9830,11.1815,13.6627,16.7733,18.7379,20.0851,20.4457,20.5380,20.3234,19.9648,19.9627,19.7557,19.8993,19.8217,19.7245,19.8021,19.7237,19.7198,19.6934,19.8906,20.2061,20.3587,20.6665,20.6365,20.7016"
EP00697,C3_both,20,GEOMETRY_ROTATION,"0.4102,0.5208,0.4361,0.7062,0.7261,0.7226,0.5680,0.2924,0.1607,0.1412,0.3077,5.0091,5.0056,4.9563,1.2461,4.5395,6.5988,9.9830,11.1815,13.6627,19.3460,21.0680,22.5669,22.5656,22.5880,22.6057,22.6515,22.6658,22.7296,22.6862,22.6316,22.6774,22.6213,22.7149,22.6112,22.7613,22.8972,22.7997,22.8290,22.7279,22.8676,22.7682"
EP00698,C1_variability,16,GEOMETRY_ROTATION,"0.2300,0.3142,0.2224,0.1520,0.0623,0.0099,0.0004,0.0161,0.1596,0.1726,0.2387,5.7096,6.3756,6.7185,7.2748,7.6880,8.0371,6.0467,6.2465,6.2574,6.2039,6.4564,6.6771,7.2634,6.9110,7.0538,8.2192,7.9543,7.8181,8.4818,7.3860,7.8708,7.6049,7.6514,7.5618,7.4094,7.5112,7.4247,7.4324,7.3085,7.4743,8.6365"
EP00698,C2_covariance,16,GEOMETRY_ROTATION,"0.1844,0.2956,0.2105,0.4818,0.5018,0.4983,0.3430,0.9193,0.4527,0.3693,0.2681,0.3029,0.7468,0.5978,0.6652,1.3589,2.2391,3.2030,3.9449,4.4077,5.7650,6.5489,7.0448,7.7409,8.4595,8.9815,9.2633,9.2284,9.1208,8.9645,8.8849,8.9267,8.8180,8.7503,8.6118,8.7151,8.7446,9.0720,9.4310,9.6382,9.7385,10.2411"
EP00698,C3_both,16,GEOMETRY_ROTATION,"0.2300,0.3142,0.2224,0.4818,0.5018,0.4983,0.3430,0.9193,0.4527,0.3693,0.2681,5.7096,6.3756,6.7185,7.2748,7.6880,8.0371,6.0467,6.2465,6.2574,6.2039,6.5489,7.0448,7.7409,8.4595,8.9815,9.2633,9.2284,9.1208,8.9645,8.8849,8.9267,8.8180,8.7503,8.6118,8.7151,8.7446,9.0720,9.4310,9.6382,9.7385,10.2411"
EP00699,C1_variability,17,GEOMETRY_ROTATION,"0.4017,0.2158,0.1384,0.1516,0.0619,0.0102,0.0007,0.0164,0.1592,0.1722,0.3389,4.8673,4.3521,4.0372,5.0987,6.2989,6.9830,6.8840,7.2067,7.5960,7.6786,8.1800,8.5883,8.7858,9.0550,9.4127,9.8360,9.9329,9.9938,10.0953,10.0357,10.0859,9.9804,10.0569,9.9661,10.0959,10.2074,10.1518,10.1506,10.0770,10.1346,10.0341"
EP00699,C2_covariance,17,GEOMETRY_ROTATION,"0.2441,0.3551,0.2702,0.5412,0.5611,0.5576,0.4025,1.0239,0.5402,0.4605,0.2086,0.0000,0.4811,0.5004,0.9436,2.3561,3.7482,5.5984,7.2157,8.9083,10.7325,11.8184,12.8040,13.7508,14.5175,15.2863,15.6547,15.6840,15.4795,15.3543,15.3071,15.1590,15.1690,15.0581,15.2645,15.1738,15.3767,15.9534,15.9681,16.3116,16.0992,16.2920"
EP00699,C3_both,17,GEOMETRY_ROTATION,"0.4017,0.3551,0.2702,0.5412,0.5611,0.5576,0.4025,1.0239,0.5402,0.4605,0.3389,4.8673,4.3521,4.0372,5.0987,6.2989,6.9830,6.8840,7.2157,8.9083,10.7325,11.8184,12.8040,13.7508,14.5175,15.2863,15.6547,15.6840,15.4795,15.3543,15.3071,15.1590,15.1690,15.0581,15.2645,15.1738,15.3767,15.9534,15.9681,16.3116,16.0992,16.2920"
EP00700,C1_variability,16,GEOMETRY_ROTATION,"0.2813,0.2213,0.1440,0.1571,0.0674,0.0047,0.0047,0.0110,0.1647,0.1777,0.6003,3.5543,4.2816,5.0434,6.6536,8.1544,8.2611,9.3767,10.8654,12.1750,13.4702,14.9525,16.8732,19.6777,21.2500,21.7677,22.5242,22.7131,22.6179,22.6280,22.6164,22.6727,22.6068,22.6165,22.4596,22.6300,22.7090,22.5595,22.5660,22.5394,22.5827,22.5345"
EP00700,C2_covariance,16,GEOMETRY_ROTATION,"0.1844,0.2956,0.2105,0.4818,0.5018,0.4983,0.3430,0.1482,0.0662,0.1864,0.2442,0.9476,3.5366,5.3710,7.3227,9.9610,12.4800,14.4576,15.6402,16.4636,17.6039,18.9779,20.1921,21.3308,21.9640,23.2735,23.5773,23.1868,23.1547,22.8789,22.8801,22.8922,22.9720,23.2199,23.0852,22.5251,22.7706,23.1071,23.0243,23.5203,23.8136,23.9419"
EP00700,C3_both,16,GEOMETRY_ROTATION,"0.2813,0.2956,0.2105,0.4818,0.5018,0.4983,0.3430,0.1482,0.1647,0.1864,0.6003,3.5543,4.2816,5.3710,7.3227,9.9610,12.4800,14.4576,15.6402,16.4636,17.6039,18.9779,20.1921,21.3308,21.9640,23.2735,23.5773,23.1868,23.1547,22.8789,22.8801,22.8922,22.9720,23.2199,23.0852,22.6300,22.7706,23.1071,23.0243,23.5203,23.8136,23.9419"
EP00701,C1_variability,16,GEOMETRY_ROTATION,"0.4039,0.3820,0.2372,0.1520,0.0623,0.0099,0.1039,0.0161,0.1596,0.1726,0.3008,5.4216,5.3420,5.1151,5.1493,5.2261,5.3087,2.8693,3.0873,3.4608,3.4655,4.2404,4.1963,4.1529,4.0920,4.4757,5.6210,5.7143,5.7954,6.2444,5.3589,5.5516,5.6093,5.7768,5.7777,5.9174,6.1529,6.1748,6.2600,6.3637,6.3008,6.5175"
EP00701,C2_covariance,16,GEOMETRY_ROTATION,"0.1844,0.2956,0.2105,0.4818,0.5018,0.4983,0.3430,0.9907,0.5238,0.4306,0.2685,0.2802,0.6600,0.3917,0.1298,0.3805,0.5021,0.6625,0.4296,0.2635,0.7788,1.1625,1.5687,1.8690,2.2744,2.8536,3.5176,3.7518,4.1900,4.5300,4.6829,4.8546,4.8798,5.2849,5.3834,5.5251,6.0838,6.6806,6.9642,7.5080,7.4193,7.8577"
EP00701,C3_both,16,GEOMETRY_ROTATION,"0.4039,0.3820,0.2372,0.4818,0.5018,0.4983,0.3430,0.9907,0.5238,0.4306,0.3008,5.4216,5.3420,5.1151,5.1493,5.2261,5.3087,2.8693,3.0873,3.4608,3.4655,4.2404,4.1963,4.1529,4.0920,4.4757,5.6210,5.7143,5.7954,6.2444,5.3589,5.5516,5.6093,5.7768,5.7777,5.9174,6.1529,6.6806,6.9642,7.5080,7.4193,7.8577"
EP00702,C1_variability,19,GEOMETRY_ROTATION,"0.0618,0.1538,0.0765,0.0896,0.0000,0.0720,0.0626,0.0782,0.0972,0.1102,0.2766,5.2046,5.1947,5.1223,5.2285,5.4490,5.8148,2.0146,3.0151,3.5854,4.1112,4.6272,5.2045,5.3771,5.7910,6.4184,7.2109,7.3843,7.6354,7.7697,7.9996,9.1498,8.4207,8.4730,8.3478,8.8724,9.3823,9.5817,9.6927,9.7693,9.9385,10.1177"
EP00702,C2_covariance,19,GEOMETRY_ROTATION,"0.2502,0.3613,0.2763,0.5472,0.5672,0.5637,0.4086,1.0841,0.6343,0.5783,0.3226,0.2093,0.5744,0.2822,0.0405,0.1934,0.2266,0.4612,0.4640,0.9639,2.3924,3.1246,4.3658,5.1318,6.0910,7.3302,8.2201,8.8021,9.4937,10.0154,10.4155,10.8839,10.9316,11.5787,11.6907,11.8933,12.3959,13.3313,13.6380,14.2498,14.4879,15.1969"
EP00702,C3_both,19,GEOMETRY_ROTATION,"0.2502,0.3613,0.2763,0.5472,0.5672,0.5637,0.4086,1.0841,0.6343,0.5783,0.3226,5.2046,5.1947,5.1223,5.2285,5.4490,5.8148,2.0146,3.0151,3.5854,4.1112,4.6272,5.2045,5.3771,6.0910,7.3302,8.2201,8.8021,9.4937,10.0154,10.4155,10.8839,10.9316,11.5787,11.6907,11.8933,12.3959,13.3313,13.6380,14.2498,14.4879,15.1969"
EP00703,C1_variability,26,GEOMETRY_ROTATION,"0.1102,0.3123,0.4681,0.0411,0.1940,0.6806,0.1362,0.1266,0.0487,0.0616,0.2279,5.3654,5.3511,5.2736,5.3288,5.3169,5.4351,0.2309,0.0156,0.0781,0.0208,1.2349,2.7001,3.8715,5.5755,6.8115,7.6669,8.5025,9.2995,9.9001,10.4741,11.3156,12.0544,12.8618,13.7582,14.9362,16.0594,17.1066,18.1973,19.2413,20.3292,21.1737"
EP00703,C2_covariance,26,GEOMETRY_ROTATION,"0.2265,0.3375,0.2525,0.5236,0.5436,0.5401,0.3849,1.4467,1.0429,1.0103,0.7681,0.5997,0.5985,0.3057,0.0239,0.1378,0.0965,0.0627,0.4043,0.7216,0.4656,0.3655,0.2908,2.1763,4.4689,6.9620,9.1556,10.8714,12.4340,13.8660,14.4631,15.2609,16.0557,16.8830,17.6798,17.6076,18.2717,19.0630,20.0177,21.2177,22.0230,22.5150"
EP00703,C3_both,26,GEOMETRY_ROTATION,"0.2265,0.3375,0.4681,0.5236,0.5436,0.6806,0.3849,1.4467,1.0429,1.0103,0.7681,5.3654,5.3511,5.2736,5.3288,5.3169,5.4351,0.2309,0.4043,0.7216,0.4656,1.2349,2.7001,3.8715,5.5755,6.9620,9.1556,10.8714,12.4340,13.8660,14.4631,15.2609,16.0557,16.8830,17.6798,17.6076,18.2717,19.0630,20.0177,21.2177,22.0230,22.5150"
EP00704,C1_variability,23,NONE,"0.4920,0.5281,0.6157,0.5662,0.3795,0.2393,0.1375,0.1185,0.0005,0.1779,5.7509,5.8163,6.1099,6.0033,6.1511,5.9408,0.0846,0.1152,0.0190,0.1342,0.0823,0.2727,0.4152,1.2708,1.7699,6.2606,5.8779,6.0406,6.0001,6.1880,6.0325,5.8961,5.9774,5.4817,5.2963,0.9078,1.3145,1.5729,1.2011,1.4072,1.2057,0.5806"
EP00704,C2_covariance,23,NONE,"0.4871,0.0860,0.6743,1.0144,0.7658,0.6528,0.4834,0.3575,0.1812,0.1594,0.4142,0.3886,0.1031,0.2312,0.3853,0.1382,0.0103,0.0879,0.0019,0.4224,0.3864,0.2896,0.5336,0.3912,0.5439,0.9204,1.2014,1.2762,1.0397,0.8408,0.3916,0.3642,0.0468,0.0882,0.6728,1.7728,1.5395,0.7785,0.6672,0.5648,0.0740,0.1340"
EP00704,C3_both,23,NONE,"0.4920,0.5281,0.6743,1.0144,0.7658,0.6528,0.4834,0.3575,0.1812,0.1779,5.7509,5.8163,6.1099,6.0033,6.1511,5.9408,0.0846,0.1152,0.0190,0.4224,0.3864,0.2896,0.5336,1.2708,1.7699,6.2606,5.8779,6.0406,6.0001,6.1880,6.0325,5.8961,5.9774,5.4817,5.2963,1.7728,1.5395,1.5729,1.2011,1.4072,1.2057,0.5806"
EP00705,C1_variability,13,RATE_LOSS,"0.4999,0.0636,0.0885,0.0385,0.1502,0.2918,0.3947,0.3905,0.1564,0.6403,6.3057,6.4731,6.7817,6.6919,6.8893,6.6693,4.4428,4.4149,4.5354,4.5434,4.4448,4.4169,4.5197,4.3127,4.0522,6.9602,6.5802,6.7507,6.6968,6.8889,6.7373,6.5884,6.6767,6.1625,5.9803,4.1506,4.1442,4.2062,4.2454,4.3267,4.5299,4.5013"
EP00705,C2_covariance,13,RATE_LOSS,"0.1321,0.2662,0.2234,0.2567,0.3829,0.2966,0.1284,0.0000,0.3549,0.4623,0.7755,0.7790,0.3742,0.4976,0.7231,0.4891,0.3414,0.2643,0.3516,0.7710,0.7353,0.6392,0.8815,0.7401,0.8916,1.2655,1.5445,1.6188,1.3840,1.1865,0.7405,0.7133,0.3981,0.2640,0.2263,0.8080,0.6293,0.1385,0.0442,0.1284,0.4251,0.2185"
EP00705,C3_both,13,RATE_LOSS,"0.4999,0.2662,0.2234,0.2567,0.3829,0.2966,0.3947,0.3905,0.3549,0.6403,6.3057,6.4731,6.7817,6.6919,6.8893,6.6693,4.4428,4.4149,4.5354,4.5434,4.4448,4.4169,4.5197,4.3127,4.0522,6.9602,6.5802,6.7507,6.6968,6.8889,6.7373,6.5884,6.6767,6.1625,5.9803,4.1506,4.1442,4.2062,4.2454,4.3267,4.5299,4.5013"
EP00706,C1_variability,22,RATE_LOSS,"0.4878,0.2720,0.3601,0.3103,0.1227,0.0797,0.1206,0.2222,0.2593,0.1649,5.8521,5.9231,6.2143,6.1101,6.2539,6.0372,0.2012,1.0271,2.7289,4.5705,6.4926,8.8081,11.0034,11.9250,11.9185,11.8677,11.9268,12.0376,11.9835,12.0473,12.0834,11.9615,11.9497,11.8514,11.7974,12.0000,11.9947,12.0461,12.0786,12.1460,12.3144,12.2907"
EP00706,C2_covariance,22,RATE_LOSS,"0.3826,0.1824,0.8795,1.1067,0.8839,0.4166,0.2129,0.0877,0.3900,0.4265,0.6799,0.6545,0.3705,0.4980,0.6512,0.4054,0.2409,0.1196,0.1813,0.0993,0.2237,0.1358,0.5984,0.6691,0.8089,1.1834,1.4629,1.5373,1.3021,1.1043,0.6575,0.6302,0.3145,0.1802,0.7893,1.8893,1.6453,0.8942,0.7833,0.6934,0.3415,0.1347"
EP00706,C3_both,22,RATE_LOSS,"0.4878,0.2720,0.8795,1.1067,0.8839,0.4166,0.2129,0.2222,0.3900,0.4265,5.8521,5.9231,6.2143,6.1101,6.2539,6.0372,0.2409,1.0271,2.7289,4.5705,6.4926,8.8081,11.0034,11.9250,11.9185,11.8677,11.9268,12.0376,11.9835,12.0473,12.0834,11.9615,11.9497,11.8514,11.7974,12.0000,11.9947,12.0461,12.0786,12.1460,12.3144,12.2907"
EP00707,C1_variability,14,RATE_LOSS,"0.5619,0.0193,0.0693,0.0193,0.1695,0.3112,0.4142,0.5163,0.5305,0.7572,5.7667,6.0386,7.1561,11.2140,17.0433,22.2346,25.7822,27.1589,27.2589,27.2630,27.2136,27.1997,27.2511,27.1475,27.0173,26.9866,27.0223,27.0891,27.0565,27.0950,27.1168,27.0432,27.0361,26.9768,26.9442,27.0665,27.0632,27.0943,27.1139,27.1546,27.2562,27.2419"
EP00707,C2_covariance,14,RATE_LOSS,"0.0455,0.4424,0.4264,0.4915,0.4083,0.1184,0.0492,0.1737,0.4625,0.4938,0.4618,0.6029,3.1976,4.6467,4.0858,2.5114,0.2631,0.4292,0.5275,0.9454,0.9098,0.8140,1.0555,0.9146,1.0656,1.4382,1.7162,1.7902,1.5563,1.3595,0.9150,0.8879,0.5738,0.4402,0.4026,0.8833,0.7712,0.3859,0.2409,0.3051,0.6007,0.3949"
EP00707,C3_both,14,RATE_LOSS,"0.5619,0.4424,0.4264,0.4915,0.4083,0.3112,0.4142,0.5163,0.5305,0.7572,5.7667,6.0386,7.1561,11.2140,17.0433,22.2346,25.7822,27.1589,27.2589,27.2630,27.2136,27.1997,27.2511,27.1475,27.0173,26.9866,27.0223,27.0891,27.0565,27.0950,27.1168,27.0432,27.0361,26.9768,26.9442,27.0665,27.0632,27.0943,27.1139,27.1546,27.2562,27.2419"
EP00708,C1_variability,22,RATE_LOSS,"0.6071,0.4136,0.5014,0.4518,0.2646,0.1242,0.0221,0.1607,0.1163,0.2291,5.7820,5.8487,6.1415,6.0352,6.1847,5.9721,0.1992,0.1677,0.1144,0.3566,0.5808,0.9609,1.5870,1.9217,2.2091,6.3158,5.8712,6.0288,6.0070,6.1972,6.0617,5.9284,6.0106,5.5150,5.3301,4.5298,4.5234,4.5849,4.6238,4.7045,4.9060,4.8777"
EP00708,C2_covariance,22,RATE_LOSS,"0.4775,0.0764,0.7446,1.0769,0.8264,0.6431,0.4738,0.3479,0.2023,0.1689,0.4237,0.3981,0.1126,0.2407,0.3948,0.1477,0.0008,0.0746,0.0012,0.4117,0.3958,0.2633,0.5288,0.3883,0.5267,0.8669,1.2143,1.2931,1.0554,0.8549,0.4044,0.3737,0.0564,0.0786,0.7389,1.8385,1.6054,0.8446,0.7291,0.6242,0.0835,0.1244"
EP00708,C3_both,22,RATE_LOSS,"0.6071,0.4136,0.7446,1.0769,0.8264,0.6431,0.4738,0.3479,0.2023,0.2291,5.7820,5.8487,6.1415,6.0352,6.1847,5.9721,0.1992,0.1677,0.1144,0.4117,0.5808,0.9609,1.5870,1.9217,2.2091,6.3158,5.8712,6.0288,6.0070,6.1972,6.0617,5.9284,6.0106,5.5150,5.3301,4.5298,4.5234,4.5849,4.6238,4.7045,4.9060,4.8777"
EP00709,C1_variability,27,RATE_LOSS,"0.4202,0.4920,0.5796,0.5301,0.3433,0.2352,0.1011,0.1736,0.0370,0.0570,5.6139,5.6804,5.9695,5.8678,6.0052,5.7962,0.1689,0.1517,0.2181,0.0103,0.1188,0.1058,0.4626,0.8851,1.5383,6.1638,5.6003,6.0166,7.4938,9.0053,10.2448,10.9846,11.6878,11.9466,11.9664,12.1681,12.1628,12.2140,12.2463,12.3134,12.4811,12.4575"
EP00709,C2_covariance,27,RATE_LOSS,"0.6270,0.2247,0.8244,1.0898,0.8834,0.7931,0.6233,0.4971,0.3203,0.0213,0.2768,0.2512,0.0352,0.0933,0.2478,0.0000,0.1489,0.2267,0.1386,0.2850,0.2489,0.1387,0.3617,0.2037,0.2903,0.5194,0.9364,1.0079,0.7278,0.5813,0.0788,0.0120,0.1148,0.2369,0.7058,1.8350,1.6004,0.8544,0.7506,0.6776,0.0644,0.2729"
EP00709,C3_both,27,RATE_LOSS,"0.6270,0.4920,0.8244,1.0898,0.8834,0.7931,0.6233,0.4971,0.3203,0.0570,5.6139,5.6804,5.9695,5.8678,6.0052,5.7962,0.1689,0.2267,0.2181,0.2850,0.2489,0.1387,0.4626,0.8851,1.5383,6.1638,5.6003,6.0166,7.4938,9.0053,10.2448,10.9846,11.6878,11.9466,11.9664,12.1681,12.1628,12.2140,12.2463,12.3134,12.4811,12.4575"
EP00710,C1_variability,20,RATE_LOSS,"0.7077,0.2372,0.3253,0.2755,0.0877,0.0532,0.1557,0.2573,0.2945,0.2000,5.8876,5.9555,6.2460,6.1334,6.2750,6.0720,1.3891,2.8130,4.7388,7.0177,9.5131,12.1547,14.9460,17.5045,19.9917,22.2343,24.4291,25.9652,26.7839,27.1956,27.2341,27.1609,27.1538,27.0948,27.0624,27.1840,27.1808,27.2117,27.2312,27.2717,27.3728,27.3586"
EP00710,C2_covariance,20,RATE_LOSS,"0.2871,0.1125,0.9939,1.0411,0.8932,0.4521,0.2834,0.1580,0.5980,0.3569,0.6106,0.5852,0.3008,0.4284,0.5663,0.3061,0.0873,0.0190,0.2143,0.0418,0.3615,0.5303,0.3635,0.5701,0.6410,0.4350,0.7465,1.2750,1.1833,1.0295,0.5882,0.5609,0.2447,0.1102,0.7045,1.8194,1.5675,0.8816,0.7573,0.7159,0.2843,0.0646"
EP00710,C3_both,20,RATE_LOSS,"0.7077,0.2372,0.9939,1.0411,0.8932,0.4521,0.2834,0.2573,0.5980,0.3569,5.8876,5.9555,6.2460,6.1334,6.2750,6.0720,1.3891,2.8130,4.7388,7.0177,9.5131,12.1547,14.9460,17.5045,19.9917,22.2343,24.4291,25.9652,26.7839,27.1956,27.2341,27.1609,27.1538,27.0948,27.0624,27.1840,27.1808,27.2117,27.2312,27.2717,27.3728,27.3586"
EP00711,C1_variability,22,RATE_LOSS,"0.6636,0.4136,0.5014,0.4518,0.2646,0.1242,0.0221,0.1611,0.1163,0.2883,5.7795,5.8459,6.1388,6.0324,6.1820,5.9697,0.1949,0.1839,0.0345,0.1560,0.2021,0.3646,0.7096,1.3860,1.9269,6.2991,5.8892,6.0450,6.0122,6.1929,6.0496,5.9083,6.0061,5.5043,5.3396,3.4307,3.6590,3.9470,4.2026,4.4490,4.7641,4.8216"
EP00711,C2_covariance,22,RATE_LOSS,"0.4800,0.0789,0.7441,1.0762,0.8258,0.6456,0.4763,0.3504,0.2023,0.1665,0.4212,0.3956,0.1101,0.2383,0.3923,0.1452,0.0034,0.0783,0.0034,0.4217,0.3966,0.2851,0.5663,0.3979,0.5452,0.9073,1.2163,1.2915,1.0532,0.8564,0.3821,0.3247,0.0555,0.0828,0.7455,1.7797,1.5942,0.8692,0.6900,0.5944,0.0792,0.1284"
EP00711,C3_both,22,RATE_LOSS,"0.6636,0.4136,0.7441,1.0762,0.8258,0.6456,0.4763,0.3504,0.2023,0.2883,5.7795,5.8459,6.1388,6.0324,6.1820,5.9697,0.1949,0.1839,0.0345,0.4217,0.3966,0.3646,0.7096,1.3860,1.9269,6.2991,5.8892,6.0450,6.0122,6.1929,6.0496,5.9083,6.0061,5.5043,5.3396,3.4307,3.6590,3.9470,4.2026,4.4490,4.7641,4.8216"
EP00712,C1_variability,22,RATE_LOSS,"0.5888,0.4136,0.5014,0.4518,0.2646,0.1242,0.0221,0.1602,0.1163,0.2369,5.7816,5.8483,6.1412,6.0348,6.1843,5.9718,0.1992,0.1627,0.1324,0.3954,0.6496,1.0670,1.7405,2.1282,2.4697,6.3178,5.8646,6.0077,5.9872,6.1548,6.2540,6.6636,7.3222,7.8243,8.3677,9.2583,9.8474,10.4736,11.0674,11.5687,12.0366,12.2413"
EP00712,C2_covariance,22,RATE_LOSS,"0.4770,0.0759,0.7447,1.0770,0.8265,0.6426,0.4733,0.3474,0.2022,0.1695,0.4242,0.3986,0.1131,0.2413,0.3953,0.1482,0.0003,0.0738,0.0011,0.4097,0.3948,0.2585,0.5213,0.3853,0.5222,0.8583,1.2144,1.2903,1.0488,0.8556,0.3377,0.2231,0.0374,0.1068,0.7745,1.6821,1.5861,0.9367,0.6296,0.5333,0.0856,0.1318"
EP00712,C3_both,22,RATE_LOSS,"0.5888,0.4136,0.7447,1.0770,0.8265,0.6426,0.4733,0.3474,0.2022,0.2369,5.7816,5.8483,6.1412,6.0348,6.1843,5.9718,0.1992,0.1627,0.1324,0.4097,0.6496,1.0670,1.7405,2.1282,2.4697,6.3178,5.8646,6.0077,5.9872,6.1548,6.2540,6.6636,7.3222,7.8243,8.3677,9.2583,9.8474,10.4736,11.0674,11.5687,12.0366,12.2413"
EP00713,C1_variability,24,RATE_LOSS,"0.2163,0.3996,0.4875,0.4379,0.2507,0.1102,0.0080,0.0933,0.1304,0.0361,5.6779,5.7438,6.0354,5.9291,6.0747,5.8652,0.2146,0.2453,0.0790,0.3184,0.7661,1.4684,2.5595,3.5954,4.7433,6.2456,7.6007,9.0964,10.3560,11.7874,13.1688,14.3111,15.8345,17.1545,18.4974,20.2002,21.5558,22.9007,24.2912,25.4388,26.3323,26.9395"
EP00713,C2_covariance,24,RATE_LOSS,"0.5360,0.1344,0.7229,1.0352,0.8023,0.7018,0.5323,0.4062,0.2298,0.1112,0.3662,0.3406,0.0548,0.1831,0.3373,0.0899,0.0587,0.1363,0.0548,0.3448,0.3324,0.1349,0.3387,0.2225,0.3285,0.5871,1.0521,1.1253,0.8523,0.6638,0.0324,0.5600,0.2604,0.4455,0.9307,1.4105,1.6581,1.3273,0.5188,0.2865,0.3955,0.2780"
EP00713,C3_both,24,RATE_LOSS,"0.5360,0.3996,0.7229,1.0352,0.8023,0.7018,0.5323,0.4062,0.2298,0.1112,5.6779,5.7438,6.0354,5.9291,6.0747,5.8652,0.2146,0.2453,0.0790,0.3448,0.7661,1.4684,2.5595,3.5954,4.7433,6.2456,7.6007,9.0964,10.3560,11.7874,13.1688,14.3111,15.8345,17.1545,18.4974,20.2002,21.5558,22.9007,24.2912,25.4388,26.3323,26.9395"
EP00714,C1_variability,17,CHANNEL_DROPOUT,"0.6684,0.4920,0.5796,0.5301,0.3433,0.2031,0.1011,0.0000,0.0370,0.0570,6.1199,6.2059,6.5449,6.3896,6.3636,5.8646,7.8713,11.2648,15.4389,19.9247,24.3923,24.4959,24.7265,24.4195,24.4947,28.0606,27.8912,28.0783,28.1350,28.0985,28.0928,28.0042,28.0786,27.7929,27.5518,24.4421,24.2837,24.2737,24.2875,24.1678,24.3316,24.1597"
EP00714,C2_covariance,17,CHANNEL_DROPOUT,"0.3048,0.0949,0.6355,0.9810,0.7414,0.4698,0.3011,0.1757,0.2284,0.3394,0.5933,0.5932,0.2693,0.3553,0.4890,0.3113,0.0027,0.2330,0.2494,0.7844,1.0095,1.2446,1.5825,1.3615,1.3818,1.3945,1.0753,1.0046,0.8212,0.9448,0.9739,0.9914,1.1138,1.2302,1.3891,1.9582,1.6243,1.4995,1.4412,1.4035,1.0747,1.3331"
EP00714,C3_both,17,CHANNEL_DROPOUT,"0.6684,0.4920,0.6355,0.9810,0.7414,0.4698,0.3011,0.1757,0.2284,0.3394,6.1199,6.2059,6.5449,6.3896,6.3636,5.8646,7.8713,11.2648,15.4389,19.9247,24.3923,24.4959,24.7265,24.4195,24.4947,28.0606,27.8912,28.0783,28.1350,28.0985,28.0928,28.0042,28.0786,27.7929,27.5518,24.4421,24.2837,24.2737,24.2875,24.1678,24.3316,24.1597"
EP00715,C1_variability,22,CHANNEL_DROPOUT,"0.4416,0.6241,0.7115,0.6622,0.4758,0.3360,0.2343,0.1334,0.0965,0.1903,6.0267,6.0993,6.3865,6.2854,6.4279,6.2165,0.0017,0.1663,0.5262,0.8233,1.1492,1.3936,19.3017,29.7233,48.4784,49.8181,49.8213,49.5401,49.7194,49.8171,49.5816,49.8890,50.0033,50.1934,50.1759,49.5562,49.6633,49.5541,49.7001,49.6607,49.4870,49.4400"
EP00715,C2_covariance,22,CHANNEL_DROPOUT,"0.2919,0.1077,0.5731,0.7890,0.6351,0.4569,0.2882,0.1628,0.4082,0.3522,0.6060,0.5805,0.2961,0.4237,0.5772,0.3310,0.1432,0.2623,0.0262,1.4767,1.2842,2.2617,4.7462,7.8203,11.1204,11.2610,10.8678,10.6618,10.9988,11.1372,11.5103,11.7058,12.0195,12.1913,12.1205,13.0146,12.6062,12.4089,12.6330,12.3330,12.1446,12.1179"
EP00715,C3_both,22,CHANNEL_DROPOUT,"0.4416,0.6241,0.7115,0.7890,0.6351,0.4569,0.2882,0.1628,0.4082,0.3522,6.0267,6.0993,6.3865,6.2854,6.4279,6.2165,0.1432,0.2623,0.5262,1.4767,1.2842,2.2617,19.3017,29.7233,48.4784,49.8181,49.8213,49.5401,49.7194,49.8171,49.5816,49.8890,50.0033,50.1934,50.1759,49.5562,49.6633,49.5541,49.7001,49.6607,49.4870,49.4400"
EP00716,C1_variability,13,CHANNEL_DROPOUT,"0.3576,0.3917,0.4795,0.4299,0.2427,0.1022,0.0000,0.1418,0.3514,0.8779,1.7482,2.7052,4.0801,32.2513,52.7280,48.1119,59.3750,59.3750,59.3750,59.3750,59.3750,59.3750,59.3750,59.3750,59.3750,59.3750,59.3750,59.3750,59.3750,59.3750,59.3750,59.3750,59.3750,59.3750,59.3750,59.3750,59.3750,59.3750,59.3750,59.3750,59.3750,59.3750"
EP00716,C2_covariance,13,CHANNEL_DROPOUT,"0.1072,0.5036,0.0163,0.1690,0.1424,0.0565,0.1108,0.2327,0.3738,0.0965,1.3630,4.4359,8.1503,13.0984,21.2976,28.4684,40.1648,39.9607,39.7112,39.7716,40.1481,40.3126,40.1159,40.2254,40.1789,39.7769,39.1634,39.1034,39.2687,39.1489,39.4455,39.7292,39.8780,40.0650,39.8071,40.2815,40.4955,40.4811,40.3995,40.4548,40.7469,40.7955"
EP00716,C3_both,13,CHANNEL_DROPOUT,"0.3576,0.5036,0.4795,0.4299,0.2427,0.1022,0.1108,0.2327,0.3738,0.8779,1.7482,4.4359,8.1503,32.2513,52.7280,48.1119,59.3750,59.3750,59.3750,59.3750,59.3750,59.3750,59.3750,59.3750,59.3750,59.3750,59.3750,59.3750,59.3750,59.3750,59.3750,59.3750,59.3750,59.3750,59.3750,59.3750,59.3750,59.3750,59.3750,59.3750,59.3750,59.3750"
EP00717,C1_variability,24,CHANNEL_DROPOUT,"0.3736,0.5563,0.6439,0.5944,0.4079,0.2678,0.1660,0.1838,0.0280,0.1220,5.7096,5.7751,6.0678,5.9600,6.1068,5.8996,0.1197,0.0865,0.0458,0.1032,0.0690,0.2000,0.2878,0.8122,1.2960,13.8575,18.1592,18.1932,18.7913,18.5308,18.3439,18.3566,25.8028,25.5875,25.5355,20.8943,20.9054,20.9407,20.9366,21.0556,21.2764,21.1950"
EP00717,C2_covariance,24,CHANNEL_DROPOUT,"0.5392,0.1376,0.7174,1.0209,0.7921,0.7050,0.5355,0.4095,0.2330,0.1080,0.3630,0.3374,0.0516,0.1799,0.3341,0.0867,0.0619,0.1396,0.0516,0.3615,0.3684,0.3271,0.6351,0.5838,0.8010,0.4701,0.6295,0.6329,0.2419,0.2381,0.7686,0.7743,1.6925,1.8218,1.7681,2.4952,2.1123,1.9331,1.9023,1.7735,1.4460,1.7748"
EP00717,C3_both,24,CHANNEL_DROPOUT,"0.5392,0.5563,0.7174,1.0209,0.7921,0.7050,0.5355,0.4095,0.2330,0.1220,5.7096,5.7751,6.0678,5.9600,6.1068,5.8996,0.1197,0.1396,0.0516,0.3615,0.3684,0.3271,0.6351,0.8122,1.2960,13.8575,18.1592,18.1932,18.7913,18.5308,18.3439,18.3566,25.8028,25.5875,25.5355,20.8943,20.9054,20.9407,20.9366,21.0556,21.2764,21.1950"
EP00718,C1_variability,15,CHANNEL_DROPOUT,"0.6456,0.4356,0.5234,0.4738,0.2868,0.1464,0.0443,0.0569,0.0940,0.0000,6.3306,6.5928,7.0724,7.1262,7.7469,18.2480,19.6993,27.8803,32.4191,44.7095,47.1541,44.9510,44.6948,51.2075,55.7912,61.1159,62.2020,62.0065,61.9904,61.9660,61.8741,62.0232,61.9616,62.1656,62.1840,63.3750,63.4525,63.1795,63.3206,63.0872,62.9719,63.1612"
EP00718,C2_covariance,15,CHANNEL_DROPOUT,"0.3048,0.0949,0.3964,0.4128,0.5565,0.4698,0.3011,0.1757,0.3324,0.3364,0.7824,0.9552,0.7422,0.9933,1.2934,1.6133,1.7093,1.8772,3.1697,3.7504,5.5579,6.4577,6.2105,7.7184,8.2738,8.4820,9.1580,9.1235,9.5466,9.7240,10.1027,10.4076,10.6375,10.7630,10.7105,11.1603,10.9575,10.4914,10.5369,10.4893,10.1408,10.5504"
EP00718,C3_both,15,CHANNEL_DROPOUT,"0.6456,0.4356,0.5234,0.4738,0.5565,0.4698,0.3011,0.1757,0.3324,0.3364,6.3306,6.5928,7.0724,7.1262,7.7469,18.2480,19.6993,27.8803,32.4191,44.7095,47.1541,44.9510,44.6948,51.2075,55.7912,61.1159,62.2020,62.0065,61.9904,61.9660,61.8741,62.0232,61.9616,62.1656,62.1840,63.3750,63.4525,63.1795,63.3206,63.0872,62.9719,63.1612"
EP00719,C1_variability,25,CHANNEL_DROPOUT,"0.5269,0.6116,0.6990,0.6496,0.4633,0.3234,0.2217,0.1767,0.0839,0.2975,5.6369,5.7023,5.9922,5.8789,6.0343,5.8406,0.0771,0.0306,0.1049,0.2948,0.2565,0.5934,1.5215,2.3970,5.2037,22.4134,36.0573,44.1474,37.1580,45.5790,42.1875,76.9540,57.2917,59.3750,59.3750,59.3750,59.3750,59.3750,59.3750,59.3750,59.3750,59.3750"
EP00719,C2_covariance,25,CHANNEL_DROPOUT,"0.3985,0.0019,0.7679,1.0218,0.8083,0.5639,0.3949,0.2692,0.3616,0.2469,0.5012,0.4757,0.1906,0.3186,0.4724,0.2257,0.0774,0.0000,0.0877,0.5155,0.4396,1.6265,3.5842,4.7743,5.7684,5.5101,7.6971,10.6437,14.9774,18.9262,24.1186,31.8450,38.6570,42.2671,42.0075,42.6524,42.2081,42.2047,42.2981,42.3056,41.7902,42.1317"
EP00719,C3_both,25,CHANNEL_DROPOUT,"0.5269,0.6116,0.7679,1.0218,0.8083,0.5639,0.3949,0.2692,0.3616,0.2975,5.6369,5.7023,5.9922,5.8789,6.0343,5.8406,0.0774,0.0306,0.1049,0.5155,0.4396,1.6265,3.5842,4.7743,5.7684,22.4134,36.0573,44.1474,37.1580,45.5790,42.1875,76.9540,57.2917,59.3750,59.3750,59.3750,59.3750,59.3750,59.3750,59.3750,59.3750,59.3750"
EP00720,C1_variability,25,CHANNEL_DROPOUT,"0.4797,0.5741,0.6616,0.6121,0.4256,0.2856,0.1838,0.1104,0.0459,0.1398,5.6601,5.7273,6.0190,5.9105,6.0560,5.8512,0.0380,0.0686,0.0637,0.0849,0.0407,0.2142,0.3811,0.6494,0.9730,6.4626,4.3156,4.4909,5.5895,5.7977,5.8027,5.6936,5.9474,5.1406,4.9704,7.2877,7.0719,6.8488,6.7598,8.4679,13.1700,13.1615"
EP00720,C2_covariance,25,CHANNEL_DROPOUT,"0.5914,0.1894,0.7375,1.0229,0.8446,0.7574,0.5877,0.4616,0.2849,0.0565,0.3118,0.2861,0.0012,0.1284,0.2828,0.0351,0.1136,0.1914,0.1033,0.3199,0.2973,0.1741,0.4576,0.2753,0.4317,0.7044,0.6557,0.7976,0.3774,0.1504,0.3313,0.3575,0.6608,1.0802,1.0741,1.5817,1.3244,0.7941,0.6841,1.4626,1.5883,0.7170"
EP00720,C3_both,25,CHANNEL_DROPOUT,"0.5914,0.5741,0.7375,1.0229,0.8446,0.7574,0.5877,0.4616,0.2849,0.1398,5.6601,5.7273,6.0190,5.9105,6.0560,5.8512,0.1136,0.1914,0.1033,0.3199,0.2973,0.2142,0.4576,0.6494,0.9730,6.4626,4.3156,4.4909,5.5895,5.7977,5.8027,5.6936,5.9474,5.1406,4.9704,7.2877,7.0719,6.8488,6.7598,8.4679,13.1700,13.1615"
EP00721,C1_variability,20,CHANNEL_DROPOUT,"0.4031,0.5755,0.6631,0.6136,0.4271,0.2871,0.1853,0.0844,0.0474,0.1925,5.8701,5.9345,6.2275,6.1146,6.2675,5.9820,0.1006,0.3769,0.1363,0.1784,2.9434,13.4378,13.4316,13.5688,16.2356,19.3959,32.0073,31.7005,29.1185,27.3105,25.8826,30.0258,28.6630,40.7479,32.0640,29.9551,31.0750,34.7675,35.0885,43.2007,44.6829,47.9844"
EP00721,C2_covariance,20,CHANNEL_DROPOUT,"0.6200,0.2178,1.1363,1.2702,1.1162,0.7861,0.6163,0.4901,0.5824,0.0282,0.2837,0.2580,0.0282,0.1002,0.2547,0.0906,0.0976,0.1839,0.1810,0.5340,0.2915,0.5887,0.6448,0.9807,1.0691,1.2459,1.5385,1.2304,2.4976,3.7278,4.8623,5.6194,6.4495,7.4353,8.7978,10.1544,9.9637,9.8491,10.0336,11.5881,11.5254,12.1738"
EP00721,C3_both,20,CHANNEL_DROPOUT,"0.6200,0.5755,1.1363,1.2702,1.1162,0.7861,0.6163,0.4901,0.5824,0.1925,5.8701,5.9345,6.2275,6.1146,6.2675,5.9820,0.1006,0.3769,0.1810,0.5340,2.9434,13.4378,13.4316,13.5688,16.2356,19.3959,32.0073,31.7005,29.1185,27.3105,25.8826,30.0258,28.6630,40.7479,32.0640,29.9551,31.0750,34.7675,35.0885,43.2007,44.6829,47.9844"
EP00722,C1_variability,14,CHANNEL_DROPOUT,"0.5836,0.4319,0.5196,0.4701,0.2830,0.1426,0.0405,0.0607,0.0970,0.4307,6.6008,6.8854,7.4880,7.7058,20.5054,12.5576,28.9217,30.9001,32.1889,33.6061,36.7559,44.8986,38.0457,40.0342,41.8166,35.9973,37.8994,43.1675,44.9734,46.6873,51.0799,52.1044,47.1509,45.8333,47.3958,61.9787,71.2710,52.6042,54.1667,57.2917,58.3333,59.3750"
EP00722,C2_covariance,14,CHANNEL_DROPOUT,"0.0018,0.3955,0.0929,0.2447,0.2520,0.1659,0.0018,0.1265,0.3170,0.6505,0.8617,0.7446,0.2829,0.4018,0.9429,0.8722,1.7506,3.1490,3.7567,4.0553,6.1518,7.0764,8.1669,10.1330,10.9863,11.7175,12.5178,13.3186,14.2487,14.6059,16.6240,18.0337,20.8945,24.2510,25.4251,27.3784,27.0562,30.9345,32.2175,35.0740,36.0406,37.5911"
EP00722,C3_both,14,CHANNEL_DROPOUT,"0.5836,0.4319,0.5196,0.4701,0.2830,0.1659,0.0405,0.1265,0.3170,0.6505,6.6008,6.8854,7.4880,7.7058,20.5054,12.5576,28.9217,30.9001,32.1889,33.6061,36.7559,44.8986,38.0457,40.0342,41.8166,35.9973,37.8994,43.1675,44.9734,46.6873,51.0799,52.1044,47.1509,45.8333,47.3958,61.9787,71.2710,52.6042,54.1667,57.2917,58.3333,59.3750"
EP00723,C1_variability,20,GAIN_DRIFT,"0.3928,0.5755,0.6631,0.6136,0.4271,0.2871,0.1853,0.0844,0.0474,0.1413,5.7815,5.8432,6.1330,6.0191,6.1632,6.0332,1.1937,3.8589,5.9074,7.5650,10.3832,12.9384,13.4332,14.8496,15.6243,16.0416,16.0563,16.9401,16.0722,16.3981,14.3978,14.3722,15.3292,15.3006,14.7563,14.3229,15.1825,15.4289,15.6841,16.1153,16.0059,16.2786"
EP00723,C2_covariance,20,GAIN_DRIFT,"0.5236,0.1338,0.8922,1.1896,0.9562,0.6894,0.5199,0.3939,0.3624,0.1234,0.3784,0.3528,0.0670,0.1953,0.3494,0.0989,0.0250,0.0250,0.0333,0.5177,0.3324,0.4162,0.6905,0.5001,0.6125,0.8752,1.1303,1.1843,0.9772,0.6899,0.4534,0.3493,0.0523,0.0544,0.6937,1.5930,1.4881,0.8500,0.7603,0.6344,0.0796,0.1364"
EP00723,C3_both,20,GAIN_DRIFT,"0.5236,0.5755,0.8922,1.1896,0.9562,0.6894,0.5199,0.3939,0.3624,0.1413,5.7815,5.8432,6.1330,6.0191,6.1632,6.0332,1.1937,3.8589,5.9074,7.5650,10.3832,12.9384,13.4332,14.8496,15.6243,16.0416,16.0563,16.9401,16.0722,16.3981,14.3978,14.3722,15.3292,15.3006,14.7563,14.3229,15.1825,15.4289,15.6841,16.1153,16.0059,16.2786"
EP00724,C1_variability,17,GAIN_DRIFT,"0.3090,0.4920,0.5796,0.5301,0.3433,0.2031,0.1011,0.0000,0.0370,0.0570,5.9808,6.0489,6.5291,6.7881,10.3493,17.5147,25.2204,35.6330,41.1793,42.5923,43.1288,42.6195,41.3964,41.2312,42.3039,42.8869,43.7185,43.5882,45.0256,44.0434,41.6555,42.2433,43.1006,43.3660,43.3604,41.9240,42.2703,43.5074,43.0595,43.4098,44.3142,44.1335"
EP00724,C2_covariance,17,GAIN_DRIFT,"0.1724,0.2263,0.2883,0.3019,0.4234,0.3370,0.1687,0.0436,0.4430,0.4702,0.7234,0.7097,0.4437,0.5018,0.4412,0.3231,0.6899,0.2396,0.0835,0.3811,0.2875,0.2176,0.3713,0.3193,0.3861,0.6864,1.0137,1.1061,0.8954,0.7215,0.2440,0.2202,0.0606,0.2204,0.3329,1.4536,1.1559,0.4440,0.4960,0.3245,0.0353,0.1755"
EP00724,C3_both,17,GAIN_DRIFT,"0.3090,0.4920,0.5796,0.5301,0.4234,0.3370,0.1687,0.0436,0.4430,0.4702,5.9808,6.0489,6.5291,6.7881,10.3493,17.5147,25.2204,35.6330,41.1793,42.5923,43.1288,42.6195,41.3964,41.2312,42.3039,42.8869,43.7185,43.5882,45.0256,44.0434,41.6555,42.2433,43.1006,43.3660,43.3604,41.9240,42.2703,43.5074,43.0595,43.4098,44.3142,44.1335"
EP00725,C1_variability,22,GAIN_DRIFT,"0.4588,0.6299,0.7173,0.6679,0.4816,0.3418,0.2401,0.1393,0.1024,0.1961,3.8251,3.8666,4.0808,3.9965,4.0982,3.9403,0.3821,2.6480,7.5705,12.7092,19.1035,28.4751,54.8103,83.3308,93.5421,92.0655,88.4704,88.9519,89.0212,95.0252,91.4281,92.0001,93.2902,92.5399,94.3729,94.7672,96.1283,96.4991,99.2380,97.8564,96.4769,95.9691"
EP00725,C2_covariance,22,GAIN_DRIFT,"0.2166,0.1824,0.3996,0.6422,0.4766,0.3813,0.2129,0.0877,0.4418,0.4265,0.6799,0.6545,0.3705,0.4980,0.6512,0.4054,0.2673,0.1921,0.8822,1.4654,3.3558,4.0264,3.6111,2.2249,1.4846,1.1699,1.1218,1.3890,1.7676,2.0988,2.6288,2.5641,2.6404,2.5125,2.3707,2.7842,2.6263,2.7409,2.4785,2.2102,2.1193,2.4405"
EP00725,C3_both,22,GAIN_DRIFT,"0.4588,0.6299,0.7173,0.6679,0.4816,0.3813,0.2401,0.1393,0.4418,0.4265,3.8251,3.8666,4.0808,3.9965,4.0982,3.9403,0.3821,2.6480,7.5705,12.7092,19.1035,28.4751,54.8103,83.3308,93.5421,92.0655,88.4704,88.9519,89.0212,95.0252,91.4281,92.0001,93.2902,92.5399,94.3729,94.7672,96.1283,96.4991,99.2380,97.8564,96.4769,95.9691"
EP00726,C1_variability,13,GAIN_DRIFT,"0.2241,0.3709,0.4588,0.4092,0.2219,0.0813,0.0209,0.1218,0.1367,0.7719,6.4215,6.3705,6.5619,6.2900,6.2086,7.4944,8.5870,9.1715,11.2548,12.8667,14.4340,15.1935,16.5530,16.6861,17.9570,18.4843,18.4792,18.4430,18.3122,18.8740,18.5919,19.1340,18.1547,18.3126,17.9449,17.2060,17.3997,17.2163,17.3405,17.3146,17.5764,18.3844"
EP00726,C2_covariance,13,GAIN_DRIFT,"0.1288,0.2695,0.2750,0.3546,0.3796,0.2932,0.1251,0.0000,0.4451,0.5030,0.7817,0.7587,0.4342,0.5125,0.6250,0.3465,0.2021,0.1672,0.2127,0.6416,0.6179,0.4987,0.7713,0.5664,0.7163,1.0604,1.3195,1.4194,1.1729,1.0186,0.5709,0.5794,0.2525,0.1244,0.0875,1.0712,0.8719,0.2463,0.1578,0.1354,0.2074,0.0037"
EP00726,C3_both,13,GAIN_DRIFT,"0.2241,0.3709,0.4588,0.4092,0.3796,0.2932,0.1251,0.1218,0.4451,0.7719,6.4215,6.3705,6.5619,6.2900,6.2086,7.4944,8.5870,9.1715,11.2548,12.8667,14.4340,15.1935,16.5530,16.6861,17.9570,18.4843,18.4792,18.4430,18.3122,18.8740,18.5919,19.1340,18.1547,18.3126,17.9449,17.2060,17.3997,17.2163,17.3405,17.3146,17.5764,18.3844"
EP00727,C1_variability,17,GAIN_DRIFT,"0.5124,0.4920,0.5796,0.5301,0.3433,0.2031,0.1011,0.0197,0.0370,0.0570,6.1449,6.2244,6.5197,6.4593,6.7055,6.7170,6.7937,11.0981,15.7776,19.7889,23.4671,26.0891,28.4111,34.9887,36.3510,38.6403,40.5639,42.1874,42.6172,42.5019,44.0742,43.7991,44.0506,43.5129,43.7955,43.6501,45.1861,43.6161,44.4755,45.0261,44.0923,43.4219"
EP00727,C2_covariance,17,GAIN_DRIFT,"0.4005,0.0000,0.8251,1.0974,0.8954,0.5658,0.3968,0.2711,0.4031,0.2450,0.4993,0.4739,0.1962,0.3495,0.5134,0.2300,0.1484,0.0391,0.1134,0.5237,0.4012,0.4365,0.4784,0.6732,0.7768,0.5897,0.7823,0.7846,0.5890,0.5224,0.5720,0.1078,0.1982,0.2217,0.5065,1.2763,1.2345,0.6776,0.4675,0.5117,0.3413,0.5791"
EP00727,C3_both,17,GAIN_DRIFT,"0.5124,0.4920,0.8251,1.0974,0.8954,0.5658,0.3968,0.2711,0.4031,0.2450,6.1449,6.2244,6.5197,6.4593,6.7055,6.7170,6.7937,11.0981,15.7776,19.7889,23.4671,26.0891,28.4111,34.9887,36.3510,38.6403,40.5639,42.1874,42.6172,42.5019,44.0742,43.7991,44.0506,43.5129,43.7955,43.6501,45.1861,43.6161,44.4755,45.0261,44.0923,43.4219"
EP00728,C1_variability,21,GAIN_DRIFT,"0.4399,0.6224,0.7098,0.6604,0.4741,0.3342,0.2326,0.1317,0.0948,0.1886,5.9821,6.0515,6.3348,6.2344,6.3935,6.1529,0.4015,3.0404,7.9690,16.6172,23.7227,35.4489,45.8187,58.1874,66.2453,78.4557,88.0407,96.6354,106.1609,109.0131,112.9366,113.2905,110.7096,110.1916,110.8907,111.1254,109.3801,107.0421,107.5630,107.8234,112.3249,114.3334"
EP00728,C2_covariance,21,GAIN_DRIFT,"0.5546,0.1529,0.7377,1.0810,0.8353,0.7205,0.5509,0.4248,0.2491,0.0928,0.3479,0.3223,0.0364,0.1647,0.3190,0.0766,0.0334,0.0019,0.1370,0.4988,0.2334,0.4327,0.5313,0.9337,1.2079,1.8665,2.4458,2.0890,2.0512,2.3542,2.8302,2.4744,2.6832,2.5422,2.4493,3.0720,3.1359,3.5912,3.4315,3.5536,3.2068,3.3693"
EP00728,C3_both,21,GAIN_DRIFT,"0.5546,0.6224,0.7377,1.0810,0.8353,0.7205,0.5509,0.4248,0.2491,0.1886,5.9821,6.0515,6.3348,6.2344,6.3935,6.1529,0.4015,3.0404,7.9690,16.6172,23.7227,35.4489,45.8187,58.1874,66.2453,78.4557,88.0407,96.6354,106.1609,109.0131,112.9366,113.2905,110.7096,110.1916,110.8907,111.1254,109.3801,107.0421,107.5630,107.8234,112.3249,114.3334"
EP00729,C1_variability,19,GAIN_DRIFT,"0.3972,0.5286,0.6162,0.5667,0.3800,0.2399,0.1380,0.0370,0.0000,0.0940,5.8493,5.9133,6.2068,6.0914,6.2450,6.0574,0.5213,1.3418,1.5025,2.5829,3.7951,4.8636,5.1165,5.8477,6.7372,7.9214,9.1487,10.1101,10.6141,11.1070,12.0152,12.1158,13.5739,14.8478,14.5755,15.1548,14.5507,14.7805,16.4970,17.6905,18.8966,18.0514"
EP00729,C2_covariance,19,GAIN_DRIFT,"0.4110,0.0734,0.9170,1.1316,0.9270,0.5764,0.4073,0.2816,0.4488,0.2346,0.4890,0.4635,0.1783,0.3063,0.4608,0.2147,0.0717,0.0002,0.0895,0.5076,0.5079,0.4975,0.7700,0.4843,0.6317,1.0234,1.2820,1.3725,1.1224,0.9376,0.4738,0.4401,0.1346,0.0727,0.9500,1.9796,1.7032,0.9522,0.8407,0.7722,0.1802,0.0747"
EP00729,C3_both,19,GAIN_DRIFT,"0.4110,0.5286,0.9170,1.1316,0.9270,0.5764,0.4073,0.2816,0.4488,0.2346,5.8493,5.9133,6.2068,6.0914,6.2450,6.0574,0.5213,1.3418,1.5025,2.5829,3.7951,4.8636,5.1165,5.8477,6.7372,7.9214,9.1487,10.1101,10.6141,11.1070,12.0152,12.1158,13.5739,14.8478,14.5755,15.1548,14.5507,14.7805,16.4970,17.6905,18.8966,18.0514"
EP00730,C1_variability,22,GAIN_DRIFT,"0.4125,0.5952,0.6827,0.6333,0.4468,0.3069,0.2051,0.1042,0.0673,0.1611,5.8370,5.8999,6.1929,6.0871,6.2330,6.0188,0.0184,0.2052,0.3752,0.9070,2.2583,3.4556,6.0908,6.6029,9.7244,11.8278,13.9308,14.9987,16.1352,19.6761,21.7129,23.7046,26.9840,29.0486,31.8104,32.2974,34.9275,36.0737,37.6984,40.3068,40.6537,40.2173"
EP00730,C2_covariance,22,GAIN_DRIFT,"0.4814,0.0803,0.7434,1.0749,0.8249,0.6470,0.4777,0.3519,0.2033,0.1651,0.4198,0.3942,0.1087,0.2369,0.3909,0.1438,0.0044,0.0783,0.0044,0.4306,0.3846,0.3013,0.5801,0.4339,0.5606,0.9205,1.1916,1.2585,0.9106,0.7373,0.2245,0.2236,0.0210,0.1825,0.6678,1.4483,1.3349,0.8530,0.6818,0.5496,0.4254,0.6980"
EP00730,C3_both,22,GAIN_DRIFT,"0.4814,0.5952,0.7434,1.0749,0.8249,0.6470,0.4777,0.3519,0.2033,0.1651,5.8370,5.8999,6.1929,6.0871,6.2330,6.0188,0.0184,0.2052,0.3752,0.9070,2.2583,3.4556,6.0908,6.6029,9.7244,11.8278,13.9308,14.9987,16.1352,19.6761,21.7129,23.7046,26.9840,29.0486,31.8104,32.2974,34.9275,36.0737,37.6984,40.3068,40.6537,40.2173"
EP00731,C1_variability,22,GAIN_DRIFT,"0.4332,0.6157,0.7032,0.6538,0.4674,0.3275,0.2258,0.1250,0.0881,0.1819,6.0861,6.1506,6.4351,6.3310,6.4711,6.2553,0.0152,0.0538,1.4667,2.7448,5.8766,9.5192,14.0852,19.8865,23.8777,30.4901,35.7725,38.8654,46.8014,52.1103,55.1518,63.2863,65.5944,71.5140,76.1558,78.7387,83.5401,88.2400,87.6319,95.9490,102.9007,106.0560"
EP00731,C2_covariance,22,GAIN_DRIFT,"0.4936,0.0924,0.7394,1.0784,0.8296,0.6593,0.4900,0.3640,0.1909,0.1530,0.4078,0.3822,0.0966,0.2248,0.3789,0.1317,0.0164,0.0886,0.0164,0.4423,0.4005,0.3257,0.4651,0.2726,0.4542,0.5762,0.8195,0.8397,0.2829,0.1012,0.5807,1.6802,1.4272,2.0064,2.2731,2.8218,3.5519,3.7089,3.7061,3.7916,3.5526,4.2309"
EP00731,C3_both,22,GAIN_DRIFT,"0.4936,0.6157,0.7394,1.0784,0.8296,0.6593,0.4900,0.3640,0.1909,0.1819,6.0861,6.1506,6.4351,6.3310,6.4711,6.2553,0.0164,0.0886,1.4667,2.7448,5.8766,9.5192,14.0852,19.8865,23.8777,30.4901,35.7725,38.8654,46.8014,52.1103,55.1518,63.2863,65.5944,71.5140,76.1558,78.7387,83.5401,88.2400,87.6319,95.9490,102.9007,106.0560"
EP00732,C1_variability,13,GEOMETRY_ROTATION,"0.2417,0.0443,0.0501,0.0000,0.1888,0.3306,0.4336,0.5210,1.2186,2.6819,4.6022,4.6070,5.2716,5.8139,7.0925,8.3308,7.5564,8.3011,7.3507,7.2207,7.5954,7.2759,7.2500,7.5368,8.6967,8.8287,9.1781,8.9418,8.0927,7.5393,7.2376,7.0643,9.2920,7.8724,7.8199,7.9529,8.4885,7.5093,7.5277,7.1727,7.2553,7.3892"
EP00732,C2_covariance,13,GEOMETRY_ROTATION,"0.0909,0.4875,0.3573,0.4859,0.3591,0.0728,0.0946,0.4253,0.4583,0.1598,0.3284,1.3308,2.5650,3.6929,4.8401,5.6979,6.2872,6.4966,6.4940,6.3926,6.5476,6.5352,6.2649,6.3572,6.2565,6.1424,5.7493,5.6479,5.7824,5.7364,6.0334,6.1434,6.5438,6.9327,6.9222,7.4928,7.2525,7.0877,7.0657,6.7227,6.5487,6.8096"
EP00732,C3_both,13,GEOMETRY_ROTATION,"0.2417,0.4875,0.3573,0.4859,0.3591,0.3306,0.4336,0.5210,1.2186,2.6819,4.6022,4.6070,5.2716,5.8139,7.0925,8.3308,7.5564,8.3011,7.3507,7.2207,7.5954,7.2759,7.2500,7.5368,8.6967,8.8287,9.1781,8.9418,8.0927,7.5393,7.2376,7.0643,9.2920,7.8724,7.8199,7.9529,8.4885,7.5093,7.5277,7.1727,7.2553,7.3892"
EP00733,C1_variability,22,GEOMETRY_ROTATION,"0.6093,0.5208,0.5208,0.5208,0.5208,0.5208,0.5208,0.5208,0.5208,0.5208,0.4479,0.4053,0.6174,0.5199,0.6643,0.5084,0.9184,2.3721,3.5968,4.8390,6.0373,7.3817,8.7250,9.1480,8.9376,9.0372,9.1000,9.2198,9.1129,9.2067,9.2727,9.1328,9.0682,8.9743,8.9605,8.9631,8.9513,9.0045,9.1286,9.1487,9.2790,9.2031"
EP00733,C2_covariance,22,GEOMETRY_ROTATION,"0.0661,0.3317,0.1573,0.4486,0.3166,0.2303,0.0624,0.0624,0.2407,0.5751,0.8277,0.8024,0.5192,0.6463,0.7991,0.5540,0.1867,2.2885,4.6205,6.5062,8.6801,10.9685,12.8548,14.1943,13.9756,13.9349,13.5086,13.3141,13.3584,13.4353,13.8511,13.8741,14.2802,14.6930,14.6200,15.2758,14.7852,14.5545,14.5618,14.3728,14.0037,14.1026"
EP00733,C3_both,22,GEOMETRY_ROTATION,"0.6093,0.5208,0.5208,0.5208,0.5208,0.5208,0.5208,0.5208,0.5208,0.5751,0.8277,0.8024,0.6174,0.6463,0.7991,0.5540,0.9184,2.3721,4.6205,6.5062,8.6801,10.9685,12.8548,14.1943,13.9756,13.9349,13.5086,13.3141,13.3584,13.4353,13.8511,13.8741,14.2802,14.6930,14.6200,15.2758,14.7852,14.5545,14.5618,14.3728,14.0037,14.1026"
EP00734,C1_variability,22,GEOMETRY_ROTATION,"0.5538,0.5208,0.5208,0.5208,0.5208,0.5208,0.5208,0.5208,0.5208,0.5208,0.3852,0.3426,0.4107,0.3852,0.4432,0.4456,0.6130,2.4427,3.3547,4.9956,6.3729,9.1955,14.2420,25.6000,21.8663,22.1496,22.2279,22.2676,22.1871,22.3094,22.2521,22.0544,22.0593,22.0365,22.0637,22.0090,22.1162,22.2541,22.2553,22.2835,22.3114,22.2171"
EP00734,C2_covariance,22,GEOMETRY_ROTATION,"0.0661,0.3317,0.3762,0.5502,0.4229,0.2303,0.0624,0.0624,0.4174,0.5751,0.8277,0.8024,0.5192,0.6463,0.7991,0.5540,0.5810,3.3613,8.7302,12.6020,13.9131,14.6600,17.9775,20.4738,21.4304,21.8500,21.6240,21.4904,21.6249,21.6476,22.0735,22.5932,23.0984,23.2335,23.5000,23.7726,23.7402,23.3622,23.1273,23.1915,22.6872,22.8444"
EP00734,C3_both,22,GEOMETRY_ROTATION,"0.5538,0.5208,0.5208,0.5502,0.5208,0.5208,0.5208,0.5208,0.5208,0.5751,0.8277,0.8024,0.5192,0.6463,0.7991,0.5540,0.6130,3.3613,8.7302,12.6020,13.9131,14.6600,17.9775,25.6000,21.8663,22.1496,22.2279,22.2676,22.1871,22.3094,22.2521,22.5932,23.0984,23.2335,23.5000,23.7726,23.7402,23.3622,23.1273,23.1915,22.6872,22.8444"
EP00735,C1_variability,19,GEOMETRY_ROTATION,"0.3241,0.1947,0.2829,0.2331,0.0451,0.0959,0.1985,0.3002,0.3375,0.2428,5.9872,6.0593,6.3465,6.2012,6.0946,5.5576,2.4548,3.7440,4.5505,5.8256,6.7049,7.4728,8.5873,8.6294,9.1454,9.2659,9.2368,9.3187,9.3687,9.5446,9.2043,9.0817,9.1204,9.1053,8.5286,8.7334,8.7806,9.0243,8.9425,9.0818,9.3957,8.9981"
EP00735,C2_covariance,19,GEOMETRY_ROTATION,"0.2281,0.2696,0.6265,0.9389,0.6869,0.2931,0.1250,0.0000,0.1974,0.5133,0.7663,0.7409,0.4574,0.5845,0.7276,0.4097,0.1297,0.4462,0.9430,1.0928,1.8155,2.6660,3.1410,4.1461,4.6568,5.1003,5.2969,5.3543,5.6906,5.8200,6.0802,6.1391,6.2896,6.5527,6.5215,6.9501,6.7236,6.6229,6.5743,6.3071,6.0995,6.4801"
EP00735,C3_both,19,GEOMETRY_ROTATION,"0.3241,0.2696,0.6265,0.9389,0.6869,0.2931,0.1985,0.3002,0.3375,0.5133,5.9872,6.0593,6.3465,6.2012,6.0946,5.5576,2.4548,3.7440,4.5505,5.8256,6.7049,7.4728,8.5873,8.6294,9.1454,9.2659,9.2368,9.3187,9.3687,9.5446,9.2043,9.0817,9.1204,9.1053,8.5286,8.7334,8.7806,9.0243,8.9425,9.0818,9.3957,8.9981"
EP00736,C1_variability,15,GEOMETRY_ROTATION,"0.1848,0.0000,0.0885,0.0385,0.1502,0.2918,0.3947,0.4969,0.5342,0.2821,6.9892,7.8050,8.8738,9.3850,9.9458,9.4991,5.3800,6.2242,6.8552,7.0344,7.3835,7.7604,8.2523,8.3466,8.2772,8.4519,8.5770,8.7426,8.6327,8.7966,8.7187,8.4667,8.4127,8.3007,8.2662,8.4544,8.5307,8.5417,8.5927,8.6481,8.8540,8.7758"
EP00736,C2_covariance,15,GEOMETRY_ROTATION,"0.0000,0.3973,0.2456,0.4351,0.2544,0.1640,0.0036,0.1283,0.4174,0.6373,0.8229,0.6104,0.3294,1.1741,2.3818,3.9406,5.7951,7.1522,8.2341,8.9777,9.8546,10.6475,10.9900,11.6049,11.5385,11.4642,11.3786,11.2194,11.3540,11.4426,11.9134,11.8231,12.0459,12.3158,12.3961,12.9000,12.9453,12.5284,12.4676,12.2829,11.8354,12.1457"
EP00736,C3_both,15,GEOMETRY_ROTATION,"0.1848,0.3973,0.2456,0.4351,0.2544,0.2918,0.3947,0.4969,0.5342,0.6373,6.9892,7.8050,8.8738,9.3850,9.9458,9.4991,5.7951,7.1522,8.2341,8.9777,9.8546,10.6475,10.9900,11.6049,11.5385,11.4642,11.3786,11.2194,11.3540,11.4426,11.9134,11.8231,12.0459,12.3158,12.3961,12.9000,12.9453,12.5284,12.4676,12.2829,11.8354,12.1457"
EP00737,C1_variability,13,GEOMETRY_ROTATION,"0.2235,0.0386,0.0501,0.0000,0.1888,0.3306,0.4336,0.5010,2.8978,5.0438,7.7225,7.5872,7.4015,7.9337,9.0530,9.5870,10.3996,11.8004,13.2518,14.8298,16.2445,18.0054,22.3683,24.7694,27.8724,26.1475,22.4185,23.0666,22.8964,23.3946,24.3236,23.5711,24.2215,27.6335,31.4646,26.6887,24.1985,23.5589,22.7016,24.9626,23.8339,22.1508"
EP00737,C2_covariance,13,GEOMETRY_ROTATION,"0.1072,0.5036,0.0163,0.3184,0.1424,0.0565,0.1108,0.2346,0.6644,1.0615,3.1479,5.6301,8.1302,10.1851,12.1975,13.5953,14.9363,16.0991,16.8391,17.7071,18.7146,19.6121,20.6938,21.2249,21.4951,21.5826,20.9279,20.9540,20.8968,20.7638,21.3273,21.4834,21.9937,22.3809,22.5161,22.8679,22.5042,22.3868,22.2899,22.0348,21.6480,21.7446"
EP00737,C3_both,13,GEOMETRY_ROTATION,"0.2235,0.5036,0.0501,0.3184,0.1888,0.3306,0.4336,0.5010,2.8978,5.0438,7.7225,7.5872,8.1302,10.1851,12.1975,13.5953,14.9363,16.0991,16.8391,17.7071,18.7146,19.6121,22.3683,24.7694,27.8724,26.1475,22.4185,23.0666,22.8964,23.3946,24.3236,23.5711,24.2215,27.6335,31.4646,26.6887,24.1985,23.5589,22.7016,24.9626,23.8339,22.1508"
EP00738,C1_variability,26,GEOMETRY_ROTATION,"0.2806,0.4637,0.5514,0.5019,0.3150,0.1746,0.0726,0.0285,0.0656,0.0285,5.6131,5.6800,5.9705,5.8617,6.0085,5.7987,0.1497,0.1804,0.1718,0.0488,0.1909,0.5630,0.8924,1.4949,1.9796,2.8464,2.5456,2.8127,3.2440,3.3371,3.6342,3.6256,4.2967,4.4632,5.5160,5.7390,6.1833,6.2326,5.8972,6.4568,6.1908,5.9944"
EP00738,C2_covariance,26,GEOMETRY_ROTATION,"0.5851,0.1832,0.6773,0.9824,0.8382,0.7511,0.5814,0.4553,0.2787,0.0627,0.3179,0.2923,0.0062,0.1346,0.2890,0.0414,0.1074,0.1851,0.0971,0.3261,0.3588,0.1397,0.3514,0.0892,0.2691,0.4191,0.4039,0.1195,0.4122,0.8053,1.6690,2.0844,2.7329,3.4175,4.1223,4.9335,4.9286,4.8403,5.1534,5.3721,5.3360,6.1851"
EP00738,C3_both,26,GEOMETRY_ROTATION,"0.5851,0.4637,0.6773,0.9824,0.8382,0.7511,0.5814,0.4553,0.2787,0.0627,5.6131,5.6800,5.9705,5.8617,6.0085,5.7987,0.1497,0.1851,0.1718,0.3261,0.3588,0.5630,0.8924,1.4949,1.9796,2.8464,2.5456,2.8127,3.2440,3.3371,3.6342,3.6256,4.2967,4.4632,5.5160,5.7390,6.1833,6.2326,5.8972,6.4568,6.1908,6.1851"
EP00739,C1_variability,20,GEOMETRY_ROTATION,"0.3867,0.2372,0.3253,0.2755,0.0877,0.0532,0.1557,0.2573,0.2945,0.2000,3.1147,3.1573,3.3260,3.2594,3.3332,3.0207,1.3530,2.6194,3.1059,4.4320,4.8696,5.1726,5.8765,5.8526,6.5525,6.1581,6.4775,7.3490,7.6137,7.3920,7.6728,7.7136,8.3066,8.1824,9.4121,9.5453,8.9716,9.1857,9.3678,9.5478,9.8436,9.9872"
EP00739,C2_covariance,20,GEOMETRY_ROTATION,"0.2661,0.1895,0.6762,1.0059,0.7678,0.3742,0.2058,0.0806,0.2254,0.4335,0.6869,0.6615,0.3775,0.5049,0.6569,0.4100,0.0806,0.2236,0.7096,1.2015,2.3002,3.2318,4.1162,5.5132,6.6005,7.3284,7.8563,8.5445,9.5203,10.2760,11.5687,12.1654,12.9770,13.8637,14.4087,15.3723,15.2995,15.5373,15.8986,15.9362,15.8486,16.2261"
EP00739,C3_both,20,GEOMETRY_ROTATION,"0.3867,0.2372,0.6762,1.0059,0.7678,0.3742,0.2058,0.2573,0.2945,0.4335,3.1147,3.1573,3.3260,3.2594,3.3332,3.0207,1.3530,2.6194,3.1059,4.4320,4.8696,5.1726,5.8765,5.8526,6.6005,7.3284,7.8563,8.5445,9.5203,10.2760,11.5687,12.1654,12.9770,13.8637,14.4087,15.3723,15.2995,15.5373,15.8986,15.9362,15.8486,16.2261"
EP00740,C1_variability,22,GEOMETRY_ROTATION,"0.5208,0.5208,0.5208,0.5208,0.5208,0.5208,0.5208,0.5208,0.5208,0.5208,3.2324,3.2868,3.5462,3.4490,3.5754,3.3888,0.2677,1.3507,1.9769,3.1250,4.0873,5.6775,6.1407,7.2573,8.1216,9.0802,8.8101,9.5982,10.2124,11.0887,11.7417,12.2011,12.9898,13.6881,14.4453,15.5670,16.5862,17.7257,18.8897,22.3194,24.6899,24.9799"
EP00740,C2_covariance,22,GEOMETRY_ROTATION,"0.2166,0.1824,0.6251,0.9679,0.7312,0.3813,0.2129,0.0877,0.2293,0.4265,0.6799,0.6545,0.3705,0.4980,0.6512,0.4054,0.4699,0.1553,0.4674,1.5251,3.8343,5.5813,7.3010,9.5898,11.2315,12.6222,13.5079,14.2340,15.3972,16.3870,17.4699,18.2585,19.1361,20.0349,20.8159,21.1964,21.5099,21.7977,22.0838,22.4102,22.5488,22.8074"
EP00740,C3_both,22,GEOMETRY_ROTATION,"0.5208,0.5208,0.6251,0.9679,0.7312,0.5208,0.5208,0.5208,0.5208,0.5208,3.2324,3.2868,3.5462,3.4490,3.5754,3.3888,0.4699,1.3507,1.9769,3.1250,4.0873,5.6775,7.3010,9.5898,11.2315,12.6222,13.5079,14.2340,15.3972,16.3870,17.4699,18.2585,19.1361,20.0349,20.8159,21.1964,21.5099,21.7977,22.0838,22.4102,24.6899,24.9799"
EP00741,C1_variability,22,NONE,"0.1093,0.1462,0.0972,0.1223,0.0256,0.1100,0.0257,0.2335,0.1958,0.0586,0.1240,0.0026,0.0601,0.0577,0.2153,0.2665,0.3228,0.2552,0.2320,0.1968,0.0741,0.7192,1.2078,0.5922,1.2585,1.0153,1.0968,1.1360,1.0886,1.1790,0.7164,0.6296,0.7750,0.4149,0.8151,0.6499,0.9103,0.4931,0.8160,0.6129,1.0202,1.2565"
EP00741,C2_covariance,22,NONE,"0.9077,0.9480,0.7538,0.7904,0.9022,0.8640,0.5101,0.3401,0.7013,0.2358,0.0728,0.0287,0.0538,0.1754,0.2755,0.2748,0.5081,0.2679,0.2985,0.1410,0.5256,0.2498,0.4026,0.5493,0.5680,0.4164,0.1092,0.3268,0.4778,0.6441,0.9547,0.8143,0.4267,0.2757,0.1052,0.2735,0.2419,0.1443,0.4819,0.3384,0.3476,0.3817"
EP00741,C3_both,22,NONE,"0.9077,0.9480,0.7538,0.7904,0.9022,0.8640,0.5101,0.3401,0.7013,0.2358,0.1240,0.0287,0.0601,0.1754,0.2755,0.2748,0.5081,0.2679,0.2985,0.1968,0.5256,0.7192,1.2078,0.5922,1.2585,1.0153,1.0968,1.1360,1.0886,1.1790,0.9547,0.8143,0.7750,0.4149,0.8151,0.6499,0.9103,0.4931,0.8160,0.6129,1.0202,1.2565"
EP00742,C1_variability,15,RATE_LOSS,"0.0836,0.2084,0.1904,0.1678,0.0514,0.1358,0.0000,0.0739,0.0325,0.0924,0.1623,0.7573,1.3971,2.3860,3.4004,4.2789,4.8833,4.9902,4.9827,4.9456,4.9792,4.9707,5.0064,5.1317,4.9804,4.8566,4.7957,4.7932,4.6246,4.6248,4.7396,4.8081,4.9440,5.0331,5.0625,5.1493,5.1298,5.0914,5.0225,5.0257,5.0231,4.8467"
EP00742,C2_covariance,15,RATE_LOSS,"0.4077,0.3179,0.2763,0.4472,0.5582,0.5203,0.1688,0.0000,0.0476,0.3129,0.2418,0.2894,0.2407,0.6523,0.6215,0.6007,0.8466,0.6119,0.6343,0.4779,0.8599,0.5860,0.7377,0.8834,0.9020,0.7514,0.5999,0.1919,0.3076,0.3240,0.6104,0.4710,0.4859,0.3868,0.5805,0.5578,0.7198,0.6654,0.8815,0.6739,0.6508,0.2813"
EP00742,C3_both,15,RATE_LOSS,"0.4077,0.3179,0.2763,0.4472,0.5582,0.5203,0.1688,0.0739,0.0476,0.3129,0.2418,0.7573,1.3971,2.3860,3.4004,4.2789,4.8833,4.9902,4.9827,4.9456,4.9792,4.9707,5.0064,5.1317,4.9804,4.8566,4.7957,4.7932,4.6246,4.6248,4.7396,4.8081,4.9440,5.0331,5.0625,5.1493,5.1298,5.0914,5.0225,5.0257,5.0231,4.8467"
EP00743,C1_variability,24,RATE_LOSS,"0.0488,0.0949,0.1578,0.0812,0.0862,0.1707,0.0348,0.1088,0.2842,0.1743,0.1847,0.0632,0.1207,0.0028,0.1550,0.2062,0.2690,0.1710,0.1327,0.6082,1.9943,3.7926,5.8058,8.3660,10.5297,11.8785,12.3028,12.3014,12.1608,12.1610,12.2568,12.3139,12.4272,12.5015,12.5260,12.5984,12.5822,12.5501,12.4927,12.4953,12.4932,12.3461"
EP00743,C2_covariance,24,RATE_LOSS,"0.7035,0.7581,0.6253,0.7389,0.8505,0.8124,0.4588,0.2891,0.4270,0.0220,0.0220,0.0794,0.1045,0.2550,0.3260,0.3253,0.5584,0.3184,0.3427,0.0534,0.1693,0.2630,0.3870,0.1236,0.5698,0.4792,0.1736,0.1638,0.4266,0.5927,0.9030,0.7628,0.3755,0.2247,0.1558,0.2225,0.2795,0.2330,0.5207,0.3887,0.3655,0.2189"
EP00743,C3_both,24,RATE_LOSS,"0.7035,0.7581,0.6253,0.7389,0.8505,0.8124,0.4588,0.2891,0.4270,0.1743,0.1847,0.0794,0.1207,0.2550,0.3260,0.3253,0.5584,0.3184,0.3427,0.6082,1.9943,3.7926,5.8058,8.3660,10.5297,11.8785,12.3028,12.3014,12.1608,12.1610,12.2568,12.3139,12.4272,12.5015,12.5260,12.5984,12.5822,12.5501,12.4927,12.4953,12.4932,12.3461"
EP00744,C1_variability,25,RATE_LOSS,"0.0516,0.0528,0.1550,0.2457,0.0834,0.1679,0.0320,0.1060,0.2176,0.1086,0.1819,0.0604,0.1179,0.0000,0.1578,0.2090,0.2928,0.2026,0.1355,0.4911,1.8327,4.2005,7.1807,11.7311,17.0279,23.1980,26.7481,27.3821,27.2978,27.2979,27.3553,27.3896,27.4576,27.5022,27.5169,27.5603,27.5506,27.5313,27.4969,27.4985,27.4972,27.4089"
EP00744,C2_covariance,25,RATE_LOSS,"0.4557,0.3583,0.3011,0.4953,0.6064,0.5684,0.2166,0.0476,0.0000,0.2620,0.2181,0.3191,0.3440,0.3573,0.5645,0.5638,0.7957,0.5569,0.5873,0.3785,0.2657,1.2570,3.1105,3.9108,3.9271,1.8242,0.1196,0.1444,0.1844,0.3498,0.6586,0.5191,0.1336,0.0164,0.3951,0.1224,0.3864,0.3698,0.3674,0.6269,0.6038,0.2339"
EP00744,C3_both,25,RATE_LOSS,"0.4557,0.3583,0.3011,0.4953,0.6064,0.5684,0.2166,0.1060,0.2176,0.2620,0.2181,0.3191,0.3440,0.3573,0.5645,0.5638,0.7957,0.5569,0.5873,0.4911,1.8327,4.2005,7.1807,11.7311,17.0279,23.1980,26.7481,27.3821,27.2978,27.2979,27.3553,27.3896,27.4576,27.5022,27.5169,27.5603,27.5506,27.5313,27.4969,27.4985,27.4972,27.4089"
EP00745,C1_variability,24,RATE_LOSS,"0.1039,0.1428,0.1390,0.1171,0.0674,0.1519,0.0160,0.2252,0.0485,0.2323,0.1659,0.0444,0.1018,0.0160,0.1737,0.2249,0.2866,0.2042,0.1650,0.1398,0.2539,0.5391,0.9566,1.6158,2.0292,2.4760,2.9760,3.4949,3.7761,4.1209,4.5067,4.7413,4.9293,5.0188,5.0481,5.1349,5.1155,5.0770,5.0081,5.0113,5.0087,4.8323"
EP00745,C2_covariance,24,RATE_LOSS,"1.2084,1.2307,0.9892,0.9023,1.0459,0.9188,0.5518,0.5618,1.0435,0.5646,0.1142,0.0125,0.0125,0.1797,0.2345,0.2337,0.4673,0.2269,0.2569,0.0885,0.4665,0.2093,0.3393,0.5348,0.5722,0.3812,0.0895,0.5976,0.5767,0.6986,0.9990,0.8538,0.4684,0.3172,0.0640,0.3150,0.2742,0.1636,0.5486,0.2973,0.5371,0.6690"
EP00745,C3_both,24,RATE_LOSS,"1.2084,1.2307,0.9892,0.9023,1.0459,0.9188,0.5518,0.5618,1.0435,0.5646,0.1659,0.0444,0.1018,0.1797,0.2345,0.2337,0.4673,0.2269,0.2569,0.1398,0.4665,0.5391,0.9566,1.6158,2.0292,2.4760,2.9760,3.4949,3.7761,4.1209,4.5067,4.7413,4.9293,5.0188,5.0481,5.1349,5.1155,5.0770,5.0081,5.0113,5.0087,4.8323"
EP00746,C1_variability,19,RATE_LOSS,"0.0956,0.1420,0.1154,0.1726,0.0479,0.1238,0.0120,0.0619,0.4194,0.0979,0.1378,0.0163,0.0738,0.0473,0.3455,0.7391,1.3039,1.8508,2.6039,3.6794,4.9468,6.1767,7.4215,8.8804,9.8903,10.7132,11.3904,11.9214,12.0874,12.1963,12.2921,12.3492,12.4624,12.5366,12.5611,12.6334,12.6172,12.5851,12.5278,12.5304,12.5283,12.3813"
EP00746,C2_covariance,19,RATE_LOSS,"0.6768,0.4886,0.5215,0.7165,0.8281,0.7900,0.4366,0.2669,0.2191,0.0441,0.0000,0.1014,0.1265,0.1398,0.3491,0.3427,0.5640,0.3424,0.2799,0.0276,0.4029,0.1990,0.2804,0.6065,0.6831,0.4653,0.0144,0.0619,0.3947,0.5704,0.8805,0.7404,0.3533,0.2026,0.1778,0.2003,0.1690,0.1523,0.3632,0.4106,0.3874,0.0159"
EP00746,C3_both,19,RATE_LOSS,"0.6768,0.4886,0.5215,0.7165,0.8281,0.7900,0.4366,0.2669,0.4194,0.0979,0.1378,0.1014,0.1265,0.1398,0.3491,0.7391,1.3039,1.8508,2.6039,3.6794,4.9468,6.1767,7.4215,8.8804,9.8903,10.7132,11.3904,11.9214,12.0874,12.1963,12.2921,12.3492,12.4624,12.5366,12.5611,12.6334,12.6172,12.5851,12.5278,12.5304,12.5283,12.3813"
EP00747,C1_variability,16,RATE_LOSS,"0.0896,0.2137,0.1911,0.1764,0.0771,0.1298,0.0060,0.0679,0.0265,0.3686,0.0337,0.5411,1.2777,2.6830,4.4454,6.5529,8.9735,11.1785,13.2442,15.5290,17.9182,20.2679,22.4425,24.5877,25.9395,26.8341,27.3110,27.3993,27.3150,27.3151,27.3725,27.4068,27.4747,27.5193,27.5339,27.5773,27.5676,27.5484,27.5140,27.5155,27.5143,27.4261"
EP00747,C2_covariance,16,RATE_LOSS,"0.4317,0.3075,0.2771,0.4712,0.5823,0.5443,0.1927,0.0238,0.0238,0.2857,0.2309,0.2737,0.1780,0.3971,0.4171,0.2373,0.4184,0.3254,0.0966,0.5007,0.2954,0.5150,0.5250,0.4619,0.8153,0.7037,0.4087,0.1682,0.1976,0.3258,0.6345,0.4950,0.3536,0.2358,0.4188,0.4015,0.5690,0.5066,0.7379,0.6504,0.6273,0.2576"
EP00747,C3_both,16,RATE_LOSS,"0.4317,0.3075,0.2771,0.4712,0.5823,0.5443,0.1927,0.0679,0.0265,0.3686,0.2309,0.5411,1.2777,2.6830,4.4454,6.5529,8.9735,11.1785,13.2442,15.5290,17.9182,20.2679,22.4425,24.5877,25.9395,26.8341,27.3110,27.3993,27.3150,27.3151,27.3725,27.4068,27.4747,27.5193,27.5339,27.5773,27.5676,27.5484,27.5140,27.5155,27.5143,27.4261"
EP00748,C1_variability,18,RATE_LOSS,"0.1037,0.1756,0.1370,0.1853,0.0427,0.1156,0.0311,0.1705,0.3570,0.1471,0.1296,0.0082,0.0615,0.0940,0.3217,0.4780,0.6420,0.6107,0.7147,0.8740,1.1178,1.3430,1.6416,1.9175,1.9620,2.0331,2.1663,2.3584,2.3917,2.5886,2.9157,3.2070,3.5481,3.8403,4.0804,4.3560,4.5418,4.7097,4.7892,4.9111,4.9870,4.8518"
EP00748,C2_covariance,18,RATE_LOSS,"0.5660,0.3782,0.4110,0.6057,0.7170,0.6789,0.3263,0.1570,0.1093,0.1533,0.1093,0.2105,0.2353,0.2529,0.4611,0.4602,0.6923,0.4612,0.4772,0.3073,0.6894,0.4278,0.5713,0.7433,0.7685,0.6039,0.1421,0.0302,0.2808,0.4639,0.7762,0.6347,0.2471,0.1008,0.2841,0.1071,0.2586,0.2731,0.4066,0.5292,0.5034,0.1265"
EP00748,C3_both,18,RATE_LOSS,"0.5660,0.3782,0.4110,0.6057,0.7170,0.6789,0.3263,0.1705,0.3570,0.1533,0.1296,0.2105,0.2353,0.2529,0.4611,0.4780,0.6923,0.6107,0.7147,0.8740,1.1178,1.3430,1.6416,1.9175,1.9620,2.0331,2.1663,2.3584,2.3917,2.5886,2.9157,3.2070,3.5481,3.8403,4.0804,4.3560,4.5418,4.7097,4.7892,4.9111,4.9870,4.8518"
EP00749,C1_variability,23,RATE_LOSS,"0.0651,0.1516,0.1550,0.1236,0.0834,0.1679,0.0320,0.1060,0.0985,0.1086,0.1819,0.0604,0.1179,0.0000,0.1885,0.2090,0.3013,0.2220,0.1982,0.2134,0.5613,0.9704,1.5177,2.3106,2.7669,3.2435,3.7718,4.3508,4.8092,5.3969,6.1286,6.8516,7.5791,8.2607,8.9160,9.5529,10.1483,10.8020,11.2867,11.7529,12.0923,12.1662"
EP00749,C2_covariance,23,RATE_LOSS,"1.1295,1.1551,0.9187,0.8277,0.9682,0.8932,0.5391,0.4812,0.9585,0.4845,0.1016,0.0000,0.0251,0.1426,0.2470,0.2462,0.4797,0.2395,0.2611,0.0784,0.4515,0.1999,0.3273,0.5475,0.5860,0.3925,0.0788,0.5236,0.5047,0.7091,1.0256,0.8827,0.4963,0.3575,0.0439,0.3819,0.1761,0.1605,0.4405,0.3395,0.4386,0.5780"
EP00749,C3_both,23,RATE_LOSS,"1.1295,1.1551,0.9187,0.8277,0.9682,0.8932,0.5391,0.4812,0.9585,0.4845,0.1819,0.0604,0.1179,0.1426,0.2470,0.2462,0.4797,0.2395,0.2611,0.2134,0.5613,0.9704,1.5177,2.3106,2.7669,3.2435,3.7718,4.3508,4.8092,5.3969,6.1286,6.8516,7.5791,8.2607,8.9160,9.5529,10.1483,10.8020,11.2867,11.7529,12.0923,12.1662"
EP00750,C1_variability,14,RATE_LOSS,"0.2111,0.2275,0.2153,0.1961,0.0932,0.1778,0.0418,0.1158,0.0460,0.2746,0.3353,0.9261,1.5044,2.5085,3.6544,4.7120,5.7442,6.5581,7.3825,8.3187,9.3526,10.3525,11.3681,12.5655,13.4416,14.3253,15.2387,16.1823,17.0727,18.0272,19.1137,20.2254,21.2823,22.3077,23.3483,24.3016,25.2234,26.0856,26.6792,27.1485,27.4090,27.4039"
EP00750,C2_covariance,14,RATE_LOSS,"0.3227,0.3425,0.2858,0.3622,0.4731,0.4352,0.0843,0.0843,0.1305,0.3866,0.3093,0.3694,0.3527,0.7904,0.7436,0.6658,0.8927,0.7237,0.6350,0.4051,0.7783,0.5705,0.6606,0.9663,1.0239,0.7836,0.5950,0.2259,0.5812,0.6557,0.7085,0.5750,0.4624,0.1906,0.5332,0.1951,0.5173,0.8620,0.8633,0.7846,0.7575,0.3655"
EP00750,C3_both,14,RATE_LOSS,"0.3227,0.3425,0.2858,0.3622,0.4731,0.4352,0.0843,0.1158,0.1305,0.3866,0.3353,0.9261,1.5044,2.5085,3.6544,4.7120,5.7442,6.5581,7.3825,8.3187,9.3526,10.3525,11.3681,12.5655,13.4416,14.3253,15.2387,16.1823,17.0727,18.0272,19.1137,20.2254,21.2823,22.3077,23.3483,24.3016,25.2234,26.0856,26.6792,27.1485,27.4090,27.4039"
EP00751,C1_variability,15,CHANNEL_DROPOUT,"0.1664,0.1675,0.1377,0.2142,0.1566,0.0527,0.0829,0.0091,0.0741,0.0000,0.1133,0.1463,0.4255,0.6145,0.9238,9.1191,13.8080,14.1456,18.5239,18.6159,18.4312,18.7024,18.8148,18.8059,18.8595,18.3403,18.3955,18.5335,18.4192,18.5987,18.3047,18.9323,18.9487,18.6527,18.4959,18.4046,18.5286,18.0795,18.1075,18.0987,17.7304,17.5939"
EP00751,C2_covariance,15,CHANNEL_DROPOUT,"0.4077,0.2278,0.2867,0.4472,0.5582,0.5203,0.1688,0.0000,0.0476,0.3507,0.4036,0.5706,0.6005,0.8289,1.8841,3.1623,3.4211,3.2290,3.2430,3.2380,3.3472,3.4139,3.4457,3.3876,3.2224,3.1591,3.1782,2.4514,2.7316,2.8137,2.5223,2.2975,3.0176,2.9961,3.2388,2.9265,3.3136,3.0496,2.9639,2.8469,2.7210,2.2811"
EP00751,C3_both,15,CHANNEL_DROPOUT,"0.4077,0.2278,0.2867,0.4472,0.5582,0.5203,0.1688,0.0091,0.0741,0.3507,0.4036,0.5706,0.6005,0.8289,1.8841,9.1191,13.8080,14.1456,18.5239,18.6159,18.4312,18.7024,18.8148,18.8059,18.8595,18.3403,18.3955,18.5335,18.4192,18.5987,18.3047,18.9323,18.9487,18.6527,18.4959,18.4046,18.5286,18.0795,18.1075,18.0987,17.7304,17.5939"
EP00752,C1_variability,23,CHANNEL_DROPOUT,"0.1348,0.1651,0.1419,0.1517,0.0000,0.2248,0.0513,0.0226,0.0188,0.2263,0.0984,0.0230,0.0344,0.0832,0.2407,0.2919,0.3990,0.2977,0.3306,0.6487,0.8722,1.4181,2.2448,18.2624,28.6490,33.2033,41.3829,41.4079,41.5250,41.4197,41.4040,41.6890,41.7216,41.6618,41.3156,41.2776,41.2475,40.9361,40.8648,40.7496,40.9691,41.1618"
EP00752,C2_covariance,23,CHANNEL_DROPOUT,"0.4557,0.2684,0.3011,0.4953,0.6064,0.5684,0.2166,0.0476,0.0001,0.2620,0.2181,0.3191,0.3440,0.3573,0.5645,0.5638,0.7957,0.5479,0.5974,0.0828,1.3519,1.4383,2.9581,3.7175,6.4611,10.7797,11.8513,11.8257,12.2189,12.4737,12.4762,12.3707,11.7976,11.7688,11.5250,11.7770,11.7332,11.6504,11.7527,11.1745,11.3324,11.9601"
EP00752,C3_both,23,CHANNEL_DROPOUT,"0.4557,0.2684,0.3011,0.4953,0.6064,0.5684,0.2166,0.0476,0.0188,0.2620,0.2181,0.3191,0.3440,0.3573,0.5645,0.5638,0.7957,0.5479,0.5974,0.6487,1.3519,1.4383,2.9581,18.2624,28.6490,33.2033,41.3829,41.4079,41.5250,41.4197,41.4040,41.6890,41.7216,41.6618,41.3156,41.2776,41.2475,40.9361,40.8648,40.7496,40.9691,41.1618"
EP00753,C1_variability,23,CHANNEL_DROPOUT,"0.1348,0.2062,0.1482,0.2034,0.1501,0.2743,0.0513,0.2044,0.1761,0.4751,0.0984,0.0230,0.0344,0.0832,0.2407,0.2919,0.3162,0.1043,0.3450,1.1442,2.1623,3.2553,5.6751,26.0236,32.5662,52.6042,59.3750,59.3750,59.3750,59.3750,59.3750,59.3750,59.3750,59.3750,59.3750,59.3750,59.3750,59.3750,59.3750,59.3750,59.3750,59.3750"
EP00753,C2_covariance,23,CHANNEL_DROPOUT,"0.4077,0.4225,0.3074,0.4472,0.5582,0.5203,0.1688,0.0000,0.0815,0.3093,0.2655,0.3664,0.3913,0.4045,0.6115,0.6108,0.8426,0.5891,0.2597,1.1349,4.7591,9.9914,13.7984,12.1848,18.5489,33.2768,38.2250,38.0995,38.1227,37.8900,37.8977,37.7939,37.4904,36.9520,36.8897,37.1446,37.2238,37.5111,37.9006,37.3860,37.3440,37.7667"
EP00753,C3_both,23,CHANNEL_DROPOUT,"0.4077,0.4225,0.3074,0.4472,0.5582,0.5203,0.1688,0.2044,0.1761,0.4751,0.2655,0.3664,0.3913,0.4045,0.6115,0.6108,0.8426,0.5891,0.3450,1.1442,4.7591,9.9914,13.7984,26.0236,32.5662,52.6042,59.3750,59.3750,59.3750,59.3750,59.3750,59.3750,59.3750,59.3750,59.3750,59.3750,59.3750,59.3750,59.3750,59.3750,59.3750,59.3750"
EP00754,C1_variability,21,CHANNEL_DROPOUT,"0.0836,0.1396,0.1230,0.0990,0.0514,0.1358,0.0000,0.1355,0.0325,0.0766,0.1498,0.0284,0.0858,0.1744,0.2419,0.2409,0.3994,0.4177,3.8505,3.7920,3.5657,3.7229,9.6442,12.0605,12.0393,14.6090,16.6859,18.1729,18.2358,22.0913,23.4716,23.4654,23.2573,23.1956,23.2532,23.1279,23.3596,23.3911,23.6396,23.6524,23.9874,24.2391"
EP00754,C2_covariance,21,CHANNEL_DROPOUT,"0.7215,0.6333,0.5660,0.7613,0.8730,0.8348,0.4811,0.3112,0.3088,0.0003,0.0441,0.0574,0.0825,0.1011,0.3041,0.3033,0.5548,0.3381,0.1585,0.0384,0.4094,0.2548,0.2959,0.3034,0.2560,0.3005,0.8069,1.1632,1.4940,2.2048,2.6662,2.5339,2.1273,1.9882,1.5564,1.8135,1.5309,1.4769,1.5578,1.1207,1.1808,1.6166"
EP00754,C3_both,21,CHANNEL_DROPOUT,"0.7215,0.6333,0.5660,0.7613,0.8730,0.8348,0.4811,0.3112,0.3088,0.0766,0.1498,0.0574,0.0858,0.1744,0.3041,0.3033,0.5548,0.4177,3.8505,3.7920,3.5657,3.7229,9.6442,12.0605,12.0393,14.6090,16.6859,18.1729,18.2358,22.0913,23.4716,23.4654,23.2573,23.1956,23.2532,23.1279,23.3596,23.3911,23.6396,23.6524,23.9874,24.2391"
EP00755,C1_variability,20,CHANNEL_DROPOUT,"0.1243,0.1254,0.0821,0.1028,0.0105,0.0949,0.0408,0.1320,0.2763,0.0357,0.1089,0.0125,0.0450,0.0727,0.2303,0.2694,0.3390,0.2727,0.2313,0.6303,3.6702,10.5319,12.4169,18.7681,30.8198,35.5253,40.4077,44.5220,35.2113,41.0676,40.8116,41.0225,41.0280,40.5150,40.4835,40.3568,40.4231,39.9085,39.8195,39.9499,39.9402,40.3267"
EP00755,C2_covariance,20,CHANNEL_DROPOUT,"0.6991,0.5109,0.5437,0.7389,0.8505,0.8124,0.4588,0.2891,0.2412,0.0220,0.0220,0.0794,0.1045,0.1178,0.3260,0.3147,0.5398,0.3405,0.3013,0.0860,0.0359,1.1334,1.3737,2.6657,4.6433,6.6356,8.1432,9.7088,12.3171,14.1223,14.9065,14.6909,14.3447,14.2335,13.8212,14.1325,13.8217,13.8965,13.9464,13.5890,13.6732,13.9181"
EP00755,C3_both,20,CHANNEL_DROPOUT,"0.6991,0.5109,0.5437,0.7389,0.8505,0.8124,0.4588,0.2891,0.2763,0.0357,0.1089,0.0794,0.1045,0.1178,0.3260,0.3147,0.5398,0.3405,0.3013,0.6303,3.6702,10.5319,12.4169,18.7681,30.8198,35.5253,40.4077,44.5220,35.2113,41.0676,40.8116,41.0225,41.0280,40.5150,40.4835,40.3568,40.4231,39.9085,39.8195,39.9499,39.9402,40.3267"
EP00756,C1_variability,26,CHANNEL_DROPOUT,"0.1254,0.1265,0.0810,0.1018,0.0094,0.0938,0.0419,0.1980,0.3221,0.2646,0.1078,0.0136,0.0439,0.0738,0.2314,0.2826,0.3286,0.2220,0.1883,0.1486,0.0303,0.2293,0.5975,1.0244,1.6319,5.1346,13.1532,30.0975,38.3500,56.9110,64.3756,54.5143,59.6443,58.3333,59.8958,59.8958,59.8958,59.8958,59.8958,59.8958,59.8958,59.8958"
EP00756,C2_covariance,26,CHANNEL_DROPOUT,"0.6182,0.4549,0.4631,0.6579,0.7694,0.7313,0.3783,0.2088,0.1610,0.1018,0.0578,0.1591,0.1841,0.1974,0.4053,0.4045,0.6373,0.3977,0.4282,0.2711,0.6719,0.2737,0.0578,1.8575,1.6836,2.7570,4.7503,7.3065,11.6019,18.0194,22.4854,27.1371,33.1318,38.8552,41.2170,41.2146,40.9886,40.8511,41.0465,40.2458,40.3630,40.9537"
EP00756,C3_both,26,CHANNEL_DROPOUT,"0.6182,0.4549,0.4631,0.6579,0.7694,0.7313,0.3783,0.2088,0.3221,0.2646,0.1078,0.1591,0.1841,0.1974,0.4053,0.4045,0.6373,0.3977,0.4282,0.2711,0.6719,0.2737,0.5975,1.8575,1.6836,5.1346,13.1532,30.0975,38.3500,56.9110,64.3756,54.5143,59.6443,58.3333,59.8958,59.8958,59.8958,59.8958,59.8958,59.8958,59.8958,59.8958"
EP00757,C1_variability,14,CHANNEL_DROPOUT,"0.3589,0.2333,0.2159,0.1906,0.2122,0.0938,0.0419,0.0320,0.0094,0.0867,0.1078,0.1628,0.2600,0.1188,0.9875,0.8048,1.7290,1.6527,1.7471,14.4475,13.9200,14.0820,14.4234,14.0366,13.9012,13.6773,13.6137,13.6966,13.6906,14.4482,12.5528,12.8598,13.1317,13.0960,11.8531,11.7972,11.7702,11.5325,15.0902,13.8648,13.8643,13.8358"
EP00757,C2_covariance,14,CHANNEL_DROPOUT,"0.3227,0.3429,0.2873,0.3622,0.4731,0.4352,0.0843,0.0843,0.1317,0.3931,0.3493,0.4542,0.4749,0.8505,0.8143,1.0349,1.4399,1.3926,1.6950,1.8942,1.9915,2.0601,2.0642,2.0538,1.9489,1.7336,1.7467,1.6622,1.3320,1.2983,1.1132,1.2511,1.5385,1.4639,1.7018,1.7034,1.9836,1.4785,1.4453,1.3065,1.4377,1.4983"
EP00757,C3_both,14,CHANNEL_DROPOUT,"0.3589,0.3429,0.2873,0.3622,0.4731,0.4352,0.0843,0.0843,0.1317,0.3931,0.3493,0.4542,0.4749,0.8505,0.9875,1.0349,1.7290,1.6527,1.7471,14.4475,13.9200,14.0820,14.4234,14.0366,13.9012,13.6773,13.6137,13.6966,13.6906,14.4482,12.5528,12.8598,13.1317,13.0960,11.8531,11.7972,11.7702,11.5325,15.0902,13.8648,13.8643,13.8358"
EP00758,C1_variability,14,CHANNEL_DROPOUT,"0.1817,0.1828,0.1165,0.0993,0.0726,0.0373,0.0983,0.0245,0.0518,0.2626,0.1621,0.3810,0.7454,0.6520,5.3716,11.5751,9.8550,12.2047,16.0933,25.3852,31.2640,29.9411,30.8973,36.2086,36.3405,38.5290,37.0707,45.9388,46.1299,47.8340,47.9545,50.9591,45.5842,45.9443,47.8066,45.5568,45.7897,42.1531,43.9455,45.0601,41.8286,38.8964"
EP00758,C2_covariance,14,CHANNEL_DROPOUT,"0.3227,0.3447,0.2729,0.3622,0.4731,0.4352,0.0843,0.0843,0.1331,0.4547,0.4002,0.4626,0.6390,0.9681,0.8730,0.6830,1.0254,1.2367,1.4822,1.9781,2.1000,2.3480,2.5190,2.5321,2.5728,2.8925,3.9072,4.4325,4.8443,4.8446,5.0850,5.2739,5.0232,5.7150,5.8450,6.7050,7.0710,7.9542,8.7958,8.3617,9.0374,10.7337"
EP00758,C3_both,14,CHANNEL_DROPOUT,"0.3227,0.3447,0.2729,0.3622,0.4731,0.4352,0.0983,0.0843,0.1331,0.4547,0.4002,0.4626,0.7454,0.9681,5.3716,11.5751,9.8550,12.2047,16.0933,25.3852,31.2640,29.9411,30.8973,36.2086,36.3405,38.5290,37.0707,45.9388,46.1299,47.8340,47.9545,50.9591,45.5842,45.9443,47.8066,45.5568,45.7897,42.1531,43.9455,45.0601,41.8286,38.8964"
EP00759,C1_variability,23,CHANNEL_DROPOUT,"0.1184,0.1662,0.1147,0.1255,0.0164,0.1460,0.0349,0.1823,0.0548,0.1444,0.1148,0.0066,0.0508,0.0669,0.2244,0.2756,0.2999,0.2273,0.2448,0.2391,0.1438,0.4369,1.0452,5.1889,11.3995,20.4877,22.7409,21.8725,39.7897,35.3081,31.0813,45.6751,43.2777,44.4717,44.6619,44.8424,46.9799,48.2526,50.2906,51.5127,50.9969,57.7983"
EP00759,C2_covariance,23,CHANNEL_DROPOUT,"1.0069,1.0288,0.7993,0.8196,0.9314,0.8932,0.5391,0.3712,0.8453,0.3737,0.1016,0.0000,0.0251,0.0384,0.2470,0.2462,0.4797,0.2393,0.2638,0.0723,0.4520,0.1925,0.1366,0.1735,0.9680,2.6803,3.6914,4.0574,5.7401,7.1865,9.3240,10.4733,12.2032,12.7892,13.6280,15.2766,15.9177,18.9353,20.5075,22.1964,25.1299,29.7791"
EP00759,C3_both,23,CHANNEL_DROPOUT,"1.0069,1.0288,0.7993,0.8196,0.9314,0.8932,0.5391,0.3712,0.8453,0.3737,0.1148,0.0066,0.0508,0.0669,0.2470,0.2756,0.4797,0.2393,0.2638,0.2391,0.4520,0.4369,1.0452,5.1889,11.3995,20.4877,22.7409,21.8725,39.7897,35.3081,31.0813,45.6751,43.2777,44.4717,44.6619,44.8424,46.9799,48.2526,50.2906,51.5127,50.9969,57.7983"
EP00760,C1_variability,23,GAIN_DRIFT,"0.1348,0.1359,0.0715,0.0767,0.0000,0.0844,0.0513,0.0960,0.2993,0.0252,0.0984,0.0230,0.0344,0.0832,0.2407,0.2919,0.3162,0.0891,1.2824,2.8199,5.4653,8.3934,10.7739,14.8486,16.2306,17.8949,17.7140,17.7991,16.4193,16.8428,17.1733,16.9800,17.0766,17.1015,17.2395,16.5600,16.4662,16.2686,16.1293,16.5299,18.6465,18.7414"
EP00760,C2_covariance,23,GAIN_DRIFT,"0.9906,1.0159,0.7801,0.8196,0.9314,0.8932,0.5391,0.3691,0.8196,0.3430,0.1016,0.0000,0.0251,0.0384,0.2470,0.2462,0.4797,0.2350,0.3135,0.2144,0.6954,0.3928,0.5229,0.4802,0.4622,0.3600,0.0917,0.3701,0.4704,0.6990,0.9784,0.8563,0.4923,0.3415,0.0564,0.2969,0.1550,0.0369,0.2886,0.2517,0.2739,0.4320"
EP00760,C3_both,23,GAIN_DRIFT,"0.9906,1.0159,0.7801,0.8196,0.9314,0.8932,0.5391,0.3691,0.8196,0.3430,0.1016,0.0230,0.0344,0.0832,0.2470,0.2919,0.4797,0.2350,1.2824,2.8199,5.4653,8.3934,10.7739,14.8486,16.2306,17.8949,17.7140,17.7991,16.4193,16.8428,17.1733,16.9800,17.0766,17.1015,17.2395,16.5600,16.4662,16.2686,16.1293,16.5299,18.6465,18.7414"
EP00761,C1_variability,19,GAIN_DRIFT,"0.1691,0.1702,0.0371,0.0753,0.0344,0.0499,0.0857,0.1593,0.1294,0.0903,0.0639,0.0574,0.1531,0.7601,3.5930,8.1712,13.3362,21.1152,28.2501,35.6672,39.9078,41.5543,42.0831,41.2633,42.1419,43.6157,43.0987,42.1539,42.8889,42.9317,41.7557,41.1528,39.6943,38.8284,39.7957,39.7250,40.2807,38.6559,38.8114,42.6238,42.8852,42.9933"
EP00761,C2_covariance,19,GAIN_DRIFT,"0.6768,0.4886,0.5215,0.7165,0.8281,0.7900,0.4366,0.2669,0.2191,0.0441,0.0000,0.1014,0.1265,0.2694,0.4718,0.5606,0.9214,0.7167,0.3635,0.1714,0.5477,0.2507,0.3508,0.3975,0.4478,0.2887,0.1139,0.2264,0.5121,0.6922,0.8896,0.8183,0.5056,0.3441,0.0468,0.4196,0.0140,0.1060,0.0524,0.2418,0.2255,0.1333"
EP00761,C3_both,19,GAIN_DRIFT,"0.6768,0.4886,0.5215,0.7165,0.8281,0.7900,0.4366,0.2669,0.2191,0.0903,0.0639,0.1014,0.1531,0.7601,3.5930,8.1712,13.3362,21.1152,28.2501,35.6672,39.9078,41.5543,42.0831,41.2633,42.1419,43.6157,43.0987,42.1539,42.8889,42.9317,41.7557,41.1528,39.6943,38.8284,39.7957,39.7250,40.2807,38.6559,38.8114,42.6238,42.8852,42.9933"
EP00762,C1_variability,27,GAIN_DRIFT,"0.2061,0.1359,0.2555,0.2391,0.0309,0.0844,0.0513,0.0226,0.1657,0.3671,0.0984,0.0230,0.0344,0.0832,0.2407,0.2919,0.3162,0.1088,0.0321,0.0690,0.0282,3.4339,8.1110,15.7020,21.8154,32.2980,58.7861,96.9785,108.1297,105.9584,105.5170,106.6559,106.2175,108.3684,104.9705,103.2511,103.6738,102.4062,103.0353,101.4732,106.9968,108.1598"
EP00762,C2_covariance,27,GAIN_DRIFT,"0.6768,0.4886,0.5215,0.7165,0.8281,0.7900,0.4366,0.2669,0.2191,0.0441,0.0000,0.1014,0.1265,0.2019,0.3479,0.3471,0.5802,0.3403,0.3708,0.2135,0.5976,0.4502,0.0556,2.8679,3.8671,4.7993,4.1880,2.6138,2.5499,2.8012,2.9949,2.8769,2.2795,2.2436,1.7728,2.2437,2.1331,2.2588,2.1201,1.8487,1.8823,2.2965"
EP00762,C3_both,27,GAIN_DRIFT,"0.6768,0.4886,0.5215,0.7165,0.8281,0.7900,0.4366,0.2669,0.2191,0.3671,0.0984,0.1014,0.1265,0.2019,0.3479,0.3471,0.5802,0.3403,0.3708,0.2135,0.5976,3.4339,8.1110,15.7020,21.8154,32.2980,58.7861,96.9785,108.1297,105.9584,105.5170,106.6559,106.2175,108.3684,104.9705,103.2511,103.6738,102.4062,103.0353,101.4732,106.9968,108.1598"
EP00763,C1_variability,15,GAIN_DRIFT,"0.2163,0.2296,0.2117,0.1859,0.1529,0.0755,0.0602,0.0136,0.0277,0.0165,0.0981,0.2519,1.1512,1.7224,2.7749,4.4985,5.7566,7.3645,7.2326,8.4099,9.6017,11.6714,11.9367,13.1151,14.0893,14.5189,14.9375,14.8357,14.5882,13.6573,15.1653,15.6387,15.3294,15.2279,15.0196,15.4655,14.6973,13.6967,13.8162,15.0825,15.7953,16.1172"
EP00763,C2_covariance,15,GAIN_DRIFT,"0.4077,0.3132,0.2718,0.4472,0.5582,0.5203,0.1688,0.0000,0.0476,0.3093,0.2628,0.3738,0.3876,0.7001,0.6189,0.6164,0.8459,0.6240,0.6629,0.4824,0.8751,0.5479,0.7153,0.8441,0.8664,0.7298,0.5462,0.2108,0.3791,0.3594,0.5989,0.4571,0.4773,0.3335,0.5368,0.3612,0.6384,0.6218,0.8736,0.6663,0.6444,0.2960"
EP00763,C3_both,15,GAIN_DRIFT,"0.4077,0.3132,0.2718,0.4472,0.5582,0.5203,0.1688,0.0136,0.0476,0.3093,0.2628,0.3738,1.1512,1.7224,2.7749,4.4985,5.7566,7.3645,7.2326,8.4099,9.6017,11.6714,11.9367,13.1151,14.0893,14.5189,14.9375,14.8357,14.5882,13.6573,15.1653,15.6387,15.3294,15.2279,15.0196,15.4655,14.6973,13.6967,13.8162,15.0825,15.7953,16.1172"
EP00764,C1_variability,24,GAIN_DRIFT,"0.1254,0.1537,0.0832,0.0680,0.0094,0.0938,0.0419,0.0320,0.1363,0.1489,0.1078,0.0136,0.0439,0.1521,0.2314,0.2826,0.3068,0.1377,0.1332,0.6853,1.7340,4.1617,6.9002,10.9807,16.0189,20.5184,24.4834,28.9279,32.2690,35.6389,39.0716,39.7683,42.5597,41.6479,42.4515,42.2753,41.7388,42.1366,40.4520,40.8162,41.1437,40.8322"
EP00764,C2_covariance,24,GAIN_DRIFT,"1.2001,1.2220,0.9805,0.8938,1.0377,0.9109,0.5518,0.5522,1.0339,0.5556,0.1142,0.0125,0.0125,0.1709,0.2345,0.2337,0.4673,0.2269,0.2588,0.0987,0.4796,0.2240,0.3597,0.5504,0.5041,0.3992,0.2107,0.6275,0.7003,0.8808,1.2566,1.0925,0.6362,0.5541,0.1742,0.4643,0.1949,0.3694,0.6894,0.5020,0.6936,0.6451"
EP00764,C3_both,24,GAIN_DRIFT,"1.2001,1.2220,0.9805,0.8938,1.0377,0.9109,0.5518,0.5522,1.0339,0.5556,0.1142,0.0136,0.0439,0.1709,0.2345,0.2826,0.4673,0.2269,0.2588,0.6853,1.7340,4.1617,6.9002,10.9807,16.0189,20.5184,24.4834,28.9279,32.2690,35.6389,39.0716,39.7683,42.5597,41.6479,42.4515,42.2753,41.7388,42.1366,40.4520,40.8162,41.1437,40.8322"
EP00765,C1_variability,21,GAIN_DRIFT,"0.1573,0.1722,0.0779,0.0618,0.0225,0.0618,0.0738,0.5729,0.1804,0.1256,0.0758,0.0455,0.0119,0.1057,0.2632,0.3128,2.5779,6.3097,11.0312,18.6522,28.4122,38.3018,51.0678,63.8939,75.3225,84.3382,92.9904,102.2454,107.3623,113.2062,114.4140,113.9360,116.3446,116.6670,116.3022,114.6435,112.7611,114.3422,111.9349,111.5268,109.6371,111.1790"
EP00765,C2_covariance,21,GAIN_DRIFT,"0.7215,0.6922,0.5660,0.7613,0.8730,0.8348,0.4811,0.3112,0.3881,0.0007,0.0441,0.0574,0.0825,0.1634,0.3041,0.3088,0.5188,0.2539,0.3231,0.0824,0.3607,0.1543,0.3259,0.3069,0.6961,1.4308,1.6001,2.0097,2.1007,2.1870,2.2271,2.2038,1.4553,1.3592,1.2698,1.7142,1.4111,1.0537,1.2698,1.0302,1.1348,1.2470"
EP00765,C3_both,21,GAIN_DRIFT,"0.7215,0.6922,0.5660,0.7613,0.8730,0.8348,0.4811,0.5729,0.3881,0.1256,0.0758,0.0574,0.0825,0.1634,0.3041,0.3128,2.5779,6.3097,11.0312,18.6522,28.4122,38.3018,51.0678,63.8939,75.3225,84.3382,92.9904,102.2454,107.3623,113.2062,114.4140,113.9360,116.3446,116.6670,116.3022,114.6435,112.7611,114.3422,111.9349,111.5268,109.6371,111.1790"
EP00766,C1_variability,24,GAIN_DRIFT,"0.1254,0.1743,0.1198,0.1407,0.0163,0.0938,0.0419,0.1854,0.0094,0.2450,0.1078,0.0136,0.0439,0.0738,0.2314,0.2826,0.3522,0.2616,0.2207,0.1594,0.0417,1.0442,1.4433,2.0247,2.8975,3.5759,4.7014,5.8192,6.3459,6.7400,7.7420,8.4691,8.8153,9.5684,10.7554,12.3674,13.0243,14.1014,15.3220,15.9281,16.9767,16.1457"
EP00766,C2_covariance,24,GAIN_DRIFT,"1.2102,1.2323,0.9908,0.9039,1.0472,0.9201,0.5518,0.5640,1.0461,0.5666,0.1142,0.0125,0.0125,0.1813,0.2345,0.2337,0.4673,0.2269,0.2584,0.1038,0.4936,0.2214,0.3873,0.5249,0.5290,0.3779,0.1740,0.6361,0.5904,0.7000,1.0212,0.8980,0.5160,0.3383,0.0353,0.3488,0.2833,0.1455,0.5487,0.2336,0.5482,0.6249"
EP00766,C3_both,24,GAIN_DRIFT,"1.2102,1.2323,0.9908,0.9039,1.0472,0.9201,0.5518,0.5640,1.0461,0.5666,0.1142,0.0136,0.0439,0.1813,0.2345,0.2826,0.4673,0.2616,0.2584,0.1594,0.4936,1.0442,1.4433,2.0247,2.8975,3.5759,4.7014,5.8192,6.3459,6.7400,7.7420,8.4691,8.8153,9.5684,10.7554,12.3674,13.0243,14.1014,15.3220,15.9281,16.9767,16.1457"
EP00767,C1_variability,19,GAIN_DRIFT,"0.1160,0.1171,0.0904,0.0696,0.0188,0.1064,0.0325,0.3831,0.3781,0.1009,0.1172,0.0042,0.0533,0.0648,0.2159,0.3487,1.6992,2.7485,3.3394,5.3183,7.8249,8.7227,9.9978,10.2242,12.0298,13.4872,17.1785,17.8144,20.0195,21.7931,22.1707,23.4333,23.8938,26.2682,28.2764,29.4073,32.4212,33.6502,35.9290,35.8832,36.0618,38.2058"
EP00767,C2_covariance,19,GAIN_DRIFT,"0.6768,0.4886,0.5215,0.7165,0.8281,0.7900,0.4366,0.2669,0.2191,0.0441,0.0000,0.1014,0.1265,0.1596,0.3513,0.3505,0.5973,0.3681,0.4233,0.2910,0.6458,0.3659,0.5258,0.6892,0.6829,0.5154,0.1201,0.1133,0.4072,0.7095,1.0061,0.9408,0.5794,0.2683,0.2852,0.2913,0.2769,0.2182,0.2569,0.1727,0.0649,0.3042"
EP00767,C3_both,19,GAIN_DRIFT,"0.6768,0.4886,0.5215,0.7165,0.8281,0.7900,0.4366,0.3831,0.3781,0.1009,0.1172,0.1014,0.1265,0.1596,0.3513,0.3505,1.6992,2.7485,3.3394,5.3183,7.8249,8.7227,9.9978,10.2242,12.0298,13.4872,17.1785,17.8144,20.0195,21.7931,22.1707,23.4333,23.8938,26.2682,28.2764,29.4073,32.4212,33.6502,35.9290,35.8832,36.0618,38.2058"
EP00768,C1_variability,15,GAIN_DRIFT,"0.3757,0.2602,0.1876,0.2325,0.0393,0.1238,0.0120,0.0619,0.0205,0.0645,0.1227,0.9234,1.9965,4.1927,7.6857,10.3897,14.0444,17.5419,20.7601,25.2653,28.9385,35.1612,35.7896,40.8212,44.7402,51.2505,54.7917,60.9758,61.9411,68.4837,70.7216,74.8204,80.5621,80.8379,83.9533,90.1009,96.9707,101.1727,106.0853,106.8884,109.8569,108.6266"
EP00768,C2_covariance,15,GAIN_DRIFT,"0.4077,0.3170,0.2740,0.4472,0.5582,0.5203,0.1688,0.0000,0.0476,0.3093,0.2703,0.3548,0.3860,0.7974,0.6965,0.6128,0.6327,0.4599,0.2978,0.0358,0.2494,0.1075,0.2470,0.1456,0.0330,0.5640,1.5968,2.1933,2.8308,3.3678,4.0481,4.3488,5.0718,6.5470,6.5607,7.3945,8.3704,9.5245,9.7998,9.7383,10.0743,10.4968"
EP00768,C3_both,15,GAIN_DRIFT,"0.4077,0.3170,0.2740,0.4472,0.5582,0.5203,0.1688,0.0619,0.0476,0.3093,0.2703,0.9234,1.9965,4.1927,7.6857,10.3897,14.0444,17.5419,20.7601,25.2653,28.9385,35.1612,35.7896,40.8212,44.7402,51.2505,54.7917,60.9758,61.9411,68.4837,70.7216,74.8204,80.5621,80.8379,83.9533,90.1009,96.9707,101.1727,106.0853,106.8884,109.8569,108.6266"
EP00769,C1_variability,23,GEOMETRY_ROTATION,"0.0516,0.0528,0.1550,0.0718,0.0834,0.4016,0.0320,0.1606,0.0645,0.1554,0.1819,0.0604,0.1179,0.1520,0.1578,0.2217,0.3655,1.3515,2.1651,3.8616,4.7151,5.2473,6.1111,6.5642,6.8727,6.8778,6.9289,6.5984,6.5618,6.4774,6.4823,6.2789,6.5017,6.5768,6.5916,6.6942,6.6339,6.6805,6.6883,6.5515,6.9257,6.7752"
EP00769,C2_covariance,23,GEOMETRY_ROTATION,"0.5782,0.6009,0.4030,0.4472,0.5582,0.5203,0.1688,0.0000,0.4393,0.3093,0.2655,0.3664,0.3913,0.4045,0.6115,0.6108,0.8426,0.6771,0.4169,0.5720,1.3891,2.9147,4.2839,5.6237,6.3279,6.6661,7.1742,7.5368,7.6865,7.9464,8.2315,8.1951,7.7865,7.5084,7.1435,7.3623,7.0097,7.1189,7.0426,6.6885,6.6572,6.8568"
EP00769,C3_both,23,GEOMETRY_ROTATION,"0.5782,0.6009,0.4030,0.4472,0.5582,0.5203,0.1688,0.1606,0.4393,0.3093,0.2655,0.3664,0.3913,0.4045,0.6115,0.6108,0.8426,1.3515,2.1651,3.8616,4.7151,5.2473,6.1111,6.5642,6.8727,6.8778,7.1742,7.5368,7.6865,7.9464,8.2315,8.1951,7.7865,7.5084,7.1435,7.3623,7.0097,7.1189,7.0426,6.6885,6.9257,6.8568"
EP00770,C1_variability,24,GEOMETRY_ROTATION,"0.0388,0.0704,0.1679,0.1379,0.0962,0.1808,0.0448,0.1188,0.9615,0.3033,0.1948,0.0732,0.1307,0.0128,0.1450,0.2440,0.3498,0.2160,0.6700,3.5895,4.2021,5.2707,6.6759,8.1241,9.2096,9.7574,9.9027,9.9418,9.8160,9.7866,10.0210,10.2071,10.4133,10.5266,10.5053,10.5838,10.5305,10.4096,10.3163,10.3052,10.2945,10.1018"
EP00770,C2_covariance,24,GEOMETRY_ROTATION,"0.3227,0.1359,0.1689,0.3622,0.4731,0.4352,0.0843,0.0843,0.1317,0.3931,0.3493,0.4500,0.4749,0.4881,0.6947,0.6940,0.9254,0.6872,0.7107,1.2049,4.7757,8.3737,10.3608,12.4717,14.6301,16.2001,17.4031,17.8367,18.0242,17.9571,18.1804,18.0517,17.6871,17.2666,16.9446,17.2380,16.8738,16.8398,16.9375,16.8964,17.2737,17.6137"
EP00770,C3_both,24,GEOMETRY_ROTATION,"0.3227,0.1359,0.1689,0.3622,0.4731,0.4352,0.0843,0.1188,0.9615,0.3931,0.3493,0.4500,0.4749,0.4881,0.6947,0.6940,0.9254,0.6872,0.7107,3.5895,4.7757,8.3737,10.3608,12.4717,14.6301,16.2001,17.4031,17.8367,18.0242,17.9571,18.1804,18.0517,17.6871,17.2666,16.9446,17.2380,16.8738,16.8398,16.9375,16.8964,17.2737,17.6137"
EP00771,C1_variability,17,GEOMETRY_ROTATION,"0.0836,0.0894,0.1230,0.1116,0.0514,0.1358,0.0000,0.0739,0.0325,0.0766,0.1498,0.2046,2.4285,3.4609,4.6899,6.3496,9.1943,13.4617,19.7434,23.0354,23.2501,23.2143,23.1913,23.2242,23.0925,22.9217,22.8378,22.9452,22.8518,22.7493,22.7413,22.7748,22.9527,23.0162,23.1025,23.1780,23.2237,23.2432,23.0924,23.0166,22.9153,22.6858"
EP00771,C2_covariance,17,GEOMETRY_ROTATION,"0.0000,0.1856,0.1929,0.0392,0.1494,0.1117,0.2369,0.4044,0.4516,0.7112,0.6677,0.7727,2.0048,5.7656,8.3593,9.6390,11.6842,14.9042,18.2421,19.5764,19.9804,20.7175,20.9270,20.7915,20.8568,21.2019,21.7353,22.0462,22.1388,22.0516,22.1576,22.2467,21.5869,21.2909,21.2236,21.2339,20.9039,21.0339,21.0472,20.9166,21.1622,21.5976"
EP00771,C3_both,17,GEOMETRY_ROTATION,"0.0836,0.1856,0.1929,0.1116,0.1494,0.1358,0.2369,0.4044,0.4516,0.7112,0.6677,0.7727,2.4285,5.7656,8.3593,9.6390,11.6842,14.9042,19.7434,23.0354,23.2501,23.2143,23.1913,23.2242,23.0925,22.9217,22.8378,22.9452,22.8518,22.7493,22.7413,22.7748,22.9527,23.0162,23.1025,23.1780,23.2237,23.2432,23.0924,23.0166,22.9153,22.6858"
EP00772,C1_variability,20,GEOMETRY_ROTATION,"0.0896,0.1462,0.1169,0.1522,0.0662,0.1298,0.0060,0.0679,0.2626,0.1696,0.1438,0.0223,0.0798,0.0515,0.1964,0.4487,1.5139,1.7453,2.7617,3.8468,4.9665,5.8695,6.1229,6.4606,6.9211,6.7693,6.6810,6.4996,6.6988,6.2530,6.0374,6.3594,6.5638,6.8708,6.6588,6.9262,6.6566,6.9605,6.4965,6.1981,6.2685,6.0058"
EP00772,C2_covariance,20,GEOMETRY_ROTATION,"0.5660,0.5676,0.4416,0.6057,0.7170,0.6789,0.3263,0.1570,0.2983,0.1533,0.1093,0.2105,0.2355,0.2488,0.4564,0.4460,0.6798,0.4045,0.2930,0.1462,0.2044,1.3131,1.8088,2.5567,3.1407,3.7678,4.4638,4.9168,5.3573,5.6533,5.9521,5.9805,5.6380,5.6909,5.2526,5.4812,5.1651,5.1733,5.3337,4.9503,5.0173,5.2724"
EP00772,C3_both,20,GEOMETRY_ROTATION,"0.5660,0.5676,0.4416,0.6057,0.7170,0.6789,0.3263,0.1570,0.2983,0.1696,0.1438,0.2105,0.2355,0.2488,0.4564,0.4487,1.5139,1.7453,2.7617,3.8468,4.9665,5.8695,6.1229,6.4606,6.9211,6.7693,6.6810,6.4996,6.6988,6.2530,6.0374,6.3594,6.5638,6.8708,6.6588,6.9262,6.6566,6.9605,6.4965,6.1981,6.2685,6.0058"
EP00773,C1_variability,19,GEOMETRY_ROTATION,"0.0956,0.0967,0.1109,0.0562,0.0393,0.1238,0.0120,0.0619,0.4098,0.4379,0.1378,0.0163,0.0738,0.8771,2.3201,3.8503,4.1435,4.7534,5.1900,5.9538,6.6700,7.1247,7.3906,8.0560,8.4035,8.7053,8.9773,9.2744,9.1021,9.0759,9.1527,9.1883,9.3091,9.3770,9.4592,9.5251,9.5619,9.5117,9.4458,9.4971,9.5188,9.3929"
EP00773,C2_covariance,19,GEOMETRY_ROTATION,"0.2381,0.1805,0.1679,0.2775,0.3881,0.3503,0.0000,0.1682,0.2156,0.4765,0.4328,0.5334,0.5582,0.6176,0.7025,0.4439,0.1311,1.4831,2.4943,3.9434,4.8598,6.2023,7.3335,8.1208,8.8101,9.6454,10.8336,11.5564,11.9191,11.9831,12.2770,12.1145,11.6327,11.5034,11.1964,11.4412,11.0417,11.1894,11.2692,10.9816,11.2522,11.8033"
EP00773,C3_both,19,GEOMETRY_ROTATION,"0.2381,0.1805,0.1679,0.2775,0.3881,0.3503,0.0120,0.1682,0.4098,0.4765,0.4328,0.5334,0.5582,0.8771,2.3201,3.8503,4.1435,4.7534,5.1900,5.9538,6.6700,7.1247,7.3906,8.1208,8.8101,9.6454,10.8336,11.5564,11.9191,11.9831,12.2770,12.1145,11.6327,11.5034,11.1964,11.4412,11.0417,11.1894,11.2692,10.9816,11.2522,11.8033"
EP00774,C1_variability,22,GEOMETRY_ROTATION,"0.0676,0.1384,0.1390,0.1009,0.0674,0.1519,0.0160,0.0899,0.1300,0.0926,0.1659,0.0444,0.1018,0.0160,0.1737,0.2249,1.0229,2.5167,3.7419,5.4910,6.2490,7.6766,9.3902,11.3119,12.9921,14.6203,16.6334,18.6617,20.4312,22.0106,22.7746,22.9406,22.9878,23.0918,23.0912,23.1105,23.1535,23.1846,23.0531,23.0048,22.9849,22.8193"
EP00774,C2_covariance,22,GEOMETRY_ROTATION,"0.2122,0.0264,0.0668,0.2516,0.3622,0.3244,0.0258,0.1939,0.2413,0.5020,0.4584,0.5589,0.5837,0.5969,0.8031,0.8023,0.9886,0.2210,1.9625,4.1775,6.0974,8.3527,10.3882,11.8803,13.5080,14.9134,16.8106,18.8080,19.8062,20.6098,20.7181,20.8607,20.3967,19.8384,20.0009,20.3074,20.0204,20.2946,20.4161,20.4151,19.6065,19.8677"
EP00774,C3_both,22,GEOMETRY_ROTATION,"0.2122,0.1384,0.1390,0.2516,0.3622,0.3244,0.0258,0.1939,0.2413,0.5020,0.4584,0.5589,0.5837,0.5969,0.8031,0.8023,1.0229,2.5167,3.7419,5.4910,6.2490,8.3527,10.3882,11.8803,13.5080,14.9134,16.8106,18.8080,20.4312,22.0106,22.7746,22.9406,22.9878,23.0918,23.0912,23.1105,23.1535,23.1846,23.0531,23.0048,22.9849,22.8193"
EP00775,C1_variability,21,GEOMETRY_ROTATION,"0.0836,0.1284,0.1230,0.1590,0.0514,0.1358,0.0000,0.0739,0.0882,0.0766,0.1498,0.0284,0.0858,0.1168,0.2599,0.3030,1.1717,1.5934,1.2312,2.7049,2.6249,3.6080,4.4454,5.0859,5.7232,6.1172,6.3108,6.6629,6.7595,6.9739,6.8918,7.0580,7.1255,7.4905,7.6982,7.5365,7.5228,7.7144,8.0294,7.7211,7.7967,7.8636"
EP00775,C2_covariance,21,GEOMETRY_ROTATION,"0.7215,0.7293,0.5889,0.7613,0.8730,0.8348,0.4811,0.3112,0.4133,0.0000,0.0441,0.0574,0.0825,0.2169,0.3041,0.3033,0.5328,0.2720,0.2744,0.0413,0.3043,0.1896,0.3287,0.5229,0.8628,1.4861,2.4199,3.0290,3.6633,4.0306,4.6658,4.9227,4.8006,4.9618,5.1437,5.6999,5.8869,6.2278,6.7023,6.8298,7.1422,7.5279"
EP00775,C3_both,21,GEOMETRY_ROTATION,"0.7215,0.7293,0.5889,0.7613,0.8730,0.8348,0.4811,0.3112,0.4133,0.0766,0.1498,0.0574,0.0858,0.2169,0.3041,0.3033,1.1717,1.5934,1.2312,2.7049,2.6249,3.6080,4.4454,5.0859,5.7232,6.1172,6.3108,6.6629,6.7595,6.9739,6.8918,7.0580,7.1255,7.4905,7.6982,7.5365,7.5228,7.7144,8.0294,7.7211,7.7967,7.8636"
EP00776,C1_variability,17,GEOMETRY_ROTATION,"0.2288,0.0866,0.1211,0.0102,0.0495,0.1340,0.0019,0.0721,0.0306,0.1886,0.1479,0.0326,1.1613,1.5895,2.7715,3.2839,4.8860,4.9097,5.2256,5.6633,5.8657,6.2367,6.5376,7.3860,8.0667,8.2234,8.5185,8.5865,8.7841,9.0944,9.0847,8.4930,9.0233,9.1998,9.3985,9.5561,9.7697,9.9636,9.9773,10.0031,10.0726,9.8606"
EP00776,C2_covariance,17,GEOMETRY_ROTATION,"0.3253,0.2854,0.1711,0.3648,0.4756,0.4377,0.0868,0.0817,0.1292,0.3906,0.3468,0.6376,0.6443,0.5250,0.4659,0.3061,0.7465,1.9177,2.9041,3.9908,4.7155,5.8494,6.6694,7.4663,8.2780,8.9894,9.8857,10.8753,11.8063,12.0409,12.8020,13.4929,13.5012,13.6900,13.4166,13.9485,14.0601,14.5294,14.7896,14.8209,15.3816,15.2493"
EP00776,C3_both,17,GEOMETRY_ROTATION,"0.3253,0.2854,0.1711,0.3648,0.4756,0.4377,0.0868,0.0817,0.1292,0.3906,0.3468,0.6376,1.1613,1.5895,2.7715,3.2839,4.8860,4.9097,5.2256,5.6633,5.8657,6.2367,6.6694,7.4663,8.2780,8.9894,9.8857,10.8753,11.8063,12.0409,12.8020,13.4929,13.5012,13.6900,13.4166,13.9485,14.0601,14.5294,14.7896,14.8209,15.3816,15.2493"
EP00777,C1_variability,23,GEOMETRY_ROTATION,"0.0516,0.1377,0.1550,0.0941,0.0834,0.1757,0.0320,0.1060,0.1953,0.1958,0.1819,0.0604,0.1179,0.0000,0.1578,0.2090,0.2960,0.5875,1.4972,2.9558,3.4176,4.7774,5.7755,7.0360,8.5555,8.8000,8.9595,9.5713,10.1642,10.7919,11.5895,12.3792,13.3247,14.1649,15.0258,16.0953,17.1237,18.4252,19.6221,20.8885,21.7997,22.1390"
EP00777,C2_covariance,23,GEOMETRY_ROTATION,"0.5209,0.5623,0.4102,0.4953,0.6064,0.5684,0.2166,0.0476,0.3234,0.2620,0.2181,0.3191,0.3440,0.3573,0.5645,0.5638,0.7957,0.6034,0.6756,0.1147,0.5546,2.4936,4.3635,6.7707,8.7847,10.5756,12.7001,14.3996,15.7018,16.4807,17.7344,18.5525,18.6543,18.9964,19.3652,20.2492,20.4439,20.5547,21.7228,21.7294,22.3812,23.4021"
EP00777,C3_both,23,GEOMETRY_ROTATION,"0.5209,0.5623,0.4102,0.4953,0.6064,0.5684,0.2166,0.1060,0.3234,0.2620,0.2181,0.3191,0.3440,0.3573,0.5645,0.5638,0.7957,0.6034,1.4972,2.9558,3.4176,4.7774,5.7755,7.0360,8.7847,10.5756,12.7001,14.3996,15.7018,16.4807,17.7344,18.5525,18.6543,18.9964,19.3652,20.2492,20.4439,20.5547,21.7228,21.7294,22.3812,23.4021"
