trial_uid,participant,cohort,trial_day,block,block_id,trial_in_block,start_bin_matlab,stop_bin_matlab,start_bin,stop_bin,n_bins_in_trial,angle_error_deg,success,time_to_target,path_efficiency,orth_changes,excluded,used_click
T11_d658_b5_t0,T11,main,658,5,T11/day_658/block_5,0,270,467,269,467,198,36.74745178222656,True,3.96,0.7326526641845703,3.0,False,True
T11_d658_b5_t1,T11,main,658,5,T11/day_658/block_5,1,468,629,467,629,162,41.90400695800781,True,3.24,0.7413691878318787,1.0,False,True
T11_d658_b5_t2,T11,main,658,5,T11/day_658/block_5,2,630,794,629,794,165,29.100196838378906,True,3.3,0.7485158443450928,0.0,False,True
T11_d658_b5_t3,T11,main,658,5,T11/day_658/block_5,3,795,924,794,924,130,9.180601119995117,True,2.6,0.8830463290214539,1.0,False,True
T11_d658_b5_t4,T11,main,658,5,T11/day_658/block_5,4,925,1068,924,1068,144,25.564804077148438,True,2.88,0.8498573899269104,0.0,False,True
T11_d658_b5_t5,T11,main,658,5,T11/day_658/block_5,5,1069,1247,1068,1247,179,36.09962844848633,True,3.58,0.8558799624443054,1.0,False,True
T11_d658_b5_t6,T11,main,658,5,T11/day_658/block_5,6,1248,1407,1247,1407,160,27.250221252441406,True,3.2,0.7587592601776123,1.0,False,True
T11_d658_b5_t7,T11,main,658,5,T11/day_658/block_5,7,1408,1543,1407,1543,136,21.172563552856445,True,2.72,0.834154486656189,0.0,False,True
T11_d658_b5_t8,T11,main,658,5,T11/day_658/block_5,8,1544,1678,1543,1678,135,13.618364334106445,True,2.7,0.8962621092796326,2.0,False,True
T11_d658_b5_t9,T11,main,658,5,T11/day_658/block_5,9,1679,1863,1678,1863,185,23.133378982543945,True,3.7,0.8160067796707153,1.0,False,True
T11_d658_b5_t10,T11,main,658,5,T11/day_658/block_5,10,1864,2044,1863,2044,181,17.169208526611328,True,3.62,0.9203829169273376,0.0,False,True
T11_d658_b5_t11,T11,main,658,5,T11/day_658/block_5,11,2045,2309,2044,2309,265,26.056392669677734,True,5.3,0.7909005880355835,0.0,False,True
T11_d658_b5_t12,T11,main,658,5,T11/day_658/block_5,12,2310,2435,2309,2435,126,11.590235710144043,True,2.52,0.9441938400268555,1.0,False,True
T11_d658_b5_t13,T11,main,658,5,T11/day_658/block_5,13,2436,2607,2435,2607,172,34.71025848388672,True,3.44,0.7654288411140442,0.0,False,True
T11_d658_b5_t14,T11,main,658,5,T11/day_658/block_5,14,2608,3020,2607,3020,413,49.97048568725586,True,8.26,0.5676175355911255,7.0,False,True
T11_d658_b5_t15,T11,main,658,5,T11/day_658/block_5,15,3021,3171,3020,3171,151,26.75663948059082,True,3.02,0.8227514028549194,5.0,False,True
T11_d658_b5_t16,T11,main,658,5,T11/day_658/block_5,16,3172,3350,3171,3350,179,21.52438735961914,True,3.58,0.8565440773963928,1.0,False,True
T11_d658_b5_t17,T11,main,658,5,T11/day_658/block_5,17,3351,3493,3350,3493,143,37.51375198364258,True,2.86,0.7350354790687561,1.0,False,True
T11_d658_b5_t18,T11,main,658,5,T11/day_658/block_5,18,3494,3645,3493,3645,152,10.19816780090332,True,3.04,0.9108402729034424,1.0,False,True
T11_d658_b5_t19,T11,main,658,5,T11/day_658/block_5,19,3646,3760,3645,3760,115,29.049354553222656,True,2.3,0.875999391078949,0.0,False,True
T11_d658_b5_t20,T11,main,658,5,T11/day_658/block_5,20,3761,3887,3760,3887,127,23.19677734375,True,2.54,0.8119171857833862,0.0,False,True
T11_d658_b5_t21,T11,main,658,5,T11/day_658/block_5,21,3888,4049,3887,4049,162,12.527978897094727,True,3.24,0.9125061631202698,1.0,False,True
T11_d658_b5_t22,T11,main,658,5,T11/day_658/block_5,22,4050,4179,4049,4179,130,9.948470115661621,True,2.6,0.9015948176383972,0.0,False,True
T11_d658_b5_t23,T11,main,658,5,T11/day_658/block_5,23,4180,4304,4179,4304,125,16.660017013549805,True,2.5,0.863909125328064,1.0,False,True
T11_d658_b5_t24,T11,main,658,5,T11/day_658/block_5,24,4305,4490,4304,4490,186,39.815895080566406,True,3.72,0.6783828735351562,2.0,False,True
T11_d658_b5_t25,T11,main,658,5,T11/day_658/block_5,25,4491,4655,4490,4655,165,13.934798240661621,True,3.3,0.8483415842056274,1.0,False,True
T11_d658_b5_t26,T11,main,658,5,T11/day_658/block_5,26,4656,4998,4655,4998,343,51.22447204589844,True,6.86,0.503335177898407,6.0,False,True
T11_d658_b5_t27,T11,main,658,5,T11/day_658/block_5,27,4999,5310,4998,5310,312,35.53529739379883,True,6.24,0.6704406142234802,3.0,False,True
T11_d658_b5_t28,T11,main,658,5,T11/day_658/block_5,28,5311,5810,5310,5810,500,67.37631225585938,False,10.0,,11.0,False,True
T11_d658_b5_t29,T11,main,658,5,T11/day_658/block_5,29,5811,5958,5810,5958,148,23.619430541992188,True,2.96,0.7598000764846802,0.0,False,True
T11_d658_b5_t30,T11,main,658,5,T11/day_658/block_5,30,5959,6195,5958,6195,237,17.497880935668945,True,4.74,0.8481747508049011,2.0,False,True
T11_d658_b5_t31,T11,main,658,5,T11/day_658/block_5,31,6196,6481,6195,6481,286,32.03270721435547,True,5.72,0.7063948512077332,1.0,False,True
T11_d658_b5_t32,T11,main,658,5,T11/day_658/block_5,32,6482,6663,6481,6663,182,45.57181930541992,True,3.64,0.6131256818771362,0.0,False,True
T11_d658_b5_t33,T11,main,658,5,T11/day_658/block_5,33,6664,7164,6663,7164,501,75.8314208984375,False,10.02,,12.0,False,True
T11_d658_b5_t34,T11,main,658,5,T11/day_658/block_5,34,7165,7407,7164,7407,243,23.443025588989258,True,4.86,0.7744585275650024,1.0,False,True
T11_d658_b5_t35,T11,main,658,5,T11/day_658/block_5,35,7408,7658,7407,7658,251,37.963035583496094,True,5.02,0.7552419304847717,3.0,False,True
T11_d658_b5_t36,T11,main,658,5,T11/day_658/block_5,36,7659,7876,7658,7876,218,26.264816284179688,True,4.36,0.7930256724357605,1.0,False,True
T11_d658_b5_t37,T11,main,658,5,T11/day_658/block_5,37,7877,8029,7876,8029,153,14.9335355758667,True,3.06,0.9016675353050232,1.0,False,True
T11_d658_b5_t38,T11,main,658,5,T11/day_658/block_5,38,8030,8164,8029,8164,135,24.94370460510254,True,2.7,0.8245521783828735,1.0,False,True
T11_d658_b5_t39,T11,main,658,5,T11/day_658/block_5,39,8165,8327,8164,8327,163,18.030550003051758,True,3.26,0.8276473879814148,2.0,False,True
T11_d658_b5_t40,T11,main,658,5,T11/day_658/block_5,40,8328,8480,8327,8480,153,26.202341079711914,True,3.06,0.8392835855484009,1.0,False,True
T11_d658_b5_t41,T11,main,658,5,T11/day_658/block_5,41,8481,8639,8480,8639,159,13.656851768493652,True,3.18,0.8424631953239441,1.0,False,True
T11_d658_b5_t42,T11,main,658,5,T11/day_658/block_5,42,8640,8817,8639,8817,178,17.781475067138672,True,3.56,0.9466845989227295,1.0,False,True
T11_d658_b5_t43,T11,main,658,5,T11/day_658/block_5,43,8818,9055,8817,9055,238,22.93027114868164,True,4.76,0.8154863119125366,2.0,False,True
T11_d658_b5_t44,T11,main,658,5,T11/day_658/block_5,44,9056,9218,9055,9218,163,21.059520721435547,True,3.26,0.8431293964385986,0.0,False,True
T11_d658_b5_t45,T11,main,658,5,T11/day_658/block_5,45,9219,9429,9218,9429,211,24.142436981201172,True,4.22,0.8199353814125061,1.0,False,True
T11_d658_b5_t46,T11,main,658,5,T11/day_658/block_5,46,9430,9565,9429,9565,136,17.511451721191406,True,2.72,0.8853317499160767,1.0,False,True
T11_d658_b5_t47,T11,main,658,5,T11/day_658/block_5,47,9566,9731,9565,9731,166,37.69549560546875,True,3.32,0.8197289109230042,1.0,False,True
T11_d658_b5_t48,T11,main,658,5,T11/day_658/block_5,48,9732,9907,9731,9907,176,16.56211280822754,True,3.52,0.8543466925621033,1.0,False,True
T11_d658_b5_t49,T11,main,658,5,T11/day_658/block_5,49,9908,10152,9907,10152,245,25.07978057861328,True,4.9,0.7806798815727234,0.0,False,True
T11_d658_b5_t50,T11,main,658,5,T11/day_658/block_5,50,10153,10349,10152,10349,197,18.653247833251953,True,3.94,0.7679706811904907,1.0,False,True
T11_d658_b5_t51,T11,main,658,5,T11/day_658/block_5,51,10350,10851,10349,10851,502,88.0692138671875,False,10.04,,19.0,False,True
T11_d658_b5_t52,T11,main,658,5,T11/day_658/block_5,52,10852,11091,10851,11091,240,63.74715805053711,True,4.8,0.735789954662323,3.0,False,True
T11_d658_b5_t53,T11,main,658,5,T11/day_658/block_5,53,11092,11271,11091,11271,180,21.186920166015625,True,3.6,0.9080997705459595,0.0,False,True
T11_d658_b5_t54,T11,main,658,5,T11/day_658/block_5,54,11272,11425,11271,11425,154,25.36188507080078,True,3.08,0.8353405594825745,1.0,False,True
T11_d658_b5_t55,T11,main,658,5,T11/day_658/block_5,55,11426,11588,11425,11588,163,19.916080474853516,True,3.26,0.8380646705627441,1.0,False,True
T11_d658_b5_t56,T11,main,658,5,T11/day_658/block_5,56,11589,11815,11588,11815,227,26.392457962036133,True,4.54,0.7342810034751892,1.0,False,True
T11_d658_b5_t57,T11,main,658,5,T11/day_658/block_5,57,11816,12316,11815,12316,501,54.41314697265625,False,10.02,,9.0,False,True
T11_d658_b5_t58,T11,main,658,5,T11/day_658/block_5,58,12317,12574,12316,12574,258,28.745250701904297,True,5.16,0.8313559293746948,1.0,False,True
T11_d658_b5_t59,T11,main,658,5,T11/day_658/block_5,59,12575,13074,12574,13074,500,82.85942077636719,False,10.0,,4.0,False,True
T11_d658_b5_t60,T11,main,658,5,T11/day_658/block_5,60,13075,13301,13074,13301,227,24.026479721069336,True,4.54,0.6758625507354736,1.0,False,True
T11_d658_b5_t61,T11,main,658,5,T11/day_658/block_5,61,13302,13446,13301,13446,145,16.83040428161621,True,2.9,0.8379060626029968,1.0,False,True
T11_d658_b5_t62,T11,main,658,5,T11/day_658/block_5,62,13447,13657,13446,13657,211,19.584484100341797,True,4.22,0.7636549472808838,0.0,False,True
T11_d658_b5_t63,T11,main,658,5,T11/day_658/block_5,63,13658,13796,13657,13796,139,15.000683784484863,True,2.78,0.9069602489471436,0.0,False,True
T11_d658_b5_t64,T11,main,658,5,T11/day_658/block_5,64,13797,14035,13796,14035,239,17.689085006713867,True,4.78,0.6591448187828064,1.0,False,True
T11_d658_b5_t65,T11,main,658,5,T11/day_658/block_5,65,14036,14236,14035,14236,201,38.91695785522461,True,4.02,0.6451759934425354,0.0,False,True
T11_d658_b5_t66,T11,main,658,5,T11/day_658/block_5,66,14237,14377,14236,14377,141,29.09149932861328,True,2.82,0.8316200971603394,1.0,False,True
T11_d658_b5_t67,T11,main,658,5,T11/day_658/block_5,67,14378,14517,14377,14517,140,13.861379623413086,True,2.8,0.8955501914024353,1.0,False,True
T11_d658_b5_t68,T11,main,658,5,T11/day_658/block_5,68,14518,14696,14517,14696,179,25.54705047607422,True,3.58,0.8177733421325684,0.0,False,True
T11_d658_b5_t69,T11,main,658,5,T11/day_658/block_5,69,14697,14871,14696,14871,175,17.28046989440918,True,3.5,0.838083028793335,1.0,False,True
T11_d658_b5_t70,T11,main,658,5,T11/day_658/block_5,70,14872,15020,14871,15020,149,26.404541015625,True,2.98,0.8223638534545898,0.0,False,True
T11_d658_b5_t71,T11,main,658,5,T11/day_658/block_5,71,15021,15174,15020,15174,154,14.283946990966797,True,3.08,0.8951449990272522,1.0,False,True
T11_d658_b7_t0,T11,main,658,7,T11/day_658/block_7,0,262,403,261,403,142,15.988176345825195,True,2.84,0.8430480360984802,0.0,False,True
T11_d658_b7_t1,T11,main,658,7,T11/day_658/block_7,1,404,557,403,557,154,26.890552520751953,True,3.08,0.7968990206718445,1.0,False,True
T11_d658_b7_t2,T11,main,658,7,T11/day_658/block_7,2,558,697,557,697,140,21.58199119567871,True,2.8,0.8730204105377197,2.0,False,True
T11_d658_b7_t3,T11,main,658,7,T11/day_658/block_7,3,698,971,697,971,274,43.41650390625,True,5.48,0.4712575376033783,3.0,False,True
T11_d658_b7_t4,T11,main,658,7,T11/day_658/block_7,4,972,1112,971,1112,141,19.44891929626465,True,2.82,0.8411786556243896,1.0,False,True
T11_d658_b7_t5,T11,main,658,7,T11/day_658/block_7,5,1113,1613,1112,1613,501,75.98330688476562,False,10.02,,10.0,False,True
T11_d658_b7_t6,T11,main,658,7,T11/day_658/block_7,6,1614,1767,1613,1767,154,9.781182289123535,True,3.08,0.8828161954879761,0.0,False,True
T11_d658_b7_t7,T11,main,658,7,T11/day_658/block_7,7,1768,1898,1767,1898,131,23.300052642822266,True,2.62,0.7553993463516235,0.0,False,True
T11_d658_b7_t8,T11,main,658,7,T11/day_658/block_7,8,1899,2399,1898,2399,501,74.24376678466797,False,10.02,,11.0,False,True
T11_d658_b7_t9,T11,main,658,7,T11/day_658/block_7,9,2400,2729,2399,2729,330,21.38665771484375,True,6.6,0.6868948936462402,3.0,False,True
T11_d658_b7_t10,T11,main,658,7,T11/day_658/block_7,10,2730,2929,2729,2929,200,20.571529388427734,True,4.0,0.8785762190818787,1.0,False,True
T11_d658_b7_t11,T11,main,658,7,T11/day_658/block_7,11,2930,3072,2929,3072,143,10.114591598510742,True,2.86,0.8551425337791443,1.0,False,True
T11_d658_b7_t12,T11,main,658,7,T11/day_658/block_7,12,3073,3271,3072,3271,199,34.717933654785156,True,3.98,0.8007963299751282,4.0,False,True
T11_d658_b7_t13,T11,main,658,7,T11/day_658/block_7,13,3272,3427,3271,3427,156,7.229005813598633,True,3.12,0.9666309952735901,1.0,False,True
T11_d658_b7_t14,T11,main,658,7,T11/day_658/block_7,14,3428,3577,3427,3577,150,14.412162780761719,True,3.0,0.9169992208480835,0.0,False,True
T11_d658_b7_t15,T11,main,658,7,T11/day_658/block_7,15,3578,3815,3577,3815,238,20.509872436523438,True,4.76,0.7441690564155579,1.0,False,True
T11_d658_b7_t16,T11,main,658,7,T11/day_658/block_7,16,3816,3991,3815,3991,176,25.449569702148438,True,3.52,0.9352797269821167,1.0,False,True
T11_d658_b7_t17,T11,main,658,7,T11/day_658/block_7,17,3992,4241,3991,4241,250,24.89203643798828,True,5.0,0.8228749632835388,1.0,False,True
T11_d658_b7_t18,T11,main,658,7,T11/day_658/block_7,18,4242,4391,4241,4391,150,23.627120971679688,True,3.0,0.8004376888275146,0.0,False,True
T11_d658_b7_t19,T11,main,658,7,T11/day_658/block_7,19,4392,4549,4391,4549,158,16.6710205078125,True,3.16,0.9074249863624573,0.0,False,True
T11_d658_b7_t20,T11,main,658,7,T11/day_658/block_7,20,4550,4686,4549,4686,137,14.442705154418945,True,2.74,0.874324381351471,0.0,False,True
T11_d658_b7_t21,T11,main,658,7,T11/day_658/block_7,21,4687,4866,4686,4866,180,19.861053466796875,True,3.6,0.9150093197822571,7.0,False,True
T11_d658_b7_t22,T11,main,658,7,T11/day_658/block_7,22,4867,5252,4866,5252,386,22.34424591064453,True,7.72,0.682968258857727,5.0,False,True
T11_d658_b7_t23,T11,main,658,7,T11/day_658/block_7,23,5253,5511,5252,5511,259,25.900047302246094,True,5.18,0.8705626130104065,0.0,False,True
T11_d658_b7_t24,T11,main,658,7,T11/day_658/block_7,24,5512,5667,5511,5667,156,27.22149085998535,True,3.12,0.8408113121986389,1.0,False,True
T11_d658_b7_t25,T11,main,658,7,T11/day_658/block_7,25,5668,5811,5667,5811,144,14.970309257507324,True,2.88,0.9257299304008484,1.0,False,True
T11_d658_b7_t26,T11,main,658,7,T11/day_658/block_7,26,5812,5998,5811,5998,187,34.557701110839844,True,3.74,0.7120949029922485,1.0,False,True
T11_d658_b7_t27,T11,main,658,7,T11/day_658/block_7,27,5999,6196,5998,6196,198,13.583081245422363,True,3.96,0.9494405388832092,0.0,False,True
T11_d658_b7_t28,T11,main,658,7,T11/day_658/block_7,28,6197,6326,6196,6326,130,6.099928855895996,True,2.6,0.9095823168754578,0.0,False,True
T11_d658_b7_t29,T11,main,658,7,T11/day_658/block_7,29,6327,6436,6326,6436,110,6.701225280761719,True,2.2,0.8890910744667053,1.0,False,True
T11_d658_b7_t30,T11,main,658,7,T11/day_658/block_7,30,6437,6596,6436,6596,160,12.698955535888672,True,3.2,0.8714749217033386,1.0,False,True
T11_d658_b7_t31,T11,main,658,7,T11/day_658/block_7,31,6597,6736,6596,6736,140,13.212262153625488,True,2.8,0.910675048828125,0.0,False,True
T11_d658_b7_t32,T11,main,658,7,T11/day_658/block_7,32,6737,7030,6736,7030,294,18.247949600219727,True,5.88,0.8317044377326965,2.0,False,True
T11_d658_b7_t33,T11,main,658,7,T11/day_658/block_7,33,7031,7188,7030,7188,158,40.88246154785156,True,3.16,0.7666629552841187,1.0,False,True
T11_d658_b7_t34,T11,main,658,7,T11/day_658/block_7,34,7189,7329,7188,7329,141,21.984405517578125,True,2.82,0.9020105004310608,1.0,False,True
T11_d658_b7_t35,T11,main,658,7,T11/day_658/block_7,35,7330,7475,7329,7475,146,12.843626022338867,True,2.92,0.8879081606864929,1.0,False,True
T11_d658_b7_t36,T11,main,658,7,T11/day_658/block_7,36,7476,7702,7475,7702,227,37.3090705871582,True,4.54,0.6006397604942322,6.0,False,True
T11_d658_b7_t37,T11,main,658,7,T11/day_658/block_7,37,7703,7845,7702,7845,143,14.89490795135498,True,2.86,0.9135240316390991,0.0,False,True
T11_d658_b7_t38,T11,main,658,7,T11/day_658/block_7,38,7846,8001,7845,8001,156,28.977930068969727,True,3.12,0.8208591341972351,1.0,False,True
T11_d658_b7_t39,T11,main,658,7,T11/day_658/block_7,39,8002,8122,8001,8122,121,15.340189933776855,True,2.42,0.8456612825393677,1.0,False,True
T11_d658_b7_t40,T11,main,658,7,T11/day_658/block_7,40,8123,8280,8122,8280,158,7.9394636154174805,True,3.16,0.9162590503692627,1.0,False,True
T11_d658_b7_t41,T11,main,658,7,T11/day_658/block_7,41,8281,8450,8280,8450,170,27.354042053222656,True,3.4,0.8451748490333557,1.0,False,True
T11_d658_b7_t42,T11,main,658,7,T11/day_658/block_7,42,8451,8597,8450,8597,147,27.335235595703125,True,2.94,0.8331899046897888,0.0,False,True
T11_d658_b7_t43,T11,main,658,7,T11/day_658/block_7,43,8598,8765,8597,8765,168,16.31439971923828,True,3.36,0.7889820337295532,0.0,False,True
T11_d658_b7_t44,T11,main,658,7,T11/day_658/block_7,44,8766,8914,8765,8914,149,21.606531143188477,True,2.98,0.8704285621643066,0.0,False,True
T11_d658_b7_t45,T11,main,658,7,T11/day_658/block_7,45,8915,9080,8914,9080,166,20.211212158203125,True,3.32,0.8641119599342346,2.0,False,True
T11_d658_b7_t46,T11,main,658,7,T11/day_658/block_7,46,9081,9243,9080,9243,163,27.89278221130371,True,3.26,0.7592594623565674,1.0,False,True
T11_d658_b7_t47,T11,main,658,7,T11/day_658/block_7,47,9244,9372,9243,9372,129,23.11455726623535,True,2.58,0.7956261038780212,1.0,False,True
T11_d658_b7_t48,T11,main,658,7,T11/day_658/block_7,48,9373,9522,9372,9522,150,25.29311180114746,True,3.0,0.7736231684684753,0.0,False,True
T11_d658_b7_t49,T11,main,658,7,T11/day_658/block_7,49,9523,9712,9522,9712,190,24.582069396972656,True,3.8,0.8357118368148804,1.0,False,True
T11_d658_b7_t50,T11,main,658,7,T11/day_658/block_7,50,9713,9859,9712,9859,147,21.69730567932129,True,2.94,0.8884397149085999,2.0,False,True
T11_d658_b7_t51,T11,main,658,7,T11/day_658/block_7,51,9860,10059,9859,10059,200,21.10102081298828,True,4.0,0.9002178311347961,1.0,False,True
T11_d658_b7_t52,T11,main,658,7,T11/day_658/block_7,52,10060,10292,10059,10292,233,31.979434967041016,True,4.66,0.809317409992218,3.0,False,True
T11_d658_b7_t53,T11,main,658,7,T11/day_658/block_7,53,10293,10437,10292,10437,145,20.096195220947266,True,2.9,0.7683156728744507,1.0,False,True
T11_d658_b7_t54,T11,main,658,7,T11/day_658/block_7,54,10438,10615,10437,10615,178,25.76456069946289,True,3.56,0.82834792137146,0.0,False,True
T11_d658_b7_t55,T11,main,658,7,T11/day_658/block_7,55,10616,10745,10615,10745,130,10.22042465209961,True,2.6,0.9026300311088562,1.0,False,True
T11_d658_b7_t56,T11,main,658,7,T11/day_658/block_7,56,10746,10929,10745,10929,184,34.23542404174805,True,3.68,0.7818654179573059,1.0,False,True
T11_d658_b7_t57,T11,main,658,7,T11/day_658/block_7,57,10930,11081,10929,11081,152,10.258584976196289,True,3.04,0.8958114981651306,1.0,False,True
T11_d658_b7_t58,T11,main,658,7,T11/day_658/block_7,58,11082,11261,11081,11261,180,39.343467712402344,True,3.6,0.6841928958892822,2.0,False,True
T11_d658_b7_t59,T11,main,658,7,T11/day_658/block_7,59,11262,11496,11261,11496,235,33.36163330078125,True,4.7,0.5942157506942749,6.0,False,True
T11_d658_b7_t60,T11,main,658,7,T11/day_658/block_7,60,11497,11643,11496,11643,147,13.235356330871582,True,2.94,0.8901839852333069,0.0,False,True
T11_d658_b7_t61,T11,main,658,7,T11/day_658/block_7,61,11644,11786,11643,11786,143,8.649351119995117,True,2.86,0.8647483587265015,1.0,False,True
T11_d658_b7_t62,T11,main,658,7,T11/day_658/block_7,62,11787,11946,11786,11946,160,19.098033905029297,True,3.2,0.80217045545578,0.0,False,True
T11_d658_b7_t63,T11,main,658,7,T11/day_658/block_7,63,11947,12127,11946,12127,181,25.272459030151367,True,3.62,0.7794442176818848,0.0,False,True
T11_d658_b7_t64,T11,main,658,7,T11/day_658/block_7,64,12128,12239,12127,12239,112,9.279012680053711,True,2.24,0.8634819984436035,3.0,False,True
T11_d658_b7_t65,T11,main,658,7,T11/day_658/block_7,65,12240,12411,12239,12411,172,18.627464294433594,True,3.44,0.9401613473892212,1.0,False,True
T11_d658_b7_t66,T11,main,658,7,T11/day_658/block_7,66,12412,12552,12411,12552,141,9.832376480102539,True,2.82,0.8823302984237671,1.0,False,True
T11_d658_b7_t67,T11,main,658,7,T11/day_658/block_7,67,12553,12665,12552,12665,113,10.730378150939941,True,2.26,0.8575641512870789,1.0,False,True
T11_d658_b7_t68,T11,main,658,7,T11/day_658/block_7,68,12666,12849,12665,12849,184,20.154407501220703,True,3.68,0.8232104778289795,0.0,False,True
T11_d658_b7_t69,T11,main,658,7,T11/day_658/block_7,69,12850,13350,12849,13350,501,52.794151306152344,False,10.02,,7.0,True,True
T11_d658_b7_t70,T11,main,658,7,T11/day_658/block_7,70,13351,13671,13350,13671,321,35.57603073120117,True,6.42,0.5361366271972656,2.0,True,True
T11_d658_b7_t71,T11,main,658,7,T11/day_658/block_7,71,13672,13854,13671,13854,183,13.073280334472656,True,3.66,0.897267758846283,1.0,False,True
T11_d658_b7_t72,T11,main,658,7,T11/day_658/block_7,72,13855,14055,13854,14055,201,14.859283447265625,True,4.02,0.891491711139679,1.0,False,True
T11_d658_b7_t73,T11,main,658,7,T11/day_658/block_7,73,14056,14221,14055,14221,166,30.525615692138672,True,3.32,0.8507400751113892,2.0,False,True
T11_d658_b7_t74,T11,main,658,7,T11/day_658/block_7,74,14222,14370,14221,14370,149,18.021724700927734,True,2.98,0.9384821653366089,0.0,False,True
T11_d658_b7_t75,T11,main,658,7,T11/day_658/block_7,75,14371,14526,14370,14526,156,9.873233795166016,True,3.12,0.9495274424552917,3.0,False,True
T11_d658_b7_t76,T11,main,658,7,T11/day_658/block_7,76,14527,14672,14526,14672,146,20.531558990478516,True,2.92,0.8539808392524719,1.0,False,True
T11_d658_b7_t77,T11,main,658,7,T11/day_658/block_7,77,14673,14817,14672,14817,145,23.928884506225586,True,2.9,0.874023973941803,1.0,False,True
T11_d658_b7_t78,T11,main,658,7,T11/day_658/block_7,78,14818,14982,14817,14982,165,45.7384033203125,True,3.3,0.7116034626960754,0.0,False,True
T11_d658_b7_t79,T11,main,658,7,T11/day_658/block_7,79,14983,15188,14982,15188,206,23.76179313659668,True,4.12,0.7764165997505188,1.0,False,True
T11_d665_b6_t0,T11,main,665,6,T11/day_665/block_6,0,261,413,260,413,153,25.844764709472656,True,3.06,0.8176298141479492,1.0,False,True
T11_d665_b6_t1,T11,main,665,6,T11/day_665/block_6,1,414,557,413,557,144,10.761451721191406,True,2.88,0.8732816576957703,2.0,False,True
T11_d665_b6_t2,T11,main,665,6,T11/day_665/block_6,2,558,714,557,714,157,17.677005767822266,True,3.14,0.8941524028778076,2.0,False,True
T11_d665_b6_t3,T11,main,665,6,T11/day_665/block_6,3,715,874,714,874,160,32.071067810058594,True,3.2,0.6945499777793884,1.0,False,True
T11_d665_b6_t4,T11,main,665,6,T11/day_665/block_6,4,875,1002,874,1002,128,9.996902465820312,True,2.56,0.9052594304084778,0.0,False,True
T11_d665_b6_t5,T11,main,665,6,T11/day_665/block_6,5,1003,1160,1002,1160,158,11.39457893371582,True,3.16,0.8291516900062561,1.0,False,True
T11_d665_b6_t6,T11,main,665,6,T11/day_665/block_6,6,1161,1343,1160,1343,183,22.417810440063477,True,3.66,0.84810870885849,0.0,False,True
T11_d665_b6_t7,T11,main,665,6,T11/day_665/block_6,7,1344,1487,1343,1487,144,24.49524688720703,True,2.88,0.754170298576355,0.0,False,True
T11_d665_b6_t8,T11,main,665,6,T11/day_665/block_6,8,1488,1689,1487,1689,202,16.015708923339844,True,4.04,0.9527928829193115,1.0,False,True
T11_d665_b6_t9,T11,main,665,6,T11/day_665/block_6,9,1690,1835,1689,1835,146,18.577375411987305,True,2.92,0.7954292297363281,0.0,False,True
T11_d665_b6_t10,T11,main,665,6,T11/day_665/block_6,10,1836,1987,1835,1987,152,15.200034141540527,True,3.04,0.784112811088562,0.0,False,True
T11_d665_b6_t11,T11,main,665,6,T11/day_665/block_6,11,1988,2148,1987,2148,161,23.849042892456055,True,3.22,0.8368164300918579,1.0,False,True
T11_d665_b6_t12,T11,main,665,6,T11/day_665/block_6,12,2149,2368,2148,2368,220,30.33683204650879,True,4.4,0.7467809319496155,4.0,False,True
T11_d665_b6_t13,T11,main,665,6,T11/day_665/block_6,13,2369,2526,2368,2526,158,23.75121307373047,True,3.16,0.8039020299911499,2.0,False,True
T11_d665_b6_t14,T11,main,665,6,T11/day_665/block_6,14,2527,2694,2526,2694,168,15.939517974853516,True,3.36,0.9298686981201172,0.0,False,True
T11_d665_b6_t15,T11,main,665,6,T11/day_665/block_6,15,2695,2840,2694,2840,146,12.866598129272461,True,2.92,0.8356603980064392,1.0,False,True
T11_d665_b6_t16,T11,main,665,6,T11/day_665/block_6,16,2841,3092,2840,3092,252,22.2702579498291,True,5.04,0.877899169921875,1.0,False,True
T11_d665_b6_t17,T11,main,665,6,T11/day_665/block_6,17,3093,3289,3092,3289,197,21.261051177978516,True,3.94,0.7591072916984558,4.0,False,True
T11_d665_b6_t18,T11,main,665,6,T11/day_665/block_6,18,3290,3431,3289,3431,142,14.256732940673828,True,2.84,0.933326005935669,1.0,False,True
T11_d665_b6_t19,T11,main,665,6,T11/day_665/block_6,19,3432,3587,3431,3587,156,14.764124870300293,True,3.12,0.8902164697647095,0.0,False,True
T11_d665_b6_t20,T11,main,665,6,T11/day_665/block_6,20,3588,3850,3587,3850,263,15.51292896270752,True,5.26,0.7534161806106567,2.0,False,True
T11_d665_b6_t21,T11,main,665,6,T11/day_665/block_6,21,3851,4041,3850,4041,191,14.8798246383667,True,3.82,0.8705052733421326,2.0,False,True
T11_d665_b6_t22,T11,main,665,6,T11/day_665/block_6,22,4042,4218,4041,4218,177,33.95753479003906,True,3.54,0.8333580493927002,1.0,False,True
T11_d665_b6_t23,T11,main,665,6,T11/day_665/block_6,23,4219,4343,4218,4343,125,9.549847602844238,True,2.5,0.8769419193267822,1.0,False,True
T11_d665_b6_t24,T11,main,665,6,T11/day_665/block_6,24,4344,4495,4343,4495,152,18.482524871826172,True,3.04,0.8137187361717224,3.0,False,True
T11_d665_b6_t25,T11,main,665,6,T11/day_665/block_6,25,4496,4691,4495,4691,196,23.619365692138672,True,3.92,0.8261047601699829,3.0,False,True
T11_d665_b6_t26,T11,main,665,6,T11/day_665/block_6,26,4692,4872,4691,4872,181,10.48015022277832,True,3.62,0.6603299975395203,2.0,False,True
T11_d665_b6_t27,T11,main,665,6,T11/day_665/block_6,27,4873,5011,4872,5011,139,14.075996398925781,True,2.78,0.9257886409759521,1.0,False,True
T11_d665_b6_t28,T11,main,665,6,T11/day_665/block_6,28,5012,5161,5011,5161,150,9.7196044921875,True,3.0,0.9589954018592834,1.0,False,True
T11_d665_b6_t29,T11,main,665,6,T11/day_665/block_6,29,5162,5309,5161,5309,148,17.33161163330078,True,2.96,0.8693692088127136,2.0,False,True
T11_d665_b6_t30,T11,main,665,6,T11/day_665/block_6,30,5310,5474,5309,5474,165,15.547235488891602,True,3.3,0.888542890548706,1.0,False,True
T11_d665_b6_t31,T11,main,665,6,T11/day_665/block_6,31,5475,5598,5474,5598,124,22.286174774169922,True,2.48,0.8607351183891296,1.0,False,True
T11_d665_b6_t32,T11,main,665,6,T11/day_665/block_6,32,5599,5755,5598,5755,157,8.10571575164795,True,3.14,0.9261730313301086,1.0,False,True
T11_d665_b6_t33,T11,main,665,6,T11/day_665/block_6,33,5756,5876,5755,5876,121,13.153800964355469,True,2.42,0.8858948945999146,1.0,False,True
T11_d665_b6_t34,T11,main,665,6,T11/day_665/block_6,34,5877,6040,5876,6040,164,15.196540832519531,True,3.28,0.8464246392250061,2.0,False,True
T11_d665_b6_t35,T11,main,665,6,T11/day_665/block_6,35,6041,6164,6040,6164,124,12.915563583374023,True,2.48,0.9317694902420044,0.0,False,True
T11_d665_b6_t36,T11,main,665,6,T11/day_665/block_6,36,6165,6333,6164,6333,169,24.605405807495117,True,3.38,0.8789422512054443,0.0,False,True
T11_d665_b6_t37,T11,main,665,6,T11/day_665/block_6,37,6334,6453,6333,6453,120,14.683965682983398,True,2.4,0.8141695857048035,1.0,False,True
T11_d665_b6_t38,T11,main,665,6,T11/day_665/block_6,38,6454,6594,6453,6594,141,20.855854034423828,True,2.82,0.8298397064208984,0.0,False,True
T11_d665_b6_t39,T11,main,665,6,T11/day_665/block_6,39,6595,6746,6594,6746,152,14.08721923828125,True,3.04,0.8928176164627075,1.0,False,True
T11_d665_b6_t40,T11,main,665,6,T11/day_665/block_6,40,6747,6886,6746,6886,140,28.0241756439209,True,2.8,0.7662041187286377,0.0,False,True
T11_d665_b6_t41,T11,main,665,6,T11/day_665/block_6,41,6887,7042,6886,7042,156,13.140174865722656,True,3.12,0.9473242163658142,1.0,False,True
T11_d665_b6_t42,T11,main,665,6,T11/day_665/block_6,42,7043,7224,7042,7224,182,14.016467094421387,True,3.64,0.8311273455619812,0.0,False,True
T11_d665_b6_t43,T11,main,665,6,T11/day_665/block_6,43,7225,7359,7224,7359,135,22.347042083740234,True,2.7,0.8477228283882141,0.0,False,True
T11_d665_b6_t44,T11,main,665,6,T11/day_665/block_6,44,7360,7530,7359,7530,171,24.305641174316406,True,3.42,0.8506495952606201,0.0,False,True
T11_d665_b6_t45,T11,main,665,6,T11/day_665/block_6,45,7531,7687,7530,7687,157,13.243310928344727,True,3.14,0.9475629925727844,1.0,False,True
T11_d665_b6_t46,T11,main,665,6,T11/day_665/block_6,46,7688,7811,7687,7811,124,11.892538070678711,True,2.48,0.9796721339225769,0.0,False,True
T11_d665_b6_t47,T11,main,665,6,T11/day_665/block_6,47,7812,7982,7811,7982,171,19.272634506225586,True,3.42,0.8134028911590576,1.0,False,True
T11_d665_b6_t48,T11,main,665,6,T11/day_665/block_6,48,7983,8106,7982,8106,124,12.473112106323242,True,2.48,0.8269378542900085,0.0,False,True
T11_d665_b6_t49,T11,main,665,6,T11/day_665/block_6,49,8107,8274,8106,8274,168,15.036419868469238,True,3.36,0.8911190629005432,1.0,False,True
T11_d665_b6_t50,T11,main,665,6,T11/day_665/block_6,50,8275,8495,8274,8495,221,19.50710678100586,True,4.42,0.8822954297065735,1.0,False,True
T11_d665_b6_t51,T11,main,665,6,T11/day_665/block_6,51,8496,8619,8495,8619,124,24.12582015991211,True,2.48,0.8652269840240479,0.0,False,True
T11_d665_b6_t52,T11,main,665,6,T11/day_665/block_6,52,8620,8793,8619,8793,174,29.46464729309082,True,3.48,0.7105087637901306,1.0,False,True
T11_d665_b6_t53,T11,main,665,6,T11/day_665/block_6,53,8794,8978,8793,8978,185,35.55165481567383,True,3.7,0.6948788166046143,1.0,False,True
T11_d665_b6_t54,T11,main,665,6,T11/day_665/block_6,54,8979,9140,8978,9140,162,28.43812370300293,True,3.24,0.8300929069519043,1.0,False,True
T11_d665_b6_t55,T11,main,665,6,T11/day_665/block_6,55,9141,9347,9140,9347,207,22.979660034179688,True,4.14,0.8004291653633118,1.0,False,True
T11_d665_b6_t56,T11,main,665,6,T11/day_665/block_6,56,9348,9583,9347,9583,236,24.556787490844727,True,4.72,0.7683717608451843,2.0,False,True
T11_d665_b6_t57,T11,main,665,6,T11/day_665/block_6,57,9584,9728,9583,9728,145,15.107070922851562,True,2.9,0.7842798829078674,0.0,False,True
T11_d665_b6_t58,T11,main,665,6,T11/day_665/block_6,58,9729,9897,9728,9897,169,12.836346626281738,True,3.38,0.9310932755470276,1.0,False,True
T11_d665_b6_t59,T11,main,665,6,T11/day_665/block_6,59,9898,10057,9897,10057,160,16.25494956970215,True,3.2,0.8857424855232239,1.0,False,True
T11_d665_b6_t60,T11,main,665,6,T11/day_665/block_6,60,10058,10210,10057,10210,153,23.765220642089844,True,3.06,0.8369675874710083,2.0,False,True
T11_d665_b6_t61,T11,main,665,6,T11/day_665/block_6,61,10211,10408,10210,10408,198,18.913497924804688,True,3.96,0.8992141485214233,1.0,False,True
T11_d665_b6_t62,T11,main,665,6,T11/day_665/block_6,62,10409,10534,10408,10534,126,12.835018157958984,True,2.52,0.8916160464286804,1.0,False,True
T11_d665_b6_t63,T11,main,665,6,T11/day_665/block_6,63,10535,10675,10534,10675,141,11.041139602661133,True,2.82,0.8985355496406555,1.0,False,True
T11_d665_b6_t64,T11,main,665,6,T11/day_665/block_6,64,10676,11013,10675,11013,338,21.972164154052734,True,6.76,0.8579062223434448,2.0,False,True
T11_d665_b6_t65,T11,main,665,6,T11/day_665/block_6,65,11014,11182,11013,11182,169,31.38405990600586,True,3.38,0.7773822546005249,1.0,False,True
T11_d665_b6_t66,T11,main,665,6,T11/day_665/block_6,66,11183,11367,11182,11367,185,12.232051849365234,True,3.7,0.9502297043800354,1.0,False,True
T11_d665_b6_t67,T11,main,665,6,T11/day_665/block_6,67,11368,11753,11367,11753,386,72.74699401855469,True,7.72,0.6304684281349182,7.0,False,True
T11_d665_b6_t68,T11,main,665,6,T11/day_665/block_6,68,11754,12009,11753,12009,256,26.161090850830078,True,5.12,0.9076629877090454,7.0,False,True
T11_d665_b6_t69,T11,main,665,6,T11/day_665/block_6,69,12010,12299,12009,12299,290,21.65621566772461,True,5.8,0.7638865113258362,4.0,False,True
T11_d665_b6_t70,T11,main,665,6,T11/day_665/block_6,70,12300,12505,12299,12505,206,25.925012588500977,True,4.12,0.8859200477600098,1.0,False,True
T11_d665_b6_t71,T11,main,665,6,T11/day_665/block_6,71,12506,12688,12505,12688,183,7.318562030792236,True,3.66,0.9363599419593811,1.0,False,True
T11_d665_b6_t72,T11,main,665,6,T11/day_665/block_6,72,12689,12856,12688,12856,168,26.785749435424805,True,3.36,0.7852557897567749,2.0,False,True
T11_d665_b6_t73,T11,main,665,6,T11/day_665/block_6,73,12857,13082,12856,13082,226,19.01717758178711,True,4.52,0.8868414163589478,1.0,False,True
T11_d665_b6_t74,T11,main,665,6,T11/day_665/block_6,74,13083,13235,13082,13235,153,27.254642486572266,True,3.06,0.7743054032325745,0.0,False,True
T11_d665_b6_t75,T11,main,665,6,T11/day_665/block_6,75,13236,13413,13235,13413,178,6.808915138244629,True,3.56,0.889407217502594,1.0,False,True
T11_d665_b6_t76,T11,main,665,6,T11/day_665/block_6,76,13414,13588,13413,13588,175,20.966720581054688,True,3.5,0.8347418904304504,0.0,False,True
T11_d665_b6_t77,T11,main,665,6,T11/day_665/block_6,77,13589,13743,13588,13743,155,18.253292083740234,True,3.1,0.9250645637512207,0.0,False,True
T11_d665_b6_t78,T11,main,665,6,T11/day_665/block_6,78,13744,13911,13743,13911,168,18.671945571899414,True,3.36,0.7884002923965454,1.0,False,True
T11_d665_b6_t79,T11,main,665,6,T11/day_665/block_6,79,13912,14147,13911,14147,236,18.60196304321289,True,4.72,0.902599036693573,2.0,False,True
T11_d665_b6_t80,T11,main,665,6,T11/day_665/block_6,80,14148,14321,14147,14321,174,19.670696258544922,True,3.48,0.8552595973014832,1.0,False,True
T11_d665_b6_t81,T11,main,665,6,T11/day_665/block_6,81,14322,14442,14321,14442,121,15.89264965057373,True,2.42,0.8397022485733032,0.0,False,True
T11_d665_b6_t82,T11,main,665,6,T11/day_665/block_6,82,14443,14584,14442,14584,142,11.246723175048828,True,2.84,0.8030386567115784,0.0,False,True
T11_d665_b6_t83,T11,main,665,6,T11/day_665/block_6,83,14585,14742,14584,14742,158,14.297808647155762,True,3.16,0.8514651656150818,1.0,False,True
T11_d665_b6_t84,T11,main,665,6,T11/day_665/block_6,84,14743,14917,14742,14917,175,16.220623016357422,True,3.5,0.8839136958122253,0.0,False,True
T11_d665_b6_t85,T11,main,665,6,T11/day_665/block_6,85,14918,15116,14917,15116,199,19.787261962890625,True,3.98,0.9046513438224792,1.0,False,True
T11_d665_b7_t0,T11,main,665,7,T11/day_665/block_7,0,262,417,261,417,156,17.580535888671875,True,3.12,0.8910126090049744,1.0,False,True
T11_d665_b7_t1,T11,main,665,7,T11/day_665/block_7,1,418,560,417,560,143,17.389310836791992,True,2.86,0.8260822296142578,1.0,False,True
T11_d665_b7_t2,T11,main,665,7,T11/day_665/block_7,2,561,755,560,755,195,19.715286254882812,True,3.9,0.8590103983879089,0.0,False,True
T11_d665_b7_t3,T11,main,665,7,T11/day_665/block_7,3,756,954,755,954,199,17.05994415283203,True,3.98,0.8654883503913879,1.0,False,True
T11_d665_b7_t4,T11,main,665,7,T11/day_665/block_7,4,955,1093,954,1093,139,15.436888694763184,True,2.78,0.9343618154525757,1.0,False,True
T11_d665_b7_t5,T11,main,665,7,T11/day_665/block_7,5,1094,1243,1093,1243,150,25.49793815612793,True,3.0,0.8055577278137207,0.0,False,True
T11_d665_b7_t6,T11,main,665,7,T11/day_665/block_7,6,1244,1556,1243,1556,313,23.505231857299805,True,6.26,0.8429388403892517,2.0,False,True
T11_d665_b7_t7,T11,main,665,7,T11/day_665/block_7,7,1557,1763,1556,1763,207,20.560874938964844,True,4.14,0.8280624747276306,0.0,False,True
T11_d665_b7_t8,T11,main,665,7,T11/day_665/block_7,8,1764,1947,1763,1947,184,17.941669464111328,True,3.68,0.9114978909492493,1.0,False,True
T11_d665_b7_t9,T11,main,665,7,T11/day_665/block_7,9,1948,2149,1947,2149,202,26.003467559814453,True,4.04,0.7780284881591797,5.0,False,True
T11_d665_b7_t10,T11,main,665,7,T11/day_665/block_7,10,2150,2356,2149,2356,207,13.733827590942383,True,4.14,0.9048916697502136,0.0,False,True
T11_d665_b7_t11,T11,main,665,7,T11/day_665/block_7,11,2357,2483,2356,2483,127,16.300561904907227,True,2.54,0.9231436252593994,1.0,False,True
T11_d665_b7_t12,T11,main,665,7,T11/day_665/block_7,12,2484,2675,2483,2675,192,38.52459716796875,True,3.84,0.7276097536087036,0.0,False,True
T11_d665_b7_t13,T11,main,665,7,T11/day_665/block_7,13,2676,2831,2675,2831,156,27.54897689819336,True,3.12,0.7993113994598389,1.0,False,True
T11_d665_b7_t14,T11,main,665,7,T11/day_665/block_7,14,2832,2971,2831,2971,140,24.0600643157959,True,2.8,0.8683663606643677,0.0,False,True
T11_d665_b7_t15,T11,main,665,7,T11/day_665/block_7,15,2972,3096,2971,3096,125,11.492480278015137,True,2.5,0.9207664728164673,1.0,False,True
T11_d665_b7_t16,T11,main,665,7,T11/day_665/block_7,16,3097,3257,3096,3257,161,34.31434631347656,True,3.22,0.779945433139801,1.0,False,True
T11_d665_b7_t17,T11,main,665,7,T11/day_665/block_7,17,3258,3403,3257,3403,146,14.533870697021484,True,2.92,0.885781466960907,1.0,False,True
T11_d665_b7_t18,T11,main,665,7,T11/day_665/block_7,18,3404,3612,3403,3612,209,22.543527603149414,True,4.18,0.7968326210975647,0.0,False,True
T11_d665_b7_t19,T11,main,665,7,T11/day_665/block_7,19,3613,3842,3612,3842,230,16.46181869506836,True,4.6,0.9103389978408813,2.0,False,True
T11_d665_b7_t20,T11,main,665,7,T11/day_665/block_7,20,3843,4112,3842,4112,270,25.499540328979492,True,5.4,0.8471940159797668,3.0,False,True
T11_d665_b7_t21,T11,main,665,7,T11/day_665/block_7,21,4113,4299,4112,4299,187,26.96475601196289,True,3.74,0.8185564279556274,1.0,False,True
T11_d665_b7_t22,T11,main,665,7,T11/day_665/block_7,22,4300,4532,4299,4532,233,17.319276809692383,True,4.66,0.8047876358032227,1.0,True,True
T11_d665_b7_t23,T11,main,665,7,T11/day_665/block_7,23,4533,4685,4532,4685,153,39.06159591674805,True,3.06,0.6783181428909302,1.0,True,True
T11_d665_b7_t24,T11,main,665,7,T11/day_665/block_7,24,4686,4939,4685,4939,254,36.421810150146484,True,5.08,0.7521182894706726,1.0,False,True
T11_d665_b7_t25,T11,main,665,7,T11/day_665/block_7,25,4940,5080,4939,5080,141,20.819169998168945,True,2.82,0.864801824092865,1.0,False,True
T11_d665_b7_t26,T11,main,665,7,T11/day_665/block_7,26,5081,5375,5080,5375,295,17.310794830322266,True,5.9,0.7562685608863831,4.0,False,True
T11_d665_b7_t27,T11,main,665,7,T11/day_665/block_7,27,5376,5531,5375,5531,156,25.08006477355957,True,3.12,0.844312310218811,1.0,False,True
T11_d665_b7_t28,T11,main,665,7,T11/day_665/block_7,28,5532,5651,5531,5651,120,5.730992794036865,True,2.4,0.8982232809066772,0.0,False,True
T11_d665_b7_t29,T11,main,665,7,T11/day_665/block_7,29,5652,5782,5651,5782,131,21.24016571044922,True,2.62,0.7856393456459045,1.0,False,True
T11_d665_b7_t30,T11,main,665,7,T11/day_665/block_7,30,5783,5917,5782,5917,135,23.85498046875,True,2.7,0.834078848361969,0.0,False,True
T11_d665_b7_t31,T11,main,665,7,T11/day_665/block_7,31,5918,6087,5917,6087,170,11.555283546447754,True,3.4,0.8891522884368896,0.0,False,True
T11_d665_b7_t32,T11,main,665,7,T11/day_665/block_7,32,6088,6221,6087,6221,134,12.021986961364746,True,2.68,0.8266803622245789,1.0,False,True
T11_d665_b7_t33,T11,main,665,7,T11/day_665/block_7,33,6222,6347,6221,6347,126,7.2466888427734375,True,2.52,0.9304666519165039,1.0,False,True
T11_d665_b7_t34,T11,main,665,7,T11/day_665/block_7,34,6348,6493,6347,6493,146,23.1025447845459,True,2.92,0.859006941318512,0.0,False,True
T11_d665_b7_t35,T11,main,665,7,T11/day_665/block_7,35,6494,6636,6493,6636,143,12.862550735473633,True,2.86,0.8811278343200684,0.0,False,True
T11_d665_b7_t36,T11,main,665,7,T11/day_665/block_7,36,6637,7015,6636,7015,379,41.634613037109375,True,7.58,0.39344513416290283,4.0,True,True
T11_d665_b7_t37,T11,main,665,7,T11/day_665/block_7,37,7016,7150,7015,7150,135,7.9719672203063965,True,2.7,0.9008923172950745,1.0,False,True
T11_d665_b7_t38,T11,main,665,7,T11/day_665/block_7,38,7151,7277,7150,7277,127,7.881147861480713,True,2.54,0.8397563099861145,0.0,False,True
T11_d665_b7_t39,T11,main,665,7,T11/day_665/block_7,39,7278,7409,7277,7409,132,12.097418785095215,True,2.64,0.9269046783447266,1.0,False,True
T11_d665_b7_t40,T11,main,665,7,T11/day_665/block_7,40,7410,7553,7409,7553,144,14.219051361083984,True,2.88,0.9062594771385193,0.0,False,True
T11_d665_b7_t41,T11,main,665,7,T11/day_665/block_7,41,7554,7783,7553,7783,230,21.024145126342773,True,4.6,0.7345600724220276,2.0,False,True
T11_d665_b7_t42,T11,main,665,7,T11/day_665/block_7,42,7784,7966,7783,7966,183,22.918807983398438,True,3.66,0.8539764881134033,1.0,False,True
T11_d665_b7_t43,T11,main,665,7,T11/day_665/block_7,43,7967,8123,7966,8123,157,24.502302169799805,True,3.14,0.9286019206047058,2.0,False,True
T11_d665_b7_t44,T11,main,665,7,T11/day_665/block_7,44,8124,8282,8123,8282,159,24.276830673217773,True,3.18,0.8735120296478271,0.0,False,True
T11_d665_b7_t45,T11,main,665,7,T11/day_665/block_7,45,8283,8477,8282,8477,195,35.67900466918945,True,3.9,0.694064736366272,1.0,False,True
T11_d665_b7_t46,T11,main,665,7,T11/day_665/block_7,46,8478,8689,8477,8689,212,26.924827575683594,True,4.24,0.8157829642295837,3.0,False,True
T11_d665_b7_t47,T11,main,665,7,T11/day_665/block_7,47,8690,8852,8689,8852,163,10.248849868774414,True,3.26,0.8740568161010742,1.0,False,True
T11_d665_b7_t48,T11,main,665,7,T11/day_665/block_7,48,8853,8998,8852,8998,146,21.37965202331543,True,2.92,0.81938236951828,1.0,False,True
T11_d665_b7_t49,T11,main,665,7,T11/day_665/block_7,49,8999,9194,8998,9194,196,24.285785675048828,True,3.92,0.8271459341049194,1.0,False,True
T11_d665_b7_t50,T11,main,665,7,T11/day_665/block_7,50,9195,9439,9194,9439,245,33.151363372802734,True,4.9,0.8528862595558167,1.0,False,True
T11_d665_b7_t51,T11,main,665,7,T11/day_665/block_7,51,9440,9603,9439,9603,164,13.447345733642578,True,3.28,0.8579153418540955,0.0,False,True
T11_d665_b7_t52,T11,main,665,7,T11/day_665/block_7,52,9604,9810,9603,9810,207,25.46070671081543,True,4.14,0.8099985718727112,1.0,False,True
T11_d665_b7_t53,T11,main,665,7,T11/day_665/block_7,53,9811,9965,9810,9965,155,13.60423755645752,True,3.1,0.7578359246253967,1.0,False,True
T11_d665_b7_t54,T11,main,665,7,T11/day_665/block_7,54,9966,10385,9965,10385,420,24.316001892089844,True,8.4,0.2981337308883667,6.0,False,True
T11_d665_b7_t55,T11,main,665,7,T11/day_665/block_7,55,10386,10637,10385,10637,252,39.73146438598633,True,5.04,0.8623058199882507,1.0,False,True
T11_d665_b7_t56,T11,main,665,7,T11/day_665/block_7,56,10638,10808,10637,10808,171,27.943805694580078,True,3.42,0.8075459003448486,0.0,False,True
T11_d665_b7_t57,T11,main,665,7,T11/day_665/block_7,57,10809,10956,10808,10956,148,16.47753143310547,True,2.96,0.8560364246368408,0.0,False,True
T11_d665_b7_t58,T11,main,665,7,T11/day_665/block_7,58,10957,11116,10956,11116,160,34.691001892089844,True,3.2,0.7555229663848877,1.0,False,True
T11_d665_b7_t59,T11,main,665,7,T11/day_665/block_7,59,11117,11280,11116,11280,164,14.648131370544434,True,3.28,0.9085378050804138,0.0,False,True
T11_d665_b7_t60,T11,main,665,7,T11/day_665/block_7,60,11281,11462,11280,11462,182,16.655385971069336,True,3.64,0.9055129885673523,4.0,False,True
T11_d665_b7_t61,T11,main,665,7,T11/day_665/block_7,61,11463,11594,11462,11594,132,20.355579376220703,True,2.64,0.8924292922019958,1.0,False,True
T11_d665_b7_t62,T11,main,665,7,T11/day_665/block_7,62,11595,11823,11594,11823,229,20.94781494140625,True,4.58,0.8934318423271179,1.0,False,True
T11_d665_b7_t63,T11,main,665,7,T11/day_665/block_7,63,11824,11974,11823,11974,151,18.599227905273438,True,3.02,0.8539347052574158,0.0,False,True
T11_d665_b7_t64,T11,main,665,7,T11/day_665/block_7,64,11975,12114,11974,12114,140,11.971479415893555,True,2.8,0.8639380931854248,0.0,False,True
T11_d665_b7_t65,T11,main,665,7,T11/day_665/block_7,65,12115,12306,12114,12306,192,18.788787841796875,True,3.84,0.8387041687965393,1.0,False,True
T11_d665_b7_t66,T11,main,665,7,T11/day_665/block_7,66,12307,12522,12306,12522,216,19.13987159729004,True,4.32,0.8172909021377563,0.0,False,True
T11_d665_b7_t67,T11,main,665,7,T11/day_665/block_7,67,12523,12753,12522,12753,231,34.477962493896484,True,4.62,0.8226208090782166,3.0,False,True
T11_d665_b7_t68,T11,main,665,7,T11/day_665/block_7,68,12754,12909,12753,12909,156,15.98740291595459,True,3.12,0.9144871830940247,1.0,False,True
T11_d665_b7_t69,T11,main,665,7,T11/day_665/block_7,69,12910,13186,12909,13186,277,19.362869262695312,True,5.54,0.8097835779190063,1.0,False,True
T11_d665_b7_t70,T11,main,665,7,T11/day_665/block_7,70,13187,13561,13186,13561,375,51.20328140258789,True,7.5,0.4762430191040039,4.0,False,True
T11_d665_b7_t71,T11,main,665,7,T11/day_665/block_7,71,13562,13713,13561,13713,152,24.873085021972656,True,3.04,0.8546983003616333,0.0,False,True
T11_d665_b7_t72,T11,main,665,7,T11/day_665/block_7,72,13714,14095,13713,14095,382,36.10417556762695,True,7.64,0.49258527159690857,5.0,False,True
T11_d665_b7_t73,T11,main,665,7,T11/day_665/block_7,73,14096,14331,14095,14331,236,19.24197769165039,True,4.72,0.8371363282203674,0.0,False,True
T11_d665_b7_t74,T11,main,665,7,T11/day_665/block_7,74,14332,14629,14331,14629,298,60.39968490600586,True,5.96,0.5308985710144043,5.0,False,True
T11_d665_b7_t75,T11,main,665,7,T11/day_665/block_7,75,14630,14772,14629,14772,143,16.653522491455078,True,2.86,0.8816812038421631,1.0,False,True
T11_d665_b7_t76,T11,main,665,7,T11/day_665/block_7,76,14773,15037,14772,15037,265,29.16873550415039,True,5.3,0.8834246397018433,5.0,False,True
T11_d665_b7_t77,T11,main,665,7,T11/day_665/block_7,77,15038,15157,15037,15157,120,12.830741882324219,True,2.4,0.9240543246269226,1.0,False,True
T11_d672_b19_t0,T11,main,672,19,T11/day_672/block_19,0,267,495,266,495,229,29.07953643798828,True,4.58,0.6171370148658752,2.0,False,True
T11_d672_b19_t1,T11,main,672,19,T11/day_672/block_19,1,496,611,495,611,116,33.71282958984375,True,2.32,0.857723593711853,0.0,False,True
T11_d672_b19_t2,T11,main,672,19,T11/day_672/block_19,2,612,748,611,748,137,36.54414367675781,True,2.74,0.7711546421051025,1.0,False,True
T11_d672_b19_t3,T11,main,672,19,T11/day_672/block_19,3,749,874,748,874,126,21.852869033813477,True,2.52,0.8658472299575806,0.0,False,True
T11_d672_b19_t4,T11,main,672,19,T11/day_672/block_19,4,875,1047,874,1047,173,22.12578010559082,True,3.46,0.7935748100280762,1.0,False,True
T11_d672_b19_t5,T11,main,672,19,T11/day_672/block_19,5,1048,1226,1047,1226,179,24.74884033203125,True,3.58,0.8352646827697754,0.0,False,True
T11_d672_b19_t6,T11,main,672,19,T11/day_672/block_19,6,1227,1451,1226,1451,225,28.38724708557129,True,4.5,0.7845140695571899,1.0,False,True
T11_d672_b19_t7,T11,main,672,19,T11/day_672/block_19,7,1452,1597,1451,1597,146,10.839611053466797,True,2.92,0.8415723443031311,2.0,False,True
T11_d672_b19_t8,T11,main,672,19,T11/day_672/block_19,8,1598,1785,1597,1785,188,21.091136932373047,True,3.76,0.9236436486244202,0.0,False,True
T11_d672_b19_t9,T11,main,672,19,T11/day_672/block_19,9,1786,1932,1785,1932,147,24.347900390625,True,2.94,0.8859215378761292,1.0,False,True
T11_d672_b19_t10,T11,main,672,19,T11/day_672/block_19,10,1933,2066,1932,2066,134,14.357613563537598,True,2.68,0.9014000296592712,1.0,False,True
T11_d672_b19_t11,T11,main,672,19,T11/day_672/block_19,11,2067,2233,2066,2233,167,37.50666046142578,True,3.34,0.6700525283813477,0.0,False,True
T11_d672_b19_t12,T11,main,672,19,T11/day_672/block_19,12,2234,2441,2233,2441,208,25.90476417541504,True,4.16,0.6264532804489136,3.0,False,True
T11_d672_b19_t13,T11,main,672,19,T11/day_672/block_19,13,2442,2608,2441,2608,167,10.069525718688965,True,3.34,0.9109468460083008,0.0,False,True
T11_d672_b19_t14,T11,main,672,19,T11/day_672/block_19,14,2609,2797,2608,2797,189,19.531761169433594,True,3.78,0.8900076150894165,0.0,False,True
T11_d672_b19_t15,T11,main,672,19,T11/day_672/block_19,15,2798,2938,2797,2938,141,15.368654251098633,True,2.82,0.925521194934845,1.0,False,True
T11_d672_b19_t16,T11,main,672,19,T11/day_672/block_19,16,2939,3118,2938,3118,180,35.9098014831543,True,3.6,0.8639887571334839,1.0,False,True
T11_d672_b19_t17,T11,main,672,19,T11/day_672/block_19,17,3119,3439,3118,3439,321,52.43165588378906,True,6.42,0.5908824801445007,5.0,False,True
T11_d672_b19_t18,T11,main,672,19,T11/day_672/block_19,18,3440,3636,3439,3636,197,31.83542823791504,True,3.94,0.7066572904586792,1.0,False,True
T11_d672_b19_t19,T11,main,672,19,T11/day_672/block_19,19,3637,3823,3636,3823,187,21.96299934387207,True,3.74,0.8338083624839783,1.0,False,True
T11_d672_b19_t20,T11,main,672,19,T11/day_672/block_19,20,3824,4117,3823,4117,294,35.718353271484375,True,5.88,0.6906821131706238,2.0,False,True
T11_d672_b19_t21,T11,main,672,19,T11/day_672/block_19,21,4118,4251,4117,4251,134,23.45225715637207,True,2.68,0.7696428894996643,0.0,False,True
T11_d672_b19_t22,T11,main,672,19,T11/day_672/block_19,22,4252,4473,4251,4473,222,40.89790344238281,True,4.44,0.7792298793792725,2.0,False,True
T11_d672_b19_t23,T11,main,672,19,T11/day_672/block_19,23,4474,4654,4473,4654,181,21.1463623046875,True,3.62,0.82579505443573,1.0,False,True
T11_d672_b19_t24,T11,main,672,19,T11/day_672/block_19,24,4655,4826,4654,4826,172,15.700684547424316,True,3.44,0.8475251793861389,1.0,False,True
T11_d672_b19_t25,T11,main,672,19,T11/day_672/block_19,25,4827,4997,4826,4997,171,18.411853790283203,True,3.42,0.9518433213233948,1.0,False,True
T11_d672_b19_t26,T11,main,672,19,T11/day_672/block_19,26,4998,5156,4997,5156,159,17.591318130493164,True,3.18,0.8344403505325317,2.0,False,True
T11_d672_b19_t27,T11,main,672,19,T11/day_672/block_19,27,5157,5407,5156,5407,251,32.890602111816406,True,5.02,0.7243996262550354,1.0,False,True
T11_d672_b19_t28,T11,main,672,19,T11/day_672/block_19,28,5408,5533,5407,5533,126,7.895900249481201,True,2.52,0.8024711608886719,1.0,False,True
T11_d672_b19_t29,T11,main,672,19,T11/day_672/block_19,29,5534,5714,5533,5714,181,43.54351806640625,True,3.62,0.7578403949737549,1.0,False,True
T11_d672_b19_t30,T11,main,672,19,T11/day_672/block_19,30,5715,5840,5714,5840,126,13.582682609558105,True,2.52,0.8984355330467224,0.0,False,True
T11_d672_b19_t31,T11,main,672,19,T11/day_672/block_19,31,5841,5967,5840,5967,127,14.15153980255127,True,2.54,0.8788971304893494,1.0,False,True
T11_d672_b19_t32,T11,main,672,19,T11/day_672/block_19,32,5968,6109,5967,6109,142,26.762025833129883,True,2.84,0.8369840383529663,1.0,False,True
T11_d672_b19_t33,T11,main,672,19,T11/day_672/block_19,33,6110,6249,6109,6249,140,13.78711986541748,True,2.8,0.9282998442649841,1.0,False,True
T11_d672_b19_t34,T11,main,672,19,T11/day_672/block_19,34,6250,6389,6249,6389,140,21.570768356323242,True,2.8,0.8268343806266785,3.0,False,True
T11_d672_b19_t35,T11,main,672,19,T11/day_672/block_19,35,6390,6518,6389,6518,129,22.416858673095703,True,2.58,0.8839790225028992,4.0,False,True
T11_d672_b19_t36,T11,main,672,19,T11/day_672/block_19,36,6519,6727,6518,6727,209,35.875022888183594,True,4.18,0.8239414095878601,0.0,False,True
T11_d672_b19_t37,T11,main,672,19,T11/day_672/block_19,37,6728,6865,6727,6865,138,8.857887268066406,True,2.76,0.9719923138618469,1.0,False,True
T11_d672_b19_t38,T11,main,672,19,T11/day_672/block_19,38,6866,7033,6865,7033,168,22.168865203857422,True,3.36,0.8391333222389221,1.0,False,True
T11_d672_b19_t39,T11,main,672,19,T11/day_672/block_19,39,7034,7407,7033,7407,374,34.91583251953125,True,7.48,0.6926192045211792,4.0,False,True
T11_d672_b19_t40,T11,main,672,19,T11/day_672/block_19,40,7408,7574,7407,7574,167,29.805469512939453,True,3.34,0.8067951798439026,1.0,False,True
T11_d672_b19_t41,T11,main,672,19,T11/day_672/block_19,41,7575,7710,7574,7710,136,20.127700805664062,True,2.72,0.8109170794487,1.0,False,True
T11_d672_b19_t42,T11,main,672,19,T11/day_672/block_19,42,7711,7882,7710,7882,172,39.84259796142578,True,3.44,0.7635566592216492,1.0,False,True
T11_d672_b19_t43,T11,main,672,19,T11/day_672/block_19,43,7883,8036,7882,8036,154,12.283187866210938,True,3.08,0.8161866664886475,0.0,False,True
T11_d672_b19_t44,T11,main,672,19,T11/day_672/block_19,44,8037,8396,8036,8396,360,37.33647155761719,True,7.2,0.7827540636062622,3.0,False,True
T11_d672_b19_t45,T11,main,672,19,T11/day_672/block_19,45,8397,8625,8396,8625,229,47.191158294677734,True,4.58,0.6120395064353943,0.0,False,True
T11_d672_b19_t46,T11,main,672,19,T11/day_672/block_19,46,8626,8902,8625,8902,277,50.81589126586914,True,5.54,0.6360320448875427,2.0,False,True
T11_d672_b19_t47,T11,main,672,19,T11/day_672/block_19,47,8903,9068,8902,9068,166,16.495174407958984,True,3.32,0.889873743057251,1.0,False,True
T11_d672_b19_t48,T11,main,672,19,T11/day_672/block_19,48,9069,9235,9068,9235,167,25.822771072387695,True,3.34,0.8014453053474426,0.0,False,True
T11_d672_b19_t49,T11,main,672,19,T11/day_672/block_19,49,9236,9377,9235,9377,142,24.04631996154785,True,2.84,0.8354186415672302,1.0,False,True
T11_d672_b19_t50,T11,main,672,19,T11/day_672/block_19,50,9378,9585,9377,9585,208,42.97545623779297,True,4.16,0.6929634809494019,2.0,False,True
T11_d672_b19_t51,T11,main,672,19,T11/day_672/block_19,51,9586,9802,9585,9802,217,29.4068546295166,True,4.34,0.852016270160675,1.0,False,True
T11_d672_b19_t52,T11,main,672,19,T11/day_672/block_19,52,9803,10008,9802,10008,206,10.347184181213379,True,4.12,0.839900016784668,1.0,False,True
T11_d672_b19_t53,T11,main,672,19,T11/day_672/block_19,53,10009,10143,10008,10143,135,21.65952491760254,True,2.7,0.8203702569007874,0.0,False,True
T11_d672_b19_t54,T11,main,672,19,T11/day_672/block_19,54,10144,10356,10143,10356,213,26.801708221435547,True,4.26,0.8885443806648254,0.0,False,True
T11_d672_b19_t55,T11,main,672,19,T11/day_672/block_19,55,10357,10686,10356,10686,330,52.461280822753906,True,6.6,0.6797670722007751,7.0,False,True
T11_d672_b19_t56,T11,main,672,19,T11/day_672/block_19,56,10687,10957,10686,10957,271,28.095890045166016,True,5.42,0.7670711278915405,0.0,False,True
T11_d672_b19_t57,T11,main,672,19,T11/day_672/block_19,57,10958,11108,10957,11108,151,21.289030075073242,True,3.02,0.8602725863456726,0.0,False,True
T11_d672_b19_t58,T11,main,672,19,T11/day_672/block_19,58,11109,11260,11108,11260,152,21.770896911621094,True,3.04,0.8472736477851868,1.0,False,True
T11_d672_b19_t59,T11,main,672,19,T11/day_672/block_19,59,11261,11505,11260,11505,245,28.57920265197754,True,4.9,0.6679010987281799,2.0,False,True
T11_d672_b19_t60,T11,main,672,19,T11/day_672/block_19,60,11506,11698,11505,11698,193,19.806211471557617,True,3.86,0.8447525501251221,1.0,False,True
T11_d672_b19_t61,T11,main,672,19,T11/day_672/block_19,61,11699,11875,11698,11875,177,13.3760347366333,True,3.54,0.8260635137557983,0.0,False,True
T11_d672_b19_t62,T11,main,672,19,T11/day_672/block_19,62,11876,12112,11875,12112,237,32.14830780029297,True,4.74,0.8460739850997925,3.0,False,True
T11_d672_b19_t63,T11,main,672,19,T11/day_672/block_19,63,12113,12323,12112,12323,211,20.173307418823242,True,4.22,0.9464465975761414,0.0,False,True
T11_d672_b19_t64,T11,main,672,19,T11/day_672/block_19,64,12324,12695,12323,12695,372,24.856616973876953,True,7.44,0.7599040865898132,4.0,False,True
T11_d672_b19_t65,T11,main,672,19,T11/day_672/block_19,65,12696,12857,12695,12857,162,31.953319549560547,True,3.24,0.820321261882782,0.0,False,True
T11_d672_b19_t66,T11,main,672,19,T11/day_672/block_19,66,12858,13069,12857,13069,212,16.77526092529297,True,4.24,0.9068748354911804,1.0,False,True
T11_d672_b19_t67,T11,main,672,19,T11/day_672/block_19,67,13070,13264,13069,13264,195,25.241657257080078,True,3.9,0.8063192963600159,4.0,False,True
T11_d672_b19_t68,T11,main,672,19,T11/day_672/block_19,68,13265,13505,13264,13505,241,35.7388916015625,True,4.82,0.6428919434547424,0.0,False,True
T11_d672_b19_t69,T11,main,672,19,T11/day_672/block_19,69,13506,13732,13505,13732,227,25.38749885559082,True,4.54,0.764483630657196,1.0,False,True
T11_d672_b19_t70,T11,main,672,19,T11/day_672/block_19,70,13733,13964,13732,13964,232,20.752395629882812,True,4.64,0.7111532092094421,2.0,False,True
T11_d672_b19_t71,T11,main,672,19,T11/day_672/block_19,71,13965,14110,13964,14110,146,24.006933212280273,True,2.92,0.7705628871917725,0.0,False,True
T11_d672_b19_t72,T11,main,672,19,T11/day_672/block_19,72,14111,14358,14110,14358,248,20.399744033813477,True,4.96,0.7311661839485168,2.0,False,True
T11_d672_b19_t73,T11,main,672,19,T11/day_672/block_19,73,14359,14600,14358,14600,242,29.28900909423828,True,4.84,0.8246968984603882,0.0,False,True
T11_d672_b19_t74,T11,main,672,19,T11/day_672/block_19,74,14601,14746,14600,14746,146,16.061803817749023,True,2.92,0.8620271682739258,1.0,False,True
T11_d672_b19_t75,T11,main,672,19,T11/day_672/block_19,75,14747,14897,14746,14897,151,35.583675384521484,True,3.02,0.8638119697570801,0.0,False,True
T11_d672_b19_t76,T11,main,672,19,T11/day_672/block_19,76,14898,15085,14897,15085,188,27.719970703125,True,3.76,0.8225340247154236,1.0,False,True
T11_d672_b20_t0,T11,main,672,20,T11/day_672/block_20,0,266,531,265,531,266,38.49258041381836,True,5.32,0.46681350469589233,3.0,False,True
T11_d672_b20_t1,T11,main,672,20,T11/day_672/block_20,1,532,723,531,723,192,24.325820922851562,True,3.84,0.692775309085846,1.0,False,True
T11_d672_b20_t2,T11,main,672,20,T11/day_672/block_20,2,724,878,723,878,155,16.215431213378906,True,3.1,0.9057496190071106,0.0,False,True
T11_d672_b20_t3,T11,main,672,20,T11/day_672/block_20,3,879,1019,878,1019,141,24.915332794189453,True,2.82,0.8912883400917053,2.0,False,True
T11_d672_b20_t4,T11,main,672,20,T11/day_672/block_20,4,1020,1180,1019,1180,161,18.76650619506836,True,3.22,0.8633337020874023,2.0,False,True
T11_d672_b20_t5,T11,main,672,20,T11/day_672/block_20,5,1181,1298,1180,1298,118,6.566650867462158,True,2.36,0.8332620859146118,1.0,False,True
T11_d672_b20_t6,T11,main,672,20,T11/day_672/block_20,6,1299,1568,1298,1568,270,15.885488510131836,True,5.4,0.9144092202186584,3.0,True,True
T11_d672_b20_t7,T11,main,672,20,T11/day_672/block_20,7,1569,1878,1568,1878,310,22.76495933532715,True,6.2,0.8944379687309265,1.0,True,True
T11_d672_b20_t8,T11,main,672,20,T11/day_672/block_20,8,1879,2051,1878,2051,173,39.212158203125,True,3.46,0.5729937553405762,3.0,False,True
T11_d672_b20_t9,T11,main,672,20,T11/day_672/block_20,9,2052,2267,2051,2267,216,23.107160568237305,True,4.32,0.8802726864814758,4.0,False,True
T11_d672_b20_t10,T11,main,672,20,T11/day_672/block_20,10,2268,2415,2267,2415,148,7.262817859649658,True,2.96,0.881171703338623,2.0,False,True
T11_d672_b20_t11,T11,main,672,20,T11/day_672/block_20,11,2416,2589,2415,2589,174,32.47557830810547,True,3.48,0.824167788028717,1.0,False,True
T11_d672_b20_t12,T11,main,672,20,T11/day_672/block_20,12,2590,2759,2589,2759,170,10.690561294555664,True,3.4,0.8610478639602661,2.0,False,True
T11_d672_b20_t13,T11,main,672,20,T11/day_672/block_20,13,2760,2904,2759,2904,145,11.575928688049316,True,2.9,0.9296022057533264,3.0,False,True
T11_d672_b20_t14,T11,main,672,20,T11/day_672/block_20,14,2905,3071,2904,3071,167,11.08051586151123,True,3.34,0.955024242401123,0.0,False,True
T11_d672_b20_t15,T11,main,672,20,T11/day_672/block_20,15,3072,3205,3071,3205,134,23.424423217773438,True,2.68,0.8442726731300354,0.0,False,True
T11_d672_b20_t16,T11,main,672,20,T11/day_672/block_20,16,3206,3340,3205,3340,135,16.44606590270996,True,2.7,0.8651156425476074,1.0,False,True
T11_d672_b20_t17,T11,main,672,20,T11/day_672/block_20,17,3341,3489,3340,3489,149,17.001554489135742,True,2.98,0.9418322443962097,1.0,False,True
T11_d672_b20_t18,T11,main,672,20,T11/day_672/block_20,18,3490,3688,3489,3688,199,13.453713417053223,True,3.98,0.9212484359741211,1.0,False,True
T11_d672_b20_t19,T11,main,672,20,T11/day_672/block_20,19,3689,3838,3688,3838,150,12.403900146484375,True,3.0,0.8007982969284058,0.0,False,True
T11_d672_b20_t20,T11,main,672,20,T11/day_672/block_20,20,3839,4007,3838,4007,169,22.13109588623047,True,3.38,0.8074927926063538,1.0,False,True
T11_d672_b20_t21,T11,main,672,20,T11/day_672/block_20,21,4008,4144,4007,4144,137,19.206544876098633,True,2.74,0.8153901100158691,0.0,False,True
T11_d672_b20_t22,T11,main,672,20,T11/day_672/block_20,22,4145,4409,4144,4409,265,50.73884963989258,True,5.3,0.798464298248291,1.0,False,True
T11_d672_b20_t23,T11,main,672,20,T11/day_672/block_20,23,4410,4552,4409,4552,143,13.591139793395996,True,2.86,0.8859173059463501,1.0,False,True
T11_d672_b20_t24,T11,main,672,20,T11/day_672/block_20,24,4553,4691,4552,4691,139,14.460638046264648,True,2.78,0.8826169967651367,1.0,False,True
T11_d672_b20_t25,T11,main,672,20,T11/day_672/block_20,25,4692,4938,4691,4938,247,46.99738693237305,True,4.94,0.6158328056335449,3.0,False,True
T11_d672_b20_t26,T11,main,672,20,T11/day_672/block_20,26,4939,5138,4938,5138,200,37.449607849121094,True,4.0,0.8823045492172241,1.0,False,True
T11_d672_b20_t27,T11,main,672,20,T11/day_672/block_20,27,5139,5299,5138,5299,161,24.53742218017578,True,3.22,0.8209421634674072,0.0,False,True
T11_d672_b20_t28,T11,main,672,20,T11/day_672/block_20,28,5300,5441,5299,5441,142,19.870677947998047,True,2.84,0.7334073781967163,0.0,False,True
T11_d672_b20_t29,T11,main,672,20,T11/day_672/block_20,29,5442,5611,5441,5611,170,22.94032096862793,True,3.4,0.8308993577957153,1.0,False,True
T11_d672_b20_t30,T11,main,672,20,T11/day_672/block_20,30,5612,5759,5611,5759,148,28.292261123657227,True,2.96,0.8633134365081787,2.0,False,True
T11_d672_b20_t31,T11,main,672,20,T11/day_672/block_20,31,5760,5903,5759,5903,144,20.82013702392578,True,2.88,0.9144737124443054,1.0,False,True
T11_d672_b20_t32,T11,main,672,20,T11/day_672/block_20,32,5904,6070,5903,6070,167,12.421549797058105,True,3.34,0.8778420686721802,1.0,False,True
T11_d672_b20_t33,T11,main,672,20,T11/day_672/block_20,33,6071,6226,6070,6226,156,11.221120834350586,True,3.12,0.9027602076530457,0.0,False,True
T11_d672_b20_t34,T11,main,672,20,T11/day_672/block_20,34,6227,6420,6226,6420,194,25.739524841308594,True,3.88,0.8950314521789551,1.0,False,True
T11_d672_b20_t35,T11,main,672,20,T11/day_672/block_20,35,6421,6600,6420,6600,180,23.67483139038086,True,3.6,0.8544219136238098,0.0,False,True
T11_d672_b20_t36,T11,main,672,20,T11/day_672/block_20,36,6601,6756,6600,6756,156,10.094271659851074,True,3.12,0.886414110660553,0.0,False,True
T11_d672_b20_t37,T11,main,672,20,T11/day_672/block_20,37,6757,6897,6756,6897,141,24.415428161621094,True,2.82,0.8172070384025574,1.0,False,True
T11_d672_b20_t38,T11,main,672,20,T11/day_672/block_20,38,6898,7157,6897,7157,260,32.48773193359375,True,5.2,0.8374969363212585,5.0,False,True
T11_d672_b20_t39,T11,main,672,20,T11/day_672/block_20,39,7158,7337,7157,7337,180,25.742748260498047,True,3.6,0.7697144150733948,1.0,False,True
T11_d672_b20_t40,T11,main,672,20,T11/day_672/block_20,40,7338,7464,7337,7464,127,7.533685684204102,True,2.54,0.8916608691215515,0.0,False,True
T11_d672_b20_t41,T11,main,672,20,T11/day_672/block_20,41,7465,7612,7464,7612,148,17.62250518798828,True,2.96,0.907393753528595,1.0,False,True
T11_d672_b20_t42,T11,main,672,20,T11/day_672/block_20,42,7613,7757,7612,7757,145,37.05485534667969,True,2.9,0.7592843174934387,0.0,False,True
T11_d672_b20_t43,T11,main,672,20,T11/day_672/block_20,43,7758,7932,7757,7932,175,8.779767036437988,True,3.5,0.9281853437423706,1.0,False,True
T11_d672_b20_t44,T11,main,672,20,T11/day_672/block_20,44,7933,8103,7932,8103,171,39.45889663696289,True,3.42,0.7771154046058655,1.0,False,True
T11_d672_b20_t45,T11,main,672,20,T11/day_672/block_20,45,8104,8259,8103,8259,156,24.414175033569336,True,3.12,0.8416875004768372,1.0,False,True
T11_d672_b20_t46,T11,main,672,20,T11/day_672/block_20,46,8260,8456,8259,8456,197,27.856672286987305,True,3.94,0.8163112998008728,0.0,False,True
T11_d672_b20_t47,T11,main,672,20,T11/day_672/block_20,47,8457,8597,8456,8597,141,29.511960983276367,True,2.82,0.8118013739585876,0.0,False,True
T11_d672_b20_t48,T11,main,672,20,T11/day_672/block_20,48,8598,8731,8597,8731,134,17.534164428710938,True,2.68,0.8894591331481934,2.0,False,True
T11_d672_b20_t49,T11,main,672,20,T11/day_672/block_20,49,8732,9069,8731,9069,338,28.49236297607422,True,6.76,0.8317193984985352,5.0,False,True
T11_d672_b20_t50,T11,main,672,20,T11/day_672/block_20,50,9070,9252,9069,9252,183,26.784934997558594,True,3.66,0.7779243588447571,1.0,False,True
T11_d672_b20_t51,T11,main,672,20,T11/day_672/block_20,51,9253,9364,9252,9364,112,12.915975570678711,True,2.24,0.7932906150817871,0.0,False,True
T11_d672_b20_t52,T11,main,672,20,T11/day_672/block_20,52,9365,9517,9364,9517,153,15.34064769744873,True,3.06,0.8667361736297607,0.0,False,True
T11_d672_b20_t53,T11,main,672,20,T11/day_672/block_20,53,9518,9726,9517,9726,209,20.0107479095459,True,4.18,0.8663998246192932,1.0,False,True
T11_d672_b20_t54,T11,main,672,20,T11/day_672/block_20,54,9727,9851,9726,9851,125,10.894438743591309,True,2.5,0.9039459228515625,2.0,False,True
T11_d672_b20_t55,T11,main,672,20,T11/day_672/block_20,55,9852,10061,9851,10061,210,27.306640625,True,4.2,0.7541489005088806,1.0,False,True
T11_d672_b20_t56,T11,main,672,20,T11/day_672/block_20,56,10062,10272,10061,10272,211,27.6076602935791,True,4.22,0.8981050848960876,5.0,False,True
T11_d672_b20_t57,T11,main,672,20,T11/day_672/block_20,57,10273,10420,10272,10420,148,22.03640365600586,True,2.96,0.8581244945526123,1.0,False,True
T11_d672_b20_t58,T11,main,672,20,T11/day_672/block_20,58,10421,10724,10420,10724,304,33.75469970703125,True,6.08,0.6619073748588562,2.0,False,True
T11_d672_b20_t59,T11,main,672,20,T11/day_672/block_20,59,10725,10877,10724,10877,153,12.89616870880127,True,3.06,0.8839163184165955,1.0,False,True
T11_d672_b20_t60,T11,main,672,20,T11/day_672/block_20,60,10878,11083,10877,11083,206,38.81719207763672,True,4.12,0.7502174377441406,2.0,True,True
T11_d672_b20_t61,T11,main,672,20,T11/day_672/block_20,61,11084,11222,11083,11222,139,6.868926048278809,True,2.78,0.9368025660514832,1.0,False,True
T11_d672_b20_t62,T11,main,672,20,T11/day_672/block_20,62,11223,11380,11222,11380,158,19.734657287597656,True,3.16,0.9405280351638794,1.0,False,True
T11_d672_b20_t63,T11,main,672,20,T11/day_672/block_20,63,11381,11519,11380,11519,139,30.005779266357422,True,2.78,0.8017114996910095,0.0,False,True
T11_d672_b20_t64,T11,main,672,20,T11/day_672/block_20,64,11520,11677,11519,11677,158,20.510395050048828,True,3.16,0.8956023454666138,2.0,False,True
T11_d672_b20_t65,T11,main,672,20,T11/day_672/block_20,65,11678,11896,11677,11896,219,23.124279022216797,True,4.38,0.8956433534622192,1.0,False,True
T11_d672_b20_t66,T11,main,672,20,T11/day_672/block_20,66,11897,12037,11896,12037,141,27.50084114074707,True,2.82,0.7756699919700623,2.0,False,True
T11_d672_b20_t67,T11,main,672,20,T11/day_672/block_20,67,12038,12289,12037,12289,252,34.97563934326172,True,5.04,0.7870058417320251,4.0,False,True
T11_d672_b20_t68,T11,main,672,20,T11/day_672/block_20,68,12290,12426,12289,12426,137,18.638973236083984,True,2.74,0.8925686478614807,1.0,False,True
T11_d672_b20_t69,T11,main,672,20,T11/day_672/block_20,69,12427,12617,12426,12617,191,33.46392059326172,True,3.82,0.8268366456031799,2.0,False,True
T11_d672_b20_t70,T11,main,672,20,T11/day_672/block_20,70,12618,12779,12617,12779,162,13.205352783203125,True,3.24,0.9099618196487427,1.0,False,True
T11_d672_b20_t71,T11,main,672,20,T11/day_672/block_20,71,12780,13138,12779,13138,359,56.64694595336914,True,7.18,0.7744568586349487,4.0,False,True
T11_d672_b20_t72,T11,main,672,20,T11/day_672/block_20,72,13139,13272,13138,13272,134,11.95505142211914,True,2.68,0.8895566463470459,0.0,False,True
T11_d672_b20_t73,T11,main,672,20,T11/day_672/block_20,73,13273,13613,13272,13613,341,56.1580696105957,True,6.82,0.8752627372741699,0.0,False,True
T11_d672_b20_t74,T11,main,672,20,T11/day_672/block_20,74,13614,13752,13613,13752,139,5.373605728149414,True,2.78,0.8961124420166016,1.0,False,True
T11_d672_b20_t75,T11,main,672,20,T11/day_672/block_20,75,13753,13884,13752,13884,132,12.621332168579102,True,2.64,0.8830958604812622,1.0,False,True
T11_d672_b20_t76,T11,main,672,20,T11/day_672/block_20,76,13885,14065,13884,14065,181,22.932451248168945,True,3.62,0.8964124321937561,3.0,False,True
T11_d672_b20_t77,T11,main,672,20,T11/day_672/block_20,77,14066,14231,14065,14231,166,7.040197372436523,True,3.32,0.8521406650543213,4.0,False,True
T11_d672_b20_t78,T11,main,672,20,T11/day_672/block_20,78,14232,14561,14231,14561,330,56.46990966796875,True,6.6,0.7497100830078125,4.0,False,True
T11_d672_b20_t79,T11,main,672,20,T11/day_672/block_20,79,14562,14750,14561,14750,189,20.512367248535156,True,3.78,0.8434879183769226,0.0,False,True
T11_d672_b20_t80,T11,main,672,20,T11/day_672/block_20,80,14751,14907,14750,14907,157,20.62740707397461,True,3.14,0.8427706360816956,1.0,False,True
T11_d672_b20_t81,T11,main,672,20,T11/day_672/block_20,81,14908,15059,14907,15059,152,17.157562255859375,True,3.04,0.889009952545166,1.0,False,True
T11_d675_b6_t0,T11,main,675,6,T11/day_675/block_6,0,264,440,263,440,177,15.110762596130371,True,3.54,0.8164170980453491,2.0,False,True
T11_d675_b6_t1,T11,main,675,6,T11/day_675/block_6,1,441,588,440,588,148,14.652697563171387,True,2.96,0.7969767451286316,2.0,False,True
T11_d675_b6_t2,T11,main,675,6,T11/day_675/block_6,2,589,725,588,725,137,40.69266128540039,True,2.74,0.7736863493919373,0.0,False,True
T11_d675_b6_t3,T11,main,675,6,T11/day_675/block_6,3,726,870,725,870,145,9.286646842956543,True,2.9,0.8785865902900696,1.0,False,True
T11_d675_b6_t4,T11,main,675,6,T11/day_675/block_6,4,871,1018,870,1018,148,37.23749542236328,True,2.96,0.8340700268745422,1.0,False,True
T11_d675_b6_t5,T11,main,675,6,T11/day_675/block_6,5,1019,1159,1018,1159,141,26.297683715820312,True,2.82,0.8579676151275635,1.0,False,True
T11_d675_b6_t6,T11,main,675,6,T11/day_675/block_6,6,1160,1370,1159,1370,211,33.64558792114258,True,4.22,0.7035782337188721,1.0,False,True
T11_d675_b6_t7,T11,main,675,6,T11/day_675/block_6,7,1371,1531,1370,1531,161,14.438994407653809,True,3.22,0.8189108967781067,0.0,False,True
T11_d675_b6_t8,T11,main,675,6,T11/day_675/block_6,8,1532,1709,1531,1709,178,24.407121658325195,True,3.56,0.8269388675689697,0.0,False,True
T11_d675_b6_t9,T11,main,675,6,T11/day_675/block_6,9,1710,1848,1709,1848,139,18.512983322143555,True,2.78,0.9297770261764526,0.0,False,True
T11_d675_b6_t10,T11,main,675,6,T11/day_675/block_6,10,1849,2028,1848,2028,180,24.315656661987305,True,3.6,0.8552939891815186,0.0,False,True
T11_d675_b6_t11,T11,main,675,6,T11/day_675/block_6,11,2029,2171,2028,2171,143,18.392959594726562,True,2.86,0.8898641467094421,1.0,False,True
T11_d675_b6_t12,T11,main,675,6,T11/day_675/block_6,12,2172,2314,2171,2314,143,10.983798027038574,True,2.86,0.9115449786186218,1.0,False,True
T11_d675_b6_t13,T11,main,675,6,T11/day_675/block_6,13,2315,2482,2314,2482,168,13.945347785949707,True,3.36,0.9161255955696106,1.0,False,True
T11_d675_b6_t14,T11,main,675,6,T11/day_675/block_6,14,2483,2698,2482,2698,216,29.237646102905273,True,4.32,0.8104615807533264,1.0,False,True
T11_d675_b6_t15,T11,main,675,6,T11/day_675/block_6,15,2699,2890,2698,2890,192,12.8924560546875,True,3.84,0.8740260004997253,3.0,False,True
T11_d675_b6_t16,T11,main,675,6,T11/day_675/block_6,16,2891,3058,2890,3058,168,15.431905746459961,True,3.36,0.9021516442298889,1.0,False,True
T11_d675_b6_t17,T11,main,675,6,T11/day_675/block_6,17,3059,3209,3058,3209,151,20.468603134155273,True,3.02,0.8795034289360046,0.0,False,True
T11_d675_b6_t18,T11,main,675,6,T11/day_675/block_6,18,3210,3351,3209,3351,142,11.244182586669922,True,2.84,0.8682510256767273,1.0,False,True
T11_d675_b6_t19,T11,main,675,6,T11/day_675/block_6,19,3352,3497,3351,3497,146,19.732242584228516,True,2.92,0.8546280860900879,0.0,False,True
T11_d675_b6_t20,T11,main,675,6,T11/day_675/block_6,20,3498,3684,3497,3684,187,36.96521759033203,True,3.74,0.7274743318557739,0.0,False,True
T11_d675_b6_t21,T11,main,675,6,T11/day_675/block_6,21,3685,3816,3684,3816,132,7.406414985656738,True,2.64,0.8294605612754822,0.0,False,True
T11_d675_b6_t22,T11,main,675,6,T11/day_675/block_6,22,3817,3995,3816,3995,179,17.358888626098633,True,3.58,0.864693284034729,3.0,False,True
T11_d675_b6_t23,T11,main,675,6,T11/day_675/block_6,23,3996,4139,3995,4139,144,15.818593978881836,True,2.88,0.8663063049316406,1.0,False,True
T11_d675_b6_t24,T11,main,675,6,T11/day_675/block_6,24,4140,4308,4139,4308,169,32.01980972290039,True,3.38,0.8295785784721375,4.0,False,True
T11_d675_b6_t25,T11,main,675,6,T11/day_675/block_6,25,4309,4452,4308,4452,144,16.511859893798828,True,2.88,0.901366651058197,0.0,False,True
T11_d675_b6_t26,T11,main,675,6,T11/day_675/block_6,26,4453,4592,4452,4592,140,33.452186584472656,True,2.8,0.7966701984405518,1.0,False,True
T11_d675_b6_t27,T11,main,675,6,T11/day_675/block_6,27,4593,4782,4592,4782,190,37.36613082885742,True,3.8,0.8303000330924988,2.0,False,True
T11_d675_b6_t28,T11,main,675,6,T11/day_675/block_6,28,4783,4918,4782,4918,136,12.392669677734375,True,2.72,0.9225716590881348,2.0,False,True
T11_d675_b6_t29,T11,main,675,6,T11/day_675/block_6,29,4919,5043,4918,5043,125,15.755001068115234,True,2.5,0.8977874517440796,2.0,False,True
T11_d675_b6_t30,T11,main,675,6,T11/day_675/block_6,30,5044,5231,5043,5231,188,24.904056549072266,True,3.76,0.8056666851043701,0.0,False,True
T11_d675_b6_t31,T11,main,675,6,T11/day_675/block_6,31,5232,5364,5231,5364,133,16.96869468688965,True,2.66,0.8872097134590149,1.0,False,True
T11_d675_b6_t32,T11,main,675,6,T11/day_675/block_6,32,5365,5496,5364,5496,132,14.141679763793945,True,2.64,0.9309849739074707,3.0,False,True
T11_d675_b6_t33,T11,main,675,6,T11/day_675/block_6,33,5497,5629,5496,5629,133,13.40640926361084,True,2.66,0.8666249513626099,0.0,False,True
T11_d675_b6_t34,T11,main,675,6,T11/day_675/block_6,34,5630,5802,5629,5802,173,33.79840850830078,True,3.46,0.7973539233207703,1.0,False,True
T11_d675_b6_t35,T11,main,675,6,T11/day_675/block_6,35,5803,5949,5802,5949,147,12.132755279541016,True,2.94,0.9100553393363953,1.0,False,True
T11_d675_b6_t36,T11,main,675,6,T11/day_675/block_6,36,5950,6100,5949,6100,151,27.277690887451172,True,3.02,0.8129345178604126,1.0,False,True
T11_d675_b6_t37,T11,main,675,6,T11/day_675/block_6,37,6101,6239,6100,6239,139,24.747955322265625,True,2.78,0.8847699761390686,0.0,False,True
T11_d675_b6_t38,T11,main,675,6,T11/day_675/block_6,38,6240,6393,6239,6393,154,19.17594337463379,True,3.08,0.9070839881896973,4.0,False,True
T11_d675_b6_t39,T11,main,675,6,T11/day_675/block_6,39,6394,6512,6393,6512,119,9.134182929992676,True,2.38,0.939470648765564,1.0,False,True
T11_d675_b6_t40,T11,main,675,6,T11/day_675/block_6,40,6513,6850,6512,6850,338,52.13618850708008,True,6.76,0.4625322222709656,4.0,False,True
T11_d675_b6_t41,T11,main,675,6,T11/day_675/block_6,41,6851,7054,6850,7054,204,17.337894439697266,True,4.08,0.8900661468505859,1.0,False,True
T11_d675_b6_t42,T11,main,675,6,T11/day_675/block_6,42,7055,7359,7054,7359,305,18.94101333618164,True,6.1,0.8398736119270325,2.0,False,True
T11_d675_b6_t43,T11,main,675,6,T11/day_675/block_6,43,7360,7533,7359,7533,174,19.51864242553711,True,3.48,0.905609667301178,0.0,False,True
T11_d675_b6_t44,T11,main,675,6,T11/day_675/block_6,44,7534,7726,7533,7726,193,17.87588882446289,True,3.86,0.8728399872779846,0.0,False,True
T11_d675_b6_t45,T11,main,675,6,T11/day_675/block_6,45,7727,7881,7726,7881,155,21.02385902404785,True,3.1,0.8889033198356628,1.0,False,True
T11_d675_b6_t46,T11,main,675,6,T11/day_675/block_6,46,7882,8118,7881,8118,237,20.429733276367188,True,4.74,0.8466004133224487,1.0,False,True
T11_d675_b6_t47,T11,main,675,6,T11/day_675/block_6,47,8119,8278,8118,8278,160,23.77375030517578,True,3.2,0.8303243517875671,0.0,False,True
T11_d675_b6_t48,T11,main,675,6,T11/day_675/block_6,48,8279,8419,8278,8419,141,15.19879150390625,True,2.82,0.9389679431915283,0.0,False,True
T11_d675_b6_t49,T11,main,675,6,T11/day_675/block_6,49,8420,8647,8419,8647,228,26.127038955688477,True,4.56,0.8136377334594727,1.0,False,True
T11_d675_b6_t50,T11,main,675,6,T11/day_675/block_6,50,8648,8781,8647,8781,134,23.533756256103516,True,2.68,0.8772734999656677,0.0,False,True
T11_d675_b6_t51,T11,main,675,6,T11/day_675/block_6,51,8782,8934,8781,8934,153,20.043689727783203,True,3.06,0.8386270999908447,1.0,False,True
T11_d675_b6_t52,T11,main,675,6,T11/day_675/block_6,52,8935,9117,8934,9117,183,37.444908142089844,True,3.66,0.7911949157714844,4.0,True,True
T11_d675_b6_t53,T11,main,675,6,T11/day_675/block_6,53,9118,9274,9117,9274,157,23.21725845336914,True,3.14,0.8691481351852417,2.0,False,True
T11_d675_b6_t54,T11,main,675,6,T11/day_675/block_6,54,9275,9435,9274,9435,161,17.031177520751953,True,3.22,0.9184723496437073,1.0,False,True
T11_d675_b6_t55,T11,main,675,6,T11/day_675/block_6,55,9436,9575,9435,9575,140,22.524320602416992,True,2.8,0.886759877204895,1.0,False,True
T11_d675_b6_t56,T11,main,675,6,T11/day_675/block_6,56,9576,9721,9575,9721,146,26.1365966796875,True,2.92,0.9148495197296143,1.0,False,True
T11_d675_b6_t57,T11,main,675,6,T11/day_675/block_6,57,9722,9889,9721,9889,168,30.747108459472656,True,3.36,0.8123558759689331,0.0,False,True
T11_d675_b6_t58,T11,main,675,6,T11/day_675/block_6,58,9890,10109,9889,10109,220,26.165538787841797,True,4.4,0.8825145959854126,2.0,False,True
T11_d675_b6_t59,T11,main,675,6,T11/day_675/block_6,59,10110,10282,10109,10282,173,8.234085083007812,True,3.46,0.8967869281768799,0.0,False,True
T11_d675_b6_t60,T11,main,675,6,T11/day_675/block_6,60,10283,10438,10282,10438,156,22.493091583251953,True,3.12,0.8562955260276794,1.0,False,True
T11_d675_b6_t61,T11,main,675,6,T11/day_675/block_6,61,10439,10588,10438,10588,150,11.313213348388672,True,3.0,0.8777022957801819,1.0,False,True
T11_d675_b6_t62,T11,main,675,6,T11/day_675/block_6,62,10589,10730,10588,10730,142,23.64276885986328,True,2.84,0.8940011858940125,0.0,False,True
T11_d675_b6_t63,T11,main,675,6,T11/day_675/block_6,63,10731,10889,10730,10889,159,10.011180877685547,True,3.18,0.9100765585899353,2.0,False,True
T11_d675_b6_t64,T11,main,675,6,T11/day_675/block_6,64,10890,11042,10889,11042,153,18.645971298217773,True,3.06,0.8290203809738159,1.0,True,True
T11_d675_b6_t65,T11,main,675,6,T11/day_675/block_6,65,11043,11249,11042,11249,207,39.927066802978516,True,4.14,0.6385927200317383,2.0,False,True
T11_d675_b6_t66,T11,main,675,6,T11/day_675/block_6,66,11250,11411,11249,11411,162,13.151991844177246,True,3.24,0.8464794754981995,1.0,False,True
T11_d675_b6_t67,T11,main,675,6,T11/day_675/block_6,67,11412,11570,11411,11570,159,20.447587966918945,True,3.18,0.8611684441566467,1.0,False,True
T11_d675_b6_t68,T11,main,675,6,T11/day_675/block_6,68,11571,11763,11570,11763,193,28.537227630615234,True,3.86,0.8665164709091187,0.0,False,True
T11_d675_b6_t69,T11,main,675,6,T11/day_675/block_6,69,11764,11915,11763,11915,152,13.577369689941406,True,3.04,0.9190325736999512,0.0,False,True
T11_d675_b6_t70,T11,main,675,6,T11/day_675/block_6,70,11916,12110,11915,12110,195,22.93259048461914,True,3.9,0.8546006679534912,2.0,False,True
T11_d675_b6_t71,T11,main,675,6,T11/day_675/block_6,71,12111,12232,12110,12232,122,4.975247383117676,True,2.44,0.8986051678657532,1.0,False,True
T11_d675_b6_t72,T11,main,675,6,T11/day_675/block_6,72,12233,12486,12232,12486,254,42.59958267211914,True,5.08,0.7136027216911316,2.0,False,True
T11_d675_b6_t73,T11,main,675,6,T11/day_675/block_6,73,12487,12648,12486,12648,162,20.648683547973633,True,3.24,0.9197645783424377,2.0,False,True
T11_d675_b6_t74,T11,main,675,6,T11/day_675/block_6,74,12649,12805,12648,12805,157,26.52435302734375,True,3.14,0.7918727397918701,0.0,False,True
T11_d675_b6_t75,T11,main,675,6,T11/day_675/block_6,75,12806,12956,12805,12956,151,9.783807754516602,True,3.02,0.9758643507957458,0.0,False,True
T11_d675_b6_t76,T11,main,675,6,T11/day_675/block_6,76,12957,13087,12956,13087,131,14.924985885620117,True,2.62,0.932338535785675,0.0,False,True
T11_d675_b6_t77,T11,main,675,6,T11/day_675/block_6,77,13088,13209,13087,13209,122,13.760496139526367,True,2.44,0.9460976123809814,0.0,False,True
T11_d675_b6_t78,T11,main,675,6,T11/day_675/block_6,78,13210,13414,13209,13414,205,23.146486282348633,True,4.1,0.7250207662582397,0.0,False,True
T11_d675_b6_t79,T11,main,675,6,T11/day_675/block_6,79,13415,13624,13414,13624,210,24.675029754638672,True,4.2,0.8622570633888245,1.0,False,True
T11_d675_b6_t80,T11,main,675,6,T11/day_675/block_6,80,13625,13847,13624,13847,223,25.93808364868164,True,4.46,0.796631395816803,2.0,False,True
T11_d675_b6_t81,T11,main,675,6,T11/day_675/block_6,81,13848,14029,13847,14029,182,15.357601165771484,True,3.64,0.9605274796485901,1.0,False,True
T11_d675_b6_t82,T11,main,675,6,T11/day_675/block_6,82,14030,14169,14029,14169,140,9.981703758239746,True,2.8,0.8898177146911621,0.0,False,True
T11_d675_b6_t83,T11,main,675,6,T11/day_675/block_6,83,14170,14377,14169,14377,208,15.68801498413086,True,4.16,0.9165343642234802,1.0,False,True
T11_d675_b6_t84,T11,main,675,6,T11/day_675/block_6,84,14378,14523,14377,14523,146,18.662214279174805,True,2.92,0.8920691609382629,2.0,False,True
T11_d675_b6_t85,T11,main,675,6,T11/day_675/block_6,85,14524,14668,14523,14668,145,11.414799690246582,True,2.9,0.8913021087646484,1.0,False,True
T11_d675_b6_t86,T11,main,675,6,T11/day_675/block_6,86,14669,14825,14668,14825,157,11.829212188720703,True,3.14,0.8994594216346741,1.0,False,True
T11_d675_b6_t87,T11,main,675,6,T11/day_675/block_6,87,14826,14977,14825,14977,152,12.193682670593262,True,3.04,0.9021894931793213,0.0,False,True
T11_d675_b7_t0,T11,main,675,7,T11/day_675/block_7,0,265,481,264,481,217,49.833168029785156,True,4.34,0.8361486196517944,3.0,False,True
T11_d675_b7_t1,T11,main,675,7,T11/day_675/block_7,1,482,635,481,635,154,21.44098663330078,True,3.08,0.922898530960083,0.0,False,True
T11_d675_b7_t2,T11,main,675,7,T11/day_675/block_7,2,636,809,635,809,174,15.005213737487793,True,3.48,0.8792204856872559,2.0,False,True
T11_d675_b7_t3,T11,main,675,7,T11/day_675/block_7,3,810,988,809,988,179,9.727128982543945,True,3.58,0.9058347940444946,1.0,False,True
T11_d675_b7_t4,T11,main,675,7,T11/day_675/block_7,4,989,1161,988,1161,173,32.762081146240234,True,3.46,0.8205193877220154,0.0,False,True
T11_d675_b7_t5,T11,main,675,7,T11/day_675/block_7,5,1162,1327,1161,1327,166,9.177957534790039,True,3.32,0.9012941122055054,1.0,False,True
T11_d675_b7_t6,T11,main,675,7,T11/day_675/block_7,6,1328,1497,1327,1497,170,14.371674537658691,True,3.4,0.8768556118011475,1.0,False,True
T11_d675_b7_t7,T11,main,675,7,T11/day_675/block_7,7,1498,1642,1497,1642,145,15.914946556091309,True,2.9,0.8850281238555908,1.0,False,True
T11_d675_b7_t8,T11,main,675,7,T11/day_675/block_7,8,1643,1844,1642,1844,202,20.582931518554688,True,4.04,0.8105634450912476,0.0,False,True
T11_d675_b7_t9,T11,main,675,7,T11/day_675/block_7,9,1845,2006,1844,2006,162,13.54615306854248,True,3.24,0.8801136612892151,1.0,False,True
T11_d675_b7_t10,T11,main,675,7,T11/day_675/block_7,10,2007,2163,2006,2163,157,14.917200088500977,True,3.14,0.9054638147354126,4.0,False,True
T11_d675_b7_t11,T11,main,675,7,T11/day_675/block_7,11,2164,2301,2163,2301,138,7.359018325805664,True,2.76,0.916266918182373,0.0,False,True
T11_d675_b7_t12,T11,main,675,7,T11/day_675/block_7,12,2302,2473,2301,2473,172,20.73581314086914,True,3.44,0.8895379304885864,1.0,False,True
T11_d675_b7_t13,T11,main,675,7,T11/day_675/block_7,13,2474,2629,2473,2629,156,15.738541603088379,True,3.12,0.8541510701179504,0.0,False,True
T11_d675_b7_t14,T11,main,675,7,T11/day_675/block_7,14,2630,2781,2629,2781,152,15.656166076660156,True,3.04,0.8737529516220093,1.0,False,True
T11_d675_b7_t15,T11,main,675,7,T11/day_675/block_7,15,2782,2900,2781,2900,119,7.609539985656738,True,2.38,0.9263461232185364,0.0,False,True
T11_d675_b7_t16,T11,main,675,7,T11/day_675/block_7,16,2901,3035,2900,3035,135,26.576129913330078,True,2.7,0.8477188348770142,1.0,False,True
T11_d675_b7_t17,T11,main,675,7,T11/day_675/block_7,17,3036,3177,3035,3177,142,15.717412948608398,True,2.84,0.9228003621101379,0.0,False,True
T11_d675_b7_t18,T11,main,675,7,T11/day_675/block_7,18,3178,3320,3177,3320,143,16.568008422851562,True,2.86,0.8865025639533997,0.0,False,True
T11_d675_b7_t19,T11,main,675,7,T11/day_675/block_7,19,3321,3471,3320,3471,151,13.276970863342285,True,3.02,0.9091572165489197,1.0,False,True
T11_d675_b7_t20,T11,main,675,7,T11/day_675/block_7,20,3472,3673,3471,3673,202,16.10199546813965,True,4.04,0.8736825585365295,0.0,False,True
T11_d675_b7_t21,T11,main,675,7,T11/day_675/block_7,21,3674,3815,3673,3815,142,20.88214111328125,True,2.84,0.8730595707893372,0.0,False,True
T11_d675_b7_t22,T11,main,675,7,T11/day_675/block_7,22,3816,3955,3815,3955,140,14.751885414123535,True,2.8,0.8072428703308105,1.0,False,True
T11_d675_b7_t23,T11,main,675,7,T11/day_675/block_7,23,3956,4134,3955,4134,179,14.299492835998535,True,3.58,0.8136799335479736,1.0,False,True
T11_d675_b7_t24,T11,main,675,7,T11/day_675/block_7,24,4135,4375,4134,4375,241,18.201135635375977,True,4.82,0.840719997882843,0.0,False,True
T11_d675_b7_t25,T11,main,675,7,T11/day_675/block_7,25,4376,4515,4375,4515,140,9.168493270874023,True,2.8,0.9045876860618591,1.0,False,True
T11_d675_b7_t26,T11,main,675,7,T11/day_675/block_7,26,4516,4650,4515,4650,135,11.718687057495117,True,2.7,0.9458211660385132,0.0,False,True
T11_d675_b7_t27,T11,main,675,7,T11/day_675/block_7,27,4651,4839,4650,4839,189,22.305959701538086,True,3.78,0.8303052186965942,1.0,False,True
T11_d675_b7_t28,T11,main,675,7,T11/day_675/block_7,28,4840,4970,4839,4970,131,13.480470657348633,True,2.62,0.9538764953613281,1.0,False,True
T11_d675_b7_t29,T11,main,675,7,T11/day_675/block_7,29,4971,5109,4970,5109,139,31.368247985839844,True,2.78,0.8363123536109924,1.0,False,True
T11_d675_b7_t30,T11,main,675,7,T11/day_675/block_7,30,5110,5250,5109,5250,141,21.107362747192383,True,2.82,0.9053238034248352,1.0,False,True
T11_d675_b7_t31,T11,main,675,7,T11/day_675/block_7,31,5251,5397,5250,5397,147,7.709011554718018,True,2.94,0.8429681658744812,0.0,False,True
T11_d675_b7_t32,T11,main,675,7,T11/day_675/block_7,32,5398,5525,5397,5525,128,17.99514389038086,True,2.56,0.8294617533683777,1.0,False,True
T11_d675_b7_t33,T11,main,675,7,T11/day_675/block_7,33,5526,5669,5525,5669,144,14.733749389648438,True,2.88,0.9441242218017578,1.0,False,True
T11_d675_b7_t34,T11,main,675,7,T11/day_675/block_7,34,5670,5840,5669,5840,171,16.5461483001709,True,3.42,0.9310865998268127,1.0,False,True
T11_d675_b7_t35,T11,main,675,7,T11/day_675/block_7,35,5841,6082,5840,6082,242,14.35295295715332,True,4.84,0.9228799939155579,0.0,False,True
T11_d675_b7_t36,T11,main,675,7,T11/day_675/block_7,36,6083,6281,6082,6281,199,25.759653091430664,True,3.98,0.8653499484062195,2.0,False,True
T11_d675_b7_t37,T11,main,675,7,T11/day_675/block_7,37,6282,6447,6281,6447,166,19.82525634765625,True,3.32,0.9036749601364136,2.0,False,True
T11_d675_b7_t38,T11,main,675,7,T11/day_675/block_7,38,6448,6640,6447,6640,193,19.976335525512695,True,3.86,0.8909514546394348,0.0,False,True
T11_d675_b7_t39,T11,main,675,7,T11/day_675/block_7,39,6641,6787,6640,6787,147,13.860795021057129,True,2.94,0.8242080807685852,1.0,False,True
T11_d675_b7_t40,T11,main,675,7,T11/day_675/block_7,40,6788,7036,6787,7036,249,35.227962493896484,True,4.98,0.6364243030548096,0.0,False,True
T11_d675_b7_t41,T11,main,675,7,T11/day_675/block_7,41,7037,7184,7036,7184,148,12.09827995300293,True,2.96,0.9158933758735657,0.0,False,True
T11_d675_b7_t42,T11,main,675,7,T11/day_675/block_7,42,7185,7382,7184,7382,198,18.38591766357422,True,3.96,0.8640516400337219,1.0,False,True
T11_d675_b7_t43,T11,main,675,7,T11/day_675/block_7,43,7383,7528,7382,7528,146,7.977107048034668,True,2.92,0.9239816069602966,0.0,False,True
T11_d675_b7_t44,T11,main,675,7,T11/day_675/block_7,44,7529,7725,7528,7725,197,10.30957317352295,True,3.94,0.7299450039863586,3.0,False,True
T11_d675_b7_t45,T11,main,675,7,T11/day_675/block_7,45,7726,7889,7725,7889,164,16.05318260192871,True,3.28,0.874739408493042,0.0,False,True
T11_d675_b7_t46,T11,main,675,7,T11/day_675/block_7,46,7890,8023,7889,8023,134,9.012004852294922,True,2.68,0.9218416213989258,0.0,False,True
T11_d675_b7_t47,T11,main,675,7,T11/day_675/block_7,47,8024,8153,8023,8153,130,9.690301895141602,True,2.6,0.827292263507843,0.0,False,True
T11_d675_b7_t48,T11,main,675,7,T11/day_675/block_7,48,8154,8300,8153,8300,147,14.347053527832031,True,2.94,0.9550490379333496,0.0,False,True
T11_d675_b7_t49,T11,main,675,7,T11/day_675/block_7,49,8301,8802,8300,8802,502,140.3089141845703,False,10.04,,1.0,True,True
T11_d675_b7_t50,T11,main,675,7,T11/day_675/block_7,50,8803,9303,8802,9303,501,74.79476165771484,False,10.02,,9.0,True,True
T11_d675_b7_t51,T11,main,675,7,T11/day_675/block_7,51,9304,9805,9303,9805,502,121.6044692993164,False,10.04,,4.0,True,True
T11_d675_b7_t52,T11,main,675,7,T11/day_675/block_7,52,9806,10306,9805,10306,501,54.64646911621094,False,10.02,,0.0,True,True
T11_d675_b7_t53,T11,main,675,7,T11/day_675/block_7,53,10307,10808,10306,10808,502,144.40805053710938,False,10.04,,2.0,True,True
T11_d675_b7_t54,T11,main,675,7,T11/day_675/block_7,54,10809,11309,10808,11309,501,128.62246704101562,False,10.02,,1.0,True,True
T11_d675_b7_t55,T11,main,675,7,T11/day_675/block_7,55,11310,11492,11309,11492,183,26.38957977294922,True,3.66,0.559257984161377,1.0,False,True
T11_d675_b7_t56,T11,main,675,7,T11/day_675/block_7,56,11493,11620,11492,11620,128,29.196630477905273,True,2.56,0.7347366809844971,0.0,False,True
T11_d675_b7_t57,T11,main,675,7,T11/day_675/block_7,57,11621,11812,11620,11812,192,20.76811981201172,True,3.84,0.845700740814209,1.0,False,True
T11_d675_b7_t58,T11,main,675,7,T11/day_675/block_7,58,11813,11940,11812,11940,128,17.386323928833008,True,2.56,0.8121337890625,0.0,False,True
T11_d675_b7_t59,T11,main,675,7,T11/day_675/block_7,59,11941,12070,11940,12070,130,18.7725772857666,True,2.6,0.8495948314666748,1.0,False,True
T11_d675_b7_t60,T11,main,675,7,T11/day_675/block_7,60,12071,12230,12070,12230,160,54.22257614135742,True,3.2,0.7116552591323853,2.0,False,True
T11_d675_b7_t61,T11,main,675,7,T11/day_675/block_7,61,12231,12342,12230,12342,112,18.674129486083984,True,2.24,0.8082441091537476,1.0,False,True
T11_d675_b7_t62,T11,main,675,7,T11/day_675/block_7,62,12343,12489,12342,12489,147,34.40199661254883,True,2.94,0.8408557772636414,0.0,False,True
T11_d675_b7_t63,T11,main,675,7,T11/day_675/block_7,63,12490,12789,12489,12789,300,76.29023742675781,True,6.0,0.4295128881931305,0.0,False,True
T11_d675_b7_t64,T11,main,675,7,T11/day_675/block_7,64,12790,12919,12789,12919,130,15.617634773254395,True,2.6,0.835945188999176,0.0,False,True
T11_d675_b7_t65,T11,main,675,7,T11/day_675/block_7,65,12920,13051,12919,13051,132,9.09357738494873,True,2.64,0.9137990474700928,1.0,False,True
T11_d675_b7_t66,T11,main,675,7,T11/day_675/block_7,66,13052,13192,13051,13192,141,29.935855865478516,True,2.82,0.7880609035491943,2.0,False,True
T11_d675_b7_t67,T11,main,675,7,T11/day_675/block_7,67,13193,13328,13192,13328,136,30.000751495361328,True,2.72,0.8075326681137085,1.0,False,True
T11_d675_b7_t68,T11,main,675,7,T11/day_675/block_7,68,13329,13486,13328,13486,158,19.15180206298828,True,3.16,0.7552815675735474,0.0,False,True
T11_d675_b7_t69,T11,main,675,7,T11/day_675/block_7,69,13487,13624,13486,13624,138,28.682348251342773,True,2.76,0.7206855416297913,1.0,False,True
T11_d675_b7_t70,T11,main,675,7,T11/day_675/block_7,70,13625,13762,13624,13762,138,19.03521728515625,True,2.76,0.8777297139167786,1.0,False,True
T11_d675_b7_t71,T11,main,675,7,T11/day_675/block_7,71,13763,13919,13762,13919,157,30.005096435546875,True,3.14,0.8533850312232971,0.0,False,True
T11_d675_b7_t72,T11,main,675,7,T11/day_675/block_7,72,13920,14049,13919,14049,130,17.85206413269043,True,2.6,0.8155193328857422,1.0,False,True
T11_d675_b7_t73,T11,main,675,7,T11/day_675/block_7,73,14050,14174,14049,14174,125,12.283963203430176,True,2.5,0.8220502734184265,0.0,False,True
T11_d675_b7_t74,T11,main,675,7,T11/day_675/block_7,74,14175,14297,14174,14297,123,12.77973747253418,True,2.46,0.9316368103027344,0.0,False,True
T11_d675_b7_t75,T11,main,675,7,T11/day_675/block_7,75,14298,14482,14297,14482,185,24.561931610107422,True,3.7,0.661486804485321,3.0,False,True
T11_d675_b7_t76,T11,main,675,7,T11/day_675/block_7,76,14483,14642,14482,14642,160,14.981880187988281,True,3.2,0.7668713331222534,1.0,False,True
T11_d675_b7_t77,T11,main,675,7,T11/day_675/block_7,77,14643,14764,14642,14764,122,7.252981185913086,True,2.44,0.8945093750953674,0.0,False,True
T11_d675_b7_t78,T11,main,675,7,T11/day_675/block_7,78,14765,14933,14764,14933,169,19.344242095947266,True,3.38,0.8476135730743408,0.0,False,True
T11_d689_b13_t0,T11,main,689,13,T11/day_689/block_13,0,290,791,289,791,502,79.30155181884766,False,10.04,,13.0,False,True
T11_d689_b13_t1,T11,main,689,13,T11/day_689/block_13,1,792,1169,791,1169,378,51.847450256347656,True,7.56,0.37649157643318176,5.0,False,True
T11_d689_b13_t2,T11,main,689,13,T11/day_689/block_13,2,1170,1296,1169,1296,127,11.491728782653809,True,2.54,0.8756932616233826,0.0,False,True
T11_d689_b13_t3,T11,main,689,13,T11/day_689/block_13,3,1297,1468,1296,1468,172,34.69152069091797,True,3.44,0.8179218173027039,3.0,False,True
T11_d689_b13_t4,T11,main,689,13,T11/day_689/block_13,4,1469,1623,1468,1623,155,32.228118896484375,True,3.1,0.8171566724777222,0.0,False,True
T11_d689_b13_t5,T11,main,689,13,T11/day_689/block_13,5,1624,1799,1623,1799,176,54.012298583984375,True,3.52,0.6717329025268555,3.0,False,True
T11_d689_b13_t6,T11,main,689,13,T11/day_689/block_13,6,1800,1984,1799,1984,185,51.02288055419922,True,3.7,0.5753781199455261,2.0,False,True
T11_d689_b13_t7,T11,main,689,13,T11/day_689/block_13,7,1985,2141,1984,2141,157,16.15206527709961,True,3.14,0.8860408067703247,0.0,False,True
T11_d689_b13_t8,T11,main,689,13,T11/day_689/block_13,8,2142,2265,2141,2265,124,24.471630096435547,True,2.48,0.7624895572662354,1.0,False,True
T11_d689_b13_t9,T11,main,689,13,T11/day_689/block_13,9,2266,2413,2265,2413,148,32.41130065917969,True,2.96,0.7429596781730652,1.0,False,True
T11_d689_b13_t10,T11,main,689,13,T11/day_689/block_13,10,2414,2914,2413,2914,501,89.0135269165039,False,10.02,,9.0,True,True
T11_d689_b13_t11,T11,main,689,13,T11/day_689/block_13,11,2915,3089,2914,3089,175,27.44550132751465,True,3.5,0.8745512962341309,1.0,False,True
T11_d689_b13_t12,T11,main,689,13,T11/day_689/block_13,12,3090,3287,3089,3287,198,47.14634704589844,True,3.96,0.6593264937400818,3.0,False,True
T11_d689_b13_t13,T11,main,689,13,T11/day_689/block_13,13,3288,3419,3287,3419,132,33.36991882324219,True,2.64,0.8769487142562866,1.0,False,True
T11_d689_b13_t14,T11,main,689,13,T11/day_689/block_13,14,3420,3576,3419,3576,157,39.93413543701172,True,3.14,0.8063395023345947,1.0,False,True
T11_d689_b13_t15,T11,main,689,13,T11/day_689/block_13,15,3577,3757,3576,3757,181,32.34111022949219,True,3.62,0.8589732050895691,1.0,False,True
T11_d689_b13_t16,T11,main,689,13,T11/day_689/block_13,16,3758,3869,3757,3869,112,35.381622314453125,True,2.24,0.8194164037704468,0.0,False,True
T11_d689_b13_t17,T11,main,689,13,T11/day_689/block_13,17,3870,4037,3869,4037,168,45.168701171875,True,3.36,0.6437739729881287,1.0,False,True
T11_d689_b13_t18,T11,main,689,13,T11/day_689/block_13,18,4038,4220,4037,4220,183,39.770931243896484,True,3.66,0.6982236504554749,0.0,False,True
T11_d689_b13_t19,T11,main,689,13,T11/day_689/block_13,19,4221,4534,4220,4534,314,55.06671142578125,True,6.28,0.6016138195991516,3.0,False,True
T11_d689_b13_t20,T11,main,689,13,T11/day_689/block_13,20,4535,4795,4534,4795,261,79.53944396972656,True,5.22,0.4134455621242523,5.0,False,True
T11_d689_b13_t21,T11,main,689,13,T11/day_689/block_13,21,4796,4962,4795,4962,167,21.820632934570312,True,3.34,0.7645180821418762,0.0,False,True
T11_d689_b13_t22,T11,main,689,13,T11/day_689/block_13,22,4963,5137,4962,5137,175,45.860633850097656,True,3.5,0.7193898558616638,1.0,False,True
T11_d689_b13_t23,T11,main,689,13,T11/day_689/block_13,23,5138,5276,5137,5276,139,16.035011291503906,True,2.78,0.7888200283050537,3.0,False,True
T11_d689_b13_t24,T11,main,689,13,T11/day_689/block_13,24,5277,5469,5276,5469,193,53.76253128051758,True,3.86,0.42837244272232056,1.0,False,True
T11_d689_b13_t25,T11,main,689,13,T11/day_689/block_13,25,5470,5616,5469,5616,147,22.052274703979492,True,2.94,0.8869322538375854,0.0,False,True
T11_d689_b13_t26,T11,main,689,13,T11/day_689/block_13,26,5617,5730,5616,5730,114,17.25861358642578,True,2.28,0.8924227952957153,0.0,False,True
T11_d689_b13_t27,T11,main,689,13,T11/day_689/block_13,27,5731,5892,5730,5892,162,44.26615905761719,True,3.24,0.79939866065979,1.0,False,True
T11_d689_b13_t28,T11,main,689,13,T11/day_689/block_13,28,5893,6051,5892,6051,159,35.97964859008789,True,3.18,0.8388640284538269,1.0,False,True
T11_d689_b13_t29,T11,main,689,13,T11/day_689/block_13,29,6052,6160,6051,6160,109,6.62263822555542,True,2.18,0.846907913684845,4.0,False,True
T11_d689_b13_t30,T11,main,689,13,T11/day_689/block_13,30,6161,6264,6160,6264,104,24.05219268798828,True,2.08,0.7990957498550415,0.0,False,True
T11_d689_b13_t31,T11,main,689,13,T11/day_689/block_13,31,6265,6373,6264,6373,109,11.720235824584961,True,2.18,0.9085355401039124,9.0,False,True
T11_d689_b13_t32,T11,main,689,13,T11/day_689/block_13,32,6374,6522,6373,6522,149,33.55525207519531,True,2.98,0.7268491387367249,1.0,False,True
T11_d689_b13_t33,T11,main,689,13,T11/day_689/block_13,33,6523,6672,6522,6672,150,52.965965270996094,True,3.0,0.8403830528259277,2.0,False,True
T11_d689_b13_t34,T11,main,689,13,T11/day_689/block_13,34,6673,6780,6672,6780,108,18.396713256835938,True,2.16,0.8967221975326538,1.0,False,True
T11_d689_b13_t35,T11,main,689,13,T11/day_689/block_13,35,6781,6947,6780,6947,167,30.808073043823242,True,3.34,0.5959711074829102,2.0,False,True
T11_d689_b13_t36,T11,main,689,13,T11/day_689/block_13,36,6948,7206,6947,7206,259,59.147430419921875,True,5.18,0.5892165899276733,7.0,False,True
T11_d689_b13_t37,T11,main,689,13,T11/day_689/block_13,37,7207,7476,7206,7476,270,44.30443572998047,True,5.4,0.5635173916816711,5.0,False,True
T11_d689_b13_t38,T11,main,689,13,T11/day_689/block_13,38,7477,7744,7476,7744,268,23.18366241455078,True,5.36,0.49169158935546875,7.0,False,True
T11_d689_b13_t39,T11,main,689,13,T11/day_689/block_13,39,7745,7997,7744,7997,253,51.64596939086914,True,5.06,0.6684516072273254,2.0,False,True
T11_d689_b13_t40,T11,main,689,13,T11/day_689/block_13,40,7998,8167,7997,8167,170,29.090068817138672,True,3.4,0.7481412887573242,1.0,False,True
T11_d689_b13_t41,T11,main,689,13,T11/day_689/block_13,41,8168,8327,8167,8327,160,21.938758850097656,True,3.2,0.7802389860153198,1.0,False,True
T11_d689_b13_t42,T11,main,689,13,T11/day_689/block_13,42,8328,8479,8327,8479,152,46.832401275634766,True,3.04,0.7612279653549194,1.0,False,True
T11_d689_b13_t43,T11,main,689,13,T11/day_689/block_13,43,8480,8695,8479,8695,216,34.582618713378906,True,4.32,0.7805731892585754,3.0,False,True
T11_d689_b13_t44,T11,main,689,13,T11/day_689/block_13,44,8696,8813,8695,8813,118,19.130985260009766,True,2.36,0.8319949507713318,1.0,False,True
T11_d689_b13_t45,T11,main,689,13,T11/day_689/block_13,45,8814,8952,8813,8952,139,21.629241943359375,True,2.78,0.9193044900894165,0.0,False,True
T11_d689_b13_t46,T11,main,689,13,T11/day_689/block_13,46,8953,9100,8952,9100,148,40.78589630126953,True,2.96,0.6999029517173767,0.0,False,True
T11_d689_b13_t47,T11,main,689,13,T11/day_689/block_13,47,9101,9279,9100,9279,179,30.092382431030273,True,3.58,0.7191165089607239,1.0,False,True
T11_d689_b13_t48,T11,main,689,13,T11/day_689/block_13,48,9280,9400,9279,9400,121,24.30219268798828,True,2.42,0.9138680696487427,0.0,False,True
T11_d689_b13_t49,T11,main,689,13,T11/day_689/block_13,49,9401,9566,9400,9566,166,40.255123138427734,True,3.32,0.7907013297080994,1.0,False,True
T11_d689_b13_t50,T11,main,689,13,T11/day_689/block_13,50,9567,9761,9566,9761,195,63.01655960083008,True,3.9,0.48299258947372437,3.0,False,True
T11_d689_b13_t51,T11,main,689,13,T11/day_689/block_13,51,9762,9895,9761,9895,134,18.935985565185547,True,2.68,0.8312513828277588,0.0,False,True
T11_d689_b13_t52,T11,main,689,13,T11/day_689/block_13,52,9896,10083,9895,10083,188,45.551979064941406,True,3.76,0.6321123242378235,1.0,False,True
T11_d689_b13_t53,T11,main,689,13,T11/day_689/block_13,53,10084,10228,10083,10228,145,23.903675079345703,True,2.9,0.6813700199127197,1.0,False,True
T11_d689_b13_t54,T11,main,689,13,T11/day_689/block_13,54,10229,10410,10228,10410,182,31.46644401550293,True,3.64,0.7870441675186157,0.0,False,True
T11_d689_b13_t55,T11,main,689,13,T11/day_689/block_13,55,10411,10582,10410,10582,172,49.48686218261719,True,3.44,0.7078405022621155,4.0,False,True
T11_d689_b13_t56,T11,main,689,13,T11/day_689/block_13,56,10583,10767,10582,10767,185,37.2515983581543,True,3.7,0.7617471814155579,2.0,False,True
T11_d689_b13_t57,T11,main,689,13,T11/day_689/block_13,57,10768,10979,10767,10979,212,27.445941925048828,True,4.24,0.8321141600608826,0.0,False,True
T11_d689_b13_t58,T11,main,689,13,T11/day_689/block_13,58,10980,11120,10979,11120,141,24.842370986938477,True,2.82,0.7525972723960876,1.0,False,True
T11_d689_b13_t59,T11,main,689,13,T11/day_689/block_13,59,11121,11294,11120,11294,174,60.94690704345703,True,3.48,0.8143114447593689,3.0,False,True
T11_d689_b13_t60,T11,main,689,13,T11/day_689/block_13,60,11295,11403,11294,11403,109,11.099746704101562,True,2.18,0.8834407329559326,0.0,False,True
T11_d689_b13_t61,T11,main,689,13,T11/day_689/block_13,61,11404,11603,11403,11603,200,51.10160827636719,True,4.0,0.575027585029602,3.0,False,True
T11_d689_b13_t62,T11,main,689,13,T11/day_689/block_13,62,11604,11819,11603,11819,216,45.54331970214844,True,4.32,0.48910287022590637,3.0,False,True
T11_d689_b13_t63,T11,main,689,13,T11/day_689/block_13,63,11820,11989,11819,11989,170,20.73361587524414,True,3.4,0.8189656734466553,0.0,False,True
T11_d689_b13_t64,T11,main,689,13,T11/day_689/block_13,64,11990,12173,11989,12173,184,45.57372283935547,True,3.68,0.8270008563995361,0.0,False,True
T11_d689_b13_t65,T11,main,689,13,T11/day_689/block_13,65,12174,12287,12173,12287,114,50.21567916870117,True,2.28,0.7089672088623047,1.0,False,True
T11_d689_b13_t66,T11,main,689,13,T11/day_689/block_13,66,12288,12394,12287,12394,107,17.646814346313477,True,2.14,0.9044029116630554,1.0,False,True
T11_d689_b13_t67,T11,main,689,13,T11/day_689/block_13,67,12395,12514,12394,12514,120,35.83452606201172,True,2.4,0.8672624826431274,1.0,False,True
T11_d689_b13_t68,T11,main,689,13,T11/day_689/block_13,68,12515,12755,12514,12755,241,37.8409309387207,True,4.82,0.8228971362113953,6.0,False,True
T11_d689_b13_t69,T11,main,689,13,T11/day_689/block_13,69,12756,12904,12755,12904,149,29.27256965637207,True,2.98,0.9144130349159241,1.0,False,True
T11_d689_b13_t70,T11,main,689,13,T11/day_689/block_13,70,12905,13027,12904,13027,123,21.29466438293457,True,2.46,0.8285290002822876,1.0,False,True
T11_d689_b13_t71,T11,main,689,13,T11/day_689/block_13,71,13028,13129,13027,13129,102,8.301671981811523,True,2.04,0.8897997140884399,0.0,False,True
T11_d689_b13_t72,T11,main,689,13,T11/day_689/block_13,72,13130,13255,13129,13255,126,24.137725830078125,True,2.52,0.8646444082260132,1.0,False,True
T11_d689_b13_t73,T11,main,689,13,T11/day_689/block_13,73,13256,13371,13255,13371,116,12.436582565307617,True,2.32,0.8937057256698608,0.0,False,True
T11_d689_b13_t74,T11,main,689,13,T11/day_689/block_13,74,13372,13477,13371,13477,106,21.54613494873047,True,2.12,0.853814423084259,1.0,False,True
T11_d689_b13_t75,T11,main,689,13,T11/day_689/block_13,75,13478,13601,13477,13601,124,31.559600830078125,True,2.48,0.8938546180725098,1.0,False,True
T11_d689_b13_t76,T11,main,689,13,T11/day_689/block_13,76,13602,13702,13601,13702,101,34.771080017089844,True,2.02,0.8176279067993164,2.0,False,True
T11_d689_b13_t77,T11,main,689,13,T11/day_689/block_13,77,13703,13855,13702,13855,153,55.09990310668945,True,3.06,0.6939267516136169,0.0,False,True
T11_d689_b13_t78,T11,main,689,13,T11/day_689/block_13,78,13856,14089,13855,14089,234,37.43339538574219,True,4.68,0.8397764563560486,1.0,False,True
T11_d689_b13_t79,T11,main,689,13,T11/day_689/block_13,79,14090,14287,14089,14287,198,31.092641830444336,True,3.96,0.7847827672958374,0.0,False,True
T11_d689_b13_t80,T11,main,689,13,T11/day_689/block_13,80,14288,14508,14287,14508,221,50.7358512878418,True,4.42,0.6443508267402649,4.0,False,True
T11_d689_b13_t81,T11,main,689,13,T11/day_689/block_13,81,14509,14885,14508,14885,377,46.09557342529297,True,7.54,0.41323336958885193,7.0,False,True
T11_d689_b13_t82,T11,main,689,13,T11/day_689/block_13,82,14886,15114,14885,15114,229,59.43817138671875,True,4.58,0.7712780833244324,4.0,False,True
T11_d689_b14_t0,T11,main,689,14,T11/day_689/block_14,0,322,572,321,572,251,42.86449432373047,,5.02,,,False,True
T11_d689_b14_t1,T11,main,689,14,T11/day_689/block_14,1,573,964,572,964,392,79.9178466796875,,7.84,,,False,True
T11_d689_b14_t2,T11,main,689,14,T11/day_689/block_14,2,965,1131,964,1131,167,45.1802864074707,,3.34,,,False,True
T11_d689_b14_t3,T11,main,689,14,T11/day_689/block_14,3,1132,1268,1131,1268,137,19.230636596679688,,2.74,,,False,True
T11_d689_b14_t4,T11,main,689,14,T11/day_689/block_14,4,1269,1563,1268,1563,295,62.668121337890625,,5.9,,,False,True
T11_d689_b14_t5,T11,main,689,14,T11/day_689/block_14,5,1564,1800,1563,1800,237,29.751798629760742,,4.74,,,False,True
T11_d689_b14_t6,T11,main,689,14,T11/day_689/block_14,6,1801,1989,1800,1989,189,28.60767936706543,,3.78,,,False,True
T11_d689_b14_t7,T11,main,689,14,T11/day_689/block_14,7,1990,2329,1989,2329,340,47.49967956542969,,6.8,,,False,True
T11_d689_b14_t8,T11,main,689,14,T11/day_689/block_14,8,2330,2475,2329,2475,146,33.376373291015625,,2.92,,,False,True
T11_d689_b14_t9,T11,main,689,14,T11/day_689/block_14,9,2476,2968,2475,2968,493,71.7295913696289,,9.86,,,False,True
T11_d689_b14_t10,T11,main,689,14,T11/day_689/block_14,10,2969,3091,2968,3091,123,19.21516227722168,,2.46,,,False,True
T11_d689_b14_t11,T11,main,689,14,T11/day_689/block_14,11,3092,3201,3091,3201,110,31.318954467773438,,2.2,,,False,True
T11_d689_b14_t12,T11,main,689,14,T11/day_689/block_14,12,3202,3344,3201,3344,143,37.05646514892578,,2.86,,,False,True
T11_d689_b14_t13,T11,main,689,14,T11/day_689/block_14,13,3345,3519,3344,3519,175,20.04912567138672,,3.5,,,False,True
T11_d689_b14_t14,T11,main,689,14,T11/day_689/block_14,14,3520,3674,3519,3674,155,33.636016845703125,,3.1,,,False,True
T11_d689_b14_t15,T11,main,689,14,T11/day_689/block_14,15,3675,3826,3674,3826,152,31.9953670501709,,3.04,,,False,True
T11_d689_b14_t16,T11,main,689,14,T11/day_689/block_14,16,3827,4010,3826,4010,184,36.469886779785156,,3.68,,,False,True
T11_d689_b14_t17,T11,main,689,14,T11/day_689/block_14,17,4011,4265,4010,4265,255,68.53365325927734,,5.1,,,False,True
T11_d689_b14_t18,T11,main,689,14,T11/day_689/block_14,18,4266,4439,4265,4439,174,37.82849884033203,,3.48,,,False,True
T11_d689_b14_t19,T11,main,689,14,T11/day_689/block_14,19,4440,4579,4439,4579,140,37.92708969116211,,2.8,,,False,True
T11_d689_b14_t20,T11,main,689,14,T11/day_689/block_14,20,4580,4883,4579,4883,304,43.74415588378906,,6.08,,,False,True
T11_d689_b14_t21,T11,main,689,14,T11/day_689/block_14,21,4884,5060,4883,5060,177,27.271493911743164,,3.54,,,False,True
T11_d689_b14_t22,T11,main,689,14,T11/day_689/block_14,22,5061,5327,5060,5327,267,72.54072570800781,,5.34,,,False,True
T11_d689_b14_t23,T11,main,689,14,T11/day_689/block_14,23,5328,5829,5327,5829,502,89.93785095214844,,10.04,,,False,True
T11_d689_b14_t24,T11,main,689,14,T11/day_689/block_14,24,5830,5994,5829,5994,165,13.07266616821289,,3.3,,,False,True
T11_d689_b14_t25,T11,main,689,14,T11/day_689/block_14,25,5995,6147,5994,6147,153,34.01473617553711,,3.06,,,False,True
T11_d689_b14_t26,T11,main,689,14,T11/day_689/block_14,26,6148,6375,6147,6375,228,34.092735290527344,,4.56,,,False,True
T11_d689_b14_t27,T11,main,689,14,T11/day_689/block_14,27,6376,6490,6375,6490,115,13.10493278503418,,2.3,,,False,True
T11_d689_b14_t28,T11,main,689,14,T11/day_689/block_14,28,6491,6627,6490,6627,137,32.139251708984375,,2.74,,,False,True
T11_d689_b14_t29,T11,main,689,14,T11/day_689/block_14,29,6628,7032,6627,7032,405,70.27315521240234,,8.1,,,False,True
T11_d689_b14_t30,T11,main,689,14,T11/day_689/block_14,30,7033,7486,7032,7486,454,74.29070281982422,,9.08,,,False,True
T11_d689_b14_t31,T11,main,689,14,T11/day_689/block_14,31,7487,7640,7486,7640,154,18.423694610595703,,3.08,,,False,True
T11_d689_b14_t32,T11,main,689,14,T11/day_689/block_14,32,7641,7775,7640,7775,135,33.419471740722656,,2.7,,,False,True
T11_d689_b14_t33,T11,main,689,14,T11/day_689/block_14,33,7776,7900,7775,7900,125,15.882719993591309,,2.5,,,False,True
T11_d689_b14_t34,T11,main,689,14,T11/day_689/block_14,34,7901,8168,7900,8168,268,37.40519332885742,,5.36,,,False,True
T11_d689_b14_t35,T11,main,689,14,T11/day_689/block_14,35,8169,8530,8168,8530,362,71.65567016601562,,7.24,,,False,True
T11_d689_b14_t36,T11,main,689,14,T11/day_689/block_14,36,8531,8650,8530,8650,120,24.24945831298828,,2.4,,,False,True
T11_d689_b14_t37,T11,main,689,14,T11/day_689/block_14,37,8651,8808,8650,8808,158,73.0718994140625,,3.16,,,False,True
T11_d689_b14_t38,T11,main,689,14,T11/day_689/block_14,38,8809,9063,8808,9063,255,57.57832336425781,,5.1,,,False,True
T11_d689_b14_t39,T11,main,689,14,T11/day_689/block_14,39,9064,9218,9063,9218,155,25.426795959472656,,3.1,,,False,True
T11_d689_b14_t40,T11,main,689,14,T11/day_689/block_14,40,9219,9335,9218,9335,117,22.29712677001953,,2.34,,,False,True
T11_d689_b14_t41,T11,main,689,14,T11/day_689/block_14,41,9336,9467,9335,9467,132,32.135616302490234,,2.64,,,False,True
T11_d689_b14_t42,T11,main,689,14,T11/day_689/block_14,42,9468,9663,9467,9663,196,43.662879943847656,,3.92,,,False,True
T11_d689_b14_t43,T11,main,689,14,T11/day_689/block_14,43,9664,9866,9663,9866,203,18.527057647705078,,4.06,,,False,True
T11_d689_b14_t44,T11,main,689,14,T11/day_689/block_14,44,9867,10050,9866,10050,184,43.59888458251953,,3.68,,,False,True
T11_d689_b14_t45,T11,main,689,14,T11/day_689/block_14,45,10051,10197,10050,10197,147,29.021230697631836,,2.94,,,False,True
T11_d689_b14_t46,T11,main,689,14,T11/day_689/block_14,46,10198,10332,10197,10332,135,15.110583305358887,,2.7,,,False,True
T11_d689_b14_t47,T11,main,689,14,T11/day_689/block_14,47,10333,10481,10332,10481,149,37.23236083984375,,2.98,,,False,True
T11_d689_b14_t48,T11,main,689,14,T11/day_689/block_14,48,10482,10594,10481,10594,113,16.02777099609375,,2.26,,,False,True
T11_d689_b14_t49,T11,main,689,14,T11/day_689/block_14,49,10595,10822,10594,10822,228,38.05574417114258,,4.56,,,False,True
T11_d689_b14_t50,T11,main,689,14,T11/day_689/block_14,50,10823,10932,10822,10932,110,10.233210563659668,,2.2,,,False,True
T11_d689_b14_t51,T11,main,689,14,T11/day_689/block_14,51,10933,11060,10932,11060,128,14.960090637207031,,2.56,,,False,True
T11_d689_b14_t52,T11,main,689,14,T11/day_689/block_14,52,11061,11160,11060,11160,100,22.760957717895508,,2.0,,,False,True
T11_d689_b14_t53,T11,main,689,14,T11/day_689/block_14,53,11161,11367,11160,11367,207,33.652862548828125,,4.14,,,False,True
T11_d689_b14_t54,T11,main,689,14,T11/day_689/block_14,54,11368,11484,11367,11484,117,19.447322845458984,,2.34,,,False,True
T11_d689_b14_t55,T11,main,689,14,T11/day_689/block_14,55,11485,11697,11484,11697,213,56.32549285888672,,4.26,,,False,True
T11_d689_b14_t56,T11,main,689,14,T11/day_689/block_14,56,11698,11895,11697,11895,198,52.10674285888672,,3.96,,,False,True
T11_d689_b14_t57,T11,main,689,14,T11/day_689/block_14,57,11896,12040,11895,12040,145,37.8370475769043,,2.9,,,False,True
T11_d689_b14_t58,T11,main,689,14,T11/day_689/block_14,58,12041,12180,12040,12180,140,34.11125946044922,,2.8,,,False,True
T11_d689_b14_t59,T11,main,689,14,T11/day_689/block_14,59,12181,12549,12180,12549,369,60.55332946777344,,7.38,,,False,True
T11_d689_b14_t60,T11,main,689,14,T11/day_689/block_14,60,12550,12717,12549,12717,168,29.839754104614258,,3.36,,,False,True
T11_d689_b14_t61,T11,main,689,14,T11/day_689/block_14,61,12718,12837,12717,12837,120,9.981206893920898,,2.4,,,False,True
T11_d689_b14_t62,T11,main,689,14,T11/day_689/block_14,62,12838,13077,12837,13077,240,32.58781814575195,,4.8,,,False,True
T11_d689_b14_t63,T11,main,689,14,T11/day_689/block_14,63,13078,13263,13077,13263,186,30.85733413696289,,3.72,,,False,True
T11_d689_b14_t64,T11,main,689,14,T11/day_689/block_14,64,13264,13455,13263,13455,192,31.76498031616211,,3.84,,,False,True
T11_d689_b14_t65,T11,main,689,14,T11/day_689/block_14,65,13456,13592,13455,13592,137,20.873340606689453,,2.74,,,False,True
T11_d689_b14_t66,T11,main,689,14,T11/day_689/block_14,66,13593,13747,13592,13747,155,24.174325942993164,,3.1,,,False,True
T11_d689_b14_t67,T11,main,689,14,T11/day_689/block_14,67,13748,13883,13747,13883,136,101.48149108886719,,2.72,,,False,True
T11_d689_b14_t68,T11,main,689,14,T11/day_689/block_14,68,13884,14025,13883,14025,142,40.114707946777344,,2.84,,,False,True
T11_d689_b14_t69,T11,main,689,14,T11/day_689/block_14,69,14026,14161,14025,14161,136,58.96067810058594,,2.72,,,False,True
T11_d689_b14_t70,T11,main,689,14,T11/day_689/block_14,70,14162,14333,14161,14333,172,37.069820404052734,,3.44,,,False,True
T11_d689_b14_t71,T11,main,689,14,T11/day_689/block_14,71,14334,14471,14333,14471,138,40.87061309814453,,2.76,,,False,True
T11_d689_b14_t72,T11,main,689,14,T11/day_689/block_14,72,14472,14606,14471,14606,135,26.63766860961914,,2.7,,,False,True
T11_d689_b14_t73,T11,main,689,14,T11/day_689/block_14,73,14607,14822,14606,14822,216,33.19367218017578,,4.32,,,False,True
T11_d689_b14_t74,T11,main,689,14,T11/day_689/block_14,74,14823,14947,14822,14947,125,30.72074317932129,,2.5,,,False,True
T11_d692_b6_t0,T11,main,692,6,T11/day_692/block_6,0,261,446,260,446,186,21.012340545654297,True,3.72,0.820682168006897,0.0,False,True
T11_d692_b6_t1,T11,main,692,6,T11/day_692/block_6,1,447,562,446,562,116,12.86172866821289,True,2.32,0.8530336022377014,1.0,False,True
T11_d692_b6_t2,T11,main,692,6,T11/day_692/block_6,2,563,701,562,701,139,24.183263778686523,True,2.78,0.7420486807823181,1.0,False,True
T11_d692_b6_t3,T11,main,692,6,T11/day_692/block_6,3,702,847,701,847,146,24.165254592895508,True,2.92,0.8270624279975891,0.0,False,True
T11_d692_b6_t4,T11,main,692,6,T11/day_692/block_6,4,848,959,847,959,112,17.235332489013672,True,2.24,0.8981354832649231,1.0,False,True
T11_d692_b6_t5,T11,main,692,6,T11/day_692/block_6,5,960,1092,959,1092,133,21.7959041595459,True,2.66,0.7769796252250671,0.0,False,True
T11_d692_b6_t6,T11,main,692,6,T11/day_692/block_6,6,1093,1234,1092,1234,142,56.09850311279297,True,2.84,0.8361992835998535,2.0,False,True
T11_d692_b6_t7,T11,main,692,6,T11/day_692/block_6,7,1235,1344,1234,1344,110,26.489620208740234,True,2.2,0.8843151926994324,0.0,False,True
T11_d692_b6_t8,T11,main,692,6,T11/day_692/block_6,8,1345,1459,1344,1459,115,21.267812728881836,True,2.3,0.8998777866363525,1.0,False,True
T11_d692_b6_t9,T11,main,692,6,T11/day_692/block_6,9,1460,1591,1459,1591,132,14.837696075439453,True,2.64,0.8925729990005493,1.0,False,True
T11_d692_b6_t10,T11,main,692,6,T11/day_692/block_6,10,1592,1820,1591,1820,229,32.734375,True,4.58,0.743355929851532,0.0,False,True
T11_d692_b6_t11,T11,main,692,6,T11/day_692/block_6,11,1821,1996,1820,1996,176,12.95942211151123,True,3.52,0.895631730556488,1.0,False,True
T11_d692_b6_t12,T11,main,692,6,T11/day_692/block_6,12,1997,2122,1996,2122,126,25.045089721679688,True,2.52,0.8245535492897034,0.0,False,True
T11_d692_b6_t13,T11,main,692,6,T11/day_692/block_6,13,2123,2269,2122,2269,147,42.62647247314453,True,2.94,0.9006319046020508,2.0,False,True
T11_d692_b6_t14,T11,main,692,6,T11/day_692/block_6,14,2270,2436,2269,2436,167,24.665273666381836,True,3.34,0.7910832762718201,0.0,False,True
T11_d692_b6_t15,T11,main,692,6,T11/day_692/block_6,15,2437,2568,2436,2568,132,12.256267547607422,True,2.64,0.9347089529037476,1.0,False,True
T11_d692_b6_t16,T11,main,692,6,T11/day_692/block_6,16,2569,2737,2568,2737,169,38.34446716308594,True,3.38,0.7547681927680969,0.0,False,True
T11_d692_b6_t17,T11,main,692,6,T11/day_692/block_6,17,2738,2855,2737,2855,118,19.281436920166016,True,2.36,0.8917646408081055,1.0,False,True
T11_d692_b6_t18,T11,main,692,6,T11/day_692/block_6,18,2856,3008,2855,3008,153,34.822593688964844,True,3.06,0.7463019490242004,1.0,False,True
T11_d692_b6_t19,T11,main,692,6,T11/day_692/block_6,19,3009,3156,3008,3156,148,11.222007751464844,True,2.96,0.9101883172988892,0.0,False,True
T11_d692_b6_t20,T11,main,692,6,T11/day_692/block_6,20,3157,3262,3156,3262,106,24.1823787689209,True,2.12,0.8852068185806274,0.0,False,True
T11_d692_b6_t21,T11,main,692,6,T11/day_692/block_6,21,3263,3402,3262,3402,140,28.77216339111328,True,2.8,0.8653120994567871,1.0,False,True
T11_d692_b6_t22,T11,main,692,6,T11/day_692/block_6,22,3403,3531,3402,3531,129,12.168804168701172,True,2.58,0.9279590249061584,2.0,False,True
T11_d692_b6_t23,T11,main,692,6,T11/day_692/block_6,23,3532,3695,3531,3695,164,20.17361831665039,True,3.28,0.769930899143219,1.0,False,True
T11_d692_b6_t24,T11,main,692,6,T11/day_692/block_6,24,3696,3865,3695,3865,170,24.576072692871094,True,3.4,0.6329748630523682,2.0,False,True
T11_d692_b6_t25,T11,main,692,6,T11/day_692/block_6,25,3866,3997,3865,3997,132,26.740840911865234,True,2.64,0.8296528458595276,0.0,False,True
T11_d692_b6_t26,T11,main,692,6,T11/day_692/block_6,26,3998,4112,3997,4112,115,25.0098819732666,True,2.3,0.8925207853317261,0.0,False,True
T11_d692_b6_t27,T11,main,692,6,T11/day_692/block_6,27,4113,4220,4112,4220,108,24.423656463623047,True,2.16,0.8909902572631836,0.0,False,True
T11_d692_b6_t28,T11,main,692,6,T11/day_692/block_6,28,4221,4379,4220,4379,159,20.58891487121582,True,3.18,0.7828948497772217,1.0,False,True
T11_d692_b6_t29,T11,main,692,6,T11/day_692/block_6,29,4380,4475,4379,4475,96,15.177891731262207,True,1.92,0.8469728231430054,0.0,False,True
T11_d692_b6_t30,T11,main,692,6,T11/day_692/block_6,30,4476,4581,4475,4581,106,15.373011589050293,True,2.12,0.9239704608917236,0.0,False,True
T11_d692_b6_t31,T11,main,692,6,T11/day_692/block_6,31,4582,4681,4581,4681,100,19.827054977416992,True,2.0,0.936856746673584,1.0,False,True
T11_d692_b6_t32,T11,main,692,6,T11/day_692/block_6,32,4682,4796,4681,4796,115,15.464777946472168,True,2.3,0.8741558194160461,1.0,False,True
T11_d692_b6_t33,T11,main,692,6,T11/day_692/block_6,33,4797,4932,4796,4932,136,34.522850036621094,True,2.72,0.8049034476280212,0.0,False,True
T11_d692_b6_t34,T11,main,692,6,T11/day_692/block_6,34,4933,5069,4932,5069,137,24.194286346435547,True,2.74,0.7881980538368225,0.0,False,True
T11_d692_b6_t35,T11,main,692,6,T11/day_692/block_6,35,5070,5169,5069,5169,100,14.903568267822266,True,2.0,0.914977490901947,1.0,False,True
T11_d692_b6_t36,T11,main,692,6,T11/day_692/block_6,36,5170,5298,5169,5298,129,22.253097534179688,True,2.58,0.7582833170890808,1.0,False,True
T11_d692_b6_t37,T11,main,692,6,T11/day_692/block_6,37,5299,5431,5298,5431,133,22.654966354370117,True,2.66,0.8347079157829285,0.0,False,True
T11_d692_b6_t38,T11,main,692,6,T11/day_692/block_6,38,5432,5595,5431,5595,164,47.38275146484375,True,3.28,0.6742582321166992,1.0,False,True
T11_d692_b6_t39,T11,main,692,6,T11/day_692/block_6,39,5596,5742,5595,5742,147,20.968181610107422,True,2.94,0.9010941982269287,0.0,False,True
T11_d692_b6_t40,T11,main,692,6,T11/day_692/block_6,40,5743,5967,5742,5967,225,55.21943664550781,True,4.5,0.7153470516204834,6.0,False,True
T11_d692_b6_t41,T11,main,692,6,T11/day_692/block_6,41,5968,6080,5967,6080,113,17.99349021911621,True,2.26,0.8638588786125183,0.0,False,True
T11_d692_b6_t42,T11,main,692,6,T11/day_692/block_6,42,6081,6208,6080,6208,128,27.653295516967773,True,2.56,0.686699390411377,0.0,False,True
T11_d692_b6_t43,T11,main,692,6,T11/day_692/block_6,43,6209,6340,6208,6340,132,27.79824447631836,True,2.64,0.833253026008606,1.0,False,True
T11_d692_b6_t44,T11,main,692,6,T11/day_692/block_6,44,6341,6433,6340,6433,93,14.706842422485352,True,1.86,0.9682369828224182,0.0,False,True
T11_d692_b6_t45,T11,main,692,6,T11/day_692/block_6,45,6434,6581,6433,6581,148,26.88768196105957,True,2.96,0.8580299615859985,1.0,False,True
T11_d692_b6_t46,T11,main,692,6,T11/day_692/block_6,46,6582,6695,6581,6695,114,23.64780044555664,True,2.28,0.8746237754821777,0.0,False,True
T11_d692_b6_t47,T11,main,692,6,T11/day_692/block_6,47,6696,6801,6695,6801,106,13.119346618652344,True,2.12,0.9238386750221252,1.0,False,True
T11_d692_b6_t48,T11,main,692,6,T11/day_692/block_6,48,6802,7164,6801,7164,363,37.31766891479492,True,7.26,0.6964730024337769,7.0,False,True
T11_d692_b6_t49,T11,main,692,6,T11/day_692/block_6,49,7165,7418,7164,7418,254,44.541133880615234,True,5.08,0.8178861737251282,1.0,False,True
T11_d692_b6_t50,T11,main,692,6,T11/day_692/block_6,50,7419,7598,7418,7598,180,20.058670043945312,True,3.6,0.79245924949646,1.0,False,True
T11_d692_b6_t51,T11,main,692,6,T11/day_692/block_6,51,7599,7715,7598,7715,117,16.596397399902344,True,2.34,0.9017587304115295,0.0,False,True
T11_d692_b6_t52,T11,main,692,6,T11/day_692/block_6,52,7716,7809,7715,7809,94,17.133716583251953,True,1.88,0.8994297385215759,0.0,False,True
T11_d692_b6_t53,T11,main,692,6,T11/day_692/block_6,53,7810,7932,7809,7932,123,22.94405174255371,True,2.46,0.8201045393943787,1.0,False,True
T11_d692_b6_t54,T11,main,692,6,T11/day_692/block_6,54,7933,8033,7932,8033,101,9.701000213623047,True,2.02,0.8954290151596069,1.0,False,True
T11_d692_b6_t55,T11,main,692,6,T11/day_692/block_6,55,8034,8168,8033,8168,135,15.534730911254883,True,2.7,0.866973340511322,0.0,False,True
T11_d692_b6_t56,T11,main,692,6,T11/day_692/block_6,56,8169,8271,8168,8271,103,9.449206352233887,True,2.06,0.8905425071716309,0.0,False,True
T11_d692_b6_t57,T11,main,692,6,T11/day_692/block_6,57,8272,8410,8271,8410,139,13.007997512817383,True,2.78,0.9024587869644165,3.0,False,True
T11_d692_b6_t58,T11,main,692,6,T11/day_692/block_6,58,8411,8588,8410,8588,178,23.886564254760742,True,3.56,0.8812584280967712,0.0,False,True
T11_d692_b6_t59,T11,main,692,6,T11/day_692/block_6,59,8589,8696,8588,8696,108,13.386234283447266,True,2.16,0.8982807993888855,1.0,False,True
T11_d692_b6_t60,T11,main,692,6,T11/day_692/block_6,60,8697,8899,8696,8899,203,26.607933044433594,True,4.06,0.8825669884681702,3.0,False,True
T11_d692_b6_t61,T11,main,692,6,T11/day_692/block_6,61,8900,9073,8899,9073,174,33.49641418457031,True,3.48,0.8181743025779724,1.0,False,True
T11_d692_b6_t62,T11,main,692,6,T11/day_692/block_6,62,9074,9191,9073,9191,118,13.372432708740234,True,2.36,0.8318296670913696,1.0,False,True
T11_d692_b6_t63,T11,main,692,6,T11/day_692/block_6,63,9192,9378,9191,9378,187,33.66708755493164,True,3.74,0.8402557969093323,5.0,False,True
T11_d692_b6_t64,T11,main,692,6,T11/day_692/block_6,64,9379,9518,9378,9518,140,36.91668701171875,True,2.8,0.8421269059181213,0.0,False,True
T11_d692_b6_t65,T11,main,692,6,T11/day_692/block_6,65,9519,9654,9518,9654,136,22.503986358642578,True,2.72,0.9082430601119995,1.0,False,True
T11_d692_b6_t66,T11,main,692,6,T11/day_692/block_6,66,9655,9821,9654,9821,167,34.82777786254883,True,3.34,0.6643440127372742,1.0,False,True
T11_d692_b6_t67,T11,main,692,6,T11/day_692/block_6,67,9822,9926,9821,9926,105,24.463682174682617,True,2.1,0.8154127597808838,1.0,False,True
T11_d692_b6_t68,T11,main,692,6,T11/day_692/block_6,68,9927,10054,9926,10054,128,32.561439514160156,True,2.56,0.759242594242096,2.0,False,True
T11_d692_b6_t69,T11,main,692,6,T11/day_692/block_6,69,10055,10189,10054,10189,135,17.852354049682617,True,2.7,0.8950257897377014,0.0,False,True
T11_d692_b6_t70,T11,main,692,6,T11/day_692/block_6,70,10190,10331,10189,10331,142,30.788999557495117,True,2.84,0.8299813270568848,0.0,False,True
T11_d692_b6_t71,T11,main,692,6,T11/day_692/block_6,71,10332,10469,10331,10469,138,35.898048400878906,True,2.76,0.8764891028404236,1.0,False,True
T11_d692_b6_t72,T11,main,692,6,T11/day_692/block_6,72,10470,10690,10469,10690,221,29.977697372436523,True,4.42,0.7337356805801392,3.0,False,True
T11_d692_b6_t73,T11,main,692,6,T11/day_692/block_6,73,10691,10932,10690,10932,242,31.626388549804688,True,4.84,0.7239638566970825,3.0,False,True
T11_d692_b6_t74,T11,main,692,6,T11/day_692/block_6,74,10933,11066,10932,11066,134,37.195030212402344,True,2.68,0.7517180442810059,1.0,False,True
T11_d692_b6_t75,T11,main,692,6,T11/day_692/block_6,75,11067,11225,11066,11225,159,37.2330436706543,True,3.18,0.7856962084770203,3.0,False,True
T11_d692_b6_t76,T11,main,692,6,T11/day_692/block_6,76,11226,11339,11225,11339,114,14.51673698425293,True,2.28,0.8855762481689453,0.0,False,True
T11_d692_b6_t77,T11,main,692,6,T11/day_692/block_6,77,11340,11559,11339,11559,220,38.872074127197266,True,4.4,0.8509751558303833,2.0,False,True
T11_d692_b6_t78,T11,main,692,6,T11/day_692/block_6,78,11560,11743,11559,11743,184,40.25465393066406,True,3.68,0.7999502420425415,1.0,False,True
T11_d692_b6_t79,T11,main,692,6,T11/day_692/block_6,79,11744,11866,11743,11866,123,16.60593605041504,True,2.46,0.8328514099121094,0.0,False,True
T11_d692_b6_t80,T11,main,692,6,T11/day_692/block_6,80,11867,12000,11866,12000,134,14.842985153198242,True,2.68,0.9348674416542053,2.0,False,True
T11_d692_b6_t81,T11,main,692,6,T11/day_692/block_6,81,12001,12127,12000,12127,127,17.24461555480957,True,2.54,0.8013076782226562,1.0,False,True
T11_d692_b6_t82,T11,main,692,6,T11/day_692/block_6,82,12128,12414,12127,12414,287,49.38967514038086,True,5.74,0.6425773501396179,3.0,False,True
T11_d692_b6_t83,T11,main,692,6,T11/day_692/block_6,83,12415,12522,12414,12522,108,24.16741943359375,True,2.16,0.8722996115684509,1.0,False,True
T11_d692_b6_t84,T11,main,692,6,T11/day_692/block_6,84,12523,12678,12522,12678,156,18.555896759033203,True,3.12,0.906786322593689,0.0,False,True
T11_d692_b6_t85,T11,main,692,6,T11/day_692/block_6,85,12679,12846,12678,12846,168,47.63921356201172,True,3.36,0.7254359722137451,1.0,False,True
T11_d692_b6_t86,T11,main,692,6,T11/day_692/block_6,86,12847,13037,12846,13037,191,19.339054107666016,True,3.82,0.8311071395874023,2.0,False,True
T11_d692_b6_t87,T11,main,692,6,T11/day_692/block_6,87,13038,13230,13037,13230,193,30.47785758972168,True,3.86,0.6750214695930481,0.0,False,True
T11_d692_b6_t88,T11,main,692,6,T11/day_692/block_6,88,13231,13436,13230,13436,206,19.812957763671875,True,4.12,0.6404592394828796,3.0,False,True
T11_d692_b6_t89,T11,main,692,6,T11/day_692/block_6,89,13437,13636,13436,13636,200,28.03487777709961,True,4.0,0.6029183864593506,0.0,False,True
T11_d692_b6_t90,T11,main,692,6,T11/day_692/block_6,90,13637,13774,13636,13774,138,14.418993949890137,True,2.76,0.9061298370361328,0.0,False,True
T11_d692_b6_t91,T11,main,692,6,T11/day_692/block_6,91,13775,13981,13774,13981,207,36.66236877441406,True,4.14,0.70059734582901,2.0,False,True
T11_d692_b6_t92,T11,main,692,6,T11/day_692/block_6,92,13982,14099,13981,14099,118,16.826648712158203,True,2.36,0.9147007465362549,0.0,False,True
T11_d692_b6_t93,T11,main,692,6,T11/day_692/block_6,93,14100,14242,14099,14242,143,35.93606185913086,True,2.86,0.8391785025596619,1.0,False,True
T11_d692_b6_t94,T11,main,692,6,T11/day_692/block_6,94,14243,14357,14242,14357,115,17.109718322753906,True,2.3,0.9340105056762695,1.0,False,True
T11_d692_b6_t95,T11,main,692,6,T11/day_692/block_6,95,14358,14545,14357,14545,188,34.671878814697266,True,3.76,0.7534563541412354,1.0,False,True
T11_d692_b6_t96,T11,main,692,6,T11/day_692/block_6,96,14546,14689,14545,14689,144,12.940999031066895,True,2.88,0.9643983244895935,3.0,False,True
T11_d692_b6_t97,T11,main,692,6,T11/day_692/block_6,97,14690,14850,14689,14850,161,26.807254791259766,True,3.22,0.8573722839355469,1.0,False,True
T11_d692_b6_t98,T11,main,692,6,T11/day_692/block_6,98,14851,14964,14850,14964,114,15.70898723602295,True,2.28,0.9373335242271423,0.0,False,True
T11_d692_b6_t99,T11,main,692,6,T11/day_692/block_6,99,14965,15061,14964,15061,97,14.794629096984863,True,1.94,0.8892188668251038,1.0,False,True
T11_d692_b7_t0,T11,main,692,7,T11/day_692/block_7,0,261,355,260,355,95,29.74100112915039,True,1.9,0.8279256820678711,0.0,False,True
T11_d692_b7_t1,T11,main,692,7,T11/day_692/block_7,1,356,459,355,459,104,10.670656204223633,True,2.08,0.8522766828536987,1.0,False,True
T11_d692_b7_t2,T11,main,692,7,T11/day_692/block_7,2,460,568,459,568,109,14.33375358581543,True,2.18,0.9330337047576904,0.0,False,True
T11_d692_b7_t3,T11,main,692,7,T11/day_692/block_7,3,569,681,568,681,113,37.195777893066406,True,2.26,0.7907142043113708,1.0,False,True
T11_d692_b7_t4,T11,main,692,7,T11/day_692/block_7,4,682,805,681,805,124,44.190799713134766,True,2.48,0.7969222068786621,1.0,False,True
T11_d692_b7_t5,T11,main,692,7,T11/day_692/block_7,5,806,945,805,945,140,33.284812927246094,True,2.8,0.7394942045211792,1.0,False,True
T11_d692_b7_t6,T11,main,692,7,T11/day_692/block_7,6,946,1089,945,1089,144,31.435388565063477,True,2.88,0.7029169797897339,3.0,False,True
T11_d692_b7_t7,T11,main,692,7,T11/day_692/block_7,7,1090,1207,1089,1207,118,20.72198486328125,True,2.36,0.8364461064338684,0.0,False,True
T11_d692_b7_t8,T11,main,692,7,T11/day_692/block_7,8,1208,1339,1207,1339,132,52.0822868347168,True,2.64,0.6914008855819702,1.0,False,True
T11_d692_b7_t9,T11,main,692,7,T11/day_692/block_7,9,1340,1440,1339,1440,101,8.276451110839844,True,2.02,0.8683895468711853,1.0,False,True
T11_d692_b7_t10,T11,main,692,7,T11/day_692/block_7,10,1441,1617,1440,1617,177,27.619264602661133,True,3.54,0.7704741954803467,3.0,False,True
T11_d692_b7_t11,T11,main,692,7,T11/day_692/block_7,11,1618,1746,1617,1746,129,15.539474487304688,True,2.58,0.8734555840492249,0.0,False,True
T11_d692_b7_t12,T11,main,692,7,T11/day_692/block_7,12,1747,1853,1746,1853,107,10.909648895263672,True,2.14,0.913414716720581,1.0,False,True
T11_d692_b7_t13,T11,main,692,7,T11/day_692/block_7,13,1854,2054,1853,2054,201,32.502716064453125,True,4.02,0.843995988368988,5.0,False,True
T11_d692_b7_t14,T11,main,692,7,T11/day_692/block_7,14,2055,2189,2054,2189,135,31.189939498901367,True,2.7,0.7404847741127014,1.0,False,True
T11_d692_b7_t15,T11,main,692,7,T11/day_692/block_7,15,2190,2290,2189,2290,101,24.436630249023438,True,2.02,0.773253858089447,1.0,False,True
T11_d692_b7_t16,T11,main,692,7,T11/day_692/block_7,16,2291,2429,2290,2429,139,32.39292907714844,True,2.78,0.8925018906593323,1.0,False,True
T11_d692_b7_t17,T11,main,692,7,T11/day_692/block_7,17,2430,2554,2429,2554,125,18.026138305664062,True,2.5,0.8949432969093323,1.0,False,True
T11_d692_b7_t18,T11,main,692,7,T11/day_692/block_7,18,2555,2693,2554,2693,139,16.19744873046875,True,2.78,0.8999146223068237,1.0,False,True
T11_d692_b7_t19,T11,main,692,7,T11/day_692/block_7,19,2694,2848,2693,2848,155,18.572568893432617,True,3.1,0.9016650915145874,1.0,False,True
T11_d692_b7_t20,T11,main,692,7,T11/day_692/block_7,20,2849,3094,2848,3094,246,53.517364501953125,True,4.92,0.6702121496200562,7.0,False,True
T11_d692_b7_t21,T11,main,692,7,T11/day_692/block_7,21,3095,3196,3094,3196,102,15.790176391601562,True,2.04,0.8823161721229553,1.0,False,True
T11_d692_b7_t22,T11,main,692,7,T11/day_692/block_7,22,3197,3333,3196,3333,137,14.992294311523438,True,2.74,0.5923941731452942,3.0,False,True
T11_d692_b7_t23,T11,main,692,7,T11/day_692/block_7,23,3334,3449,3333,3449,116,18.636940002441406,True,2.32,0.8747010827064514,0.0,False,True
T11_d692_b7_t24,T11,main,692,7,T11/day_692/block_7,24,3450,3553,3449,3553,104,22.64947509765625,True,2.08,0.8568485379219055,1.0,False,True
T11_d692_b7_t25,T11,main,692,7,T11/day_692/block_7,25,3554,3709,3553,3709,156,27.98542594909668,True,3.12,0.8206031918525696,3.0,False,True
T11_d692_b7_t26,T11,main,692,7,T11/day_692/block_7,26,3710,3819,3709,3819,110,23.128786087036133,True,2.2,0.9335882663726807,1.0,False,True
T11_d692_b7_t27,T11,main,692,7,T11/day_692/block_7,27,3820,3953,3819,3953,134,19.108537673950195,True,2.68,0.9354384541511536,1.0,False,True
T11_d692_b7_t28,T11,main,692,7,T11/day_692/block_7,28,3954,4064,3953,4064,111,14.725571632385254,True,2.22,0.8580402135848999,1.0,False,True
T11_d692_b7_t29,T11,main,692,7,T11/day_692/block_7,29,4065,4209,4064,4209,145,29.90812873840332,True,2.9,0.7848026156425476,1.0,False,True
T11_d692_b7_t30,T11,main,692,7,T11/day_692/block_7,30,4210,4337,4209,4337,128,23.670413970947266,True,2.56,0.8709588646888733,1.0,False,True
T11_d692_b7_t31,T11,main,692,7,T11/day_692/block_7,31,4338,4465,4337,4465,128,23.579761505126953,True,2.56,0.9133718013763428,0.0,False,True
T11_d692_b7_t32,T11,main,692,7,T11/day_692/block_7,32,4466,4572,4465,4572,107,10.88737678527832,True,2.14,0.8909595012664795,1.0,False,True
T11_d692_b7_t33,T11,main,692,7,T11/day_692/block_7,33,4573,4717,4572,4717,145,19.8455867767334,True,2.9,0.8546233177185059,1.0,False,True
T11_d692_b7_t34,T11,main,692,7,T11/day_692/block_7,34,4718,4819,4717,4819,102,10.582273483276367,True,2.04,0.9205533862113953,0.0,False,True
T11_d692_b7_t35,T11,main,692,7,T11/day_692/block_7,35,4820,4930,4819,4930,111,16.616844177246094,True,2.22,0.9317746162414551,1.0,False,True
T11_d692_b7_t36,T11,main,692,7,T11/day_692/block_7,36,4931,5056,4930,5056,126,18.533681869506836,True,2.52,0.7772375345230103,0.0,False,True
T11_d692_b7_t37,T11,main,692,7,T11/day_692/block_7,37,5057,5214,5056,5214,158,20.816970825195312,True,3.16,0.844327986240387,1.0,False,True
T11_d692_b7_t38,T11,main,692,7,T11/day_692/block_7,38,5215,5416,5214,5416,202,39.8956298828125,True,4.04,0.7561018466949463,1.0,False,True
T11_d692_b7_t39,T11,main,692,7,T11/day_692/block_7,39,5417,5538,5416,5538,122,27.591495513916016,True,2.44,0.6836072206497192,0.0,False,True
T11_d692_b7_t40,T11,main,692,7,T11/day_692/block_7,40,5539,5655,5538,5655,117,11.236392974853516,True,2.34,0.8329305648803711,1.0,False,True
T11_d692_b7_t41,T11,main,692,7,T11/day_692/block_7,41,5656,5795,5655,5795,140,19.267593383789062,True,2.8,0.8847368955612183,0.0,True,True
T11_d692_b7_t42,T11,main,692,7,T11/day_692/block_7,42,5796,5975,5795,5975,180,27.46829605102539,True,3.6,0.8428023457527161,0.0,False,True
T11_d692_b7_t43,T11,main,692,7,T11/day_692/block_7,43,5976,6164,5975,6164,189,84.42313385009766,True,3.78,0.7878643870353699,2.0,False,True
T11_d692_b7_t44,T11,main,692,7,T11/day_692/block_7,44,6165,6328,6164,6328,164,34.60494613647461,True,3.28,0.7813944220542908,1.0,False,True
T11_d692_b7_t45,T11,main,692,7,T11/day_692/block_7,45,6329,6464,6328,6464,136,33.999481201171875,True,2.72,0.8369094729423523,0.0,True,True
T11_d692_b7_t46,T11,main,692,7,T11/day_692/block_7,46,6465,6575,6464,6575,111,17.476364135742188,True,2.22,0.8616814017295837,1.0,False,True
T11_d692_b7_t47,T11,main,692,7,T11/day_692/block_7,47,6576,6758,6575,6758,183,42.278358459472656,True,3.66,0.7844001054763794,3.0,True,True
T11_d692_b7_t48,T11,main,692,7,T11/day_692/block_7,48,6759,6934,6758,6934,176,42.56147003173828,True,3.52,0.7442224025726318,0.0,False,True
T11_d692_b7_t49,T11,main,692,7,T11/day_692/block_7,49,6935,7087,6934,7087,153,30.32929039001465,True,3.06,0.878762423992157,0.0,False,True
T11_d692_b7_t50,T11,main,692,7,T11/day_692/block_7,50,7088,7218,7087,7218,131,23.252832412719727,True,2.62,0.92479008436203,3.0,False,True
T11_d692_b7_t51,T11,main,692,7,T11/day_692/block_7,51,7219,7388,7218,7388,170,32.587806701660156,True,3.4,0.7013252973556519,0.0,False,True
T11_d692_b7_t52,T11,main,692,7,T11/day_692/block_7,52,7389,7521,7388,7521,133,20.774078369140625,True,2.66,0.8766983151435852,1.0,False,True
T11_d692_b7_t53,T11,main,692,7,T11/day_692/block_7,53,7522,7632,7521,7632,111,21.561723709106445,True,2.22,0.8124340176582336,0.0,False,True
T11_d692_b7_t54,T11,main,692,7,T11/day_692/block_7,54,7633,7764,7632,7764,132,19.297109603881836,True,2.64,0.8092811107635498,2.0,False,True
T11_d692_b7_t55,T11,main,692,7,T11/day_692/block_7,55,7765,7872,7764,7872,108,22.189571380615234,True,2.16,0.8031913638114929,1.0,False,True
T11_d692_b7_t56,T11,main,692,7,T11/day_692/block_7,56,7873,8076,7872,8076,204,47.39358901977539,True,4.08,0.7431437373161316,2.0,False,True
T11_d692_b7_t57,T11,main,692,7,T11/day_692/block_7,57,8077,8192,8076,8192,116,11.334487915039062,True,2.32,0.9048941731452942,0.0,False,True
T11_d692_b7_t58,T11,main,692,7,T11/day_692/block_7,58,8193,8312,8192,8312,120,20.27263832092285,True,2.4,0.9173480272293091,1.0,False,True
T11_d692_b7_t59,T11,main,692,7,T11/day_692/block_7,59,8313,8484,8312,8484,172,39.77033615112305,True,3.44,0.8073959946632385,2.0,False,True
T11_d692_b7_t60,T11,main,692,7,T11/day_692/block_7,60,8485,8659,8484,8659,175,30.394243240356445,True,3.5,0.7811679840087891,2.0,False,True
T11_d692_b7_t61,T11,main,692,7,T11/day_692/block_7,61,8660,8873,8659,8873,214,30.118247985839844,True,4.28,0.8035291433334351,1.0,False,True
T11_d692_b7_t62,T11,main,692,7,T11/day_692/block_7,62,8874,9077,8873,9077,204,14.218465805053711,True,4.08,0.9325119853019714,1.0,True,True
T11_d692_b7_t63,T11,main,692,7,T11/day_692/block_7,63,9078,9279,9077,9279,202,57.968318939208984,True,4.04,0.651756763458252,3.0,True,True
T11_d692_b7_t64,T11,main,692,7,T11/day_692/block_7,64,9280,9390,9279,9390,111,22.6408634185791,True,2.22,0.8343729972839355,0.0,False,True
T11_d692_b7_t65,T11,main,692,7,T11/day_692/block_7,65,9391,9545,9390,9545,155,24.260465621948242,True,3.1,0.8282259702682495,1.0,False,True
T11_d692_b7_t66,T11,main,692,7,T11/day_692/block_7,66,9546,9698,9545,9698,153,29.885717391967773,True,3.06,0.8096280694007874,0.0,False,True
T11_d692_b7_t67,T11,main,692,7,T11/day_692/block_7,67,9699,9815,9698,9815,117,14.382011413574219,True,2.34,0.8820510506629944,1.0,False,True
T11_d692_b7_t68,T11,main,692,7,T11/day_692/block_7,68,9816,9993,9815,9993,178,33.53254699707031,True,3.56,0.8266209363937378,2.0,False,True
T11_d692_b7_t69,T11,main,692,7,T11/day_692/block_7,69,9994,10106,9993,10106,113,21.608144760131836,True,2.26,0.8197810053825378,1.0,False,True
T11_d692_b7_t70,T11,main,692,7,T11/day_692/block_7,70,10107,10288,10106,10288,182,26.459123611450195,True,3.64,0.7221611142158508,3.0,False,True
T11_d692_b7_t71,T11,main,692,7,T11/day_692/block_7,71,10289,10396,10288,10396,108,8.717763900756836,True,2.16,0.8974732756614685,0.0,False,True
T11_d692_b7_t72,T11,main,692,7,T11/day_692/block_7,72,10397,10520,10396,10520,124,9.747499465942383,True,2.48,0.8751623034477234,1.0,False,True
T11_d692_b7_t73,T11,main,692,7,T11/day_692/block_7,73,10521,10620,10520,10620,100,11.868854522705078,True,2.0,0.9263275265693665,0.0,False,True
T11_d692_b7_t74,T11,main,692,7,T11/day_692/block_7,74,10621,10730,10620,10730,110,19.051551818847656,True,2.2,0.800937831401825,0.0,False,True
T11_d692_b7_t75,T11,main,692,7,T11/day_692/block_7,75,10731,10833,10730,10833,103,15.364148139953613,True,2.06,0.8419628739356995,1.0,False,True
T11_d692_b7_t76,T11,main,692,7,T11/day_692/block_7,76,10834,10973,10833,10973,140,11.55667495727539,True,2.8,0.8841871023178101,0.0,False,True
T11_d692_b7_t77,T11,main,692,7,T11/day_692/block_7,77,10974,11137,10973,11137,164,25.910480499267578,True,3.28,0.8720884919166565,4.0,False,True
T11_d692_b7_t78,T11,main,692,7,T11/day_692/block_7,78,11138,11265,11137,11265,128,14.054588317871094,True,2.56,0.9160187244415283,1.0,False,True
T11_d692_b7_t79,T11,main,692,7,T11/day_692/block_7,79,11266,11375,11265,11375,110,24.10586166381836,True,2.2,0.8150479197502136,0.0,False,True
T11_d692_b7_t80,T11,main,692,7,T11/day_692/block_7,80,11376,11502,11375,11502,127,19.836679458618164,True,2.54,0.8526524901390076,0.0,False,True
T11_d692_b7_t81,T11,main,692,7,T11/day_692/block_7,81,11503,11626,11502,11626,124,17.01842498779297,True,2.48,0.7727598547935486,1.0,False,True
T11_d692_b7_t82,T11,main,692,7,T11/day_692/block_7,82,11627,11843,11626,11843,217,27.5368595123291,True,4.34,0.7684938907623291,1.0,False,True
T11_d692_b7_t83,T11,main,692,7,T11/day_692/block_7,83,11844,11981,11843,11981,138,19.63972282409668,True,2.76,0.8981499671936035,2.0,False,True
T11_d692_b7_t84,T11,main,692,7,T11/day_692/block_7,84,11982,12137,11981,12137,156,54.85110855102539,True,3.12,0.7360137104988098,1.0,False,True
T11_d692_b7_t85,T11,main,692,7,T11/day_692/block_7,85,12138,12265,12137,12265,128,13.108100891113281,True,2.56,0.8362754583358765,0.0,False,True
T11_d692_b7_t86,T11,main,692,7,T11/day_692/block_7,86,12266,12395,12265,12395,130,15.620835304260254,True,2.6,0.8455063104629517,1.0,False,True
T11_d692_b7_t87,T11,main,692,7,T11/day_692/block_7,87,12396,12526,12395,12526,131,17.437088012695312,True,2.62,0.8691778182983398,0.0,False,True
T11_d692_b7_t88,T11,main,692,7,T11/day_692/block_7,88,12527,12691,12526,12691,165,30.601783752441406,True,3.3,0.777747631072998,0.0,False,True
T11_d692_b7_t89,T11,main,692,7,T11/day_692/block_7,89,12692,12792,12691,12792,101,9.050530433654785,True,2.02,0.9251295924186707,1.0,False,True
T11_d692_b7_t90,T11,main,692,7,T11/day_692/block_7,90,12793,12974,12792,12974,182,44.333091735839844,True,3.64,0.7912071347236633,1.0,False,True
T11_d692_b7_t91,T11,main,692,7,T11/day_692/block_7,91,12975,13113,12974,13113,139,12.926851272583008,True,2.78,0.880838930606842,0.0,False,True
T11_d692_b7_t92,T11,main,692,7,T11/day_692/block_7,92,13114,13278,13113,13278,165,15.168766021728516,True,3.3,0.8483368754386902,1.0,False,True
T11_d692_b7_t93,T11,main,692,7,T11/day_692/block_7,93,13279,13484,13278,13484,206,47.443172454833984,True,4.12,0.7571895122528076,0.0,False,True
T11_d692_b7_t94,T11,main,692,7,T11/day_692/block_7,94,13485,13616,13484,13616,132,21.404449462890625,True,2.64,0.7676587104797363,1.0,False,True
T11_d692_b7_t95,T11,main,692,7,T11/day_692/block_7,95,13617,13768,13616,13768,152,20.345256805419922,True,3.04,0.8911381363868713,1.0,False,True
T11_d692_b7_t96,T11,main,692,7,T11/day_692/block_7,96,13769,13890,13768,13890,122,18.646068572998047,True,2.44,0.8431704044342041,1.0,False,True
T11_d692_b7_t97,T11,main,692,7,T11/day_692/block_7,97,13891,14005,13890,14005,115,24.659658432006836,True,2.3,0.8541892766952515,1.0,False,True
T11_d692_b7_t98,T11,main,692,7,T11/day_692/block_7,98,14006,14149,14005,14149,144,20.077739715576172,True,2.88,0.8362500667572021,2.0,False,True
T11_d692_b7_t99,T11,main,692,7,T11/day_692/block_7,99,14150,14247,14149,14247,98,15.746820449829102,True,1.96,0.8837370872497559,0.0,False,True
T11_d692_b7_t100,T11,main,692,7,T11/day_692/block_7,100,14248,14354,14247,14354,107,18.377605438232422,True,2.14,0.9111014604568481,1.0,False,True
T11_d692_b7_t101,T11,main,692,7,T11/day_692/block_7,101,14355,14519,14354,14519,165,22.054990768432617,True,3.3,0.787943422794342,0.0,False,True
T11_d692_b7_t102,T11,main,692,7,T11/day_692/block_7,102,14520,14658,14519,14658,139,8.446281433105469,True,2.78,0.9293771982192993,0.0,False,True
T11_d692_b7_t103,T11,main,692,7,T11/day_692/block_7,103,14659,14802,14658,14802,144,41.225303649902344,True,2.88,0.7246391773223877,2.0,False,True
T11_d692_b7_t104,T11,main,692,7,T11/day_692/block_7,104,14803,14938,14802,14938,136,26.59872055053711,True,2.72,0.8033768534660339,1.0,False,True
T11_d692_b7_t105,T11,main,692,7,T11/day_692/block_7,105,14939,15059,14938,15059,121,31.800127029418945,True,2.42,0.8122923970222473,1.0,False,True
T11_d702_b9_t0,T11,main,702,9,T11/day_702/block_9,0,265,413,264,413,149,20.732635498046875,True,2.98,0.817667543888092,2.0,False,True
T11_d702_b9_t1,T11,main,702,9,T11/day_702/block_9,1,414,566,413,566,153,12.527137756347656,True,3.06,0.9348008632659912,1.0,False,True
T11_d702_b9_t2,T11,main,702,9,T11/day_702/block_9,2,567,794,566,794,228,33.60035705566406,True,4.56,0.6934645771980286,3.0,False,True
T11_d702_b9_t3,T11,main,702,9,T11/day_702/block_9,3,795,927,794,927,133,12.689165115356445,True,2.66,0.8883777260780334,1.0,False,True
T11_d702_b9_t4,T11,main,702,9,T11/day_702/block_9,4,928,1132,927,1132,205,23.973543167114258,True,4.1,0.7592359185218811,1.0,False,True
T11_d702_b9_t5,T11,main,702,9,T11/day_702/block_9,5,1133,1289,1132,1289,157,33.488182067871094,True,3.14,0.8558260202407837,0.0,False,True
T11_d702_b9_t6,T11,main,702,9,T11/day_702/block_9,6,1290,1432,1289,1432,143,22.508255004882812,True,2.86,0.9497652053833008,0.0,False,True
T11_d702_b9_t7,T11,main,702,9,T11/day_702/block_9,7,1433,1562,1432,1562,130,14.330347061157227,True,2.6,0.9280614256858826,1.0,False,True
T11_d702_b9_t8,T11,main,702,9,T11/day_702/block_9,8,1563,1738,1562,1738,176,19.319007873535156,True,3.52,0.8598811626434326,1.0,False,True
T11_d702_b9_t9,T11,main,702,9,T11/day_702/block_9,9,1739,1959,1738,1959,221,24.822248458862305,True,4.42,0.8693432211875916,2.0,False,True
T11_d702_b9_t10,T11,main,702,9,T11/day_702/block_9,10,1960,2172,1959,2172,213,48.27368927001953,True,4.26,0.631266176700592,5.0,False,True
T11_d702_b9_t11,T11,main,702,9,T11/day_702/block_9,11,2173,2344,2172,2344,172,18.144432067871094,True,3.44,0.8457649350166321,0.0,False,True
T11_d702_b9_t12,T11,main,702,9,T11/day_702/block_9,12,2345,2637,2344,2637,293,64.68110656738281,True,5.86,0.5938510298728943,3.0,False,True
T11_d702_b9_t13,T11,main,702,9,T11/day_702/block_9,13,2638,2806,2637,2806,169,11.124969482421875,True,3.38,0.8380113840103149,2.0,False,True
T11_d702_b9_t14,T11,main,702,9,T11/day_702/block_9,14,2807,3035,2806,3035,229,19.395633697509766,True,4.58,0.9559081196784973,0.0,False,True
T11_d702_b9_t15,T11,main,702,9,T11/day_702/block_9,15,3036,3200,3035,3200,165,28.270172119140625,True,3.3,0.8774322867393494,1.0,False,True
T11_d702_b9_t16,T11,main,702,9,T11/day_702/block_9,16,3201,3325,3200,3325,125,12.56256103515625,True,2.5,0.9609076380729675,1.0,False,True
T11_d702_b9_t17,T11,main,702,9,T11/day_702/block_9,17,3326,3467,3325,3467,142,16.04892921447754,True,2.84,0.8931459784507751,0.0,False,True
T11_d702_b9_t18,T11,main,702,9,T11/day_702/block_9,18,3468,3638,3467,3638,171,20.04606819152832,True,3.42,0.8869848251342773,1.0,False,True
T11_d702_b9_t19,T11,main,702,9,T11/day_702/block_9,19,3639,3770,3638,3770,132,15.415477752685547,True,2.64,0.9137433171272278,0.0,False,True
T11_d702_b9_t20,T11,main,702,9,T11/day_702/block_9,20,3771,3955,3770,3955,185,21.622943878173828,True,3.7,0.8136249780654907,2.0,False,True
T11_d702_b9_t21,T11,main,702,9,T11/day_702/block_9,21,3956,4140,3955,4140,185,19.67047882080078,True,3.7,0.9240996241569519,0.0,False,True
T11_d702_b9_t22,T11,main,702,9,T11/day_702/block_9,22,4141,4287,4140,4287,147,14.310454368591309,True,2.94,0.9066737294197083,2.0,False,True
T11_d702_b9_t23,T11,main,702,9,T11/day_702/block_9,23,4288,4512,4287,4512,225,38.82880783081055,True,4.5,0.7314438223838806,4.0,False,True
T11_d702_b9_t24,T11,main,702,9,T11/day_702/block_9,24,4513,4744,4512,4744,232,35.593177795410156,True,4.64,0.7894694805145264,2.0,False,True
T11_d702_b9_t25,T11,main,702,9,T11/day_702/block_9,25,4745,5149,4744,5149,405,34.82835006713867,True,8.1,0.5307639241218567,6.0,False,True
T11_d702_b9_t26,T11,main,702,9,T11/day_702/block_9,26,5150,5347,5149,5347,198,22.327133178710938,True,3.96,0.7566735744476318,0.0,False,True
T11_d702_b9_t27,T11,main,702,9,T11/day_702/block_9,27,5348,5805,5347,5805,458,52.536773681640625,True,9.16,0.6191052198410034,13.0,False,True
T11_d702_b9_t28,T11,main,702,9,T11/day_702/block_9,28,5806,6061,5805,6061,256,42.482391357421875,True,5.12,0.6334522366523743,1.0,False,True
T11_d702_b9_t29,T11,main,702,9,T11/day_702/block_9,29,6062,6281,6061,6281,220,20.421875,True,4.4,0.9057152271270752,1.0,False,True
T11_d702_b9_t30,T11,main,702,9,T11/day_702/block_9,30,6282,6781,6281,6781,500,45.797401428222656,False,10.0,,3.0,True,True
T11_d702_b9_t31,T11,main,702,9,T11/day_702/block_9,31,6782,7072,6781,7072,291,37.71122741699219,True,5.82,0.7082558870315552,4.0,False,True
T11_d702_b9_t32,T11,main,702,9,T11/day_702/block_9,32,7073,7238,7072,7238,166,21.155052185058594,True,3.32,0.8003575801849365,0.0,False,True
T11_d702_b9_t33,T11,main,702,9,T11/day_702/block_9,33,7239,7416,7238,7416,178,18.159774780273438,True,3.56,0.9124391078948975,5.0,False,True
T11_d702_b9_t34,T11,main,702,9,T11/day_702/block_9,34,7417,7725,7416,7725,309,31.616207122802734,True,6.18,0.6375547051429749,5.0,False,True
T11_d702_b9_t35,T11,main,702,9,T11/day_702/block_9,35,7726,7921,7725,7921,196,19.39710235595703,True,3.92,0.8930748701095581,0.0,False,True
T11_d702_b9_t36,T11,main,702,9,T11/day_702/block_9,36,7922,8071,7921,8071,150,23.275001525878906,True,3.0,0.8784685134887695,1.0,False,True
T11_d702_b9_t37,T11,main,702,9,T11/day_702/block_9,37,8072,8236,8071,8236,165,17.854480743408203,True,3.3,0.8356415629386902,4.0,False,True
T11_d702_b9_t38,T11,main,702,9,T11/day_702/block_9,38,8237,8369,8236,8369,133,14.474132537841797,True,2.66,0.7957218885421753,1.0,False,True
T11_d702_b9_t39,T11,main,702,9,T11/day_702/block_9,39,8370,8590,8369,8590,221,20.80475616455078,True,4.42,0.9380385875701904,2.0,False,True
T11_d702_b9_t40,T11,main,702,9,T11/day_702/block_9,40,8591,8780,8590,8780,190,17.419248580932617,True,3.8,0.8963327407836914,1.0,False,True
T11_d702_b9_t41,T11,main,702,9,T11/day_702/block_9,41,8781,8915,8780,8915,135,18.234140396118164,True,2.7,0.8825356364250183,1.0,False,True
T11_d702_b9_t42,T11,main,702,9,T11/day_702/block_9,42,8916,9069,8915,9069,154,21.85079574584961,True,3.08,0.8607589602470398,2.0,False,True
T11_d702_b9_t43,T11,main,702,9,T11/day_702/block_9,43,9070,9252,9069,9252,183,25.721309661865234,True,3.66,0.8908689022064209,2.0,False,True
T11_d702_b9_t44,T11,main,702,9,T11/day_702/block_9,44,9253,9546,9252,9546,294,39.694576263427734,True,5.88,0.48366689682006836,2.0,True,True
T11_d702_b9_t45,T11,main,702,9,T11/day_702/block_9,45,9547,9745,9546,9745,199,35.719295501708984,True,3.98,0.8659147024154663,0.0,False,True
T11_d702_b9_t46,T11,main,702,9,T11/day_702/block_9,46,9746,9963,9745,9963,218,19.45965003967285,True,4.36,0.9500657916069031,2.0,False,True
T11_d702_b9_t47,T11,main,702,9,T11/day_702/block_9,47,9964,10198,9963,10198,235,18.215408325195312,True,4.7,0.8561591506004333,3.0,False,True
T11_d702_b9_t48,T11,main,702,9,T11/day_702/block_9,48,10199,10348,10198,10348,150,27.316530227661133,True,3.0,0.8386024236679077,0.0,False,True
T11_d702_b9_t49,T11,main,702,9,T11/day_702/block_9,49,10349,10555,10348,10555,207,5.861353874206543,True,4.14,0.8642032146453857,0.0,False,True
T11_d702_b9_t50,T11,main,702,9,T11/day_702/block_9,50,10556,10735,10555,10735,180,19.10633087158203,True,3.6,0.867898166179657,0.0,False,True
T11_d702_b9_t51,T11,main,702,9,T11/day_702/block_9,51,10736,10864,10735,10864,129,17.648719787597656,True,2.58,0.9236959218978882,0.0,False,True
T11_d702_b9_t52,T11,main,702,9,T11/day_702/block_9,52,10865,11365,10864,11365,501,52.10405731201172,False,10.02,,3.0,False,True
T11_d702_b9_t53,T11,main,702,9,T11/day_702/block_9,53,11366,11867,11365,11867,502,77.62557983398438,False,10.04,,15.0,False,True
T11_d702_b9_t54,T11,main,702,9,T11/day_702/block_9,54,11868,12183,11867,12183,316,29.81032371520996,True,6.32,0.7007048726081848,2.0,False,True
T11_d702_b9_t55,T11,main,702,9,T11/day_702/block_9,55,12184,12407,12183,12407,224,25.0957088470459,True,4.48,0.7983410358428955,0.0,False,True
T11_d702_b9_t56,T11,main,702,9,T11/day_702/block_9,56,12408,12695,12407,12695,288,34.90788269042969,True,5.76,0.4998892843723297,3.0,False,True
T11_d702_b9_t57,T11,main,702,9,T11/day_702/block_9,57,12696,13197,12695,13197,502,78.93611145019531,False,10.04,,10.0,False,True
T11_d702_b9_t58,T11,main,702,9,T11/day_702/block_9,58,13198,13698,13197,13698,501,87.7341537475586,False,10.02,,11.0,False,True
T11_d702_b9_t59,T11,main,702,9,T11/day_702/block_9,59,13699,14117,13698,14117,419,43.027565002441406,True,8.38,0.6957340836524963,4.0,False,True
T11_d702_b9_t60,T11,main,702,9,T11/day_702/block_9,60,14118,14296,14117,14296,179,32.57572937011719,True,3.58,0.838123083114624,0.0,False,True
T11_d702_b9_t61,T11,main,702,9,T11/day_702/block_9,61,14297,14507,14296,14507,211,18.33237075805664,True,4.22,0.9269277453422546,3.0,False,True
T11_d702_b9_t62,T11,main,702,9,T11/day_702/block_9,62,14508,14794,14507,14794,287,24.576494216918945,True,5.74,0.8802314400672913,4.0,False,True
T11_d702_b9_t63,T11,main,702,9,T11/day_702/block_9,63,14795,14944,14794,14944,150,11.078495979309082,True,3.0,0.8741048574447632,0.0,False,True
T11_d702_b9_t64,T11,main,702,9,T11/day_702/block_9,64,14945,15129,14944,15129,185,15.712793350219727,True,3.7,0.9202632308006287,0.0,False,True
T11_d702_b10_t0,T11,main,702,10,T11/day_702/block_10,0,264,427,263,427,164,22.092144012451172,True,3.28,0.9014752507209778,1.0,False,True
T11_d702_b10_t1,T11,main,702,10,T11/day_702/block_10,1,428,578,427,578,151,16.350839614868164,True,3.02,0.8971463441848755,1.0,False,True
T11_d702_b10_t2,T11,main,702,10,T11/day_702/block_10,2,579,756,578,756,178,27.68276023864746,True,3.56,0.9008222818374634,0.0,False,True
T11_d702_b10_t3,T11,main,702,10,T11/day_702/block_10,3,757,902,756,902,146,12.752492904663086,True,2.92,0.9216057658195496,1.0,False,True
T11_d702_b10_t4,T11,main,702,10,T11/day_702/block_10,4,903,1050,902,1050,148,18.80805206298828,True,2.96,0.9442377090454102,0.0,False,True
T11_d702_b10_t5,T11,main,702,10,T11/day_702/block_10,5,1051,1348,1050,1348,298,35.550392150878906,True,5.96,0.7508942484855652,4.0,False,True
T11_d702_b10_t6,T11,main,702,10,T11/day_702/block_10,6,1349,1485,1348,1485,137,11.81623649597168,True,2.74,0.8755843639373779,0.0,False,True
T11_d702_b10_t7,T11,main,702,10,T11/day_702/block_10,7,1486,1639,1485,1639,154,43.502281188964844,True,3.08,0.7902930378913879,1.0,False,True
T11_d702_b10_t8,T11,main,702,10,T11/day_702/block_10,8,1640,1963,1639,1963,324,34.75417709350586,True,6.48,0.5549581050872803,4.0,False,True
T11_d702_b10_t9,T11,main,702,10,T11/day_702/block_10,9,1964,2164,1963,2164,201,12.607966423034668,True,4.02,0.9568220973014832,1.0,False,True
T11_d702_b10_t10,T11,main,702,10,T11/day_702/block_10,10,2165,2665,2164,2665,501,121.14082336425781,False,10.02,,3.0,True,True
T11_d702_b10_t11,T11,main,702,10,T11/day_702/block_10,11,2666,3167,2665,3167,502,171.25848388671875,False,10.04,,0.0,True,True
T11_d702_b10_t12,T11,main,702,10,T11/day_702/block_10,12,3168,3668,3167,3668,501,159.18746948242188,False,10.02,,1.0,True,True
T11_d702_b10_t13,T11,main,702,10,T11/day_702/block_10,13,3669,4170,3668,4170,502,133.186279296875,False,10.04,,3.0,False,True
T11_d702_b10_t14,T11,main,702,10,T11/day_702/block_10,14,4171,4439,4170,4439,269,42.51993942260742,True,5.38,0.6581357717514038,4.0,False,True
T11_d702_b10_t15,T11,main,702,10,T11/day_702/block_10,15,4440,4940,4439,4940,501,46.21636962890625,False,10.02,,8.0,False,True
T11_d702_b10_t16,T11,main,702,10,T11/day_702/block_10,16,4941,5132,4940,5132,192,23.885881423950195,True,3.84,0.8539965152740479,0.0,False,True
T11_d702_b10_t17,T11,main,702,10,T11/day_702/block_10,17,5133,5266,5132,5266,134,30.798236846923828,True,2.68,0.8136083483695984,0.0,False,True
T11_d702_b10_t18,T11,main,702,10,T11/day_702/block_10,18,5267,5481,5266,5481,215,12.575887680053711,True,4.3,0.8956179022789001,1.0,False,True
T11_d702_b10_t19,T11,main,702,10,T11/day_702/block_10,19,5482,5983,5481,5983,502,65.52680969238281,False,10.04,,0.0,False,True
T11_d702_b10_t20,T11,main,702,10,T11/day_702/block_10,20,5984,6484,5983,6484,501,51.416160583496094,False,10.02,,7.0,False,True
T11_d702_b10_t21,T11,main,702,10,T11/day_702/block_10,21,6485,6614,6484,6614,130,26.349140167236328,True,2.6,0.9027295112609863,0.0,False,True
T11_d702_b10_t22,T11,main,702,10,T11/day_702/block_10,22,6615,7115,6614,7115,501,83.22200012207031,False,10.02,,9.0,False,True
T11_d702_b10_t23,T11,main,702,10,T11/day_702/block_10,23,7116,7526,7115,7526,411,35.549285888671875,True,8.22,0.6690874099731445,6.0,False,True
T11_d702_b10_t24,T11,main,702,10,T11/day_702/block_10,24,7527,7656,7526,7656,130,10.011751174926758,True,2.6,0.8851415514945984,1.0,False,True
T11_d702_b10_t25,T11,main,702,10,T11/day_702/block_10,25,7657,7801,7656,7801,145,19.976442337036133,True,2.9,0.854607880115509,1.0,False,True
T11_d702_b10_t26,T11,main,702,10,T11/day_702/block_10,26,7802,7984,7801,7984,183,35.40922546386719,True,3.66,0.7628931403160095,1.0,False,True
T11_d702_b10_t27,T11,main,702,10,T11/day_702/block_10,27,7985,8415,7984,8415,431,38.58799362182617,True,8.62,0.5121253728866577,10.0,False,True
T11_d702_b10_t28,T11,main,702,10,T11/day_702/block_10,28,8416,8738,8415,8738,323,43.67020034790039,True,6.46,0.6028560400009155,9.0,False,True
T11_d702_b10_t29,T11,main,702,10,T11/day_702/block_10,29,8739,9240,8738,9240,502,96.3340835571289,False,10.04,,8.0,False,True
T11_d702_b10_t30,T11,main,702,10,T11/day_702/block_10,30,9241,9741,9240,9741,501,61.94853210449219,False,10.02,,8.0,False,True
T11_d702_b10_t31,T11,main,702,10,T11/day_702/block_10,31,9742,9919,9741,9919,178,25.860198974609375,True,3.56,0.8429317474365234,1.0,False,True
T11_d702_b10_t32,T11,main,702,10,T11/day_702/block_10,32,9920,10063,9919,10063,144,13.328972816467285,True,2.88,0.9370593428611755,1.0,False,True
T11_d702_b10_t33,T11,main,702,10,T11/day_702/block_10,33,10064,10224,10063,10224,161,25.21215057373047,True,3.22,0.8050668835639954,1.0,False,True
T11_d702_b10_t34,T11,main,702,10,T11/day_702/block_10,34,10225,10421,10224,10421,197,15.35103988647461,True,3.94,0.8412162661552429,3.0,False,True
T11_d702_b10_t35,T11,main,702,10,T11/day_702/block_10,35,10422,10893,10421,10893,472,31.028053283691406,True,9.44,0.43712475895881653,3.0,False,True
T11_d702_b10_t36,T11,main,702,10,T11/day_702/block_10,36,10894,11119,10893,11119,226,31.814706802368164,True,4.52,0.7849899530410767,2.0,False,True
T11_d702_b10_t37,T11,main,702,10,T11/day_702/block_10,37,11120,11229,11119,11229,110,11.534873962402344,True,2.2,0.9274463653564453,0.0,False,True
T11_d702_b10_t38,T11,main,702,10,T11/day_702/block_10,38,11230,11482,11229,11482,253,36.14217758178711,True,5.06,0.7658377885818481,5.0,False,True
T11_d702_b10_t39,T11,main,702,10,T11/day_702/block_10,39,11483,11637,11482,11637,155,22.8254337310791,True,3.1,0.9091835021972656,0.0,False,True
T11_d702_b10_t40,T11,main,702,10,T11/day_702/block_10,40,11638,11976,11637,11976,339,35.46216583251953,True,6.78,0.5203157663345337,0.0,False,True
T11_d702_b10_t41,T11,main,702,10,T11/day_702/block_10,41,11977,12159,11976,12159,183,11.958855628967285,True,3.66,0.8548945784568787,1.0,False,True
T11_d702_b10_t42,T11,main,702,10,T11/day_702/block_10,42,12160,12439,12159,12439,280,30.720481872558594,True,5.6,0.8233720064163208,3.0,False,True
T11_d702_b10_t43,T11,main,702,10,T11/day_702/block_10,43,12440,12740,12439,12740,301,26.03999137878418,True,6.02,0.8829614520072937,1.0,False,True
T11_d702_b10_t44,T11,main,702,10,T11/day_702/block_10,44,12741,12977,12740,12977,237,25.021255493164062,True,4.74,0.8036630749702454,0.0,False,True
T11_d702_b10_t45,T11,main,702,10,T11/day_702/block_10,45,12978,13344,12977,13344,367,34.33039093017578,True,7.34,0.4677119553089142,8.0,False,True
T11_d702_b10_t46,T11,main,702,10,T11/day_702/block_10,46,13345,13488,13344,13488,144,11.353130340576172,True,2.88,0.8467894196510315,1.0,False,True
T11_d702_b10_t47,T11,main,702,10,T11/day_702/block_10,47,13489,13644,13488,13644,156,13.479625701904297,True,3.12,0.9306741952896118,0.0,False,True
T11_d702_b10_t48,T11,main,702,10,T11/day_702/block_10,48,13645,14034,13644,14034,390,64.3677978515625,True,7.8,0.5026028752326965,5.0,False,True
T11_d702_b10_t49,T11,main,702,10,T11/day_702/block_10,49,14035,14175,14034,14175,141,31.42811393737793,True,2.82,0.8591687679290771,1.0,False,True
T11_d702_b10_t50,T11,main,702,10,T11/day_702/block_10,50,14176,14677,14175,14677,502,40.57037353515625,False,10.04,,7.0,False,True
T11_d702_b10_t51,T11,main,702,10,T11/day_702/block_10,51,14678,14948,14677,14948,271,38.22505187988281,True,5.42,0.5243995189666748,1.0,False,True
T11_d702_b10_t52,T11,main,702,10,T11/day_702/block_10,52,14949,15164,14948,15164,216,39.902801513671875,True,4.32,0.6826987862586975,2.0,False,True
T11_d709_b6_t0,T11,main,709,6,T11/day_709/block_6,0,262,397,261,397,136,15.729225158691406,True,2.72,0.883609414100647,0.0,False,True
T11_d709_b6_t1,T11,main,709,6,T11/day_709/block_6,1,398,572,397,572,175,29.39446449279785,True,3.5,0.7681663632392883,0.0,False,True
T11_d709_b6_t2,T11,main,709,6,T11/day_709/block_6,2,573,770,572,770,198,51.867218017578125,True,3.96,0.6322859525680542,2.0,False,True
T11_d709_b6_t3,T11,main,709,6,T11/day_709/block_6,3,771,910,770,910,140,24.010284423828125,True,2.8,0.8777987360954285,0.0,False,True
T11_d709_b6_t4,T11,main,709,6,T11/day_709/block_6,4,911,1071,910,1071,161,13.225470542907715,True,3.22,0.7762071490287781,1.0,False,True
T11_d709_b6_t5,T11,main,709,6,T11/day_709/block_6,5,1072,1277,1071,1277,206,13.379410743713379,True,4.12,0.8255087733268738,2.0,False,True
T11_d709_b6_t6,T11,main,709,6,T11/day_709/block_6,6,1278,1571,1277,1571,294,48.05436325073242,True,5.88,0.541524350643158,5.0,False,True
T11_d709_b6_t7,T11,main,709,6,T11/day_709/block_6,7,1572,1728,1571,1728,157,14.530693054199219,True,3.14,0.9429317116737366,0.0,False,True
T11_d709_b6_t8,T11,main,709,6,T11/day_709/block_6,8,1729,1903,1728,1903,175,28.78790855407715,True,3.5,0.883446216583252,1.0,False,True
T11_d709_b6_t9,T11,main,709,6,T11/day_709/block_6,9,1904,2053,1903,2053,150,16.541786193847656,True,3.0,0.8859350085258484,1.0,False,True
T11_d709_b6_t10,T11,main,709,6,T11/day_709/block_6,10,2054,2239,2053,2239,186,23.969982147216797,True,3.72,0.8224936127662659,0.0,False,True
T11_d709_b6_t11,T11,main,709,6,T11/day_709/block_6,11,2240,2423,2239,2423,184,21.783422470092773,True,3.68,0.7913112640380859,2.0,False,True
T11_d709_b6_t12,T11,main,709,6,T11/day_709/block_6,12,2424,2572,2423,2572,149,13.66030502319336,True,2.98,0.9056432247161865,1.0,False,True
T11_d709_b6_t13,T11,main,709,6,T11/day_709/block_6,13,2573,2819,2572,2819,247,35.108245849609375,True,4.94,0.8260103464126587,1.0,False,True
T11_d709_b6_t14,T11,main,709,6,T11/day_709/block_6,14,2820,3320,2819,3320,501,80.69129943847656,False,10.02,,13.0,False,True
T11_d709_b6_t15,T11,main,709,6,T11/day_709/block_6,15,3321,3467,3320,3467,147,15.620465278625488,True,2.94,0.8494539856910706,2.0,False,True
T11_d709_b6_t16,T11,main,709,6,T11/day_709/block_6,16,3468,3656,3467,3656,189,35.393028259277344,True,3.78,0.7947093844413757,2.0,False,True
T11_d709_b6_t17,T11,main,709,6,T11/day_709/block_6,17,3657,3825,3656,3825,169,19.859628677368164,True,3.38,0.8551196455955505,0.0,False,True
T11_d709_b6_t18,T11,main,709,6,T11/day_709/block_6,18,3826,4015,3825,4015,190,31.5271053314209,True,3.8,0.8287014961242676,2.0,False,True
T11_d709_b6_t19,T11,main,709,6,T11/day_709/block_6,19,4016,4166,4015,4166,151,30.76299476623535,True,3.02,0.7957145571708679,1.0,False,True
T11_d709_b6_t20,T11,main,709,6,T11/day_709/block_6,20,4167,4301,4166,4301,135,13.509986877441406,True,2.7,0.8773916363716125,0.0,False,True
T11_d709_b6_t21,T11,main,709,6,T11/day_709/block_6,21,4302,4611,4301,4611,310,34.142189025878906,True,6.2,0.659734845161438,5.0,False,True
T11_d709_b6_t22,T11,main,709,6,T11/day_709/block_6,22,4612,4970,4611,4970,359,52.32701110839844,True,7.18,0.575653076171875,4.0,False,True
T11_d709_b6_t23,T11,main,709,6,T11/day_709/block_6,23,4971,5174,4970,5174,204,33.430328369140625,True,4.08,0.8467782735824585,1.0,False,True
T11_d709_b6_t24,T11,main,709,6,T11/day_709/block_6,24,5175,5429,5174,5429,255,31.769067764282227,True,5.1,0.8339216113090515,3.0,False,True
T11_d709_b6_t25,T11,main,709,6,T11/day_709/block_6,25,5430,5583,5429,5583,154,13.16951847076416,True,3.08,0.905630350112915,0.0,False,True
T11_d709_b6_t26,T11,main,709,6,T11/day_709/block_6,26,5584,5806,5583,5806,223,14.102115631103516,True,4.46,0.9400710463523865,0.0,False,True
T11_d709_b6_t27,T11,main,709,6,T11/day_709/block_6,27,5807,6065,5806,6065,259,49.57246780395508,True,5.18,0.6988984942436218,1.0,False,True
T11_d709_b6_t28,T11,main,709,6,T11/day_709/block_6,28,6066,6225,6065,6225,160,13.06509017944336,True,3.2,0.841705322265625,0.0,False,True
T11_d709_b6_t29,T11,main,709,6,T11/day_709/block_6,29,6226,6573,6225,6573,348,59.46973419189453,True,6.96,0.4859354794025421,7.0,False,True
T11_d709_b6_t30,T11,main,709,6,T11/day_709/block_6,30,6574,7070,6573,7070,497,62.35432052612305,True,9.94,0.5002694129943848,9.0,False,True
T11_d709_b6_t31,T11,main,709,6,T11/day_709/block_6,31,7071,7249,7070,7249,179,20.739839553833008,True,3.58,0.7957796454429626,0.0,False,True
T11_d709_b6_t32,T11,main,709,6,T11/day_709/block_6,32,7250,7416,7249,7416,167,31.7597713470459,True,3.34,0.8429635167121887,1.0,False,True
T11_d709_b6_t33,T11,main,709,6,T11/day_709/block_6,33,7417,7569,7416,7569,153,22.016845703125,True,3.06,0.8756896257400513,0.0,False,True
T11_d709_b6_t34,T11,main,709,6,T11/day_709/block_6,34,7570,7906,7569,7906,337,41.81911849975586,True,6.74,0.5787172913551331,7.0,False,True
T11_d709_b6_t35,T11,main,709,6,T11/day_709/block_6,35,7907,8098,7906,8098,192,16.221431732177734,True,3.84,0.8664377927780151,0.0,False,True
T11_d709_b6_t36,T11,main,709,6,T11/day_709/block_6,36,8099,8324,8098,8324,226,24.049348831176758,True,4.52,0.8739036917686462,5.0,False,True
T11_d709_b6_t37,T11,main,709,6,T11/day_709/block_6,37,8325,8525,8324,8525,201,38.81026840209961,True,4.02,0.7850525975227356,3.0,False,True
T11_d709_b6_t38,T11,main,709,6,T11/day_709/block_6,38,8526,8752,8525,8752,227,48.30778884887695,True,4.54,0.6558943390846252,3.0,False,True
T11_d709_b6_t39,T11,main,709,6,T11/day_709/block_6,39,8753,8886,8752,8886,134,6.690888404846191,True,2.68,0.8220276832580566,1.0,False,True
T11_d709_b6_t40,T11,main,709,6,T11/day_709/block_6,40,8887,9029,8886,9029,143,13.385093688964844,True,2.86,0.9301717877388,0.0,False,True
T11_d709_b6_t41,T11,main,709,6,T11/day_709/block_6,41,9030,9168,9029,9168,139,9.306395530700684,True,2.78,0.8614464998245239,1.0,False,True
T11_d709_b6_t42,T11,main,709,6,T11/day_709/block_6,42,9169,9458,9168,9458,290,34.47045135498047,True,5.8,0.568342924118042,4.0,False,True
T11_d709_b6_t43,T11,main,709,6,T11/day_709/block_6,43,9459,9628,9458,9628,170,15.394953727722168,True,3.4,0.9078312516212463,0.0,False,True
T11_d709_b6_t44,T11,main,709,6,T11/day_709/block_6,44,9629,9760,9628,9760,132,12.11810302734375,True,2.64,0.93849778175354,2.0,False,True
T11_d709_b6_t45,T11,main,709,6,T11/day_709/block_6,45,9761,10019,9760,10019,259,38.93873596191406,True,5.18,0.6111968159675598,5.0,False,True
T11_d709_b6_t46,T11,main,709,6,T11/day_709/block_6,46,10020,10206,10019,10206,187,24.225461959838867,True,3.74,0.8249514698982239,0.0,False,True
T11_d709_b6_t47,T11,main,709,6,T11/day_709/block_6,47,10207,10707,10206,10707,501,85.50057220458984,False,10.02,,16.0,False,True
T11_d709_b6_t48,T11,main,709,6,T11/day_709/block_6,48,10708,10902,10707,10902,195,13.401407241821289,True,3.9,0.8505843877792358,1.0,False,True
T11_d709_b6_t49,T11,main,709,6,T11/day_709/block_6,49,10903,11203,10902,11203,301,27.705469131469727,True,6.02,0.7534679174423218,2.0,False,True
T11_d709_b6_t50,T11,main,709,6,T11/day_709/block_6,50,11204,11591,11203,11591,388,47.26446533203125,True,7.76,0.4675487279891968,13.0,False,True
T11_d709_b6_t51,T11,main,709,6,T11/day_709/block_6,51,11592,11774,11591,11774,183,16.50127410888672,True,3.66,0.8849818110466003,0.0,False,True
T11_d709_b6_t52,T11,main,709,6,T11/day_709/block_6,52,11775,11965,11774,11965,191,21.121471405029297,True,3.82,0.8913031816482544,4.0,False,True
T11_d709_b6_t53,T11,main,709,6,T11/day_709/block_6,53,11966,12092,11965,12092,127,21.126558303833008,True,2.54,0.8310049176216125,1.0,False,True
T11_d709_b6_t54,T11,main,709,6,T11/day_709/block_6,54,12093,12226,12092,12226,134,6.597684860229492,True,2.68,0.9158217310905457,0.0,False,True
T11_d709_b6_t55,T11,main,709,6,T11/day_709/block_6,55,12227,12488,12226,12488,262,37.997467041015625,True,5.24,0.6695145964622498,3.0,False,True
T11_d709_b6_t56,T11,main,709,6,T11/day_709/block_6,56,12489,12746,12488,12746,258,25.79718589782715,True,5.16,0.7860347628593445,3.0,True,True
T11_d709_b6_t57,T11,main,709,6,T11/day_709/block_6,57,12747,12892,12746,12892,146,9.472872734069824,True,2.92,0.8077414035797119,1.0,False,True
T11_d709_b6_t58,T11,main,709,6,T11/day_709/block_6,58,12893,13134,12892,13134,242,45.67790985107422,True,4.84,0.5978994965553284,1.0,False,True
T11_d709_b6_t59,T11,main,709,6,T11/day_709/block_6,59,13135,13285,13134,13285,151,11.374991416931152,True,3.02,0.884462296962738,0.0,False,True
T11_d709_b6_t60,T11,main,709,6,T11/day_709/block_6,60,13286,13468,13285,13468,183,47.532127380371094,True,3.66,0.7380445599555969,0.0,False,True
T11_d709_b6_t61,T11,main,709,6,T11/day_709/block_6,61,13469,13593,13468,13593,125,10.774568557739258,True,2.5,0.9290149807929993,2.0,False,True
T11_d709_b6_t62,T11,main,709,6,T11/day_709/block_6,62,13594,13744,13593,13744,151,17.156343460083008,True,3.02,0.8219954967498779,1.0,False,True
T11_d709_b6_t63,T11,main,709,6,T11/day_709/block_6,63,13745,13895,13744,13895,151,11.909555435180664,True,3.02,0.8601115345954895,0.0,False,True
T11_d709_b6_t64,T11,main,709,6,T11/day_709/block_6,64,13896,14115,13895,14115,220,19.1094970703125,True,4.4,0.8133550882339478,1.0,False,True
T11_d709_b6_t65,T11,main,709,6,T11/day_709/block_6,65,14116,14255,14115,14255,140,16.980209350585938,True,2.8,0.8557234406471252,1.0,False,True
T11_d709_b6_t66,T11,main,709,6,T11/day_709/block_6,66,14256,14397,14255,14397,142,8.949230194091797,True,2.84,0.9266452789306641,0.0,False,True
T11_d709_b6_t67,T11,main,709,6,T11/day_709/block_6,67,14398,14538,14397,14538,141,18.97429084777832,True,2.82,0.8266137838363647,1.0,False,True
T11_d709_b6_t68,T11,main,709,6,T11/day_709/block_6,68,14539,15040,14538,15040,502,87.76322174072266,False,10.04,,13.0,False,True
T11_d709_b7_t0,T11,main,709,7,T11/day_709/block_7,0,264,459,263,459,196,26.304061889648438,True,3.92,0.7143338322639465,4.0,False,True
T11_d709_b7_t1,T11,main,709,7,T11/day_709/block_7,1,460,618,459,618,159,16.559871673583984,True,3.18,0.8310744762420654,1.0,False,True
T11_d709_b7_t2,T11,main,709,7,T11/day_709/block_7,2,619,775,618,775,157,28.647064208984375,True,3.14,0.8251168131828308,1.0,False,True
T11_d709_b7_t3,T11,main,709,7,T11/day_709/block_7,3,776,913,775,913,138,31.859710693359375,True,2.76,0.8621247410774231,1.0,False,True
T11_d709_b7_t4,T11,main,709,7,T11/day_709/block_7,4,914,1094,913,1094,181,14.292073249816895,True,3.62,0.8503925204277039,0.0,False,True
T11_d709_b7_t5,T11,main,709,7,T11/day_709/block_7,5,1095,1284,1094,1284,190,39.95512390136719,True,3.8,0.6992924809455872,0.0,False,True
T11_d709_b7_t6,T11,main,709,7,T11/day_709/block_7,6,1285,1785,1284,1785,501,85.20179748535156,False,10.02,,18.0,False,True
T11_d709_b7_t7,T11,main,709,7,T11/day_709/block_7,7,1786,1986,1785,1986,201,14.19995403289795,True,4.02,0.9443385004997253,2.0,False,True
T11_d709_b7_t8,T11,main,709,7,T11/day_709/block_7,8,1987,2209,1986,2209,223,19.152223587036133,True,4.46,0.5292555689811707,1.0,False,True
T11_d709_b7_t9,T11,main,709,7,T11/day_709/block_7,9,2210,2372,2209,2372,163,15.672669410705566,True,3.26,0.9193616509437561,2.0,False,True
T11_d709_b7_t10,T11,main,709,7,T11/day_709/block_7,10,2373,2577,2372,2577,205,11.418598175048828,True,4.1,0.8204266428947449,0.0,False,True
T11_d709_b7_t11,T11,main,709,7,T11/day_709/block_7,11,2578,2754,2577,2754,177,16.834121704101562,True,3.54,0.8181999325752258,0.0,False,True
T11_d709_b7_t12,T11,main,709,7,T11/day_709/block_7,12,2755,3129,2754,3129,375,35.00855255126953,True,7.5,0.6858758926391602,5.0,False,True
T11_d709_b7_t13,T11,main,709,7,T11/day_709/block_7,13,3130,3289,3129,3289,160,10.262964248657227,True,3.2,0.8861754536628723,0.0,False,True
T11_d709_b7_t14,T11,main,709,7,T11/day_709/block_7,14,3290,3520,3289,3520,231,44.131561279296875,True,4.62,0.6350057721138,3.0,False,True
T11_d709_b7_t15,T11,main,709,7,T11/day_709/block_7,15,3521,3662,3520,3662,142,12.636306762695312,True,2.84,0.9074339866638184,0.0,False,True
T11_d709_b7_t16,T11,main,709,7,T11/day_709/block_7,16,3663,3895,3662,3895,233,43.69773864746094,True,4.66,0.5883761644363403,4.0,False,True
T11_d709_b7_t17,T11,main,709,7,T11/day_709/block_7,17,3896,4041,3895,4041,146,28.61797332763672,True,2.92,0.8591799736022949,1.0,False,True
T11_d709_b7_t18,T11,main,709,7,T11/day_709/block_7,18,4042,4199,4041,4199,158,11.662055015563965,True,3.16,0.8420296311378479,0.0,False,True
T11_d709_b7_t19,T11,main,709,7,T11/day_709/block_7,19,4200,4452,4199,4452,253,35.853492736816406,True,5.06,0.51975017786026,4.0,False,True
T11_d709_b7_t20,T11,main,709,7,T11/day_709/block_7,20,4453,4707,4452,4707,255,44.674137115478516,True,5.1,0.5080502033233643,10.0,False,True
T11_d709_b7_t21,T11,main,709,7,T11/day_709/block_7,21,4708,4886,4707,4886,179,15.19601821899414,True,3.58,0.8950619101524353,0.0,False,True
T11_d709_b7_t22,T11,main,709,7,T11/day_709/block_7,22,4887,5250,4886,5250,364,56.68583679199219,True,7.28,0.5869916677474976,7.0,False,True
T11_d709_b7_t23,T11,main,709,7,T11/day_709/block_7,23,5251,5400,5250,5400,150,20.794368743896484,True,3.0,0.807603120803833,2.0,False,True
T11_d709_b7_t24,T11,main,709,7,T11/day_709/block_7,24,5401,5716,5400,5716,316,50.8907470703125,True,6.32,0.49315351247787476,9.0,False,True
T11_d709_b7_t25,T11,main,709,7,T11/day_709/block_7,25,5717,5879,5716,5879,163,8.146357536315918,True,3.26,0.9800496101379395,1.0,False,True
T11_d709_b7_t26,T11,main,709,7,T11/day_709/block_7,26,5880,6030,5879,6030,151,11.163774490356445,True,3.02,0.8964663147926331,0.0,False,True
T11_d709_b7_t27,T11,main,709,7,T11/day_709/block_7,27,6031,6349,6030,6349,319,52.62580871582031,True,6.38,0.538744330406189,5.0,False,True
T11_d709_b7_t28,T11,main,709,7,T11/day_709/block_7,28,6350,6520,6349,6520,171,13.669538497924805,True,3.42,0.94085294008255,0.0,False,True
T11_d709_b7_t29,T11,main,709,7,T11/day_709/block_7,29,6521,6787,6520,6787,267,44.61445617675781,True,5.34,0.5991092324256897,1.0,False,True
T11_d709_b7_t30,T11,main,709,7,T11/day_709/block_7,30,6788,6934,6787,6934,147,14.634112358093262,True,2.94,0.8843817710876465,1.0,False,True
T11_d709_b7_t31,T11,main,709,7,T11/day_709/block_7,31,6935,7111,6934,7111,177,13.953950881958008,True,3.54,0.8366395235061646,0.0,False,True
T11_d709_b7_t32,T11,main,709,7,T11/day_709/block_7,32,7112,7273,7111,7273,162,46.7425651550293,True,3.24,0.8144071102142334,1.0,False,True
T11_d709_b7_t33,T11,main,709,7,T11/day_709/block_7,33,7274,7425,7273,7425,152,13.844847679138184,True,3.04,0.9661695957183838,0.0,False,True
T11_d709_b7_t34,T11,main,709,7,T11/day_709/block_7,34,7426,7570,7425,7570,145,24.19451904296875,True,2.9,0.8849824070930481,1.0,False,True
T11_d709_b7_t35,T11,main,709,7,T11/day_709/block_7,35,7571,7858,7570,7858,288,50.442352294921875,True,5.76,0.5574733018875122,1.0,False,True
T11_d709_b7_t36,T11,main,709,7,T11/day_709/block_7,36,7859,8360,7858,8360,502,79.48578643798828,False,10.04,,6.0,False,True
T11_d709_b7_t37,T11,main,709,7,T11/day_709/block_7,37,8361,8569,8360,8569,209,15.421356201171875,True,4.18,0.8906621336936951,1.0,False,True
T11_d709_b7_t38,T11,main,709,7,T11/day_709/block_7,38,8570,8723,8569,8723,154,14.24848747253418,True,3.08,0.8694983124732971,0.0,False,True
T11_d709_b7_t39,T11,main,709,7,T11/day_709/block_7,39,8724,8908,8723,8908,185,17.720279693603516,True,3.7,0.7436745762825012,2.0,False,True
T11_d709_b7_t40,T11,main,709,7,T11/day_709/block_7,40,8909,9052,8908,9052,144,10.44691276550293,True,2.88,0.9035048484802246,0.0,False,True
T11_d709_b7_t41,T11,main,709,7,T11/day_709/block_7,41,9053,9270,9052,9270,218,26.477779388427734,True,4.36,0.8092132806777954,1.0,False,True
T11_d709_b7_t42,T11,main,709,7,T11/day_709/block_7,42,9271,9609,9270,9609,339,38.699913024902344,True,6.78,0.506978452205658,2.0,False,True
T11_d709_b7_t43,T11,main,709,7,T11/day_709/block_7,43,9610,9783,9609,9783,174,23.11118507385254,True,3.48,0.9138396382331848,1.0,False,True
T11_d709_b7_t44,T11,main,709,7,T11/day_709/block_7,44,9784,10284,9783,10284,501,62.7554931640625,False,10.02,,15.0,False,True
T11_d709_b7_t45,T11,main,709,7,T11/day_709/block_7,45,10285,10492,10284,10492,208,14.984695434570312,True,4.16,0.8710832595825195,1.0,False,True
T11_d709_b7_t46,T11,main,709,7,T11/day_709/block_7,46,10493,10654,10492,10654,162,7.45569372177124,True,3.24,0.8487646579742432,0.0,False,True
T11_d709_b7_t47,T11,main,709,7,T11/day_709/block_7,47,10655,10890,10654,10890,236,19.45281219482422,True,4.72,0.6605759263038635,5.0,False,True
T11_d709_b7_t48,T11,main,709,7,T11/day_709/block_7,48,10891,11019,10890,11019,129,12.529915809631348,True,2.58,0.9418385028839111,1.0,False,True
T11_d709_b7_t49,T11,main,709,7,T11/day_709/block_7,49,11020,11274,11019,11274,255,37.685890197753906,True,5.1,0.5364426374435425,3.0,False,True
T11_d709_b7_t50,T11,main,709,7,T11/day_709/block_7,50,11275,11776,11274,11776,502,119.146484375,False,10.04,,10.0,False,True
T11_d709_b7_t51,T11,main,709,7,T11/day_709/block_7,51,11777,11970,11776,11970,194,30.867700576782227,True,3.88,0.6310020685195923,1.0,False,True
T11_d709_b7_t52,T11,main,709,7,T11/day_709/block_7,52,11971,12257,11970,12257,287,63.822994232177734,True,5.74,0.4907907545566559,4.0,False,True
T11_d709_b7_t53,T11,main,709,7,T11/day_709/block_7,53,12258,12442,12257,12442,185,32.21900177001953,True,3.7,0.6675539612770081,1.0,False,True
T11_d709_b7_t54,T11,main,709,7,T11/day_709/block_7,54,12443,12600,12442,12600,158,22.800567626953125,True,3.16,0.7490095496177673,0.0,False,True
T11_d709_b7_t55,T11,main,709,7,T11/day_709/block_7,55,12601,13102,12600,13102,502,92.94454956054688,False,10.04,,12.0,False,True
T11_d709_b7_t56,T11,main,709,7,T11/day_709/block_7,56,13103,13314,13102,13314,212,16.141616821289062,True,4.24,0.8190324306488037,2.0,False,True
T11_d709_b7_t57,T11,main,709,7,T11/day_709/block_7,57,13315,13816,13314,13816,502,108.67694854736328,False,10.04,,10.0,False,True
T11_d709_b7_t58,T11,main,709,7,T11/day_709/block_7,58,13817,14317,13816,14317,501,99.22125244140625,False,10.02,,8.0,False,True
T11_d709_b7_t59,T11,main,709,7,T11/day_709/block_7,59,14318,14493,14317,14493,176,28.63787078857422,True,3.52,0.785732090473175,2.0,False,True
T11_d709_b7_t60,T11,main,709,7,T11/day_709/block_7,60,14494,14644,14493,14644,151,9.659907341003418,True,3.02,0.877456784248352,0.0,False,True
T11_d709_b7_t61,T11,main,709,7,T11/day_709/block_7,61,14645,14926,14644,14926,282,51.43349838256836,True,5.64,0.5591734051704407,3.0,False,True
T11_d715_b10_t0,T11,main,715,10,T11/day_715/block_10,0,361,501,360,501,141,27.677448272705078,True,2.82,0.7997417449951172,0.0,False,True
T11_d715_b10_t1,T11,main,715,10,T11/day_715/block_10,1,502,905,501,905,404,77.00532531738281,True,8.08,0.3253730535507202,13.0,False,True
T11_d715_b10_t2,T11,main,715,10,T11/day_715/block_10,2,906,1015,905,1015,110,18.207626342773438,True,2.2,0.8308066725730896,0.0,False,True
T11_d715_b10_t3,T11,main,715,10,T11/day_715/block_10,3,1016,1153,1015,1153,138,25.792098999023438,True,2.76,0.6967195272445679,1.0,False,True
T11_d715_b10_t4,T11,main,715,10,T11/day_715/block_10,4,1154,1375,1153,1375,222,45.51057815551758,True,4.44,0.42699116468429565,2.0,False,True
T11_d715_b10_t5,T11,main,715,10,T11/day_715/block_10,5,1376,1623,1375,1623,248,52.08972930908203,True,4.96,0.4956541061401367,2.0,False,True
T11_d715_b10_t6,T11,main,715,10,T11/day_715/block_10,6,1624,2124,1623,2124,501,115.56517028808594,False,10.02,,8.0,False,True
T11_d715_b10_t7,T11,main,715,10,T11/day_715/block_10,7,2125,2260,2124,2260,136,17.592525482177734,True,2.72,0.5756663680076599,2.0,False,True
T11_d715_b10_t8,T11,main,715,10,T11/day_715/block_10,8,2261,2540,2260,2540,280,46.86302947998047,True,5.6,0.4655018150806427,6.0,False,True
T11_d715_b10_t9,T11,main,715,10,T11/day_715/block_10,9,2541,2651,2540,2651,111,21.06490707397461,True,2.22,0.7869903445243835,0.0,False,True
T11_d715_b10_t10,T11,main,715,10,T11/day_715/block_10,10,2652,2778,2651,2778,127,8.153556823730469,True,2.54,0.8619961738586426,0.0,False,True
T11_d715_b10_t11,T11,main,715,10,T11/day_715/block_10,11,2779,3010,2778,3010,232,85.47976684570312,True,4.64,0.6737092137336731,5.0,False,True
T11_d715_b10_t12,T11,main,715,10,T11/day_715/block_10,12,3011,3129,3010,3129,119,27.2791690826416,True,2.38,0.7852375507354736,2.0,False,True
T11_d715_b10_t13,T11,main,715,10,T11/day_715/block_10,13,3130,3269,3129,3269,140,18.588703155517578,True,2.8,0.7189821600914001,0.0,False,True
T11_d715_b10_t14,T11,main,715,10,T11/day_715/block_10,14,3270,3617,3269,3617,348,52.75593566894531,True,6.96,0.4583730697631836,4.0,False,True
T11_d715_b10_t15,T11,main,715,10,T11/day_715/block_10,15,3618,3758,3617,3758,141,19.405292510986328,True,2.82,0.8171687126159668,0.0,False,True
T11_d715_b10_t16,T11,main,715,10,T11/day_715/block_10,16,3759,3945,3758,3945,187,63.16256332397461,True,3.74,0.5800185799598694,3.0,False,True
T11_d715_b10_t17,T11,main,715,10,T11/day_715/block_10,17,3946,4078,3945,4078,133,15.372997283935547,True,2.66,0.8611702919006348,0.0,False,True
T11_d715_b10_t18,T11,main,715,10,T11/day_715/block_10,18,4079,4224,4078,4224,146,42.41522216796875,True,2.92,0.7283654808998108,1.0,False,True
T11_d715_b10_t19,T11,main,715,10,T11/day_715/block_10,19,4225,4357,4224,4357,133,42.584983825683594,True,2.66,0.7902969121932983,1.0,False,True
T11_d715_b10_t20,T11,main,715,10,T11/day_715/block_10,20,4358,4487,4357,4487,130,34.63616943359375,True,2.6,0.8005141019821167,0.0,False,True
T11_d715_b10_t21,T11,main,715,10,T11/day_715/block_10,21,4488,4717,4487,4717,230,71.25337982177734,True,4.6,0.4969009757041931,4.0,False,True
T11_d715_b10_t22,T11,main,715,10,T11/day_715/block_10,22,4718,4880,4717,4880,163,40.58967590332031,True,3.26,0.6321374773979187,1.0,False,True
T11_d715_b10_t23,T11,main,715,10,T11/day_715/block_10,23,4881,5020,4880,5020,140,33.013336181640625,True,2.8,0.6931948065757751,1.0,False,True
T11_d715_b10_t24,T11,main,715,10,T11/day_715/block_10,24,5021,5178,5020,5178,158,42.98581314086914,True,3.16,0.6383700370788574,1.0,False,True
T11_d715_b10_t25,T11,main,715,10,T11/day_715/block_10,25,5179,5293,5178,5293,115,30.02224349975586,True,2.3,0.740687370300293,0.0,False,True
T11_d715_b10_t26,T11,main,715,10,T11/day_715/block_10,26,5294,5419,5293,5419,126,33.57310104370117,True,2.52,0.6674047112464905,2.0,False,True
T11_d715_b10_t27,T11,main,715,10,T11/day_715/block_10,27,5420,5631,5419,5631,212,31.440507888793945,True,4.24,0.4834904670715332,5.0,False,True
T11_d715_b10_t28,T11,main,715,10,T11/day_715/block_10,28,5632,5772,5631,5772,141,16.9066219329834,True,2.82,0.8863378763198853,0.0,False,True
T11_d715_b10_t29,T11,main,715,10,T11/day_715/block_10,29,5773,5986,5772,5986,214,48.78300857543945,True,4.28,0.5231758952140808,4.0,False,True
T11_d715_b10_t30,T11,main,715,10,T11/day_715/block_10,30,5987,6266,5986,6266,280,49.10498046875,True,5.6,0.4581315517425537,3.0,False,True
T11_d715_b10_t31,T11,main,715,10,T11/day_715/block_10,31,6267,6395,6266,6395,129,15.971899032592773,True,2.58,0.9030189514160156,0.0,False,True
T11_d715_b10_t32,T11,main,715,10,T11/day_715/block_10,32,6396,6584,6395,6584,189,54.49453353881836,True,3.78,0.6195419430732727,2.0,False,True
T11_d715_b10_t33,T11,main,715,10,T11/day_715/block_10,33,6585,6704,6584,6704,120,13.28520393371582,True,2.4,0.7688384652137756,0.0,False,True
T11_d715_b10_t34,T11,main,715,10,T11/day_715/block_10,34,6705,7049,6704,7049,345,64.20128631591797,True,6.9,0.2841629087924957,13.0,False,True
T11_d715_b10_t35,T11,main,715,10,T11/day_715/block_10,35,7050,7382,7049,7382,333,62.646671295166016,True,6.66,0.4053105115890503,4.0,False,True
T11_d715_b10_t36,T11,main,715,10,T11/day_715/block_10,36,7383,7542,7382,7542,160,26.729639053344727,True,3.2,0.8215510845184326,1.0,False,True
T11_d715_b10_t37,T11,main,715,10,T11/day_715/block_10,37,7543,7676,7542,7676,134,38.843570709228516,True,2.68,0.6980043649673462,1.0,False,True
T11_d715_b10_t38,T11,main,715,10,T11/day_715/block_10,38,7677,7839,7676,7839,163,57.426090240478516,True,3.26,0.5982051491737366,1.0,False,True
T11_d715_b10_t39,T11,main,715,10,T11/day_715/block_10,39,7840,7953,7839,7953,114,31.040809631347656,True,2.28,0.7625645399093628,0.0,False,True
T11_d715_b10_t40,T11,main,715,10,T11/day_715/block_10,40,7954,8086,7953,8086,133,44.801700592041016,True,2.66,0.676928699016571,0.0,False,True
T11_d715_b10_t41,T11,main,715,10,T11/day_715/block_10,41,8087,8586,8086,8586,500,65.26115417480469,False,10.0,,9.0,False,True
T11_d715_b10_t42,T11,main,715,10,T11/day_715/block_10,42,8587,9088,8586,9088,502,126.59519958496094,False,10.04,,13.0,False,True
T11_d715_b10_t43,T11,main,715,10,T11/day_715/block_10,43,9089,9228,9088,9228,140,33.42637634277344,True,2.8,0.6741822361946106,0.0,False,True
T11_d715_b10_t44,T11,main,715,10,T11/day_715/block_10,44,9229,9366,9228,9366,138,13.2381591796875,True,2.76,0.8123246431350708,0.0,False,True
T11_d715_b10_t45,T11,main,715,10,T11/day_715/block_10,45,9367,9561,9366,9561,195,31.30944061279297,True,3.9,0.7358860969543457,3.0,False,True
T11_d715_b10_t46,T11,main,715,10,T11/day_715/block_10,46,9562,9708,9561,9708,147,14.774517059326172,True,2.94,0.8376748561859131,0.0,False,True
T11_d715_b10_t47,T11,main,715,10,T11/day_715/block_10,47,9709,9928,9708,9928,220,49.10758972167969,True,4.4,0.5726998448371887,5.0,False,True
T11_d715_b10_t48,T11,main,715,10,T11/day_715/block_10,48,9929,10069,9928,10069,141,20.004575729370117,True,2.82,0.7863261103630066,0.0,False,True
T11_d715_b10_t49,T11,main,715,10,T11/day_715/block_10,49,10070,10351,10069,10351,282,43.311859130859375,True,5.64,0.6348447203636169,5.0,False,True
T11_d715_b10_t50,T11,main,715,10,T11/day_715/block_10,50,10352,10578,10351,10578,227,63.04683303833008,True,4.54,0.5791740417480469,2.0,False,True
T11_d715_b10_t51,T11,main,715,10,T11/day_715/block_10,51,10579,10830,10578,10830,252,49.15576171875,True,5.04,0.4852468967437744,0.0,False,True
T11_d715_b10_t52,T11,main,715,10,T11/day_715/block_10,52,10831,10955,10830,10955,125,36.2152214050293,True,2.5,0.6658472418785095,1.0,False,True
T11_d715_b10_t53,T11,main,715,10,T11/day_715/block_10,53,10956,11113,10955,11113,158,47.023468017578125,True,3.16,0.7113658785820007,2.0,False,True
T11_d715_b10_t54,T11,main,715,10,T11/day_715/block_10,54,11114,11260,11113,11260,147,22.086139678955078,True,2.94,0.8559093475341797,0.0,False,True
T11_d715_b10_t55,T11,main,715,10,T11/day_715/block_10,55,11261,11434,11260,11434,174,38.90216064453125,True,3.48,0.5802243947982788,1.0,False,True
T11_d715_b10_t56,T11,main,715,10,T11/day_715/block_10,56,11435,11595,11434,11595,161,36.03053283691406,True,3.22,0.7147915959358215,1.0,False,True
T11_d715_b10_t57,T11,main,715,10,T11/day_715/block_10,57,11596,11713,11595,11713,118,25.566486358642578,True,2.36,0.7803329825401306,0.0,False,True
T11_d715_b10_t58,T11,main,715,10,T11/day_715/block_10,58,11714,11853,11713,11853,140,40.32929992675781,True,2.8,0.7082165479660034,1.0,False,True
T11_d715_b10_t59,T11,main,715,10,T11/day_715/block_10,59,11854,12049,11853,12049,196,37.49684143066406,True,3.92,0.546075165271759,3.0,False,True
T11_d715_b10_t60,T11,main,715,10,T11/day_715/block_10,60,12050,12170,12049,12170,121,28.18488311767578,True,2.42,0.76444411277771,2.0,False,True
T11_d715_b10_t61,T11,main,715,10,T11/day_715/block_10,61,12171,12334,12170,12334,164,31.812313079833984,True,3.28,0.7017906308174133,1.0,False,True
T11_d715_b10_t62,T11,main,715,10,T11/day_715/block_10,62,12335,12466,12334,12466,132,28.261987686157227,True,2.64,0.7454209923744202,0.0,False,True
T11_d715_b10_t63,T11,main,715,10,T11/day_715/block_10,63,12467,12600,12466,12600,134,27.467994689941406,True,2.68,0.7238060235977173,1.0,False,True
T11_d715_b10_t64,T11,main,715,10,T11/day_715/block_10,64,12601,12959,12600,12959,359,62.92259979248047,True,7.18,0.38286179304122925,8.0,False,True
T11_d715_b10_t65,T11,main,715,10,T11/day_715/block_10,65,12960,13069,12959,13069,110,24.349098205566406,True,2.2,0.7028185129165649,0.0,False,True
T11_d715_b10_t66,T11,main,715,10,T11/day_715/block_10,66,13070,13216,13069,13216,147,29.572303771972656,True,2.94,0.7598491311073303,1.0,False,True
T11_d715_b10_t67,T11,main,715,10,T11/day_715/block_10,67,13217,13391,13216,13391,175,38.94410705566406,True,3.5,0.6504189372062683,2.0,False,True
T11_d715_b10_t68,T11,main,715,10,T11/day_715/block_10,68,13392,13603,13391,13603,212,46.48075485229492,True,4.24,0.5690770149230957,1.0,False,True
T11_d715_b10_t69,T11,main,715,10,T11/day_715/block_10,69,13604,13721,13603,13721,118,20.849246978759766,True,2.36,0.8398687839508057,1.0,False,True
T11_d715_b10_t70,T11,main,715,10,T11/day_715/block_10,70,13722,13910,13721,13910,189,43.485076904296875,True,3.78,0.6722060441970825,1.0,False,True
T11_d715_b10_t71,T11,main,715,10,T11/day_715/block_10,71,13911,14129,13910,14129,219,23.068748474121094,True,4.38,0.8634076714515686,2.0,False,True
T11_d715_b10_t72,T11,main,715,10,T11/day_715/block_10,72,14130,14268,14129,14268,139,15.897954940795898,True,2.78,0.8093542456626892,0.0,False,True
T11_d715_b10_t73,T11,main,715,10,T11/day_715/block_10,73,14269,14769,14268,14769,501,71.27802276611328,False,10.02,,16.0,False,True
T11_d715_b10_t74,T11,main,715,10,T11/day_715/block_10,74,14770,15008,14769,15008,239,50.61067581176758,True,4.78,0.6896970868110657,1.0,False,True
T11_d715_b11_t0,T11,main,715,11,T11/day_715/block_11,0,264,358,263,358,95,17.77098846435547,True,1.9,0.8114994168281555,0.0,False,True
T11_d715_b11_t1,T11,main,715,11,T11/day_715/block_11,1,359,480,358,480,122,39.641265869140625,True,2.44,0.6117034554481506,0.0,False,True
T11_d715_b11_t2,T11,main,715,11,T11/day_715/block_11,2,481,595,480,595,115,16.779460906982422,True,2.3,0.8704641461372375,1.0,False,True
T11_d715_b11_t3,T11,main,715,11,T11/day_715/block_11,3,596,771,595,771,176,31.911148071289062,True,3.52,0.6530333161354065,2.0,False,True
T11_d715_b11_t4,T11,main,715,11,T11/day_715/block_11,4,772,888,771,888,117,25.978797912597656,True,2.34,0.7680623531341553,1.0,False,True
T11_d715_b11_t5,T11,main,715,11,T11/day_715/block_11,5,889,1094,888,1094,206,53.16655349731445,True,4.12,0.4858240783214569,3.0,False,True
T11_d715_b11_t6,T11,main,715,11,T11/day_715/block_11,6,1095,1498,1094,1498,404,65.96176147460938,True,8.08,0.32223647832870483,9.0,False,True
T11_d715_b11_t7,T11,main,715,11,T11/day_715/block_11,7,1499,1627,1498,1627,129,24.47953987121582,True,2.58,0.8171291947364807,0.0,False,True
T11_d715_b11_t8,T11,main,715,11,T11/day_715/block_11,8,1628,1738,1627,1738,111,30.0947322845459,True,2.22,0.7344591021537781,0.0,False,True
T11_d715_b11_t9,T11,main,715,11,T11/day_715/block_11,9,1739,1891,1738,1891,153,29.81146812438965,True,3.06,0.6817511320114136,3.0,False,True
T11_d715_b11_t10,T11,main,715,11,T11/day_715/block_11,10,1892,2107,1891,2107,216,55.77812576293945,True,4.32,0.46822983026504517,5.0,False,True
T11_d715_b11_t11,T11,main,715,11,T11/day_715/block_11,11,2108,2236,2107,2236,129,22.030717849731445,True,2.58,0.7611205577850342,0.0,False,True
T11_d715_b11_t12,T11,main,715,11,T11/day_715/block_11,12,2237,2738,2236,2738,502,69.5116195678711,False,10.04,,12.0,False,True
T11_d715_b11_t13,T11,main,715,11,T11/day_715/block_11,13,2739,2890,2738,2890,152,22.25082778930664,True,3.04,0.7214788198471069,0.0,False,True
T11_d715_b11_t14,T11,main,715,11,T11/day_715/block_11,14,2891,3390,2890,3390,500,89.9643325805664,False,10.0,,7.0,False,True
T11_d715_b11_t15,T11,main,715,11,T11/day_715/block_11,15,3391,3516,3390,3516,126,13.235281944274902,True,2.52,0.743598997592926,1.0,False,True
T11_d715_b11_t16,T11,main,715,11,T11/day_715/block_11,16,3517,3687,3516,3687,171,51.302879333496094,True,3.42,0.6064398884773254,2.0,False,True
T11_d715_b11_t17,T11,main,715,11,T11/day_715/block_11,17,3688,4082,3687,4082,395,64.43267822265625,True,7.9,0.4756729006767273,6.0,False,True
T11_d715_b11_t18,T11,main,715,11,T11/day_715/block_11,18,4083,4199,4082,4199,117,29.936508178710938,True,2.34,0.7238885164260864,0.0,False,True
T11_d715_b11_t19,T11,main,715,11,T11/day_715/block_11,19,4200,4700,4199,4700,501,74.50372314453125,False,10.02,,13.0,False,True
T11_d715_b11_t20,T11,main,715,11,T11/day_715/block_11,20,4701,5202,4700,5202,502,130.65338134765625,False,10.04,,11.0,False,True
T11_d715_b11_t21,T11,main,715,11,T11/day_715/block_11,21,5203,5347,5202,5347,145,20.25937843322754,True,2.9,0.5954915285110474,1.0,False,True
T11_d715_b11_t22,T11,main,715,11,T11/day_715/block_11,22,5348,5542,5347,5542,195,62.75418472290039,True,3.9,0.598555326461792,3.0,False,True
T11_d715_b11_t23,T11,main,715,11,T11/day_715/block_11,23,5543,5688,5542,5688,146,21.568572998046875,True,2.92,0.7242258787155151,0.0,False,True
T11_d715_b11_t24,T11,main,715,11,T11/day_715/block_11,24,5689,5847,5688,5847,159,61.032875061035156,True,3.18,0.5654587745666504,1.0,False,True
T11_d715_b11_t25,T11,main,715,11,T11/day_715/block_11,25,5848,6098,5847,6098,251,27.895021438598633,True,5.02,0.5232906341552734,2.0,False,True
T11_d715_b11_t26,T11,main,715,11,T11/day_715/block_11,26,6099,6283,6098,6283,185,30.621646881103516,True,3.7,0.6468215584754944,2.0,False,True
T11_d715_b11_t27,T11,main,715,11,T11/day_715/block_11,27,6284,6521,6283,6521,238,58.21122360229492,True,4.76,0.5800728797912598,6.0,False,True
T11_d715_b11_t28,T11,main,715,11,T11/day_715/block_11,28,6522,6669,6521,6669,148,18.88455581665039,True,2.96,0.7738909125328064,1.0,False,True
T11_d715_b11_t29,T11,main,715,11,T11/day_715/block_11,29,6670,6815,6669,6815,146,34.6029052734375,True,2.92,0.7620325684547424,1.0,False,True
T11_d715_b11_t30,T11,main,715,11,T11/day_715/block_11,30,6816,6937,6815,6937,122,29.85107421875,True,2.44,0.7034101486206055,0.0,False,True
T11_d715_b11_t31,T11,main,715,11,T11/day_715/block_11,31,6938,7076,6937,7076,139,38.51603698730469,True,2.78,0.6853154301643372,1.0,False,True
T11_d715_b11_t32,T11,main,715,11,T11/day_715/block_11,32,7077,7577,7076,7577,501,78.25631713867188,False,10.02,,15.0,False,True
T11_d715_b11_t33,T11,main,715,11,T11/day_715/block_11,33,7578,7725,7577,7725,148,24.56798553466797,True,2.96,0.6311641931533813,1.0,False,True
T11_d715_b11_t34,T11,main,715,11,T11/day_715/block_11,34,7726,7910,7725,7910,185,36.83477783203125,True,3.7,0.6927720308303833,4.0,False,True
T11_d715_b11_t35,T11,main,715,11,T11/day_715/block_11,35,7911,8028,7910,8028,118,29.3288631439209,True,2.36,0.7917730808258057,0.0,False,True
T11_d715_b11_t36,T11,main,715,11,T11/day_715/block_11,36,8029,8529,8028,8529,501,87.3589859008789,False,10.02,,14.0,False,True
T11_d715_b11_t37,T11,main,715,11,T11/day_715/block_11,37,8530,8662,8529,8662,133,19.581493377685547,True,2.66,0.7654179334640503,1.0,False,True
T11_d715_b11_t38,T11,main,715,11,T11/day_715/block_11,38,8663,8839,8662,8839,177,18.251663208007812,True,3.54,0.7667723298072815,0.0,False,True
T11_d715_b11_t39,T11,main,715,11,T11/day_715/block_11,39,8840,9031,8839,9031,192,48.77069854736328,True,3.84,0.5719893574714661,2.0,False,True
T11_d715_b11_t40,T11,main,715,11,T11/day_715/block_11,40,9032,9166,9031,9166,135,16.42706871032715,True,2.7,0.8385925889015198,0.0,False,True
T11_d715_b11_t41,T11,main,715,11,T11/day_715/block_11,41,9167,9305,9166,9305,139,37.924076080322266,True,2.78,0.6959540247917175,1.0,False,True
T11_d715_b11_t42,T11,main,715,11,T11/day_715/block_11,42,9306,9807,9305,9807,502,110.38925170898438,False,10.04,,10.0,False,True
T11_d715_b11_t43,T11,main,715,11,T11/day_715/block_11,43,9808,10093,9807,10093,286,57.081748962402344,True,5.72,0.4827573895454407,3.0,False,True
T11_d715_b11_t44,T11,main,715,11,T11/day_715/block_11,44,10094,10595,10093,10595,502,106.66267395019531,False,10.04,,13.0,False,True
T11_d715_b11_t45,T11,main,715,11,T11/day_715/block_11,45,10596,10725,10595,10725,130,20.61888885498047,True,2.6,0.8165469169616699,0.0,False,True
T11_d715_b11_t46,T11,main,715,11,T11/day_715/block_11,46,10726,10985,10725,10985,260,21.926433563232422,True,5.2,0.8000252842903137,0.0,False,True
T11_d715_b11_t47,T11,main,715,11,T11/day_715/block_11,47,10986,11155,10985,11155,170,36.13899230957031,True,3.4,0.7228375673294067,1.0,False,True
T11_d715_b11_t48,T11,main,715,11,T11/day_715/block_11,48,11156,11304,11155,11304,149,31.054855346679688,True,2.98,0.7672519087791443,0.0,False,True
T11_d715_b11_t49,T11,main,715,11,T11/day_715/block_11,49,11305,11619,11304,11619,315,69.39993286132812,True,6.3,0.4139579236507416,7.0,False,True
T11_d715_b11_t50,T11,main,715,11,T11/day_715/block_11,50,11620,12119,11619,12119,500,120.93193054199219,False,10.0,,13.0,False,True
T11_d715_b11_t51,T11,main,715,11,T11/day_715/block_11,51,12120,12279,12119,12279,160,28.096261978149414,True,3.2,0.5735830068588257,1.0,False,True
T11_d715_b11_t52,T11,main,715,11,T11/day_715/block_11,52,12280,12781,12279,12781,502,97.14219665527344,False,10.04,,14.0,False,True
T11_d715_b11_t53,T11,main,715,11,T11/day_715/block_11,53,12782,12946,12781,12946,165,40.336021423339844,True,3.3,0.5191744565963745,2.0,False,True
T11_d715_b11_t54,T11,main,715,11,T11/day_715/block_11,54,12947,13078,12946,13078,132,9.98129653930664,True,2.64,0.823711097240448,0.0,False,True
T11_d715_b11_t55,T11,main,715,11,T11/day_715/block_11,55,13079,13580,13078,13580,502,75.98710632324219,False,10.04,,18.0,False,True
T11_d715_b11_t56,T11,main,715,11,T11/day_715/block_11,56,13581,13686,13580,13686,106,7.193587779998779,True,2.12,0.9199333190917969,0.0,False,True
T11_d715_b11_t57,T11,main,715,11,T11/day_715/block_11,57,13687,14187,13686,14187,501,131.45738220214844,False,10.02,,6.0,False,True
T11_d715_b11_t58,T11,main,715,11,T11/day_715/block_11,58,14188,14617,14187,14617,430,76.31562805175781,True,8.6,0.28547295928001404,7.0,False,True
T11_d715_b11_t59,T11,main,715,11,T11/day_715/block_11,59,14618,14838,14617,14838,221,58.435245513916016,True,4.42,0.5612534880638123,2.0,False,True
T11_d715_b11_t60,T11,main,715,11,T11/day_715/block_11,60,14839,14969,14838,14969,131,25.919872283935547,True,2.62,0.7410816550254822,1.0,False,True
T11_d727_b8_t0,T11,main,727,8,T11/day_727/block_8,0,270,581,269,581,312,52.49790954589844,True,6.24,0.3878992199897766,9.0,False,True
T11_d727_b8_t1,T11,main,727,8,T11/day_727/block_8,1,582,743,581,743,162,29.947105407714844,True,3.24,0.8587493300437927,0.0,False,True
T11_d727_b8_t2,T11,main,727,8,T11/day_727/block_8,2,744,895,743,895,152,34.83033752441406,True,3.04,0.662621021270752,0.0,False,True
T11_d727_b8_t3,T11,main,727,8,T11/day_727/block_8,3,896,1078,895,1078,183,13.176885604858398,True,3.66,0.8009393811225891,0.0,False,True
T11_d727_b8_t4,T11,main,727,8,T11/day_727/block_8,4,1079,1319,1078,1319,241,47.178714752197266,True,4.82,0.5077836513519287,4.0,False,True
T11_d727_b8_t5,T11,main,727,8,T11/day_727/block_8,5,1320,1462,1319,1462,143,19.032194137573242,True,2.86,0.7882957458496094,2.0,False,True
T11_d727_b8_t6,T11,main,727,8,T11/day_727/block_8,6,1463,1963,1462,1963,501,107.8837661743164,False,10.02,,15.0,False,True
T11_d727_b8_t7,T11,main,727,8,T11/day_727/block_8,7,1964,2186,1963,2186,223,34.97524642944336,True,4.46,0.6367377042770386,1.0,False,True
T11_d727_b8_t8,T11,main,727,8,T11/day_727/block_8,8,2187,2622,2186,2622,436,64.70645904541016,True,8.72,0.3199399411678314,8.0,False,True
T11_d727_b8_t9,T11,main,727,8,T11/day_727/block_8,9,2623,3124,2622,3124,502,102.0533447265625,False,10.04,,11.0,False,True
T11_d727_b8_t10,T11,main,727,8,T11/day_727/block_8,10,3125,3313,3124,3313,189,37.16786193847656,True,3.78,0.7291877865791321,2.0,False,True
T11_d727_b8_t11,T11,main,727,8,T11/day_727/block_8,11,3314,3815,3313,3815,502,72.1676254272461,False,10.04,,7.0,False,True
T11_d727_b8_t12,T11,main,727,8,T11/day_727/block_8,12,3816,4224,3815,4224,409,67.3592758178711,True,8.18,0.3351951837539673,11.0,False,True
T11_d727_b8_t13,T11,main,727,8,T11/day_727/block_8,13,4225,4726,4224,4726,502,130.39227294921875,False,10.04,,13.0,False,True
T11_d727_b8_t14,T11,main,727,8,T11/day_727/block_8,14,4727,4939,4726,4939,213,46.717933654785156,True,4.26,0.6721821427345276,3.0,False,True
T11_d727_b8_t15,T11,main,727,8,T11/day_727/block_8,15,4940,5441,4939,5441,502,112.28724670410156,False,10.04,,16.0,False,True
T11_d727_b8_t16,T11,main,727,8,T11/day_727/block_8,16,5442,5942,5441,5942,501,113.21266174316406,False,10.02,,4.0,False,True
T11_d727_b8_t17,T11,main,727,8,T11/day_727/block_8,17,5943,6443,5942,6443,501,140.9781951904297,False,10.02,,7.0,False,True
T11_d727_b8_t18,T11,main,727,8,T11/day_727/block_8,18,6444,6945,6443,6945,502,104.14729309082031,False,10.04,,16.0,False,True
T11_d727_b8_t19,T11,main,727,8,T11/day_727/block_8,19,6946,7446,6945,7446,501,118.34174346923828,False,10.02,,5.0,False,True
T11_d727_b8_t20,T11,main,727,8,T11/day_727/block_8,20,7447,7949,7446,7949,503,76.49946594238281,False,10.06,,17.0,False,True
T11_d727_b8_t21,T11,main,727,8,T11/day_727/block_8,21,7950,8111,7949,8111,162,11.671195983886719,True,3.24,0.6936527490615845,0.0,False,True
T11_d727_b8_t22,T11,main,727,8,T11/day_727/block_8,22,8112,8227,8111,8227,116,14.077093124389648,True,2.32,0.8296059966087341,0.0,False,True
T11_d727_b8_t23,T11,main,727,8,T11/day_727/block_8,23,8228,8728,8227,8728,501,141.92404174804688,False,10.02,,10.0,False,True
T11_d727_b8_t24,T11,main,727,8,T11/day_727/block_8,24,8729,9230,8728,9230,502,134.30072021484375,False,10.04,,16.0,False,True
T11_d727_b8_t25,T11,main,727,8,T11/day_727/block_8,25,9231,9395,9230,9395,165,24.13368034362793,True,3.3,0.8264689445495605,0.0,False,True
T11_d727_b8_t26,T11,main,727,8,T11/day_727/block_8,26,9396,9589,9395,9589,194,21.75255584716797,True,3.88,0.696552574634552,0.0,False,True
T11_d727_b8_t27,T11,main,727,8,T11/day_727/block_8,27,9590,10091,9589,10091,502,128.88771057128906,False,10.04,,14.0,False,True
T11_d727_b8_t28,T11,main,727,8,T11/day_727/block_8,28,10092,10592,10091,10592,501,128.66249084472656,False,10.02,,7.0,False,True
T11_d727_b8_t29,T11,main,727,8,T11/day_727/block_8,29,10593,10816,10592,10816,224,31.68447494506836,True,4.48,0.7503421306610107,0.0,False,True
T11_d727_b8_t30,T11,main,727,8,T11/day_727/block_8,30,10817,11317,10816,11317,501,122.83092498779297,False,10.02,,6.0,False,True
T11_d727_b8_t31,T11,main,727,8,T11/day_727/block_8,31,11318,11607,11317,11607,290,52.59584045410156,True,5.8,0.466478556394577,5.0,False,True
T11_d727_b8_t32,T11,main,727,8,T11/day_727/block_8,32,11608,11761,11607,11761,154,32.02082061767578,True,3.08,0.7337166666984558,1.0,False,True
T11_d727_b8_t33,T11,main,727,8,T11/day_727/block_8,33,11762,12262,11761,12262,501,127.02684783935547,False,10.02,,13.0,False,True
T11_d727_b8_t34,T11,main,727,8,T11/day_727/block_8,34,12263,12424,12262,12424,162,19.804943084716797,True,3.24,0.634739100933075,0.0,False,True
T11_d727_b8_t35,T11,main,727,8,T11/day_727/block_8,35,12425,12775,12424,12775,351,37.830039978027344,True,7.02,0.4595029652118683,6.0,False,True
T11_d727_b8_t36,T11,main,727,8,T11/day_727/block_8,36,12776,13275,12775,13275,500,139.40130615234375,False,10.0,,6.0,False,True
T11_d727_b8_t37,T11,main,727,8,T11/day_727/block_8,37,13276,13546,13275,13546,271,35.477787017822266,True,5.42,0.4248308539390564,3.0,False,True
T11_d727_b8_t38,T11,main,727,8,T11/day_727/block_8,38,13547,14047,13546,14047,501,80.5596923828125,False,10.02,,15.0,False,True
T11_d727_b8_t39,T11,main,727,8,T11/day_727/block_8,39,14048,14183,14047,14183,136,15.822908401489258,True,2.72,0.7305247783660889,0.0,False,True
T11_d727_b8_t40,T11,main,727,8,T11/day_727/block_8,40,14184,14685,14183,14685,502,79.47891235351562,False,10.04,,14.0,False,True
T11_d727_b8_t41,T11,main,727,8,T11/day_727/block_8,41,14686,14896,14685,14896,211,40.83661651611328,True,4.22,0.5697921514511108,5.0,False,True
T11_d727_b8_t42,T11,main,727,8,T11/day_727/block_8,42,14897,15033,14896,15033,137,21.17572784423828,True,2.74,0.8833142518997192,0.0,False,True
T11_d727_b9_t0,T11,main,727,9,T11/day_727/block_9,0,263,740,262,740,478,81.03705596923828,True,9.56,0.26532089710235596,11.0,False,True
T11_d727_b9_t1,T11,main,727,9,T11/day_727/block_9,1,741,872,740,872,132,25.505138397216797,True,2.64,0.812188446521759,0.0,False,True
T11_d727_b9_t2,T11,main,727,9,T11/day_727/block_9,2,873,1373,872,1373,501,136.99786376953125,False,10.02,,10.0,False,True
T11_d727_b9_t3,T11,main,727,9,T11/day_727/block_9,3,1374,1593,1373,1593,220,35.9697265625,True,4.4,0.5619955658912659,5.0,False,True
T11_d727_b9_t4,T11,main,727,9,T11/day_727/block_9,4,1594,2095,1593,2095,502,109.32307434082031,False,10.04,,14.0,False,True
T11_d727_b9_t5,T11,main,727,9,T11/day_727/block_9,5,2096,2226,2095,2226,131,26.075725555419922,True,2.62,0.7241213321685791,1.0,False,True
T11_d727_b9_t6,T11,main,727,9,T11/day_727/block_9,6,2227,2435,2226,2435,209,51.88351821899414,True,4.18,0.5115615129470825,2.0,False,True
T11_d727_b9_t7,T11,main,727,9,T11/day_727/block_9,7,2436,2935,2435,2935,500,135.15145874023438,False,10.0,,10.0,False,True
T11_d727_b9_t8,T11,main,727,9,T11/day_727/block_9,8,2936,3117,2935,3117,182,23.358917236328125,True,3.64,0.588178813457489,2.0,False,True
T11_d727_b9_t9,T11,main,727,9,T11/day_727/block_9,9,3118,3619,3117,3619,502,124.10435485839844,False,10.04,,12.0,False,True
T11_d727_b9_t10,T11,main,727,9,T11/day_727/block_9,10,3620,3814,3619,3814,195,18.23027229309082,True,3.9,0.841323971748352,0.0,False,True
T11_d727_b9_t11,T11,main,727,9,T11/day_727/block_9,11,3815,4153,3814,4153,339,66.0159912109375,True,6.78,0.424929141998291,5.0,False,True
T11_d727_b9_t12,T11,main,727,9,T11/day_727/block_9,12,4154,4654,4153,4654,501,106.3581771850586,False,10.02,,6.0,False,True
T11_d727_b9_t13,T11,main,727,9,T11/day_727/block_9,13,4655,4879,4654,4879,225,55.834510803222656,True,4.5,0.5209141373634338,1.0,False,True
T11_d727_b9_t14,T11,main,727,9,T11/day_727/block_9,14,4880,5184,4879,5184,305,49.986228942871094,True,6.1,0.4967474937438965,5.0,False,True
T11_d727_b9_t15,T11,main,727,9,T11/day_727/block_9,15,5185,5687,5184,5687,503,110.24253845214844,False,10.06,,9.0,False,True
T11_d727_b9_t16,T11,main,727,9,T11/day_727/block_9,16,5688,6157,5687,6157,470,66.55052185058594,True,9.4,0.37927407026290894,12.0,False,True
T11_d727_b9_t17,T11,main,727,9,T11/day_727/block_9,17,6158,6658,6157,6658,501,69.86112213134766,False,10.02,,13.0,False,True
T11_d727_b9_t18,T11,main,727,9,T11/day_727/block_9,18,6659,6961,6658,6961,303,45.75044631958008,True,6.06,0.4495546221733093,2.0,False,True
T11_d727_b9_t19,T11,main,727,9,T11/day_727/block_9,19,6962,7461,6961,7461,500,127.14570617675781,False,10.0,,12.0,False,True
T11_d727_b9_t20,T11,main,727,9,T11/day_727/block_9,20,7462,7964,7461,7964,503,123.20598602294922,False,10.06,,10.0,False,True
T11_d727_b9_t21,T11,main,727,9,T11/day_727/block_9,21,7965,8435,7964,8435,471,60.792659759521484,True,9.42,0.3283054232597351,11.0,False,True
T11_d727_b9_t22,T11,main,727,9,T11/day_727/block_9,22,8436,8705,8435,8705,270,45.25654602050781,True,5.4,0.5400536060333252,5.0,False,True
T11_d727_b9_t23,T11,main,727,9,T11/day_727/block_9,23,8706,8877,8705,8877,172,31.000926971435547,True,3.44,0.6693132519721985,0.0,False,True
T11_d727_b9_t24,T11,main,727,9,T11/day_727/block_9,24,8878,9378,8877,9378,501,101.03839874267578,False,10.02,,13.0,False,True
T11_d727_b9_t25,T11,main,727,9,T11/day_727/block_9,25,9379,9513,9378,9513,135,34.265769958496094,True,2.7,0.6366896629333496,0.0,False,True
T11_d727_b9_t26,T11,main,727,9,T11/day_727/block_9,26,9514,9723,9513,9723,210,26.498977661132812,True,4.2,0.7922663688659668,2.0,False,True
T11_d727_b9_t27,T11,main,727,9,T11/day_727/block_9,27,9724,10225,9723,10225,502,103.95755004882812,False,10.04,,14.0,False,True
T11_d727_b9_t28,T11,main,727,9,T11/day_727/block_9,28,10226,10726,10225,10726,501,116.29429626464844,False,10.02,,9.0,False,True
T11_d727_b9_t29,T11,main,727,9,T11/day_727/block_9,29,10727,10885,10726,10885,159,35.80893325805664,True,3.18,0.6980164051055908,0.0,False,True
T11_d727_b9_t30,T11,main,727,9,T11/day_727/block_9,30,10886,11386,10885,11386,501,96.21748352050781,False,10.02,,9.0,False,True
T11_d727_b9_t31,T11,main,727,9,T11/day_727/block_9,31,11387,11617,11386,11617,231,45.5157356262207,True,4.62,0.5903448462486267,1.0,False,True
T11_d727_b9_t32,T11,main,727,9,T11/day_727/block_9,32,11618,11989,11617,11989,372,66.7546615600586,True,7.44,0.43352895975112915,7.0,False,True
T11_d727_b9_t33,T11,main,727,9,T11/day_727/block_9,33,11990,12490,11989,12490,501,129.11746215820312,False,10.02,,6.0,False,True
T11_d727_b9_t34,T11,main,727,9,T11/day_727/block_9,34,12491,12665,12490,12665,175,16.676403045654297,True,3.5,0.7754809260368347,0.0,False,True
T11_d727_b9_t35,T11,main,727,9,T11/day_727/block_9,35,12666,13166,12665,13166,501,137.25115966796875,False,10.02,,8.0,False,True
T11_d727_b9_t36,T11,main,727,9,T11/day_727/block_9,36,13167,13668,13166,13668,502,138.68492126464844,False,10.04,,14.0,False,True
T11_d727_b9_t37,T11,main,727,9,T11/day_727/block_9,37,13669,13836,13668,13836,168,23.497806549072266,True,3.36,0.5817150473594666,1.0,False,True
T11_d727_b9_t38,T11,main,727,9,T11/day_727/block_9,38,13837,13981,13836,13981,145,20.292613983154297,True,2.9,0.8248621821403503,0.0,False,True
T11_d727_b9_t39,T11,main,727,9,T11/day_727/block_9,39,13982,14483,13981,14483,502,137.09698486328125,False,10.04,,9.0,False,True
T11_d727_b9_t40,T11,main,727,9,T11/day_727/block_9,40,14484,14984,14483,14984,501,117.76226806640625,False,10.02,,9.0,False,True
T11_d727_b9_t41,T11,main,727,9,T11/day_727/block_9,41,14985,15132,14984,15132,148,25.597204208374023,True,2.96,0.7929475903511047,1.0,False,True
T11_d751_b16_t0,T11,main,751,16,T11/day_751/block_16,0,263,571,262,571,309,49.40850830078125,True,6.18,0.6266069412231445,5.0,False,True
T11_d751_b16_t1,T11,main,751,16,T11/day_751/block_16,1,572,738,571,738,167,21.238723754882812,True,3.34,0.8348204493522644,2.0,False,True
T11_d751_b16_t2,T11,main,751,16,T11/day_751/block_16,2,739,998,738,998,260,37.397518157958984,True,5.2,0.6749303936958313,2.0,False,True
T11_d751_b16_t3,T11,main,751,16,T11/day_751/block_16,3,999,1196,998,1196,198,17.49838638305664,True,3.96,0.7747089862823486,4.0,False,True
T11_d751_b16_t4,T11,main,751,16,T11/day_751/block_16,4,1197,1343,1196,1343,147,9.558028221130371,True,2.94,0.9022135138511658,0.0,False,True
T11_d751_b16_t5,T11,main,751,16,T11/day_751/block_16,5,1344,1561,1343,1561,218,19.825634002685547,True,4.36,0.827068030834198,3.0,False,True
T11_d751_b16_t6,T11,main,751,16,T11/day_751/block_16,6,1562,1810,1561,1810,249,29.997562408447266,True,4.98,0.7095644474029541,4.0,False,True
T11_d751_b16_t7,T11,main,751,16,T11/day_751/block_16,7,1811,1979,1810,1979,169,24.08990478515625,True,3.38,0.8734102845191956,0.0,False,True
T11_d751_b16_t8,T11,main,751,16,T11/day_751/block_16,8,1980,2151,1979,2151,172,14.2322359085083,True,3.44,0.8957716822624207,1.0,False,True
T11_d751_b16_t9,T11,main,751,16,T11/day_751/block_16,9,2152,2323,2151,2323,172,24.16043472290039,True,3.44,0.8138309121131897,0.0,False,True
T11_d751_b16_t10,T11,main,751,16,T11/day_751/block_16,10,2324,2538,2323,2538,215,16.981237411499023,True,4.3,0.8513321876525879,1.0,False,True
T11_d751_b16_t11,T11,main,751,16,T11/day_751/block_16,11,2539,2728,2538,2728,190,22.488548278808594,True,3.8,0.8244346976280212,0.0,False,True
T11_d751_b16_t12,T11,main,751,16,T11/day_751/block_16,12,2729,3050,2728,3050,322,42.014549255371094,True,6.44,0.529525876045227,2.0,True,True
T11_d751_b16_t13,T11,main,751,16,T11/day_751/block_16,13,3051,3302,3050,3302,252,31.25112533569336,True,5.04,0.7874550819396973,0.0,False,True
T11_d751_b16_t14,T11,main,751,16,T11/day_751/block_16,14,3303,3524,3302,3524,222,28.468524932861328,True,4.44,0.7915337085723877,1.0,False,True
T11_d751_b16_t15,T11,main,751,16,T11/day_751/block_16,15,3525,3678,3524,3678,154,9.739883422851562,True,3.08,0.9048450589179993,0.0,False,True
T11_d751_b16_t16,T11,main,751,16,T11/day_751/block_16,16,3679,3886,3678,3886,208,26.553794860839844,True,4.16,0.7710077166557312,1.0,False,True
T11_d751_b16_t17,T11,main,751,16,T11/day_751/block_16,17,3887,4063,3886,4063,177,27.446794509887695,True,3.54,0.723265528678894,1.0,False,True
T11_d751_b16_t18,T11,main,751,16,T11/day_751/block_16,18,4064,4328,4063,4328,265,31.790016174316406,True,5.3,0.6272101998329163,5.0,False,True
T11_d751_b16_t19,T11,main,751,16,T11/day_751/block_16,19,4329,4491,4328,4491,163,16.561874389648438,True,3.26,0.8607397079467773,0.0,False,True
T11_d751_b16_t20,T11,main,751,16,T11/day_751/block_16,20,4492,4727,4491,4727,236,26.63421058654785,True,4.72,0.8327873945236206,1.0,False,True
T11_d751_b16_t21,T11,main,751,16,T11/day_751/block_16,21,4728,4902,4727,4902,175,18.34511375427246,True,3.5,0.7575719952583313,1.0,False,True
T11_d751_b16_t22,T11,main,751,16,T11/day_751/block_16,22,4903,5088,4902,5088,186,17.876789093017578,True,3.72,0.7765315771102905,0.0,False,True
T11_d751_b16_t23,T11,main,751,16,T11/day_751/block_16,23,5089,5265,5088,5265,177,21.885765075683594,True,3.54,0.868010938167572,1.0,False,True
T11_d751_b16_t24,T11,main,751,16,T11/day_751/block_16,24,5266,5461,5265,5461,196,22.020051956176758,True,3.92,0.828140139579773,0.0,False,True
T11_d751_b16_t25,T11,main,751,16,T11/day_751/block_16,25,5462,5675,5461,5675,214,33.39397048950195,True,4.28,0.7406609654426575,2.0,False,True
T11_d751_b16_t26,T11,main,751,16,T11/day_751/block_16,26,5676,5844,5675,5844,169,19.927490234375,True,3.38,0.7662729024887085,1.0,False,True
T11_d751_b16_t27,T11,main,751,16,T11/day_751/block_16,27,5845,6011,5844,6011,167,20.060222625732422,True,3.34,0.8708018064498901,0.0,False,True
T11_d751_b16_t28,T11,main,751,16,T11/day_751/block_16,28,6012,6173,6011,6173,162,27.27932357788086,True,3.24,0.8294904232025146,0.0,False,True
T11_d751_b16_t29,T11,main,751,16,T11/day_751/block_16,29,6174,6566,6173,6566,393,36.54743957519531,True,7.86,0.48770543932914734,5.0,False,True
T11_d751_b16_t30,T11,main,751,16,T11/day_751/block_16,30,6567,6758,6566,6758,192,26.025684356689453,True,3.84,0.8277287483215332,1.0,False,True
T11_d751_b16_t31,T11,main,751,16,T11/day_751/block_16,31,6759,6911,6758,6911,153,13.438671112060547,True,3.06,0.8899921774864197,1.0,False,True
T11_d751_b16_t32,T11,main,751,16,T11/day_751/block_16,32,6912,7096,6911,7096,185,15.545836448669434,True,3.7,0.8434919714927673,0.0,False,True
T11_d751_b16_t33,T11,main,751,16,T11/day_751/block_16,33,7097,7285,7096,7285,189,28.111738204956055,True,3.78,0.8105930685997009,0.0,False,True
T11_d751_b16_t34,T11,main,751,16,T11/day_751/block_16,34,7286,7602,7285,7602,317,38.84921646118164,True,6.34,0.7206153869628906,4.0,False,True
T11_d751_b16_t35,T11,main,751,16,T11/day_751/block_16,35,7603,7781,7602,7781,179,19.693798065185547,True,3.58,0.8326929211616516,0.0,False,True
T11_d751_b16_t36,T11,main,751,16,T11/day_751/block_16,36,7782,7979,7781,7979,198,24.985736846923828,True,3.96,0.8218306303024292,1.0,False,True
T11_d751_b16_t37,T11,main,751,16,T11/day_751/block_16,37,7980,8140,7979,8140,161,15.60027027130127,True,3.22,0.8255478143692017,0.0,False,True
T11_d751_b16_t38,T11,main,751,16,T11/day_751/block_16,38,8141,8299,8140,8299,159,15.576480865478516,True,3.18,0.9011245965957642,0.0,False,True
T11_d751_b16_t39,T11,main,751,16,T11/day_751/block_16,39,8300,8537,8299,8537,238,41.84162902832031,True,4.76,0.6227535009384155,2.0,False,True
T11_d751_b16_t40,T11,main,751,16,T11/day_751/block_16,40,8538,8737,8537,8737,200,13.92411994934082,True,4.0,0.9130442142486572,1.0,False,True
T11_d751_b16_t41,T11,main,751,16,T11/day_751/block_16,41,8738,8896,8737,8896,159,21.783775329589844,True,3.18,0.7602561712265015,0.0,False,True
T11_d751_b16_t42,T11,main,751,16,T11/day_751/block_16,42,8897,9076,8896,9076,180,19.32131576538086,True,3.6,0.856293797492981,0.0,False,True
T11_d751_b16_t43,T11,main,751,16,T11/day_751/block_16,43,9077,9357,9076,9357,281,44.012752532958984,True,5.62,0.6337293982505798,3.0,False,True
T11_d751_b16_t44,T11,main,751,16,T11/day_751/block_16,44,9358,9749,9357,9749,392,55.82130432128906,True,7.84,0.5208050608634949,4.0,False,True
T11_d751_b16_t45,T11,main,751,16,T11/day_751/block_16,45,9750,9939,9749,9939,190,25.95687484741211,True,3.8,0.717947244644165,0.0,False,True
T11_d751_b16_t46,T11,main,751,16,T11/day_751/block_16,46,9940,10139,9939,10139,200,31.935176849365234,True,4.0,0.7867732644081116,4.0,False,True
T11_d751_b16_t47,T11,main,751,16,T11/day_751/block_16,47,10140,10350,10139,10350,211,15.460490226745605,True,4.22,0.8910902738571167,1.0,False,True
T11_d751_b16_t48,T11,main,751,16,T11/day_751/block_16,48,10351,10532,10350,10532,182,24.762794494628906,True,3.64,0.8053831458091736,0.0,False,True
T11_d751_b16_t49,T11,main,751,16,T11/day_751/block_16,49,10533,10842,10532,10842,310,27.974313735961914,True,6.2,0.7469160556793213,3.0,False,True
T11_d751_b16_t50,T11,main,751,16,T11/day_751/block_16,50,10843,11012,10842,11012,170,19.406972885131836,True,3.4,0.8651654124259949,0.0,False,True
T11_d751_b16_t51,T11,main,751,16,T11/day_751/block_16,51,11013,11169,11012,11169,157,17.880027770996094,True,3.14,0.8080831170082092,0.0,False,True
T11_d751_b16_t52,T11,main,751,16,T11/day_751/block_16,52,11170,11355,11169,11355,186,21.63125991821289,True,3.72,0.9381155371665955,1.0,False,True
T11_d751_b16_t53,T11,main,751,16,T11/day_751/block_16,53,11356,11516,11355,11516,161,13.194056510925293,True,3.22,0.9272215366363525,0.0,False,True
T11_d751_b16_t54,T11,main,751,16,T11/day_751/block_16,54,11517,11930,11516,11930,414,49.401611328125,True,8.28,0.41766735911369324,9.0,False,True
T11_d751_b16_t55,T11,main,751,16,T11/day_751/block_16,55,11931,12103,11930,12103,173,18.199663162231445,True,3.46,0.8093038201332092,1.0,False,True
T11_d751_b16_t56,T11,main,751,16,T11/day_751/block_16,56,12104,12289,12103,12289,186,11.605390548706055,True,3.72,0.8743831515312195,0.0,False,True
T11_d751_b16_t57,T11,main,751,16,T11/day_751/block_16,57,12290,12450,12289,12450,161,22.33405303955078,True,3.22,0.822940468788147,1.0,False,True
T11_d751_b16_t58,T11,main,751,16,T11/day_751/block_16,58,12451,12682,12450,12682,232,14.712285995483398,True,4.64,0.8700559735298157,1.0,False,True
T11_d751_b16_t59,T11,main,751,16,T11/day_751/block_16,59,12683,12871,12682,12871,189,23.1929874420166,True,3.78,0.793718695640564,0.0,False,True
T11_d751_b16_t60,T11,main,751,16,T11/day_751/block_16,60,12872,13051,12871,13051,180,12.214765548706055,True,3.6,0.9627214074134827,0.0,False,True
T11_d751_b16_t61,T11,main,751,16,T11/day_751/block_16,61,13052,13321,13051,13321,270,21.02251434326172,True,5.4,0.7525792121887207,6.0,False,True
T11_d751_b16_t62,T11,main,751,16,T11/day_751/block_16,62,13322,13576,13321,13576,255,18.477073669433594,True,5.1,0.8021910190582275,1.0,False,True
T11_d751_b16_t63,T11,main,751,16,T11/day_751/block_16,63,13577,13742,13576,13742,166,18.622493743896484,True,3.32,0.843275785446167,1.0,False,True
T11_d751_b16_t64,T11,main,751,16,T11/day_751/block_16,64,13743,13904,13742,13904,162,15.650781631469727,True,3.24,0.8482650518417358,0.0,False,True
T11_d751_b16_t65,T11,main,751,16,T11/day_751/block_16,65,13905,14166,13904,14166,262,47.015159606933594,True,5.24,0.6800925731658936,3.0,False,True
T11_d751_b16_t66,T11,main,751,16,T11/day_751/block_16,66,14167,14513,14166,14513,347,28.43165397644043,True,6.94,0.5833914279937744,4.0,False,True
T11_d751_b16_t67,T11,main,751,16,T11/day_751/block_16,67,14514,14739,14513,14739,226,25.44876480102539,True,4.52,0.7847518920898438,0.0,False,True
T11_d751_b16_t68,T11,main,751,16,T11/day_751/block_16,68,14740,14910,14739,14910,171,7.759359359741211,True,3.42,0.8640697598457336,0.0,False,True
T11_d751_b16_t69,T11,main,751,16,T11/day_751/block_16,69,14911,15051,14910,15051,141,11.185070037841797,True,2.82,0.8839326500892639,1.0,False,True
T11_d758_b16_t0,T11,main,758,16,T11/day_758/block_16,0,271,771,270,771,501,81.40130615234375,False,10.02,,18.0,False,True
T11_d758_b16_t1,T11,main,758,16,T11/day_758/block_16,1,772,929,771,929,158,11.422077178955078,True,3.16,0.4620662033557892,3.0,False,True
T11_d758_b16_t2,T11,main,758,16,T11/day_758/block_16,2,930,1033,929,1033,104,20.583127975463867,True,2.08,0.7021294832229614,0.0,False,True
T11_d758_b16_t3,T11,main,758,16,T11/day_758/block_16,3,1034,1535,1033,1535,502,130.633544921875,False,10.04,,16.0,False,True
T11_d758_b16_t4,T11,main,758,16,T11/day_758/block_16,4,1536,1667,1535,1667,132,13.933551788330078,True,2.64,0.24014626443386078,0.0,False,True
T11_d758_b16_t5,T11,main,758,16,T11/day_758/block_16,5,1668,2168,1667,2168,501,154.80343627929688,False,10.02,,5.0,False,True
T11_d758_b16_t6,T11,main,758,16,T11/day_758/block_16,6,2169,2669,2168,2669,501,121.06674194335938,False,10.02,,12.0,False,True
T11_d758_b16_t7,T11,main,758,16,T11/day_758/block_16,7,2670,3171,2669,3171,502,127.12666320800781,False,10.04,,9.0,False,True
T11_d758_b16_t8,T11,main,758,16,T11/day_758/block_16,8,3172,3672,3171,3672,501,90.1602554321289,False,10.02,,12.0,False,True
T11_d758_b16_t9,T11,main,758,16,T11/day_758/block_16,9,3673,4174,3672,4174,502,126.4975814819336,False,10.04,,10.0,False,True
T11_d758_b16_t10,T11,main,758,16,T11/day_758/block_16,10,4175,4675,4174,4675,501,144.23309326171875,False,10.02,,10.0,False,True
T11_d758_b16_t11,T11,main,758,16,T11/day_758/block_16,11,4676,4905,4675,4905,230,52.36788558959961,True,4.6,0.15781892836093903,2.0,False,True
T11_d758_b16_t12,T11,main,758,16,T11/day_758/block_16,12,4906,5406,4905,5406,501,113.12052154541016,False,10.02,,4.0,False,True
T11_d758_b16_t13,T11,main,758,16,T11/day_758/block_16,13,5407,5570,5406,5570,164,29.27156639099121,True,3.28,0.3067803978919983,1.0,False,True
T11_d758_b16_t14,T11,main,758,16,T11/day_758/block_16,14,5571,6071,5570,6071,501,150.97999572753906,False,10.02,,8.0,False,True
T11_d758_b16_t15,T11,main,758,16,T11/day_758/block_16,15,6072,6188,6071,6188,117,26.133460998535156,True,2.34,0.18935902416706085,0.0,False,True
T11_d758_b16_t16,T11,main,758,16,T11/day_758/block_16,16,6189,6689,6188,6689,501,145.50637817382812,False,10.02,,10.0,False,True
T11_d758_b16_t17,T11,main,758,16,T11/day_758/block_16,17,6690,6830,6689,6830,141,25.497426986694336,True,2.82,0.2178545445203781,0.0,False,True
T11_d758_b16_t18,T11,main,758,16,T11/day_758/block_16,18,6831,6960,6830,6960,130,17.897743225097656,True,2.6,0.7319821715354919,2.0,False,True
T11_d758_b16_t19,T11,main,758,16,T11/day_758/block_16,19,6961,7462,6960,7462,502,148.30145263671875,False,10.04,,10.0,False,True
T11_d758_b16_t20,T11,main,758,16,T11/day_758/block_16,20,7463,7594,7462,7594,132,26.234817504882812,True,2.64,0.22684481739997864,0.0,False,True
T11_d758_b16_t21,T11,main,758,16,T11/day_758/block_16,21,7595,8096,7594,8096,502,149.9796600341797,False,10.04,,12.0,False,True
T11_d758_b16_t22,T11,main,758,16,T11/day_758/block_16,22,8097,8224,8096,8224,128,26.59803009033203,True,2.56,0.2860698997974396,1.0,False,True
T11_d758_b16_t23,T11,main,758,16,T11/day_758/block_16,23,8225,8726,8224,8726,502,143.38600158691406,False,10.04,,11.0,False,True
T11_d758_b16_t24,T11,main,758,16,T11/day_758/block_16,24,8727,9227,8726,9227,501,115.14469909667969,False,10.02,,9.0,False,True
T11_d758_b16_t25,T11,main,758,16,T11/day_758/block_16,25,9228,9729,9227,9729,502,96.09036254882812,False,10.04,,8.0,False,True
T11_d758_b16_t26,T11,main,758,16,T11/day_758/block_16,26,9730,10230,9729,10230,501,136.93832397460938,False,10.02,,8.0,False,True
T11_d758_b16_t27,T11,main,758,16,T11/day_758/block_16,27,10231,10373,10230,10373,143,24.35468101501465,True,2.86,0.2333744466304779,0.0,False,True
T11_d758_b16_t28,T11,main,758,16,T11/day_758/block_16,28,10374,10874,10373,10874,501,132.77684020996094,False,10.02,,16.0,False,True
T11_d758_b16_t29,T11,main,758,16,T11/day_758/block_16,29,10875,11377,10874,11377,503,128.6470489501953,False,10.06,,6.0,False,True
T11_d758_b16_t30,T11,main,758,16,T11/day_758/block_16,30,11378,11877,11377,11877,500,87.81842803955078,False,10.0,,6.0,False,True
T11_d758_b16_t31,T11,main,758,16,T11/day_758/block_16,31,11878,12380,11877,12380,503,127.79480743408203,False,10.06,,17.0,False,True
T11_d758_b16_t32,T11,main,758,16,T11/day_758/block_16,32,12381,12880,12380,12880,500,139.44683837890625,False,10.0,,9.0,False,True
T11_d758_b16_t33,T11,main,758,16,T11/day_758/block_16,33,12881,13383,12880,13383,503,143.59744262695312,False,10.06,,8.0,False,True
T11_d758_b16_t34,T11,main,758,16,T11/day_758/block_16,34,13384,13883,13383,13883,500,151.42977905273438,False,10.0,,8.0,False,True
T11_d758_b16_t35,T11,main,758,16,T11/day_758/block_16,35,13884,14386,13883,14386,503,121.94633483886719,False,10.06,,8.0,False,True
T11_d758_b16_t36,T11,main,758,16,T11/day_758/block_16,36,14387,14886,14386,14886,500,94.15066528320312,False,10.0,,8.0,False,True
T11_d758_b18_t0,T11,main,758,18,T11/day_758/block_18,0,264,530,263,530,267,56.68464660644531,True,5.34,0.33508700132369995,3.0,False,True
T11_d758_b18_t1,T11,main,758,18,T11/day_758/block_18,1,531,756,530,756,226,56.24799728393555,True,4.52,0.37808260321617126,2.0,False,True
T11_d758_b18_t2,T11,main,758,18,T11/day_758/block_18,2,757,1200,756,1200,444,67.16644287109375,True,8.88,0.25243106484413147,6.0,False,True
T11_d758_b18_t3,T11,main,758,18,T11/day_758/block_18,3,1201,1701,1200,1701,501,94.08732604980469,False,10.02,,14.0,False,True
T11_d758_b18_t4,T11,main,758,18,T11/day_758/block_18,4,1702,2203,1701,2203,502,122.64453125,False,10.04,,12.0,False,True
T11_d758_b18_t5,T11,main,758,18,T11/day_758/block_18,5,2204,2704,2203,2704,501,134.69354248046875,False,10.02,,15.0,False,True
T11_d758_b18_t6,T11,main,758,18,T11/day_758/block_18,6,2705,3206,2704,3206,502,99.8152084350586,False,10.04,,12.0,False,True
T11_d758_b18_t7,T11,main,758,18,T11/day_758/block_18,7,3207,3707,3206,3707,501,93.20624542236328,False,10.02,,8.0,False,True
T11_d758_b18_t8,T11,main,758,18,T11/day_758/block_18,8,3708,4209,3707,4209,502,119.42269897460938,False,10.04,,1.0,False,True
T11_d758_b18_t9,T11,main,758,18,T11/day_758/block_18,9,4210,4710,4209,4710,501,121.677978515625,False,10.02,,18.0,False,True
T11_d758_b18_t10,T11,main,758,18,T11/day_758/block_18,10,4711,5212,4710,5212,502,133.44346618652344,False,10.04,,5.0,False,True
T11_d758_b18_t11,T11,main,758,18,T11/day_758/block_18,11,5213,5713,5212,5713,501,109.7175521850586,False,10.02,,20.0,False,True
T11_d758_b18_t12,T11,main,758,18,T11/day_758/block_18,12,5714,5812,5713,5812,99,18.994407653808594,True,1.98,0.40177229046821594,0.0,False,True
T11_d758_b18_t13,T11,main,758,18,T11/day_758/block_18,13,5813,6312,5812,6312,500,147.25245666503906,False,10.0,,8.0,False,True
T11_d758_b18_t14,T11,main,758,18,T11/day_758/block_18,14,6313,6814,6312,6814,502,154.18118286132812,False,10.04,,4.0,False,True
T11_d758_b18_t15,T11,main,758,18,T11/day_758/block_18,15,6815,7315,6814,7315,501,155.17422485351562,False,10.02,,0.0,False,True
T11_d758_b18_t16,T11,main,758,18,T11/day_758/block_18,16,7316,7551,7315,7551,236,39.69957733154297,True,4.72,0.23609188199043274,3.0,False,True
T11_d758_b18_t17,T11,main,758,18,T11/day_758/block_18,17,7552,8052,7551,8052,501,144.16976928710938,False,10.02,,6.0,False,True
T11_d758_b18_t18,T11,main,758,18,T11/day_758/block_18,18,8053,8554,8052,8554,502,135.73501586914062,False,10.04,,12.0,False,True
T11_d758_b18_t19,T11,main,758,18,T11/day_758/block_18,19,8555,9055,8554,9055,501,89.14395904541016,False,10.02,,13.0,False,True
T11_d758_b18_t20,T11,main,758,18,T11/day_758/block_18,20,9056,9557,9055,9557,502,132.99331665039062,False,10.04,,12.0,False,True
T11_d758_b18_t21,T11,main,758,18,T11/day_758/block_18,21,9558,10058,9557,10058,501,111.9158706665039,False,10.02,,4.0,False,True
T11_d758_b18_t22,T11,main,758,18,T11/day_758/block_18,22,10059,10130,10058,10130,72,5.444178581237793,True,1.44,0.3467114567756653,0.0,False,True
T11_d758_b18_t23,T11,main,758,18,T11/day_758/block_18,23,10131,10631,10130,10631,501,154.5189666748047,False,10.02,,6.0,False,True
T11_d758_b18_t24,T11,main,758,18,T11/day_758/block_18,24,10632,11133,10631,11133,502,136.88327026367188,False,10.04,,12.0,False,True
T11_d758_b18_t25,T11,main,758,18,T11/day_758/block_18,25,11134,11634,11133,11634,501,135.78500366210938,False,10.02,,12.0,False,True
T11_d758_b18_t26,T11,main,758,18,T11/day_758/block_18,26,11635,12136,11634,12136,502,146.1578369140625,False,10.04,,14.0,False,True
T11_d758_b18_t27,T11,main,758,18,T11/day_758/block_18,27,12137,12637,12136,12637,501,138.0663604736328,False,10.02,,12.0,False,True
T11_d758_b18_t28,T11,main,758,18,T11/day_758/block_18,28,12638,13139,12637,13139,502,112.03255462646484,False,10.04,,17.0,False,True
T11_d758_b18_t29,T11,main,758,18,T11/day_758/block_18,29,13140,13640,13139,13640,501,117.39107513427734,False,10.02,,8.0,False,True
T11_d758_b18_t30,T11,main,758,18,T11/day_758/block_18,30,13641,14142,13640,14142,502,142.5208740234375,False,10.04,,10.0,False,True
T11_d758_b18_t31,T11,main,758,18,T11/day_758/block_18,31,14143,14257,14142,14257,115,36.74333953857422,True,2.3,0.19846008718013763,2.0,False,True
T11_d758_b18_t32,T11,main,758,18,T11/day_758/block_18,32,14258,14759,14257,14759,502,131.67491149902344,False,10.04,,4.0,False,True
T11_d770_b5_t0,T11,main,770,5,T11/day_770/block_5,0,266,400,265,400,135,44.5747184753418,True,2.7,0.6772143244743347,3.0,False,True
T11_d770_b5_t1,T11,main,770,5,T11/day_770/block_5,1,401,901,400,901,501,101.99173736572266,False,10.02,,12.0,False,True
T11_d770_b5_t2,T11,main,770,5,T11/day_770/block_5,2,902,1025,901,1025,124,37.47483825683594,True,2.48,0.30243048071861267,0.0,False,True
T11_d770_b5_t3,T11,main,770,5,T11/day_770/block_5,3,1026,1527,1025,1527,502,110.77641296386719,False,10.04,,17.0,False,True
T11_d770_b5_t4,T11,main,770,5,T11/day_770/block_5,4,1528,1643,1527,1643,116,38.49156951904297,True,2.32,0.3054172396659851,0.0,False,True
T11_d770_b5_t5,T11,main,770,5,T11/day_770/block_5,5,1644,2145,1643,2145,502,131.55615234375,False,10.04,,9.0,False,True
T11_d770_b5_t6,T11,main,770,5,T11/day_770/block_5,6,2146,2646,2145,2646,501,119.13450622558594,False,10.02,,12.0,False,True
T11_d770_b5_t7,T11,main,770,5,T11/day_770/block_5,7,2647,2918,2646,2918,272,58.71845245361328,True,5.44,0.2028929442167282,4.0,False,True
T11_d770_b5_t8,T11,main,770,5,T11/day_770/block_5,8,2919,3420,2918,3420,502,101.86695098876953,False,10.04,,6.0,False,True
T11_d770_b5_t9,T11,main,770,5,T11/day_770/block_5,9,3421,3921,3420,3921,501,122.18831634521484,False,10.02,,15.0,False,True
T11_d770_b5_t10,T11,main,770,5,T11/day_770/block_5,10,3922,4423,3921,4423,502,140.63848876953125,False,10.04,,9.0,False,True
T11_d770_b5_t11,T11,main,770,5,T11/day_770/block_5,11,4424,4924,4423,4924,501,121.02568054199219,False,10.02,,9.0,False,True
T11_d770_b5_t12,T11,main,770,5,T11/day_770/block_5,12,4925,5426,4924,5426,502,134.9442901611328,False,10.04,,10.0,False,True
T11_d770_b5_t13,T11,main,770,5,T11/day_770/block_5,13,5427,5581,5426,5581,155,43.65191650390625,True,3.1,0.20059630274772644,3.0,False,True
T11_d770_b5_t14,T11,main,770,5,T11/day_770/block_5,14,5582,6083,5581,6083,502,153.2627716064453,False,10.04,,2.0,False,True
T11_d770_b5_t15,T11,main,770,5,T11/day_770/block_5,15,6084,6222,6083,6222,139,64.21231079101562,True,2.78,0.17202003300189972,1.0,False,True
T11_d770_b5_t16,T11,main,770,5,T11/day_770/block_5,16,6223,6353,6222,6353,131,17.708824157714844,True,2.62,0.6954388618469238,0.0,False,True
T11_d770_b5_t17,T11,main,770,5,T11/day_770/block_5,17,6354,6854,6353,6854,501,117.26580047607422,False,10.02,,11.0,False,True
T11_d770_b5_t18,T11,main,770,5,T11/day_770/block_5,18,6855,6963,6854,6963,109,30.299915313720703,True,2.18,0.24431321024894714,0.0,False,True
T11_d770_b5_t19,T11,main,770,5,T11/day_770/block_5,19,6964,7465,6963,7465,502,149.38058471679688,False,10.04,,6.0,False,True
T11_d770_b5_t20,T11,main,770,5,T11/day_770/block_5,20,7466,7966,7465,7966,501,134.100830078125,False,10.02,,10.0,False,True
T11_d770_b5_t21,T11,main,770,5,T11/day_770/block_5,21,7967,8095,7966,8095,129,25.140546798706055,True,2.58,0.22876128554344177,0.0,False,True
T11_d770_b5_t22,T11,main,770,5,T11/day_770/block_5,22,8096,8210,8095,8210,115,33.37210464477539,True,2.3,0.5999976992607117,0.0,False,True
T11_d770_b5_t23,T11,main,770,5,T11/day_770/block_5,23,8211,8712,8210,8712,502,137.3180389404297,False,10.04,,12.0,False,True
T11_d770_b5_t24,T11,main,770,5,T11/day_770/block_5,24,8713,9213,8712,9213,501,135.67843627929688,False,10.02,,14.0,False,True
T11_d770_b5_t25,T11,main,770,5,T11/day_770/block_5,25,9214,9715,9213,9715,502,102.17782592773438,False,10.04,,10.0,False,True
T11_d770_b5_t26,T11,main,770,5,T11/day_770/block_5,26,9716,10216,9715,10216,501,108.99190521240234,False,10.02,,11.0,False,True
T11_d770_b5_t27,T11,main,770,5,T11/day_770/block_5,27,10217,10417,10216,10417,201,51.066162109375,True,4.02,0.2690586447715759,0.0,False,True
T11_d770_b5_t28,T11,main,770,5,T11/day_770/block_5,28,10418,10917,10417,10917,500,122.72882080078125,False,10.0,,11.0,False,True
T11_d770_b5_t29,T11,main,770,5,T11/day_770/block_5,29,10918,11044,10917,11044,127,14.564155578613281,True,2.54,0.2972224950790405,0.0,False,True
T11_d770_b5_t30,T11,main,770,5,T11/day_770/block_5,30,11045,11545,11044,11545,501,127.5801773071289,False,10.02,,7.0,False,True
T11_d770_b5_t31,T11,main,770,5,T11/day_770/block_5,31,11546,12047,11545,12047,502,124.58830261230469,False,10.04,,12.0,False,True
T11_d770_b5_t32,T11,main,770,5,T11/day_770/block_5,32,12048,12548,12047,12548,501,116.38687896728516,False,10.02,,14.0,False,True
T11_d770_b5_t33,T11,main,770,5,T11/day_770/block_5,33,12549,13050,12548,13050,502,107.96119689941406,False,10.04,,8.0,False,True
T11_d770_b5_t34,T11,main,770,5,T11/day_770/block_5,34,13051,13551,13050,13551,501,123.39254760742188,False,10.02,,7.0,False,True
T11_d770_b5_t35,T11,main,770,5,T11/day_770/block_5,35,13552,14053,13551,14053,502,135.97891235351562,False,10.04,,8.0,False,True
T11_d770_b5_t36,T11,main,770,5,T11/day_770/block_5,36,14054,14554,14053,14554,501,72.80365753173828,False,10.02,,10.0,False,True
T11_d770_b5_t37,T11,main,770,5,T11/day_770/block_5,37,14555,15056,14554,15056,502,117.30200958251953,False,10.04,,7.0,False,True
T11_d770_b6_t0,T11,main,770,6,T11/day_770/block_6,0,261,762,260,762,502,144.16827392578125,False,10.04,,7.0,False,True
T11_d770_b6_t1,T11,main,770,6,T11/day_770/block_6,1,763,883,762,883,121,45.98931884765625,True,2.42,0.20101957023143768,6.0,False,True
T11_d770_b6_t2,T11,main,770,6,T11/day_770/block_6,2,884,1385,883,1385,502,135.04745483398438,False,10.04,,13.0,False,True
T11_d770_b6_t3,T11,main,770,6,T11/day_770/block_6,3,1386,1604,1385,1604,219,42.515235900878906,True,4.38,0.16816547513008118,1.0,False,True
T11_d770_b6_t4,T11,main,770,6,T11/day_770/block_6,4,1605,1710,1604,1710,106,26.319171905517578,True,2.12,0.7307945489883423,0.0,False,True
T11_d770_b6_t5,T11,main,770,6,T11/day_770/block_6,5,1711,2211,1710,2211,501,105.46504211425781,False,10.02,,12.0,False,True
T11_d770_b6_t6,T11,main,770,6,T11/day_770/block_6,6,2212,2712,2211,2712,501,134.0599822998047,False,10.02,,10.0,False,True
T11_d770_b6_t7,T11,main,770,6,T11/day_770/block_6,7,2713,3094,2712,3094,382,63.19292449951172,True,7.64,0.14189016819000244,6.0,False,True
T11_d770_b6_t8,T11,main,770,6,T11/day_770/block_6,8,3095,3596,3094,3596,502,118.0992431640625,False,10.04,,15.0,False,True
T11_d770_b6_t9,T11,main,770,6,T11/day_770/block_6,9,3597,3811,3596,3811,215,37.52644729614258,True,4.3,0.26767459511756897,0.0,False,True
T11_d770_b6_t10,T11,main,770,6,T11/day_770/block_6,10,3812,4049,3811,4049,238,76.84762573242188,True,4.76,0.40571463108062744,5.0,False,True
T11_d770_b6_t11,T11,main,770,6,T11/day_770/block_6,11,4050,4136,4049,4136,87,25.963645935058594,True,1.74,0.7519827485084534,0.0,False,True
T11_d770_b6_t12,T11,main,770,6,T11/day_770/block_6,12,4137,4247,4136,4247,111,18.488826751708984,True,2.22,0.7114474177360535,0.0,False,True
T11_d770_b6_t13,T11,main,770,6,T11/day_770/block_6,13,4248,4748,4247,4748,501,122.45167541503906,False,10.02,,18.0,False,True
T11_d770_b6_t14,T11,main,770,6,T11/day_770/block_6,14,4749,4938,4748,4938,190,51.011077880859375,True,3.8,0.2702203691005707,2.0,False,True
T11_d770_b6_t15,T11,main,770,6,T11/day_770/block_6,15,4939,5404,4938,5404,466,74.89604187011719,True,9.32,0.1963231861591339,9.0,False,True
T11_d770_b6_t16,T11,main,770,6,T11/day_770/block_6,16,5405,5822,5404,5822,418,47.846656799316406,True,8.36,0.23615115880966187,2.0,False,True
T11_d770_b6_t17,T11,main,770,6,T11/day_770/block_6,17,5823,6323,5822,6323,501,94.1663818359375,False,10.02,,13.0,False,True
T11_d770_b6_t18,T11,main,770,6,T11/day_770/block_6,18,6324,6825,6323,6825,502,115.77072143554688,False,10.04,,12.0,False,True
T11_d770_b6_t19,T11,main,770,6,T11/day_770/block_6,19,6826,7040,6825,7040,215,52.70093536376953,True,4.3,0.25427675247192383,1.0,False,True
T11_d770_b6_t20,T11,main,770,6,T11/day_770/block_6,20,7041,7175,7040,7175,135,27.42478370666504,True,2.7,0.4891450107097626,2.0,False,True
T11_d770_b6_t21,T11,main,770,6,T11/day_770/block_6,21,7176,7676,7175,7676,501,104.51188659667969,False,10.02,,16.0,False,True
T11_d770_b6_t22,T11,main,770,6,T11/day_770/block_6,22,7677,8178,7676,8178,502,93.07911682128906,False,10.04,,9.0,False,True
T11_d770_b6_t23,T11,main,770,6,T11/day_770/block_6,23,8179,8326,8178,8326,148,34.980796813964844,True,2.96,0.40523210167884827,0.0,False,True
T11_d770_b6_t24,T11,main,770,6,T11/day_770/block_6,24,8327,8827,8326,8827,501,123.32372283935547,False,10.02,,12.0,False,True
T11_d770_b6_t25,T11,main,770,6,T11/day_770/block_6,25,8828,9021,8827,9021,194,12.29566764831543,True,3.88,0.4189341068267822,0.0,False,True
T11_d770_b6_t26,T11,main,770,6,T11/day_770/block_6,26,9022,9189,9021,9189,168,30.47551727294922,True,3.36,0.5413281917572021,0.0,False,True
T11_d770_b6_t27,T11,main,770,6,T11/day_770/block_6,27,9190,9690,9189,9690,501,83.31411743164062,False,10.02,,15.0,False,True
T11_d770_b6_t28,T11,main,770,6,T11/day_770/block_6,28,9691,9846,9690,9846,156,34.64927673339844,True,3.12,0.5020402669906616,1.0,False,True
T11_d770_b6_t29,T11,main,770,6,T11/day_770/block_6,29,9847,10347,9846,10347,501,98.52662658691406,False,10.02,,10.0,False,True
T11_d770_b6_t30,T11,main,770,6,T11/day_770/block_6,30,10348,10849,10347,10849,502,97.5,False,10.04,,14.0,False,True
T11_d770_b6_t31,T11,main,770,6,T11/day_770/block_6,31,10850,11350,10849,11350,501,107.99359130859375,False,10.02,,18.0,False,True
T11_d770_b6_t32,T11,main,770,6,T11/day_770/block_6,32,11351,11852,11350,11852,502,124.12779235839844,False,10.04,,11.0,False,True
T11_d770_b6_t33,T11,main,770,6,T11/day_770/block_6,33,11853,12353,11852,12353,501,106.26415252685547,False,10.02,,10.0,False,True
T11_d770_b6_t34,T11,main,770,6,T11/day_770/block_6,34,12354,12533,12353,12533,180,26.95486068725586,True,3.6,0.37360239028930664,1.0,False,True
T11_d770_b6_t35,T11,main,770,6,T11/day_770/block_6,35,12534,13035,12533,13035,502,120.43144226074219,False,10.04,,12.0,False,True
T11_d770_b6_t36,T11,main,770,6,T11/day_770/block_6,36,13036,13536,13035,13536,501,132.13662719726562,False,10.02,,17.0,False,True
T11_d770_b6_t37,T11,main,770,6,T11/day_770/block_6,37,13537,14006,13536,14006,470,50.369873046875,True,9.4,0.24787463247776031,9.0,False,True
T11_d770_b6_t38,T11,main,770,6,T11/day_770/block_6,38,14007,14508,14006,14508,502,108.52976989746094,False,10.04,,7.0,False,True
T11_d770_b6_t39,T11,main,770,6,T11/day_770/block_6,39,14509,14684,14508,14684,176,32.25276184082031,True,3.52,0.3254995346069336,2.0,False,True
T11_d770_b6_t40,T11,main,770,6,T11/day_770/block_6,40,14685,14846,14684,14846,162,29.32347869873047,True,3.24,0.6149652600288391,3.0,False,True
T11_d783_b12_t0,T11,main,783,12,T11/day_783/block_12,0,266,646,265,646,381,59.07247543334961,True,7.62,0.4161412715911865,7.0,False,True
T11_d783_b12_t1,T11,main,783,12,T11/day_783/block_12,1,647,909,646,909,263,57.294761657714844,True,5.26,0.4758327603340149,2.0,False,True
T11_d783_b12_t2,T11,main,783,12,T11/day_783/block_12,2,910,1024,909,1024,115,17.36876106262207,True,2.3,0.7455080151557922,0.0,False,True
T11_d783_b12_t3,T11,main,783,12,T11/day_783/block_12,3,1025,1526,1024,1526,502,148.81939697265625,False,10.04,,11.0,False,True
T11_d783_b12_t4,T11,main,783,12,T11/day_783/block_12,4,1527,2027,1526,2027,501,123.14818572998047,False,10.02,,10.0,False,True
T11_d783_b12_t5,T11,main,783,12,T11/day_783/block_12,5,2028,2529,2027,2529,502,102.43528747558594,False,10.04,,10.0,False,True
T11_d783_b12_t6,T11,main,783,12,T11/day_783/block_12,6,2530,3030,2529,3030,501,141.39659118652344,False,10.02,,8.0,False,True
T11_d783_b12_t7,T11,main,783,12,T11/day_783/block_12,7,3031,3221,3030,3221,191,19.5456485748291,True,3.82,0.27706921100616455,0.0,False,True
T11_d783_b12_t8,T11,main,783,12,T11/day_783/block_12,8,3222,3559,3221,3559,338,41.106258392333984,True,6.76,0.6444082856178284,0.0,False,True
T11_d783_b12_t9,T11,main,783,12,T11/day_783/block_12,9,3560,4061,3559,4061,502,130.10931396484375,False,10.04,,13.0,False,True
T11_d783_b12_t10,T11,main,783,12,T11/day_783/block_12,10,4062,4265,4061,4265,204,20.88683319091797,True,4.08,0.274519681930542,2.0,False,True
T11_d783_b12_t11,T11,main,783,12,T11/day_783/block_12,11,4266,4768,4265,4768,503,129.98524475097656,False,10.06,,14.0,False,True
T11_d783_b12_t12,T11,main,783,12,T11/day_783/block_12,12,4769,5268,4768,5268,500,115.94306182861328,False,10.0,,15.0,False,True
T11_d783_b12_t13,T11,main,783,12,T11/day_783/block_12,13,5269,5771,5268,5771,503,106.82904052734375,False,10.06,,11.0,False,True
T11_d783_b12_t14,T11,main,783,12,T11/day_783/block_12,14,5772,6271,5771,6271,500,108.9443359375,False,10.0,,9.0,False,True
T11_d783_b12_t15,T11,main,783,12,T11/day_783/block_12,15,6272,6773,6271,6773,502,119.04508972167969,False,10.04,,12.0,False,True
T11_d783_b12_t16,T11,main,783,12,T11/day_783/block_12,16,6774,7274,6773,7274,501,95.68047332763672,False,10.02,,11.0,False,True
T11_d783_b12_t17,T11,main,783,12,T11/day_783/block_12,17,7275,7776,7274,7776,502,76.80413818359375,False,10.04,,13.0,False,True
T11_d783_b12_t18,T11,main,783,12,T11/day_783/block_12,18,7777,7975,7776,7975,199,30.840383529663086,True,3.98,0.4953432083129883,1.0,False,True
T11_d783_b12_t19,T11,main,783,12,T11/day_783/block_12,19,7976,8475,7975,8475,500,139.36337280273438,False,10.0,,12.0,False,True
T11_d783_b12_t20,T11,main,783,12,T11/day_783/block_12,20,8476,8723,8475,8723,248,33.190101623535156,True,4.96,0.258514404296875,1.0,False,True
T11_d783_b12_t21,T11,main,783,12,T11/day_783/block_12,21,8724,9224,8723,9224,501,125.65290069580078,False,10.02,,14.0,False,True
T11_d783_b12_t22,T11,main,783,12,T11/day_783/block_12,22,9225,9726,9224,9726,502,121.45056915283203,False,10.04,,12.0,False,True
T11_d783_b12_t23,T11,main,783,12,T11/day_783/block_12,23,9727,10227,9726,10227,501,124.2226333618164,False,10.02,,4.0,False,True
T11_d783_b12_t24,T11,main,783,12,T11/day_783/block_12,24,10228,10446,10227,10446,219,25.697389602661133,True,4.38,0.33053842186927795,3.0,False,True
T11_d783_b12_t25,T11,main,783,12,T11/day_783/block_12,25,10447,10947,10446,10947,501,98.48812103271484,False,10.02,,8.0,False,True
T11_d783_b12_t26,T11,main,783,12,T11/day_783/block_12,26,10948,11449,10947,11449,502,117.80363464355469,False,10.04,,10.0,False,True
T11_d783_b12_t27,T11,main,783,12,T11/day_783/block_12,27,11450,11621,11449,11621,172,26.336872100830078,True,3.44,0.3115713596343994,0.0,False,True
T11_d783_b12_t28,T11,main,783,12,T11/day_783/block_12,28,11622,12123,11621,12123,502,153.09661865234375,False,10.04,,8.0,False,True
T11_d783_b12_t29,T11,main,783,12,T11/day_783/block_12,29,12124,12259,12123,12259,136,16.711143493652344,True,2.72,0.22365443408489227,0.0,False,True
T11_d783_b12_t30,T11,main,783,12,T11/day_783/block_12,30,12260,12398,12259,12398,139,23.667137145996094,True,2.78,0.6933490037918091,0.0,True,True
T11_d783_b12_t31,T11,main,783,12,T11/day_783/block_12,31,12399,12900,12398,12900,502,111.07361602783203,False,10.04,,12.0,False,True
T11_d783_b12_t32,T11,main,783,12,T11/day_783/block_12,32,12901,13401,12900,13401,501,112.00321960449219,False,10.02,,7.0,False,True
T11_d783_b12_t33,T11,main,783,12,T11/day_783/block_12,33,13402,13902,13401,13902,501,112.8167953491211,False,10.02,,15.0,False,True
T11_d783_b12_t34,T11,main,783,12,T11/day_783/block_12,34,13903,14083,13902,14083,181,9.09742259979248,True,3.62,0.4121969938278198,0.0,False,True
T11_d783_b12_t35,T11,main,783,12,T11/day_783/block_12,35,14084,14584,14083,14584,501,156.3721160888672,False,10.02,,6.0,False,True
T11_d783_b12_t36,T11,main,783,12,T11/day_783/block_12,36,14585,15086,14584,15086,502,142.96627807617188,False,10.04,,10.0,False,True
T11_d783_b14_t0,T11,main,783,14,T11/day_783/block_14,0,264,764,263,764,501,121.31517028808594,False,10.02,,20.0,False,True
T11_d783_b14_t1,T11,main,783,14,T11/day_783/block_14,1,765,1254,764,1254,490,88.71022033691406,True,9.8,0.20110739767551422,6.0,False,True
T11_d783_b14_t2,T11,main,783,14,T11/day_783/block_14,2,1255,1755,1254,1755,501,157.40557861328125,False,10.02,,5.0,False,True
T11_d783_b14_t3,T11,main,783,14,T11/day_783/block_14,3,1756,1887,1755,1887,132,8.536354064941406,True,2.64,0.24090620875358582,0.0,False,True
T11_d783_b14_t4,T11,main,783,14,T11/day_783/block_14,4,1888,2115,1887,2115,228,26.7108154296875,True,4.56,0.6987038254737854,0.0,False,True
T11_d783_b14_t5,T11,main,783,14,T11/day_783/block_14,5,2116,2616,2115,2616,501,141.45899963378906,False,10.02,,6.0,False,True
T11_d783_b14_t6,T11,main,783,14,T11/day_783/block_14,6,2617,3118,2616,3118,502,82.09982299804688,False,10.04,,13.0,False,True
T11_d783_b14_t7,T11,main,783,14,T11/day_783/block_14,7,3119,3619,3118,3619,501,125.55794525146484,False,10.02,,15.0,False,True
T11_d783_b14_t8,T11,main,783,14,T11/day_783/block_14,8,3620,3921,3619,3921,302,58.80390930175781,True,6.04,0.30744943022727966,0.0,False,True
T11_d783_b14_t9,T11,main,783,14,T11/day_783/block_14,9,3922,4423,3921,4423,502,115.3165283203125,False,10.04,,15.0,False,True
T11_d783_b14_t10,T11,main,783,14,T11/day_783/block_14,10,4424,4638,4423,4638,215,32.620235443115234,True,4.3,0.3482687175273895,0.0,False,True
T11_d783_b14_t11,T11,main,783,14,T11/day_783/block_14,11,4639,5138,4638,5138,500,117.8110122680664,False,10.0,,12.0,False,True
T11_d783_b14_t12,T11,main,783,14,T11/day_783/block_14,12,5139,5640,5138,5640,502,100.71530151367188,False,10.04,,8.0,False,True
T11_d783_b14_t13,T11,main,783,14,T11/day_783/block_14,13,5641,6141,5640,6141,501,113.75277709960938,False,10.02,,9.0,False,True
T11_d783_b14_t14,T11,main,783,14,T11/day_783/block_14,14,6142,6643,6141,6643,502,141.04165649414062,False,10.04,,6.0,False,True
T11_d783_b14_t15,T11,main,783,14,T11/day_783/block_14,15,6644,7144,6643,7144,501,127.91300964355469,False,10.02,,2.0,False,True
T11_d783_b14_t16,T11,main,783,14,T11/day_783/block_14,16,7145,7294,7144,7294,150,21.46738052368164,True,3.0,0.3778887093067169,2.0,False,True
T11_d783_b14_t17,T11,main,783,14,T11/day_783/block_14,17,7295,7795,7294,7795,501,133.08261108398438,False,10.02,,14.0,False,True
T11_d783_b14_t18,T11,main,783,14,T11/day_783/block_14,18,7796,7977,7795,7977,182,18.801513671875,True,3.64,0.28540414571762085,0.0,False,True
T11_d783_b14_t19,T11,main,783,14,T11/day_783/block_14,19,7978,8479,7977,8479,502,146.97885131835938,False,10.04,,10.0,False,True
T11_d783_b14_t20,T11,main,783,14,T11/day_783/block_14,20,8480,8980,8479,8980,501,96.1535873413086,False,10.02,,8.0,False,True
T11_d783_b14_t21,T11,main,783,14,T11/day_783/block_14,21,8981,9482,8980,9482,502,79.78303527832031,False,10.04,,11.0,False,True
T11_d783_b14_t22,T11,main,783,14,T11/day_783/block_14,22,9483,9983,9482,9983,501,120.08624267578125,False,10.02,,12.0,False,True
T11_d783_b14_t23,T11,main,783,14,T11/day_783/block_14,23,9984,10485,9983,10485,502,140.15359497070312,False,10.04,,9.0,False,True
T11_d783_b14_t24,T11,main,783,14,T11/day_783/block_14,24,10486,10986,10485,10986,501,148.25758361816406,False,10.02,,3.0,False,True
T11_d783_b14_t25,T11,main,783,14,T11/day_783/block_14,25,10987,11177,10986,11177,191,26.88004493713379,True,3.82,0.21599915623664856,1.0,False,True
T11_d783_b14_t26,T11,main,783,14,T11/day_783/block_14,26,11178,11678,11177,11678,501,132.02674865722656,False,10.02,,10.0,False,True
T11_d783_b14_t27,T11,main,783,14,T11/day_783/block_14,27,11679,11888,11678,11888,210,30.820987701416016,True,4.2,0.32833272218704224,2.0,False,True
T11_d783_b14_t28,T11,main,783,14,T11/day_783/block_14,28,11889,12390,11888,12390,502,70.13421630859375,False,10.04,,12.0,False,True
T11_d783_b14_t29,T11,main,783,14,T11/day_783/block_14,29,12391,12891,12390,12891,501,129.19972229003906,False,10.02,,9.0,False,True
T11_d783_b14_t30,T11,main,783,14,T11/day_783/block_14,30,12892,13393,12891,13393,502,131.17416381835938,False,10.04,,10.0,False,True
T11_d783_b14_t31,T11,main,783,14,T11/day_783/block_14,31,13394,13894,13393,13894,501,114.85852813720703,False,10.02,,7.0,False,True
T11_d783_b14_t32,T11,main,783,14,T11/day_783/block_14,32,13895,14396,13894,14396,502,143.883544921875,False,10.04,,9.0,False,True
T11_d783_b14_t33,T11,main,783,14,T11/day_783/block_14,33,14397,14897,14396,14897,501,92.50496673583984,False,10.02,,7.0,False,True
T11_d783_b14_t34,T11,main,783,14,T11/day_783/block_14,34,14898,15073,14897,15073,176,46.202171325683594,True,3.52,0.41320064663887024,2.0,False,True
T11_d800_b3_t0,T11,main,800,3,T11/day_800/block_3,0,267,768,266,768,502,100.788818359375,False,10.04,,11.0,False,True
T11_d800_b3_t1,T11,main,800,3,T11/day_800/block_3,1,769,1269,768,1269,501,86.36209869384766,False,10.02,,12.0,False,True
T11_d800_b3_t2,T11,main,800,3,T11/day_800/block_3,2,1270,1771,1269,1771,502,122.8455810546875,False,10.04,,9.0,False,True
T11_d800_b3_t3,T11,main,800,3,T11/day_800/block_3,3,1772,1965,1771,1965,194,25.813634872436523,True,3.88,0.2876003086566925,4.0,False,True
T11_d800_b3_t4,T11,main,800,3,T11/day_800/block_3,4,1966,2169,1965,2169,204,29.864822387695312,True,4.08,0.7066017985343933,0.0,False,True
T11_d800_b3_t5,T11,main,800,3,T11/day_800/block_3,5,2170,2670,2169,2670,501,129.02566528320312,False,10.02,,9.0,False,True
T11_d800_b3_t6,T11,main,800,3,T11/day_800/block_3,6,2671,3172,2670,3172,502,102.07807159423828,False,10.04,,10.0,False,True
T11_d800_b3_t7,T11,main,800,3,T11/day_800/block_3,7,3173,3673,3172,3673,501,84.3798828125,False,10.02,,6.0,False,True
T11_d800_b3_t8,T11,main,800,3,T11/day_800/block_3,8,3674,4174,3673,4174,501,106.51199340820312,False,10.02,,8.0,False,True
T11_d800_b3_t9,T11,main,800,3,T11/day_800/block_3,9,4175,4676,4174,4676,502,97.67343139648438,False,10.04,,13.0,False,True
T11_d800_b3_t10,T11,main,800,3,T11/day_800/block_3,10,4677,5177,4676,5177,501,124.74403381347656,False,10.02,,14.0,False,True
T11_d800_b3_t11,T11,main,800,3,T11/day_800/block_3,11,5178,5370,5177,5370,193,30.7801513671875,True,3.86,0.3378344476222992,1.0,False,True
T11_d800_b3_t12,T11,main,800,3,T11/day_800/block_3,12,5371,5871,5370,5871,501,114.61691284179688,False,10.02,,10.0,False,True
T11_d800_b3_t13,T11,main,800,3,T11/day_800/block_3,13,5872,6045,5871,6045,174,27.44989013671875,True,3.48,0.3648633360862732,1.0,False,True
T11_d800_b3_t14,T11,main,800,3,T11/day_800/block_3,14,6046,6207,6045,6207,162,42.315208435058594,True,3.24,0.6030181050300598,2.0,False,True
T11_d800_b3_t15,T11,main,800,3,T11/day_800/block_3,15,6208,6708,6207,6708,501,111.26577758789062,False,10.02,,12.0,False,True
T11_d800_b3_t16,T11,main,800,3,T11/day_800/block_3,16,6709,7210,6708,7210,502,66.96444702148438,False,10.04,,9.0,False,True
T11_d800_b3_t17,T11,main,800,3,T11/day_800/block_3,17,7211,7711,7210,7711,501,107.20672607421875,False,10.02,,8.0,False,True
T11_d800_b3_t18,T11,main,800,3,T11/day_800/block_3,18,7712,8213,7711,8213,502,123.9515380859375,False,10.04,,11.0,False,True
T11_d800_b3_t19,T11,main,800,3,T11/day_800/block_3,19,8214,8331,8213,8331,118,26.094589233398438,True,2.36,0.35032519698143005,0.0,False,True
T11_d800_b3_t20,T11,main,800,3,T11/day_800/block_3,20,8332,8832,8331,8832,501,125.81492614746094,False,10.02,,13.0,False,True
T11_d800_b3_t21,T11,main,800,3,T11/day_800/block_3,21,8833,9334,8832,9334,502,137.83958435058594,False,10.04,,2.0,False,True
T11_d800_b3_t22,T11,main,800,3,T11/day_800/block_3,22,9335,9499,9334,9499,165,28.62413215637207,True,3.3,0.30220991373062134,0.0,False,True
T11_d800_b3_t23,T11,main,800,3,T11/day_800/block_3,23,9500,10000,9499,10000,501,119.68168640136719,False,10.02,,14.0,False,True
T11_d800_b3_t24,T11,main,800,3,T11/day_800/block_3,24,10001,10502,10000,10502,502,134.18487548828125,False,10.04,,11.0,False,True
T11_d800_b3_t25,T11,main,800,3,T11/day_800/block_3,25,10503,10774,10502,10774,272,31.38443374633789,True,5.44,0.2571122944355011,1.0,False,True
T11_d800_b3_t26,T11,main,800,3,T11/day_800/block_3,26,10775,10968,10774,10968,194,22.961692810058594,True,3.88,0.673961877822876,0.0,False,True
T11_d800_b3_t27,T11,main,800,3,T11/day_800/block_3,27,10969,11469,10968,11469,501,95.6984634399414,False,10.02,,10.0,False,True
T11_d800_b3_t28,T11,main,800,3,T11/day_800/block_3,28,11470,11668,11469,11668,199,23.692089080810547,True,3.98,0.342466801404953,0.0,False,True
T11_d800_b3_t29,T11,main,800,3,T11/day_800/block_3,29,11669,12169,11668,12169,501,134.2298126220703,False,10.02,,9.0,False,True
T11_d800_b3_t30,T11,main,800,3,T11/day_800/block_3,30,12170,12671,12169,12671,502,92.79297637939453,False,10.04,,12.0,False,True
T11_d800_b3_t31,T11,main,800,3,T11/day_800/block_3,31,12672,13172,12671,13172,501,79.03559112548828,False,10.02,,13.0,True,True
T11_d800_b3_t32,T11,main,800,3,T11/day_800/block_3,32,13173,13674,13172,13674,502,92.62528991699219,False,10.04,,13.0,True,True
T11_d800_b3_t33,T11,main,800,3,T11/day_800/block_3,33,13675,14175,13674,14175,501,86.56885528564453,False,10.02,,11.0,True,True
T11_d800_b3_t34,T11,main,800,3,T11/day_800/block_3,34,14176,14678,14175,14678,503,47.20119857788086,False,10.06,,16.0,True,True
T11_d800_b3_t35,T11,main,800,3,T11/day_800/block_3,35,14679,14862,14678,14862,184,44.557952880859375,True,3.68,0.32853126525878906,1.0,False,True
T11_d800_b4_t0,T11,main,800,4,T11/day_800/block_4,0,265,411,264,411,147,15.810332298278809,True,2.94,0.8502161502838135,0.0,False,True
T11_d800_b4_t1,T11,main,800,4,T11/day_800/block_4,1,412,913,411,913,502,133.1896209716797,False,10.04,,8.0,False,True
T11_d800_b4_t2,T11,main,800,4,T11/day_800/block_4,2,914,1414,913,1414,501,106.06402587890625,False,10.02,,13.0,False,True
T11_d800_b4_t3,T11,main,800,4,T11/day_800/block_4,3,1415,1916,1414,1916,502,111.8355941772461,False,10.04,,13.0,False,True
T11_d800_b4_t4,T11,main,800,4,T11/day_800/block_4,4,1917,2417,1916,2417,501,109.84334564208984,False,10.02,,5.0,False,True
T11_d800_b4_t5,T11,main,800,4,T11/day_800/block_4,5,2418,2919,2417,2919,502,136.11166381835938,False,10.04,,9.0,False,True
T11_d800_b4_t6,T11,main,800,4,T11/day_800/block_4,6,2920,3420,2919,3420,501,130.32266235351562,False,10.02,,7.0,False,True
T11_d800_b4_t7,T11,main,800,4,T11/day_800/block_4,7,3421,3712,3420,3712,292,52.35868835449219,True,5.84,0.27092480659484863,1.0,False,True
T11_d800_b4_t8,T11,main,800,4,T11/day_800/block_4,8,3713,4213,3712,4213,501,137.02764892578125,False,10.02,,8.0,False,True
T11_d800_b4_t9,T11,main,800,4,T11/day_800/block_4,9,4214,4423,4213,4423,210,32.11288070678711,True,4.2,0.23818697035312653,0.0,False,True
T11_d800_b4_t10,T11,main,800,4,T11/day_800/block_4,10,4424,4658,4423,4658,235,24.5502986907959,True,4.7,0.6211210489273071,0.0,False,True
T11_d800_b4_t11,T11,main,800,4,T11/day_800/block_4,11,4659,5159,4658,5159,501,130.30279541015625,False,10.02,,10.0,False,True
T11_d800_b4_t12,T11,main,800,4,T11/day_800/block_4,12,5160,5660,5159,5660,501,123.57675170898438,False,10.02,,8.0,False,True
T11_d800_b4_t13,T11,main,800,4,T11/day_800/block_4,13,5661,6162,5660,6162,502,103.30386352539062,False,10.04,,7.0,False,True
T11_d800_b4_t14,T11,main,800,4,T11/day_800/block_4,14,6163,6664,6162,6664,502,122.34318542480469,False,10.04,,14.0,False,True
T11_d800_b4_t15,T11,main,800,4,T11/day_800/block_4,15,6665,6906,6664,6906,242,43.41071701049805,True,4.84,0.24630586802959442,2.0,False,True
T11_d800_b4_t16,T11,main,800,4,T11/day_800/block_4,16,6907,7407,6906,7407,501,150.49703979492188,False,10.02,,7.0,False,True
T11_d800_b4_t17,T11,main,800,4,T11/day_800/block_4,17,7408,7708,7407,7708,301,40.042903900146484,True,6.02,0.24695482850074768,0.0,False,True
T11_d800_b4_t18,T11,main,800,4,T11/day_800/block_4,18,7709,8210,7708,8210,502,87.50431823730469,False,10.04,,14.0,False,True
T11_d800_b4_t19,T11,main,800,4,T11/day_800/block_4,19,8211,8711,8210,8711,501,74.208251953125,False,10.02,,14.0,False,True
T11_d800_b4_t20,T11,main,800,4,T11/day_800/block_4,20,8712,8861,8711,8861,150,29.561378479003906,True,3.0,0.45403817296028137,0.0,False,True
T11_d800_b4_t21,T11,main,800,4,T11/day_800/block_4,21,8862,9361,8861,9361,500,116.31302642822266,False,10.0,,16.0,False,True
T11_d800_b4_t22,T11,main,800,4,T11/day_800/block_4,22,9362,9864,9361,9864,503,95.74263763427734,False,10.06,,10.0,False,True
T11_d800_b4_t23,T11,main,800,4,T11/day_800/block_4,23,9865,10364,9864,10364,500,89.38861083984375,False,10.0,,10.0,False,True
T11_d800_b4_t24,T11,main,800,4,T11/day_800/block_4,24,10365,10867,10364,10867,503,129.67367553710938,False,10.06,,8.0,False,True
T11_d800_b4_t25,T11,main,800,4,T11/day_800/block_4,25,10868,11367,10867,11367,500,99.603515625,False,10.0,,2.0,False,True
T11_d800_b4_t26,T11,main,800,4,T11/day_800/block_4,26,11368,11601,11367,11601,234,26.122814178466797,True,4.68,0.3700784742832184,1.0,True,True
T11_d800_b4_t27,T11,main,800,4,T11/day_800/block_4,27,11602,12103,11601,12103,502,132.97152709960938,False,10.04,,6.0,False,True
T11_d800_b4_t28,T11,main,800,4,T11/day_800/block_4,28,12104,12280,12103,12280,177,37.0651969909668,True,3.54,0.29216161370277405,0.0,False,True
T11_d800_b4_t29,T11,main,800,4,T11/day_800/block_4,29,12281,12781,12280,12781,501,119.18174743652344,False,10.02,,19.0,False,True
T11_d800_b4_t30,T11,main,800,4,T11/day_800/block_4,30,12782,13283,12781,13283,502,132.15798950195312,False,10.04,,12.0,False,True
T11_d800_b4_t31,T11,main,800,4,T11/day_800/block_4,31,13284,13471,13283,13471,188,20.039165496826172,True,3.76,0.3148108124732971,0.0,False,True
T11_d800_b4_t32,T11,main,800,4,T11/day_800/block_4,32,13472,13973,13471,13973,502,114.05647277832031,False,10.04,,15.0,False,True
T11_d800_b4_t33,T11,main,800,4,T11/day_800/block_4,33,13974,14146,13973,14146,173,29.86337661743164,True,3.46,0.32121559977531433,0.0,False,True
T11_d800_b4_t34,T11,main,800,4,T11/day_800/block_4,34,14147,14647,14146,14647,501,89.60550689697266,False,10.02,,11.0,False,True
T11_d800_b4_t35,T11,main,800,4,T11/day_800/block_4,35,14648,14841,14647,14841,194,33.91060256958008,True,3.88,0.46218350529670715,1.0,False,True
T11-personal_use_d658_b8_t0,T11,personal_use,658,8,T11[personal_use]/day_658/block_8,0,1114,2438,1113,2438,1325,,,,,,,True
T11-personal_use_d658_b8_t1,T11,personal_use,658,8,T11[personal_use]/day_658/block_8,1,2477,2671,2476,2671,195,,,,,,,True
T11-personal_use_d658_b8_t2,T11,personal_use,658,8,T11[personal_use]/day_658/block_8,2,2706,2768,2705,2768,63,,,,,,,True
T11-personal_use_d658_b8_t3,T11,personal_use,658,8,T11[personal_use]/day_658/block_8,3,2787,3246,2786,3246,460,,,,,,,True
T11-personal_use_d658_b8_t4,T11,personal_use,658,8,T11[personal_use]/day_658/block_8,4,3340,3693,3339,3693,354,,,,,,,True
T11-personal_use_d658_b8_t5,T11,personal_use,658,8,T11[personal_use]/day_658/block_8,5,3705,4485,3704,4485,781,,,,,,,True
T11-personal_use_d658_b8_t6,T11,personal_use,658,8,T11[personal_use]/day_658/block_8,6,4510,8350,4509,8350,3841,,,,,,,True
T11-personal_use_d658_b8_t7,T11,personal_use,658,8,T11[personal_use]/day_658/block_8,7,8444,10481,8443,10481,2038,,,,,,,True
T11-personal_use_d658_b8_t8,T11,personal_use,658,8,T11[personal_use]/day_658/block_8,8,10494,10608,10493,10608,115,,,,,,,True
T11-personal_use_d658_b8_t9,T11,personal_use,658,8,T11[personal_use]/day_658/block_8,9,10630,10862,10629,10862,233,,,,,,,True
T11-personal_use_d658_b8_t10,T11,personal_use,658,8,T11[personal_use]/day_658/block_8,10,10916,11249,10915,11249,334,,,,,,,True
T11-personal_use_d658_b8_t11,T11,personal_use,658,8,T11[personal_use]/day_658/block_8,11,11336,11743,11335,11743,408,,,,,,,True
T11-personal_use_d658_b8_t12,T11,personal_use,658,8,T11[personal_use]/day_658/block_8,12,11775,13839,11774,13839,2065,,,,,,,True
T11-personal_use_d658_b8_t13,T11,personal_use,658,8,T11[personal_use]/day_658/block_8,13,13916,14279,13915,14279,364,,,,,,,True
T11-personal_use_d658_b8_t14,T11,personal_use,658,8,T11[personal_use]/day_658/block_8,14,14295,15276,14294,15276,982,,,,,,,True
T11-personal_use_d658_b8_t15,T11,personal_use,658,8,T11[personal_use]/day_658/block_8,15,16384,16486,16383,16486,103,,,,,,,True
T11-personal_use_d658_b8_t16,T11,personal_use,658,8,T11[personal_use]/day_658/block_8,16,16655,17676,16654,17676,1022,,,,,,,True
T11-personal_use_d658_b8_t17,T11,personal_use,658,8,T11[personal_use]/day_658/block_8,17,17694,18631,17693,18631,938,,,,,,,True
T11-personal_use_d658_b8_t18,T11,personal_use,658,8,T11[personal_use]/day_658/block_8,18,20428,21079,20427,21079,652,,,,,,,True
T11-personal_use_d658_b8_t19,T11,personal_use,658,8,T11[personal_use]/day_658/block_8,19,21086,23447,21085,23447,2362,,,,,,,True
T11-personal_use_d658_b8_t20,T11,personal_use,658,8,T11[personal_use]/day_658/block_8,20,23485,24730,23484,24730,1246,,,,,,,True
T11-personal_use_d658_b8_t21,T11,personal_use,658,8,T11[personal_use]/day_658/block_8,21,24816,25001,24815,25001,186,,,,,,,True
T11-personal_use_d658_b8_t22,T11,personal_use,658,8,T11[personal_use]/day_658/block_8,22,25169,25868,25168,25868,700,,,,,,,True
T11-personal_use_d658_b8_t23,T11,personal_use,658,8,T11[personal_use]/day_658/block_8,23,25974,26732,25973,26732,759,,,,,,,True
T11-personal_use_d658_b8_t24,T11,personal_use,658,8,T11[personal_use]/day_658/block_8,24,26775,26841,26774,26841,67,,,,,,,True
T11-personal_use_d658_b8_t25,T11,personal_use,658,8,T11[personal_use]/day_658/block_8,25,26939,27257,26938,27257,319,,,,,,,True
T11-personal_use_d658_b8_t26,T11,personal_use,658,8,T11[personal_use]/day_658/block_8,26,27396,27485,27395,27485,90,,,,,,,True
T11-personal_use_d658_b8_t27,T11,personal_use,658,8,T11[personal_use]/day_658/block_8,27,27517,27697,27516,27697,181,,,,,,,True
T11-personal_use_d658_b8_t28,T11,personal_use,658,8,T11[personal_use]/day_658/block_8,28,27754,28224,27753,28224,471,,,,,,,True
T11-personal_use_d658_b8_t29,T11,personal_use,658,8,T11[personal_use]/day_658/block_8,29,28260,28445,28259,28445,186,,,,,,,True
T11-personal_use_d658_b8_t30,T11,personal_use,658,8,T11[personal_use]/day_658/block_8,30,28457,28869,28456,28869,413,,,,,,,True
T11-personal_use_d658_b8_t31,T11,personal_use,658,8,T11[personal_use]/day_658/block_8,31,28885,29111,28884,29111,227,,,,,,,True
T11-personal_use_d658_b8_t32,T11,personal_use,658,8,T11[personal_use]/day_658/block_8,32,29127,29676,29126,29676,550,,,,,,,True
T11-personal_use_d658_b8_t33,T11,personal_use,658,8,T11[personal_use]/day_658/block_8,33,29745,29988,29744,29988,244,,,,,,,True
T11-personal_use_d658_b8_t34,T11,personal_use,658,8,T11[personal_use]/day_658/block_8,34,29990,30185,29989,30185,196,,,,,,,True
T11-personal_use_d658_b9_t0,T11,personal_use,658,9,T11[personal_use]/day_658/block_9,0,161,318,160,318,158,,,,,,,True
T11-personal_use_d658_b9_t1,T11,personal_use,658,9,T11[personal_use]/day_658/block_9,1,333,740,332,740,408,,,,,,,True
T11-personal_use_d658_b9_t2,T11,personal_use,658,9,T11[personal_use]/day_658/block_9,2,805,891,804,891,87,,,,,,,True
T11-personal_use_d658_b9_t3,T11,personal_use,658,9,T11[personal_use]/day_658/block_9,3,910,1166,909,1166,257,,,,,,,True
T11-personal_use_d658_b9_t4,T11,personal_use,658,9,T11[personal_use]/day_658/block_9,4,1228,1316,1227,1316,89,,,,,,,True
T11-personal_use_d658_b9_t5,T11,personal_use,658,9,T11[personal_use]/day_658/block_9,5,1417,1635,1416,1635,219,,,,,,,True
T11-personal_use_d658_b9_t6,T11,personal_use,658,9,T11[personal_use]/day_658/block_9,6,1662,1742,1661,1742,81,,,,,,,True
T11-personal_use_d658_b9_t7,T11,personal_use,658,9,T11[personal_use]/day_658/block_9,7,1818,1990,1817,1990,173,,,,,,,True
T11-personal_use_d658_b9_t8,T11,personal_use,658,9,T11[personal_use]/day_658/block_9,8,1996,2107,1995,2107,112,,,,,,,True
T11-personal_use_d658_b9_t9,T11,personal_use,658,9,T11[personal_use]/day_658/block_9,9,2162,2417,2161,2417,256,,,,,,,True
T11-personal_use_d658_b9_t10,T11,personal_use,658,9,T11[personal_use]/day_658/block_9,10,2610,2818,2609,2818,209,,,,,,,True
T11-personal_use_d658_b9_t11,T11,personal_use,658,9,T11[personal_use]/day_658/block_9,11,2831,3551,2830,3551,721,,,,,,,True
T11-personal_use_d658_b9_t12,T11,personal_use,658,9,T11[personal_use]/day_658/block_9,12,3567,3718,3566,3718,152,,,,,,,True
T11-personal_use_d658_b9_t13,T11,personal_use,658,9,T11[personal_use]/day_658/block_9,13,3759,6786,3758,6786,3028,,,,,,,True
T11-personal_use_d658_b9_t14,T11,personal_use,658,9,T11[personal_use]/day_658/block_9,14,6838,6960,6837,6960,123,,,,,,,True
T11-personal_use_d658_b9_t15,T11,personal_use,658,9,T11[personal_use]/day_658/block_9,15,7105,8237,7104,8237,1133,,,,,,,True
T11-personal_use_d658_b9_t16,T11,personal_use,658,9,T11[personal_use]/day_658/block_9,16,8239,9039,8238,9039,801,,,,,,,True
T11-personal_use_d658_b9_t17,T11,personal_use,658,9,T11[personal_use]/day_658/block_9,17,9047,10734,9046,10734,1688,,,,,,,True
T11-personal_use_d658_b9_t18,T11,personal_use,658,9,T11[personal_use]/day_658/block_9,18,10779,10828,10778,10828,50,,,,,,,True
T11-personal_use_d658_b9_t19,T11,personal_use,658,9,T11[personal_use]/day_658/block_9,19,10835,11635,10834,11635,801,,,,,,,True
T11-personal_use_d658_b9_t20,T11,personal_use,658,9,T11[personal_use]/day_658/block_9,20,11638,11965,11637,11965,328,,,,,,,True
T11-personal_use_d658_b9_t21,T11,personal_use,658,9,T11[personal_use]/day_658/block_9,21,11973,12280,11972,12280,308,,,,,,,True
T11-personal_use_d658_b9_t22,T11,personal_use,658,9,T11[personal_use]/day_658/block_9,22,12293,13024,12292,13024,732,,,,,,,True
T11-personal_use_d658_b9_t23,T11,personal_use,658,9,T11[personal_use]/day_658/block_9,23,13066,13202,13065,13202,137,,,,,,,True
T11-personal_use_d658_b9_t24,T11,personal_use,658,9,T11[personal_use]/day_658/block_9,24,13213,13403,13212,13403,191,,,,,,,True
T11-personal_use_d658_b9_t25,T11,personal_use,658,9,T11[personal_use]/day_658/block_9,25,13474,14034,13473,14034,561,,,,,,,True
T11-personal_use_d658_b9_t26,T11,personal_use,658,9,T11[personal_use]/day_658/block_9,26,14054,14160,14053,14160,107,,,,,,,True
T11-personal_use_d658_b9_t27,T11,personal_use,658,9,T11[personal_use]/day_658/block_9,27,14207,15033,14206,15033,827,,,,,,,True
T11-personal_use_d658_b9_t28,T11,personal_use,658,9,T11[personal_use]/day_658/block_9,28,15131,16031,15130,16031,901,,,,,,,True
T11-personal_use_d658_b9_t29,T11,personal_use,658,9,T11[personal_use]/day_658/block_9,29,16035,17717,16034,17717,1683,,,,,,,True
T11-personal_use_d658_b9_t30,T11,personal_use,658,9,T11[personal_use]/day_658/block_9,30,17726,18041,17725,18041,316,,,,,,,True
T11-personal_use_d658_b9_t31,T11,personal_use,658,9,T11[personal_use]/day_658/block_9,31,18086,18411,18085,18411,326,,,,,,,True
T11-personal_use_d658_b9_t32,T11,personal_use,658,9,T11[personal_use]/day_658/block_9,32,18462,18905,18461,18905,444,,,,,,,True
T11-personal_use_d658_b9_t33,T11,personal_use,658,9,T11[personal_use]/day_658/block_9,33,18955,19766,18954,19766,812,,,,,,,True
T11-personal_use_d658_b9_t34,T11,personal_use,658,9,T11[personal_use]/day_658/block_9,34,19887,20263,19886,20263,377,,,,,,,True
T11-personal_use_d658_b9_t35,T11,personal_use,658,9,T11[personal_use]/day_658/block_9,35,20316,20891,20315,20891,576,,,,,,,True
T11-personal_use_d658_b9_t36,T11,personal_use,658,9,T11[personal_use]/day_658/block_9,36,20938,21122,20937,21122,185,,,,,,,True
T11-personal_use_d658_b9_t37,T11,personal_use,658,9,T11[personal_use]/day_658/block_9,37,21145,21623,21144,21623,479,,,,,,,True
T11-personal_use_d658_b9_t38,T11,personal_use,658,9,T11[personal_use]/day_658/block_9,38,21655,22560,21654,22560,906,,,,,,,True
T11-personal_use_d658_b9_t39,T11,personal_use,658,9,T11[personal_use]/day_658/block_9,39,22569,22969,22568,22969,401,,,,,,,True
T11-personal_use_d658_b9_t40,T11,personal_use,658,9,T11[personal_use]/day_658/block_9,40,23058,23359,23057,23359,302,,,,,,,True
T11-personal_use_d658_b9_t41,T11,personal_use,658,9,T11[personal_use]/day_658/block_9,41,24203,25230,24202,25230,1028,,,,,,,True
T11-personal_use_d658_b9_t42,T11,personal_use,658,9,T11[personal_use]/day_658/block_9,42,25272,25808,25271,25808,537,,,,,,,True
T11-personal_use_d658_b9_t43,T11,personal_use,658,9,T11[personal_use]/day_658/block_9,43,26922,27784,26921,27784,863,,,,,,,True
T11-personal_use_d658_b9_t44,T11,personal_use,658,9,T11[personal_use]/day_658/block_9,44,27792,30084,27791,30084,2293,,,,,,,True
T11-random_targets_d665_b8_t0,T11,random_targets,665,8,T11[random_targets]/day_665/block_8,0,264,491,263,491,228,61.685543060302734,True,4.56,0.4410792589187622,4.0,False,True
T11-random_targets_d665_b8_t1,T11,random_targets,665,8,T11[random_targets]/day_665/block_8,1,492,595,491,595,104,6.149557113647461,True,2.08,0.969748318195343,0.0,False,True
T11-random_targets_d665_b8_t2,T11,random_targets,665,8,T11[random_targets]/day_665/block_8,2,596,736,595,736,141,20.129072189331055,True,2.82,0.6480094790458679,0.0,False,True
T11-random_targets_d665_b8_t3,T11,random_targets,665,8,T11[random_targets]/day_665/block_8,3,737,942,736,942,206,45.76969909667969,True,4.12,0.638248860836029,1.0,False,True
T11-random_targets_d665_b8_t4,T11,random_targets,665,8,T11[random_targets]/day_665/block_8,4,943,1101,942,1101,159,6.888071537017822,True,3.18,,1.0,False,True
T11-random_targets_d665_b8_t5,T11,random_targets,665,8,T11[random_targets]/day_665/block_8,5,1102,1205,1101,1205,104,29.170761108398438,True,2.08,0.633651077747345,1.0,False,True
T11-random_targets_d665_b8_t6,T11,random_targets,665,8,T11[random_targets]/day_665/block_8,6,1206,1274,1205,1274,69,9.098716735839844,True,1.38,0.6249825954437256,1.0,False,True
T11-random_targets_d665_b8_t7,T11,random_targets,665,8,T11[random_targets]/day_665/block_8,7,1275,1449,1274,1449,175,18.75148582458496,True,3.5,,0.0,False,True
T11-random_targets_d665_b8_t8,T11,random_targets,665,8,T11[random_targets]/day_665/block_8,8,1450,1607,1449,1607,158,43.553741455078125,True,3.16,0.4941893219947815,3.0,False,True
T11-random_targets_d665_b8_t9,T11,random_targets,665,8,T11[random_targets]/day_665/block_8,9,1608,1710,1607,1710,103,40.75004577636719,True,2.06,0.6191402673721313,1.0,False,True
T11-random_targets_d665_b8_t10,T11,random_targets,665,8,T11[random_targets]/day_665/block_8,10,1711,1890,1710,1890,180,15.429676055908203,True,3.6,,2.0,False,True
T11-random_targets_d665_b8_t11,T11,random_targets,665,8,T11[random_targets]/day_665/block_8,11,1891,2031,1890,2031,141,27.377159118652344,True,2.82,0.691641092300415,1.0,False,True
T11-random_targets_d665_b8_t12,T11,random_targets,665,8,T11[random_targets]/day_665/block_8,12,2032,2266,2031,2266,235,23.433259963989258,True,4.7,0.8218230605125427,0.0,False,True
T11-random_targets_d665_b8_t13,T11,random_targets,665,8,T11[random_targets]/day_665/block_8,13,2267,2388,2266,2388,122,15.822547912597656,True,2.44,,1.0,False,True
T11-random_targets_d665_b8_t14,T11,random_targets,665,8,T11[random_targets]/day_665/block_8,14,2389,2484,2388,2484,96,33.313201904296875,True,1.92,0.619687020778656,0.0,False,True
T11-random_targets_d665_b8_t15,T11,random_targets,665,8,T11[random_targets]/day_665/block_8,15,2485,2598,2484,2598,114,42.241722106933594,True,2.28,0.6085607409477234,1.0,False,True
T11-random_targets_d665_b8_t16,T11,random_targets,665,8,T11[random_targets]/day_665/block_8,16,2599,2751,2598,2751,153,17.334562301635742,True,3.06,0.8541538119316101,1.0,False,True
T11-random_targets_d665_b8_t17,T11,random_targets,665,8,T11[random_targets]/day_665/block_8,17,2752,2901,2751,2901,150,41.215721130371094,True,3.0,0.7807378768920898,0.0,False,True
T11-random_targets_d665_b8_t18,T11,random_targets,665,8,T11[random_targets]/day_665/block_8,18,2902,3082,2901,3082,181,33.06448745727539,True,3.62,0.7303078174591064,1.0,False,True
T11-random_targets_d665_b8_t19,T11,random_targets,665,8,T11[random_targets]/day_665/block_8,19,3083,3222,3082,3222,140,36.80165100097656,True,2.8,0.6741063594818115,2.0,False,True
T11-random_targets_d665_b8_t20,T11,random_targets,665,8,T11[random_targets]/day_665/block_8,20,3223,3382,3222,3382,160,32.09104537963867,True,3.2,0.8891333341598511,0.0,False,True
T11-random_targets_d665_b8_t21,T11,random_targets,665,8,T11[random_targets]/day_665/block_8,21,3383,3530,3382,3530,148,41.17068862915039,True,2.96,0.6155137419700623,1.0,False,True
T11-random_targets_d665_b8_t22,T11,random_targets,665,8,T11[random_targets]/day_665/block_8,22,3531,3704,3530,3704,174,15.944013595581055,True,3.48,0.9319891333580017,1.0,False,True
T11-random_targets_d665_b8_t23,T11,random_targets,665,8,T11[random_targets]/day_665/block_8,23,3705,3962,3704,3962,258,26.794788360595703,True,5.16,0.63514244556427,1.0,False,True
T11-random_targets_d665_b8_t24,T11,random_targets,665,8,T11[random_targets]/day_665/block_8,24,3963,4116,3962,4116,154,16.546062469482422,True,3.08,,2.0,False,True
T11-random_targets_d665_b8_t25,T11,random_targets,665,8,T11[random_targets]/day_665/block_8,25,4117,4315,4116,4315,199,19.53011131286621,True,3.98,0.5859476923942566,1.0,False,True
T11-random_targets_d665_b8_t26,T11,random_targets,665,8,T11[random_targets]/day_665/block_8,26,4316,4447,4315,4447,132,40.40211868286133,True,2.64,0.7414109706878662,1.0,False,True
T11-random_targets_d665_b8_t27,T11,random_targets,665,8,T11[random_targets]/day_665/block_8,27,4448,4841,4447,4841,394,36.096981048583984,True,7.88,0.32264429330825806,1.0,False,True
T11-random_targets_d665_b8_t28,T11,random_targets,665,8,T11[random_targets]/day_665/block_8,28,4842,5028,4841,5028,187,25.42193031311035,True,3.74,0.8150007724761963,0.0,False,True
T11-random_targets_d665_b8_t29,T11,random_targets,665,8,T11[random_targets]/day_665/block_8,29,5029,5207,5028,5207,179,33.36247634887695,True,3.58,0.5918839573860168,1.0,False,True
T11-random_targets_d665_b8_t30,T11,random_targets,665,8,T11[random_targets]/day_665/block_8,30,5208,5316,5207,5316,109,21.108152389526367,True,2.18,,1.0,False,True
T11-random_targets_d665_b8_t31,T11,random_targets,665,8,T11[random_targets]/day_665/block_8,31,5317,5428,5316,5428,112,12.918966293334961,True,2.24,0.6352398991584778,0.0,False,True
T11-random_targets_d665_b8_t32,T11,random_targets,665,8,T11[random_targets]/day_665/block_8,32,5429,5585,5428,5585,157,22.03624725341797,True,3.14,0.7695743441581726,1.0,False,True
T11-random_targets_d665_b8_t33,T11,random_targets,665,8,T11[random_targets]/day_665/block_8,33,5586,5703,5585,5703,118,57.243194580078125,True,2.36,0.6674138903617859,0.0,False,True
T11-random_targets_d665_b8_t34,T11,random_targets,665,8,T11[random_targets]/day_665/block_8,34,5704,5884,5703,5884,181,20.657630920410156,True,3.62,0.8741323947906494,0.0,False,True
T11-random_targets_d665_b8_t35,T11,random_targets,665,8,T11[random_targets]/day_665/block_8,35,5885,5972,5884,5972,88,25.794933319091797,True,1.76,,1.0,False,True
T11-random_targets_d665_b8_t36,T11,random_targets,665,8,T11[random_targets]/day_665/block_8,36,5973,6137,5972,6137,165,15.55217456817627,True,3.3,0.8734121322631836,1.0,False,True
T11-random_targets_d665_b8_t37,T11,random_targets,665,8,T11[random_targets]/day_665/block_8,37,6138,6275,6137,6275,138,19.712718963623047,True,2.76,0.6276401877403259,1.0,False,True
T11-random_targets_d665_b8_t38,T11,random_targets,665,8,T11[random_targets]/day_665/block_8,38,6276,6420,6275,6420,145,35.602169036865234,True,2.9,0.7054135799407959,1.0,False,True
T11-random_targets_d665_b8_t39,T11,random_targets,665,8,T11[random_targets]/day_665/block_8,39,6421,6597,6420,6597,177,17.246200561523438,True,3.54,0.9082225561141968,0.0,False,True
T11-random_targets_d665_b8_t40,T11,random_targets,665,8,T11[random_targets]/day_665/block_8,40,6598,6741,6597,6741,144,21.280719757080078,True,2.88,0.7196361422538757,0.0,False,True
T11-random_targets_d665_b8_t41,T11,random_targets,665,8,T11[random_targets]/day_665/block_8,41,6742,6880,6741,6880,139,30.829309463500977,True,2.78,0.9275285005569458,0.0,False,True
T11-random_targets_d665_b8_t42,T11,random_targets,665,8,T11[random_targets]/day_665/block_8,42,6881,7004,6880,7004,124,38.73077392578125,True,2.48,0.7033334374427795,1.0,False,True
T11-random_targets_d665_b8_t43,T11,random_targets,665,8,T11[random_targets]/day_665/block_8,43,7005,7168,7004,7168,164,31.520366668701172,True,3.28,0.5862855911254883,1.0,False,True
T11-random_targets_d665_b8_t44,T11,random_targets,665,8,T11[random_targets]/day_665/block_8,44,7169,7362,7168,7362,194,26.144716262817383,True,3.88,0.8535062074661255,1.0,False,True
T11-random_targets_d665_b8_t45,T11,random_targets,665,8,T11[random_targets]/day_665/block_8,45,7363,7504,7362,7504,142,39.280723571777344,True,2.84,0.7948045134544373,2.0,False,True
T11-random_targets_d665_b8_t46,T11,random_targets,665,8,T11[random_targets]/day_665/block_8,46,7505,7742,7504,7742,238,42.73737335205078,True,4.76,0.5614400506019592,4.0,False,True
T11-random_targets_d665_b8_t47,T11,random_targets,665,8,T11[random_targets]/day_665/block_8,47,7743,7885,7742,7885,143,27.25856590270996,True,2.86,0.8655573129653931,0.0,False,True
T11-random_targets_d665_b8_t48,T11,random_targets,665,8,T11[random_targets]/day_665/block_8,48,7886,8085,7885,8085,200,24.466012954711914,True,4.0,0.8685299754142761,1.0,False,True
T11-random_targets_d665_b8_t49,T11,random_targets,665,8,T11[random_targets]/day_665/block_8,49,8086,8190,8085,8190,105,38.77044677734375,True,2.1,0.5938476324081421,0.0,False,True
T11-random_targets_d665_b8_t50,T11,random_targets,665,8,T11[random_targets]/day_665/block_8,50,8191,8398,8190,8398,208,12.716852188110352,True,4.16,0.8782525062561035,4.0,False,True
T11-random_targets_d665_b8_t51,T11,random_targets,665,8,T11[random_targets]/day_665/block_8,51,8399,8490,8398,8490,92,29.414480209350586,True,1.84,0.7178260684013367,0.0,False,True
T11-random_targets_d665_b8_t52,T11,random_targets,665,8,T11[random_targets]/day_665/block_8,52,8491,8660,8490,8660,170,21.536409378051758,True,3.4,0.9881986975669861,2.0,False,True
T11-random_targets_d665_b8_t53,T11,random_targets,665,8,T11[random_targets]/day_665/block_8,53,8661,8815,8660,8815,155,30.37224006652832,True,3.1,0.2789524793624878,1.0,False,True
T11-random_targets_d665_b8_t54,T11,random_targets,665,8,T11[random_targets]/day_665/block_8,54,8816,8991,8815,8991,176,31.64630126953125,True,3.52,0.7957496047019958,0.0,False,True
T11-random_targets_d665_b8_t55,T11,random_targets,665,8,T11[random_targets]/day_665/block_8,55,8992,9141,8991,9141,150,26.446313858032227,True,3.0,0.9182541370391846,2.0,False,True
T11-random_targets_d665_b8_t56,T11,random_targets,665,8,T11[random_targets]/day_665/block_8,56,9142,9311,9141,9311,170,8.579978942871094,True,3.4,0.7182129621505737,2.0,False,True
T11-random_targets_d665_b8_t57,T11,random_targets,665,8,T11[random_targets]/day_665/block_8,57,9312,9537,9311,9537,226,47.78752136230469,True,4.52,0.8534013628959656,6.0,False,True
T11-random_targets_d665_b8_t58,T11,random_targets,665,8,T11[random_targets]/day_665/block_8,58,9538,9657,9537,9657,120,30.918251037597656,True,2.4,0.5362021327018738,0.0,False,True
T11-random_targets_d665_b8_t59,T11,random_targets,665,8,T11[random_targets]/day_665/block_8,59,9658,9843,9657,9843,186,17.904775619506836,True,3.72,0.9460800290107727,1.0,False,True
T11-random_targets_d665_b8_t60,T11,random_targets,665,8,T11[random_targets]/day_665/block_8,60,9844,9988,9843,9988,145,19.53028106689453,True,2.9,0.9945988655090332,1.0,False,True
T11-random_targets_d665_b8_t61,T11,random_targets,665,8,T11[random_targets]/day_665/block_8,61,9989,10099,9988,10099,111,20.319169998168945,True,2.22,0.6388710737228394,0.0,False,True
T11-random_targets_d665_b8_t62,T11,random_targets,665,8,T11[random_targets]/day_665/block_8,62,10100,10311,10099,10311,212,56.35285186767578,True,4.24,0.7152090072631836,2.0,False,True
T11-random_targets_d665_b8_t63,T11,random_targets,665,8,T11[random_targets]/day_665/block_8,63,10312,10526,10311,10526,215,12.674481391906738,True,4.3,0.8721505403518677,1.0,False,True
T11-random_targets_d665_b8_t64,T11,random_targets,665,8,T11[random_targets]/day_665/block_8,64,10527,10624,10526,10624,98,17.68349838256836,True,1.96,0.9700731039047241,0.0,False,True
T11-random_targets_d665_b8_t65,T11,random_targets,665,8,T11[random_targets]/day_665/block_8,65,10625,10764,10624,10764,140,30.88163948059082,True,2.8,0.8287033438682556,0.0,False,True
T11-random_targets_d665_b8_t66,T11,random_targets,665,8,T11[random_targets]/day_665/block_8,66,10765,10909,10764,10909,145,8.356963157653809,True,2.9,0.9563453793525696,2.0,False,True
T11-random_targets_d665_b8_t67,T11,random_targets,665,8,T11[random_targets]/day_665/block_8,67,10910,11146,10909,11146,237,31.664596557617188,True,4.74,0.7070378065109253,2.0,False,True
T11-random_targets_d665_b8_t68,T11,random_targets,665,8,T11[random_targets]/day_665/block_8,68,11147,11284,11146,11284,138,25.64605712890625,True,2.76,0.7676624655723572,1.0,False,True
T11-random_targets_d665_b8_t69,T11,random_targets,665,8,T11[random_targets]/day_665/block_8,69,11285,11447,11284,11447,163,31.109844207763672,True,3.26,0.7179765701293945,1.0,False,True
T11-random_targets_d665_b8_t70,T11,random_targets,665,8,T11[random_targets]/day_665/block_8,70,11448,11626,11447,11626,179,23.205913543701172,True,3.58,0.9470635056495667,2.0,False,True
T11-random_targets_d665_b8_t71,T11,random_targets,665,8,T11[random_targets]/day_665/block_8,71,11627,11768,11626,11768,142,30.91128158569336,True,2.84,0.9195495843887329,3.0,False,True
T11-random_targets_d665_b8_t72,T11,random_targets,665,8,T11[random_targets]/day_665/block_8,72,11769,11921,11768,11921,153,7.878479957580566,True,3.06,0.7568638324737549,1.0,False,True
T11-random_targets_d665_b8_t73,T11,random_targets,665,8,T11[random_targets]/day_665/block_8,73,11922,12104,11921,12104,183,14.620223045349121,True,3.66,0.7722334861755371,1.0,False,True
T11-random_targets_d665_b8_t74,T11,random_targets,665,8,T11[random_targets]/day_665/block_8,74,12105,12215,12104,12215,111,25.987300872802734,True,2.22,0.6987778544425964,1.0,False,True
T11-random_targets_d665_b8_t75,T11,random_targets,665,8,T11[random_targets]/day_665/block_8,75,12216,12341,12215,12341,126,25.26700782775879,True,2.52,0.9825637936592102,1.0,True,True
T11-random_targets_d665_b8_t76,T11,random_targets,665,8,T11[random_targets]/day_665/block_8,76,12342,12627,12341,12627,286,20.39657211303711,True,5.72,0.8130571246147156,1.0,False,True
T11-random_targets_d665_b8_t77,T11,random_targets,665,8,T11[random_targets]/day_665/block_8,77,12628,12768,12627,12768,141,26.56532859802246,True,2.82,0.7908569574356079,1.0,False,True
T11-random_targets_d665_b8_t78,T11,random_targets,665,8,T11[random_targets]/day_665/block_8,78,12769,12856,12768,12856,88,14.058098793029785,True,1.76,0.9684021472930908,1.0,False,True
T11-random_targets_d665_b8_t79,T11,random_targets,665,8,T11[random_targets]/day_665/block_8,79,12857,12985,12856,12985,129,36.986351013183594,True,2.58,0.7075453996658325,1.0,False,True
T11-random_targets_d665_b8_t80,T11,random_targets,665,8,T11[random_targets]/day_665/block_8,80,12986,13094,12985,13094,109,21.51602554321289,True,2.18,,1.0,False,True
T11-random_targets_d665_b8_t81,T11,random_targets,665,8,T11[random_targets]/day_665/block_8,81,13095,13246,13094,13246,152,9.889225006103516,True,3.04,0.9175778031349182,2.0,False,True
T11-random_targets_d665_b8_t82,T11,random_targets,665,8,T11[random_targets]/day_665/block_8,82,13247,13426,13246,13426,180,24.545108795166016,True,3.6,0.4364711046218872,1.0,False,True
T11-random_targets_d665_b8_t83,T11,random_targets,665,8,T11[random_targets]/day_665/block_8,83,13427,13753,13426,13753,327,59.28339385986328,True,6.54,0.5443992614746094,2.0,False,True
T11-random_targets_d665_b8_t84,T11,random_targets,665,8,T11[random_targets]/day_665/block_8,84,13754,13890,13753,13890,137,27.310001373291016,True,2.74,0.7387861013412476,1.0,False,True
T11-random_targets_d665_b8_t85,T11,random_targets,665,8,T11[random_targets]/day_665/block_8,85,13891,14020,13890,14020,130,13.023287773132324,True,2.6,,1.0,False,True
T11-random_targets_d665_b8_t86,T11,random_targets,665,8,T11[random_targets]/day_665/block_8,86,14021,14120,14020,14120,100,26.504833221435547,True,2.0,0.9885095357894897,1.0,False,True
T11-random_targets_d665_b8_t87,T11,random_targets,665,8,T11[random_targets]/day_665/block_8,87,14121,14268,14120,14268,148,11.19833755493164,True,2.96,0.6888840794563293,1.0,False,True
T11-random_targets_d665_b8_t88,T11,random_targets,665,8,T11[random_targets]/day_665/block_8,88,14269,14399,14268,14399,131,27.232044219970703,True,2.62,0.6553159952163696,1.0,False,True
T11-random_targets_d665_b8_t89,T11,random_targets,665,8,T11[random_targets]/day_665/block_8,89,14400,14580,14399,14580,181,23.774614334106445,True,3.62,0.7891777157783508,1.0,False,True
T11-random_targets_d665_b8_t90,T11,random_targets,665,8,T11[random_targets]/day_665/block_8,90,14581,14725,14580,14725,145,12.098186492919922,True,2.9,,1.0,False,True
T11-random_targets_d665_b8_t91,T11,random_targets,665,8,T11[random_targets]/day_665/block_8,91,14726,14830,14725,14830,105,17.042877197265625,True,2.1,0.6232309341430664,1.0,False,True
T11-random_targets_d665_b8_t92,T11,random_targets,665,8,T11[random_targets]/day_665/block_8,92,14831,15067,14830,15067,237,25.4256649017334,True,4.74,0.7956051230430603,1.0,False,True
T11-random_targets_d665_b9_t0,T11,random_targets,665,9,T11[random_targets]/day_665/block_9,0,263,507,262,507,245,23.515525817871094,True,4.9,0.7989262342453003,2.0,False,True
T11-random_targets_d665_b9_t1,T11,random_targets,665,9,T11[random_targets]/day_665/block_9,1,508,661,507,661,154,30.77874755859375,True,3.08,0.7986963987350464,1.0,False,True
T11-random_targets_d665_b9_t2,T11,random_targets,665,9,T11[random_targets]/day_665/block_9,2,662,771,661,771,110,20.05112075805664,True,2.2,,0.0,False,True
T11-random_targets_d665_b9_t3,T11,random_targets,665,9,T11[random_targets]/day_665/block_9,3,772,1003,771,1003,232,50.08976745605469,True,4.64,0.4880533516407013,2.0,False,True
T11-random_targets_d665_b9_t4,T11,random_targets,665,9,T11[random_targets]/day_665/block_9,4,1004,1140,1003,1140,137,61.50657653808594,True,2.74,,1.0,False,True
T11-random_targets_d665_b9_t5,T11,random_targets,665,9,T11[random_targets]/day_665/block_9,5,1141,1287,1140,1287,147,30.994083404541016,True,2.94,0.6039652824401855,0.0,False,True
T11-random_targets_d665_b9_t6,T11,random_targets,665,9,T11[random_targets]/day_665/block_9,6,1288,1473,1287,1473,186,24.179655075073242,True,3.72,0.7757406830787659,1.0,False,True
T11-random_targets_d665_b9_t7,T11,random_targets,665,9,T11[random_targets]/day_665/block_9,7,1474,1666,1473,1666,193,17.925832748413086,True,3.86,0.9399030804634094,1.0,False,True
T11-random_targets_d665_b9_t8,T11,random_targets,665,9,T11[random_targets]/day_665/block_9,8,1667,1824,1666,1824,158,23.393953323364258,True,3.16,0.9255220293998718,1.0,False,True
T11-random_targets_d665_b9_t9,T11,random_targets,665,9,T11[random_targets]/day_665/block_9,9,1825,1960,1824,1960,136,18.664705276489258,True,2.72,0.6421592831611633,0.0,False,True
T11-random_targets_d665_b9_t10,T11,random_targets,665,9,T11[random_targets]/day_665/block_9,10,1961,2075,1960,2075,115,23.331968307495117,True,2.3,0.9257983565330505,1.0,False,True
T11-random_targets_d665_b9_t11,T11,random_targets,665,9,T11[random_targets]/day_665/block_9,11,2076,2212,2075,2212,137,13.802184104919434,True,2.74,,0.0,False,True
T11-random_targets_d665_b9_t12,T11,random_targets,665,9,T11[random_targets]/day_665/block_9,12,2213,2331,2212,2331,119,30.538028717041016,True,2.38,0.5478480458259583,1.0,False,True
T11-random_targets_d665_b9_t13,T11,random_targets,665,9,T11[random_targets]/day_665/block_9,13,2332,2486,2331,2486,155,10.316057205200195,True,3.1,0.9197553992271423,1.0,False,True
T11-random_targets_d665_b9_t14,T11,random_targets,665,9,T11[random_targets]/day_665/block_9,14,2487,2729,2486,2729,243,25.603654861450195,True,4.86,0.7098739743232727,3.0,False,True
T11-random_targets_d665_b9_t15,T11,random_targets,665,9,T11[random_targets]/day_665/block_9,15,2730,2974,2729,2974,245,28.70388412475586,True,4.9,0.8280698657035828,2.0,False,True
T11-random_targets_d665_b9_t16,T11,random_targets,665,9,T11[random_targets]/day_665/block_9,16,2975,3102,2974,3102,128,22.0723876953125,True,2.56,0.5588454008102417,1.0,False,True
T11-random_targets_d665_b9_t17,T11,random_targets,665,9,T11[random_targets]/day_665/block_9,17,3103,3206,3102,3206,104,39.36006164550781,True,2.08,0.7994009852409363,1.0,False,True
T11-random_targets_d665_b9_t18,T11,random_targets,665,9,T11[random_targets]/day_665/block_9,18,3207,3372,3206,3372,166,17.326202392578125,True,3.32,0.8628938794136047,1.0,False,True
T11-random_targets_d665_b9_t19,T11,random_targets,665,9,T11[random_targets]/day_665/block_9,19,3373,3465,3372,3465,93,15.976572036743164,True,1.86,,1.0,False,True
T11-random_targets_d665_b9_t20,T11,random_targets,665,9,T11[random_targets]/day_665/block_9,20,3466,3668,3465,3668,203,28.77078628540039,True,4.06,0.7137714624404907,0.0,False,True
T11-random_targets_d665_b9_t21,T11,random_targets,665,9,T11[random_targets]/day_665/block_9,21,3669,3803,3668,3803,135,15.710420608520508,True,2.7,,1.0,False,True
T11-random_targets_d665_b9_t22,T11,random_targets,665,9,T11[random_targets]/day_665/block_9,22,3804,3947,3803,3947,144,44.02740478515625,True,2.88,0.5361260771751404,1.0,False,True
T11-random_targets_d665_b9_t23,T11,random_targets,665,9,T11[random_targets]/day_665/block_9,23,3948,4262,3947,4262,315,26.16058349609375,True,6.3,0.8909996151924133,0.0,False,True
T11-random_targets_d665_b9_t24,T11,random_targets,665,9,T11[random_targets]/day_665/block_9,24,4263,4382,4262,4382,120,30.510272979736328,True,2.4,0.8232625722885132,1.0,False,True
T11-random_targets_d665_b9_t25,T11,random_targets,665,9,T11[random_targets]/day_665/block_9,25,4383,4518,4382,4518,136,23.06992530822754,True,2.72,0.8511221408843994,1.0,False,True
T11-random_targets_d665_b9_t26,T11,random_targets,665,9,T11[random_targets]/day_665/block_9,26,4519,4731,4518,4731,213,18.901336669921875,True,4.26,0.7283143401145935,2.0,False,True
T11-random_targets_d665_b9_t27,T11,random_targets,665,9,T11[random_targets]/day_665/block_9,27,4732,4973,4731,4973,242,23.98689079284668,True,4.84,0.8845608830451965,0.0,False,True
T11-random_targets_d665_b9_t28,T11,random_targets,665,9,T11[random_targets]/day_665/block_9,28,4974,5190,4973,5190,217,50.893070220947266,True,4.34,0.5125598907470703,5.0,False,True
T11-random_targets_d665_b9_t29,T11,random_targets,665,9,T11[random_targets]/day_665/block_9,29,5191,5346,5190,5346,156,26.024269104003906,True,3.12,,2.0,False,True
T11-random_targets_d665_b9_t30,T11,random_targets,665,9,T11[random_targets]/day_665/block_9,30,5347,5531,5346,5531,185,12.984127044677734,True,3.7,0.7668934464454651,1.0,False,True
T11-random_targets_d665_b9_t31,T11,random_targets,665,9,T11[random_targets]/day_665/block_9,31,5532,5766,5531,5766,235,43.04176712036133,True,4.7,0.8242292404174805,1.0,False,True
T11-random_targets_d665_b9_t32,T11,random_targets,665,9,T11[random_targets]/day_665/block_9,32,5767,5919,5766,5919,153,31.384695053100586,True,3.06,,3.0,False,True
T11-random_targets_d665_b9_t33,T11,random_targets,665,9,T11[random_targets]/day_665/block_9,33,5920,6061,5919,6061,142,26.083904266357422,True,2.84,0.8183630704879761,1.0,False,True
T11-random_targets_d665_b9_t34,T11,random_targets,665,9,T11[random_targets]/day_665/block_9,34,6062,6193,6061,6193,132,22.296947479248047,True,2.64,0.6401284337043762,1.0,False,True
T11-random_targets_d665_b9_t35,T11,random_targets,665,9,T11[random_targets]/day_665/block_9,35,6194,6431,6193,6431,238,36.91349792480469,True,4.76,0.652818500995636,3.0,False,True
T11-random_targets_d665_b9_t36,T11,random_targets,665,9,T11[random_targets]/day_665/block_9,36,6432,6602,6431,6602,171,9.066526412963867,True,3.42,0.9319385290145874,1.0,False,True
T11-random_targets_d665_b9_t37,T11,random_targets,665,9,T11[random_targets]/day_665/block_9,37,6603,6783,6602,6783,181,22.787654876708984,True,3.62,0.8109216094017029,0.0,False,True
T11-random_targets_d665_b9_t38,T11,random_targets,665,9,T11[random_targets]/day_665/block_9,38,6784,7049,6783,7049,266,39.190486907958984,True,5.32,0.9489085674285889,6.0,False,True
T11-random_targets_d665_b9_t39,T11,random_targets,665,9,T11[random_targets]/day_665/block_9,39,7050,7292,7049,7292,243,18.707136154174805,True,4.86,0.8571708798408508,1.0,False,True
T11-random_targets_d665_b9_t40,T11,random_targets,665,9,T11[random_targets]/day_665/block_9,40,7293,7440,7292,7440,148,23.708255767822266,True,2.96,0.5333777070045471,1.0,False,True
T11-random_targets_d665_b9_t41,T11,random_targets,665,9,T11[random_targets]/day_665/block_9,41,7441,7641,7440,7641,201,21.011510848999023,True,4.02,0.944430410861969,2.0,False,True
T11-random_targets_d665_b9_t42,T11,random_targets,665,9,T11[random_targets]/day_665/block_9,42,7642,7837,7641,7837,196,31.647369384765625,True,3.92,0.92036372423172,3.0,False,True
T11-random_targets_d665_b9_t43,T11,random_targets,665,9,T11[random_targets]/day_665/block_9,43,7838,8013,7837,8013,176,17.49040985107422,True,3.52,0.7715580463409424,0.0,False,True
T11-random_targets_d665_b9_t44,T11,random_targets,665,9,T11[random_targets]/day_665/block_9,44,8014,8145,8013,8145,132,40.77381134033203,True,2.64,0.6490170955657959,1.0,False,True
T11-random_targets_d665_b9_t45,T11,random_targets,665,9,T11[random_targets]/day_665/block_9,45,8146,8252,8145,8252,107,16.3558406829834,True,2.14,,1.0,False,True
T11-random_targets_d665_b9_t46,T11,random_targets,665,9,T11[random_targets]/day_665/block_9,46,8253,8380,8252,8380,128,38.36848449707031,True,2.56,0.4530060589313507,1.0,False,True
T11-random_targets_d665_b9_t47,T11,random_targets,665,9,T11[random_targets]/day_665/block_9,47,8381,8569,8380,8569,189,17.545883178710938,True,3.78,0.9418888092041016,0.0,False,True
T11-random_targets_d665_b9_t48,T11,random_targets,665,9,T11[random_targets]/day_665/block_9,48,8570,8762,8569,8762,193,23.228744506835938,True,3.86,0.7437791228294373,2.0,False,True
T11-random_targets_d665_b9_t49,T11,random_targets,665,9,T11[random_targets]/day_665/block_9,49,8763,8925,8762,8925,163,38.27788162231445,True,3.26,0.9788647890090942,1.0,False,True
T11-random_targets_d665_b9_t50,T11,random_targets,665,9,T11[random_targets]/day_665/block_9,50,8926,9060,8925,9060,135,13.524771690368652,True,2.7,,0.0,False,True
T11-random_targets_d665_b9_t51,T11,random_targets,665,9,T11[random_targets]/day_665/block_9,51,9061,9170,9060,9170,110,30.802791595458984,True,2.2,0.5740976929664612,1.0,False,True
T11-random_targets_d665_b9_t52,T11,random_targets,665,9,T11[random_targets]/day_665/block_9,52,9171,9305,9170,9305,135,5.987006187438965,True,2.7,,0.0,False,True
T11-random_targets_d665_b9_t53,T11,random_targets,665,9,T11[random_targets]/day_665/block_9,53,9306,9439,9305,9439,134,17.880937576293945,True,2.68,0.6827861070632935,0.0,False,True
T11-random_targets_d665_b9_t54,T11,random_targets,665,9,T11[random_targets]/day_665/block_9,54,9440,9550,9439,9550,111,23.24488067626953,True,2.22,0.7975804805755615,1.0,False,True
T11-random_targets_d665_b9_t55,T11,random_targets,665,9,T11[random_targets]/day_665/block_9,55,9551,9645,9550,9645,95,38.30628204345703,True,1.9,0.8203967213630676,1.0,False,True
T11-random_targets_d665_b9_t56,T11,random_targets,665,9,T11[random_targets]/day_665/block_9,56,9646,9797,9645,9797,152,31.777170181274414,True,3.04,0.9282257556915283,1.0,False,True
T11-random_targets_d665_b9_t57,T11,random_targets,665,9,T11[random_targets]/day_665/block_9,57,9798,10013,9797,10013,216,7.996492385864258,True,4.32,0.7654484510421753,0.0,False,True
T11-random_targets_d665_b9_t58,T11,random_targets,665,9,T11[random_targets]/day_665/block_9,58,10014,10243,10013,10243,230,45.60101318359375,True,4.6,0.877538800239563,1.0,False,True
T11-random_targets_d665_b9_t59,T11,random_targets,665,9,T11[random_targets]/day_665/block_9,59,10244,10381,10243,10381,138,28.7082576751709,True,2.76,0.6595558524131775,1.0,False,True
T11-random_targets_d665_b9_t60,T11,random_targets,665,9,T11[random_targets]/day_665/block_9,60,10382,10487,10381,10487,106,19.81058120727539,True,2.12,0.7829765677452087,0.0,False,True
T11-random_targets_d665_b9_t61,T11,random_targets,665,9,T11[random_targets]/day_665/block_9,61,10488,10658,10487,10658,171,23.587953567504883,True,3.42,0.9903741478919983,2.0,False,True
T11-random_targets_d665_b9_t62,T11,random_targets,665,9,T11[random_targets]/day_665/block_9,62,10659,10781,10658,10781,123,32.68815612792969,True,2.46,0.6025797724723816,1.0,False,True
T11-random_targets_d665_b9_t63,T11,random_targets,665,9,T11[random_targets]/day_665/block_9,63,10782,10977,10781,10977,196,11.824552536010742,True,3.92,0.8563619256019592,0.0,False,True
T11-random_targets_d665_b9_t64,T11,random_targets,665,9,T11[random_targets]/day_665/block_9,64,10978,11087,10977,11087,110,30.220380783081055,True,2.2,,0.0,False,True
T11-random_targets_d665_b9_t65,T11,random_targets,665,9,T11[random_targets]/day_665/block_9,65,11088,11214,11087,11214,127,11.105863571166992,True,2.54,0.6667110323905945,0.0,False,True
T11-random_targets_d665_b9_t66,T11,random_targets,665,9,T11[random_targets]/day_665/block_9,66,11215,11330,11214,11330,116,8.37496566772461,True,2.32,,0.0,False,True
T11-random_targets_d665_b9_t67,T11,random_targets,665,9,T11[random_targets]/day_665/block_9,67,11331,11491,11330,11491,161,14.223432540893555,True,3.22,0.7429500222206116,1.0,False,True
T11-random_targets_d665_b9_t68,T11,random_targets,665,9,T11[random_targets]/day_665/block_9,68,11492,11703,11491,11703,212,11.184391021728516,True,4.24,0.9392566084861755,1.0,False,True
T11-random_targets_d665_b9_t69,T11,random_targets,665,9,T11[random_targets]/day_665/block_9,69,11704,11844,11703,11844,141,29.04276466369629,True,2.82,0.8243649005889893,1.0,False,True
T11-random_targets_d665_b9_t70,T11,random_targets,665,9,T11[random_targets]/day_665/block_9,70,11845,11993,11844,11993,149,16.817214965820312,True,2.98,0.9439870119094849,2.0,False,True
T11-random_targets_d665_b9_t71,T11,random_targets,665,9,T11[random_targets]/day_665/block_9,71,11994,12165,11993,12165,172,51.33953857421875,True,3.44,0.4234389662742615,2.0,False,True
T11-random_targets_d665_b9_t72,T11,random_targets,665,9,T11[random_targets]/day_665/block_9,72,12166,12312,12165,12312,147,39.471763610839844,True,2.94,0.8176711797714233,0.0,False,True
T11-random_targets_d665_b9_t73,T11,random_targets,665,9,T11[random_targets]/day_665/block_9,73,12313,12559,12312,12559,247,22.056201934814453,True,4.94,0.8746472001075745,1.0,False,True
T11-random_targets_d665_b9_t74,T11,random_targets,665,9,T11[random_targets]/day_665/block_9,74,12560,12920,12559,12920,361,73.5430679321289,True,7.22,0.2259916514158249,8.0,True,True
T11-random_targets_d665_b9_t75,T11,random_targets,665,9,T11[random_targets]/day_665/block_9,75,12921,13132,12920,13132,212,24.45008659362793,True,4.24,0.6825779676437378,2.0,False,True
T11-random_targets_d665_b9_t76,T11,random_targets,665,9,T11[random_targets]/day_665/block_9,76,13133,13296,13132,13296,164,19.390655517578125,True,3.28,0.8759343028068542,1.0,False,True
T11-random_targets_d665_b9_t77,T11,random_targets,665,9,T11[random_targets]/day_665/block_9,77,13297,13426,13296,13426,130,16.88858413696289,True,2.6,0.9492996335029602,0.0,False,True
T11-random_targets_d665_b9_t78,T11,random_targets,665,9,T11[random_targets]/day_665/block_9,78,13427,13565,13426,13565,139,20.865097045898438,True,2.78,0.7266120314598083,1.0,False,True
T11-random_targets_d665_b9_t79,T11,random_targets,665,9,T11[random_targets]/day_665/block_9,79,13566,13698,13565,13698,133,17.934642791748047,True,2.66,,1.0,False,True
T11-random_targets_d665_b9_t80,T11,random_targets,665,9,T11[random_targets]/day_665/block_9,80,13699,13913,13698,13913,215,14.065558433532715,True,4.3,0.7617292404174805,0.0,False,True
T11-random_targets_d665_b9_t81,T11,random_targets,665,9,T11[random_targets]/day_665/block_9,81,13914,14012,13913,14012,99,14.11499309539795,True,1.98,0.8965194821357727,0.0,False,True
T11-random_targets_d665_b9_t82,T11,random_targets,665,9,T11[random_targets]/day_665/block_9,82,14013,14197,14012,14197,185,22.25731658935547,True,3.7,0.7769374251365662,3.0,False,True
T11-random_targets_d665_b9_t83,T11,random_targets,665,9,T11[random_targets]/day_665/block_9,83,14198,14356,14197,14356,159,23.899253845214844,True,3.18,0.6749565005302429,3.0,False,True
T11-random_targets_d665_b9_t84,T11,random_targets,665,9,T11[random_targets]/day_665/block_9,84,14357,14573,14356,14573,217,16.029510498046875,True,4.34,0.8980613350868225,1.0,False,True
T11-random_targets_d665_b9_t85,T11,random_targets,665,9,T11[random_targets]/day_665/block_9,85,14574,14678,14573,14678,105,31.554475784301758,True,2.1,,1.0,False,True
T11-random_targets_d665_b9_t86,T11,random_targets,665,9,T11[random_targets]/day_665/block_9,86,14679,14798,14678,14798,120,20.281517028808594,True,2.4,0.6280249357223511,1.0,False,True
T11-random_targets_d665_b9_t87,T11,random_targets,665,9,T11[random_targets]/day_665/block_9,87,14799,14940,14798,14940,142,13.513696670532227,True,2.84,0.8431742191314697,1.0,False,True
T11-random_targets_d665_b9_t88,T11,random_targets,665,9,T11[random_targets]/day_665/block_9,88,14941,15161,14940,15161,221,24.348133087158203,True,4.42,0.8865365386009216,0.0,False,True
T5_d2121_b1_t0,T5,main,2121,1,T5/day_2121/block_1,0,156,232,155,232,77,8.504075050354004,True,1.54,0.9061990481182046,0.0,False,False
T5_d2121_b1_t1,T5,main,2121,1,T5/day_2121/block_1,1,233,260,232,260,28,71.27867126464844,True,0.56,0.31027915786146393,0.0,False,False
T5_d2121_b1_t2,T5,main,2121,1,T5/day_2121/block_1,2,261,321,260,321,61,17.998350143432617,True,1.22,0.7959649050633969,1.0,False,False
T5_d2121_b1_t3,T5,main,2121,1,T5/day_2121/block_1,3,322,430,321,430,109,42.03761291503906,True,2.18,0.6653973732302297,2.0,False,False
T5_d2121_b1_t4,T5,main,2121,1,T5/day_2121/block_1,4,431,499,430,499,69,18.69846534729004,True,1.38,0.8521496745984406,0.0,False,False
T5_d2121_b1_t5,T5,main,2121,1,T5/day_2121/block_1,5,500,599,499,599,100,36.726112365722656,True,2.0,0.5988767787079423,2.0,False,False
T5_d2121_b1_t6,T5,main,2121,1,T5/day_2121/block_1,6,600,645,599,645,46,66.48357391357422,True,0.92,0.3358173906150827,1.0,False,False
T5_d2121_b1_t7,T5,main,2121,1,T5/day_2121/block_1,7,646,768,645,768,123,24.107744216918945,True,2.46,0.8153090111220016,2.0,False,False
T5_d2121_b1_t8,T5,main,2121,1,T5/day_2121/block_1,8,769,846,768,846,78,17.973751068115234,True,1.56,0.797863929162627,1.0,False,False
T5_d2121_b1_t9,T5,main,2121,1,T5/day_2121/block_1,9,847,994,846,994,148,41.42369842529297,True,2.96,0.7584515879685769,2.0,False,False
T5_d2121_b1_t10,T5,main,2121,1,T5/day_2121/block_1,10,995,1096,994,1096,102,17.408737182617188,True,2.04,0.8589906716417016,2.0,False,False
T5_d2121_b1_t11,T5,main,2121,1,T5/day_2121/block_1,11,1097,1179,1096,1179,83,11.54196548461914,True,1.66,0.853435941012938,0.0,False,False
T5_d2121_b1_t12,T5,main,2121,1,T5/day_2121/block_1,12,1180,1274,1179,1274,95,17.639846801757812,True,1.9,0.5994393641229159,3.0,False,False
T5_d2121_b1_t13,T5,main,2121,1,T5/day_2121/block_1,13,1275,1337,1274,1337,63,65.27317810058594,True,1.26,0.3685702251250406,1.0,False,False
T5_d2121_b1_t14,T5,main,2121,1,T5/day_2121/block_1,14,1338,1452,1337,1452,115,13.870905876159668,True,2.3,0.8837893611113181,1.0,False,False
T5_d2121_b1_t15,T5,main,2121,1,T5/day_2121/block_1,15,1453,1546,1452,1546,94,14.265745162963867,True,1.88,0.902230974489725,1.0,False,False
T5_d2121_b1_t16,T5,main,2121,1,T5/day_2121/block_1,16,1547,1629,1546,1629,83,12.401493072509766,True,1.66,0.9195066962581651,0.0,False,False
T5_d2121_b1_t17,T5,main,2121,1,T5/day_2121/block_1,17,1630,1771,1629,1771,142,20.974201202392578,True,2.84,0.7242049801717,1.0,False,False
T5_d2121_b1_t18,T5,main,2121,1,T5/day_2121/block_1,18,1772,1870,1771,1870,99,19.9720458984375,True,1.98,0.7965067984338665,1.0,False,False
T5_d2121_b1_t19,T5,main,2121,1,T5/day_2121/block_1,19,1871,1935,1870,1935,65,34.074073791503906,True,1.3,0.6774319773381361,1.0,False,False
T5_d2121_b1_t20,T5,main,2121,1,T5/day_2121/block_1,20,1936,2004,1935,2004,69,28.072492599487305,True,1.38,0.78678811906246,0.0,False,False
T5_d2121_b1_t21,T5,main,2121,1,T5/day_2121/block_1,21,2005,2132,2004,2132,128,45.08757019042969,True,2.56,0.7251262246221788,3.0,False,False
T5_d2121_b1_t22,T5,main,2121,1,T5/day_2121/block_1,22,2133,2216,2132,2216,84,8.894987106323242,True,1.68,0.8585185920141426,1.0,False,False
T5_d2121_b1_t23,T5,main,2121,1,T5/day_2121/block_1,23,2217,2332,2216,2332,116,30.137407302856445,True,2.32,0.6938031625114459,1.0,False,False
T5_d2121_b1_t24,T5,main,2121,1,T5/day_2121/block_1,24,2333,2415,2332,2415,83,29.599416732788086,True,1.66,0.8003016909389864,1.0,False,False
T5_d2121_b1_t25,T5,main,2121,1,T5/day_2121/block_1,25,2416,2550,2415,2550,135,27.476806640625,True,2.7,0.7803154460105187,1.0,False,False
T5_d2121_b1_t26,T5,main,2121,1,T5/day_2121/block_1,26,2551,2653,2550,2653,103,29.28296661376953,True,2.06,0.8801096730030389,1.0,False,False
T5_d2121_b1_t27,T5,main,2121,1,T5/day_2121/block_1,27,2654,2784,2653,2784,131,16.397445678710938,True,2.62,0.8900461798332895,1.0,False,False
T5_d2121_b1_t28,T5,main,2121,1,T5/day_2121/block_1,28,2785,2918,2784,2918,134,48.22858428955078,True,2.68,0.40045057823598057,3.0,False,False
T5_d2121_b1_t29,T5,main,2121,1,T5/day_2121/block_1,29,2919,3000,2918,3000,82,27.253257751464844,True,1.64,0.8579166791715274,2.0,False,False
T5_d2121_b1_t30,T5,main,2121,1,T5/day_2121/block_1,30,3001,3049,3000,3049,49,39.13226318359375,True,0.98,0.7540318249187768,0.0,False,False
T5_d2121_b1_t31,T5,main,2121,1,T5/day_2121/block_1,31,3050,3164,3049,3164,115,58.380306243896484,True,2.3,0.5661980507350266,2.0,False,False
T5_d2121_b1_t32,T5,main,2121,1,T5/day_2121/block_1,32,3165,3268,3164,3268,104,24.107158660888672,True,2.08,0.8479877332488007,1.0,False,False
T5_d2121_b1_t33,T5,main,2121,1,T5/day_2121/block_1,33,3269,3410,3268,3410,142,31.356693267822266,True,2.84,0.7312781566103427,2.0,False,False
T5_d2121_b1_t34,T5,main,2121,1,T5/day_2121/block_1,34,3411,3503,3410,3503,93,16.924983978271484,True,1.86,0.7776756640028193,0.0,False,False
T5_d2121_b1_t35,T5,main,2121,1,T5/day_2121/block_1,35,3504,3712,3503,3712,209,30.1884708404541,True,4.18,0.7734405319180002,0.0,False,False
T5_d2121_b1_t36,T5,main,2121,1,T5/day_2121/block_1,36,3713,3873,3712,3873,161,25.88026237487793,True,3.22,0.8417129809251371,3.0,False,False
T5_d2121_b1_t37,T5,main,2121,1,T5/day_2121/block_1,37,3874,4081,3873,4081,208,54.92427062988281,True,4.16,0.5309617735059412,3.0,False,False
T5_d2121_b1_t38,T5,main,2121,1,T5/day_2121/block_1,38,4082,4353,4081,4353,272,49.007362365722656,True,5.44,0.5717686209511484,6.0,False,False
T5_d2121_b1_t39,T5,main,2121,1,T5/day_2121/block_1,39,4354,4504,4353,4504,151,14.834410667419434,True,3.02,0.7800718643852778,2.0,False,False
T5_d2121_b1_t40,T5,main,2121,1,T5/day_2121/block_1,40,4505,4638,4504,4638,134,49.54917526245117,True,2.68,0.4771790112969493,4.0,False,False
T5_d2121_b1_t41,T5,main,2121,1,T5/day_2121/block_1,41,4639,4779,4638,4779,141,27.869762420654297,True,2.82,0.8338914596947555,1.0,False,False
T5_d2121_b1_t42,T5,main,2121,1,T5/day_2121/block_1,42,4780,4886,4779,4886,107,56.15974807739258,True,2.14,0.5259090772611941,2.0,False,False
T5_d2121_b1_t43,T5,main,2121,1,T5/day_2121/block_1,43,4887,5039,4886,5039,153,74.67456817626953,True,3.06,0.12089188524174205,2.0,False,False
T5_d2121_b1_t44,T5,main,2121,1,T5/day_2121/block_1,44,5040,5176,5039,5176,137,22.8856258392334,True,2.74,0.48796130512094826,2.0,False,False
T5_d2121_b1_t45,T5,main,2121,1,T5/day_2121/block_1,45,5177,5524,5176,5524,348,49.12895202636719,True,6.96,0.5694503895385028,2.0,False,False
T5_d2121_b1_t46,T5,main,2121,1,T5/day_2121/block_1,46,5525,5641,5524,5641,117,13.57530403137207,True,2.34,0.8789316966827242,1.0,False,False
T5_d2121_b1_t47,T5,main,2121,1,T5/day_2121/block_1,47,5642,5713,5641,5713,72,34.145713806152344,True,1.44,0.7310719601052899,0.0,False,False
T5_d2121_b1_t48,T5,main,2121,1,T5/day_2121/block_1,48,5714,6213,5713,6213,500,59.94548797607422,False,10.0,0.42763639966232,10.0,False,False
T5_d2121_b1_t49,T5,main,2121,1,T5/day_2121/block_1,49,6214,6311,6213,6311,98,111.74224853515625,True,1.96,0.14771005208766133,3.0,False,False
T5_d2121_b1_t50,T5,main,2121,1,T5/day_2121/block_1,50,6312,6497,6311,6497,186,60.02851486206055,True,3.72,0.4308652258785175,5.0,False,False
T5_d2121_b1_t51,T5,main,2121,1,T5/day_2121/block_1,51,6498,6590,6497,6590,93,53.109073638916016,True,1.86,0.6580344624315811,3.0,False,False
T5_d2121_b1_t52,T5,main,2121,1,T5/day_2121/block_1,52,6591,6754,6590,6754,164,40.478248596191406,True,3.28,0.766276777716987,3.0,False,False
T5_d2121_b1_t53,T5,main,2121,1,T5/day_2121/block_1,53,6755,6940,6754,6940,186,29.508075714111328,True,3.72,0.655246932264616,3.0,False,False
T5_d2121_b1_t54,T5,main,2121,1,T5/day_2121/block_1,54,6941,7031,6940,7031,91,23.85918617248535,True,1.82,0.7836042063702636,1.0,False,False
T5_d2121_b1_t55,T5,main,2121,1,T5/day_2121/block_1,55,7032,7237,7031,7237,206,47.20206832885742,True,4.12,0.5436737140285011,5.0,False,False
T5_d2121_b1_t56,T5,main,2121,1,T5/day_2121/block_1,56,7238,7447,7237,7447,210,64.01319885253906,True,4.2,0.18504779660850504,2.0,False,False
T5_d2121_b1_t57,T5,main,2121,1,T5/day_2121/block_1,57,7448,7947,7447,7947,500,158.8319091796875,False,10.0,0.03627644273240964,6.0,False,False
T5_d2121_b1_t58,T5,main,2121,1,T5/day_2121/block_1,58,7948,8447,7947,8447,500,162.80123901367188,False,10.0,0.6083234913099718,1.0,False,False
T5_d2121_b1_t59,T5,main,2121,1,T5/day_2121/block_1,59,8448,8504,8447,8504,57,63.403656005859375,True,1.14,0.5344737964655204,1.0,False,False
T5_d2121_b1_t60,T5,main,2121,1,T5/day_2121/block_1,60,8505,8621,8504,8621,117,14.84713363647461,True,2.34,0.894110743585738,1.0,False,False
T5_d2121_b1_t61,T5,main,2121,1,T5/day_2121/block_1,61,8622,8735,8621,8735,114,8.953447341918945,True,2.28,0.9171115094930344,0.0,False,False
T5_d2121_b1_t62,T5,main,2121,1,T5/day_2121/block_1,62,8736,8864,8735,8864,129,32.8176155090332,True,2.58,0.782975871415386,3.0,False,False
T5_d2121_b1_t63,T5,main,2121,1,T5/day_2121/block_1,63,8865,8944,8864,8944,80,16.688488006591797,True,1.6,0.7907356504346679,1.0,False,False
T5_d2121_b1_t64,T5,main,2121,1,T5/day_2121/block_1,64,8945,9029,8944,9029,85,15.616312026977539,True,1.7,0.861101121575623,1.0,False,False
T5_d2121_b1_t65,T5,main,2121,1,T5/day_2121/block_1,65,9030,9102,9029,9102,73,19.001663208007812,True,1.46,0.8205891771276452,1.0,False,False
T5_d2121_b1_t66,T5,main,2121,1,T5/day_2121/block_1,66,9103,9239,9102,9239,137,19.398731231689453,True,2.74,0.8624795671735478,1.0,False,False
T5_d2121_b1_t67,T5,main,2121,1,T5/day_2121/block_1,67,9240,9333,9239,9333,94,5.779604911804199,True,1.88,0.9324847952274569,1.0,False,False
T5_d2121_b1_t68,T5,main,2121,1,T5/day_2121/block_1,68,9334,9417,9333,9417,84,39.74407196044922,True,1.68,0.710781820623256,2.0,False,False
T5_d2121_b1_t69,T5,main,2121,1,T5/day_2121/block_1,69,9418,9519,9417,9519,102,23.519065856933594,True,2.04,0.8299561409526526,1.0,False,False
T5_d2121_b1_t70,T5,main,2121,1,T5/day_2121/block_1,70,9520,9578,9519,9578,59,65.94769287109375,True,1.18,0.3452731251657298,1.0,False,False
T5_d2121_b1_t71,T5,main,2121,1,T5/day_2121/block_1,71,9579,9747,9578,9747,169,35.47283172607422,True,3.38,0.5883419750948518,2.0,False,False
T5_d2121_b1_t72,T5,main,2121,1,T5/day_2121/block_1,72,9748,9860,9747,9860,113,17.82906723022461,True,2.26,0.8783978430224683,1.0,False,False
T5_d2121_b1_t73,T5,main,2121,1,T5/day_2121/block_1,73,9861,9951,9860,9951,91,43.00299072265625,True,1.82,0.6629291658647184,3.0,False,False
T5_d2121_b1_t74,T5,main,2121,1,T5/day_2121/block_1,74,9952,10145,9951,10145,194,48.116493225097656,True,3.88,0.3597424862352193,7.0,False,False
T5_d2121_b1_t75,T5,main,2121,1,T5/day_2121/block_1,75,10146,10283,10145,10283,138,48.07979202270508,True,2.76,0.6699285576944837,1.0,False,False
T5_d2121_b1_t76,T5,main,2121,1,T5/day_2121/block_1,76,10284,10395,10283,10395,112,27.37816047668457,True,2.24,0.858915531679124,2.0,False,False
T5_d2121_b1_t77,T5,main,2121,1,T5/day_2121/block_1,77,10396,10472,10395,10472,77,27.36164665222168,True,1.54,0.48899739441423745,2.0,False,False
T5_d2121_b1_t78,T5,main,2121,1,T5/day_2121/block_1,78,10473,10586,10472,10586,114,23.795467376708984,True,2.28,0.777391297448513,2.0,False,False
T5_d2121_b1_t79,T5,main,2121,1,T5/day_2121/block_1,79,10587,10658,10586,10658,72,20.806640625,True,1.44,0.7128956690969469,0.0,False,False
T5_d2121_b1_t80,T5,main,2121,1,T5/day_2121/block_1,80,10659,10814,10658,10814,156,24.659561157226562,True,3.12,0.7960670987771695,2.0,False,False
T5_d2121_b1_t81,T5,main,2121,1,T5/day_2121/block_1,81,10815,10936,10814,10936,122,29.81671905517578,True,2.44,0.7630353888740139,2.0,False,False
T5_d2121_b1_t82,T5,main,2121,1,T5/day_2121/block_1,82,10937,11096,10936,11096,160,22.681076049804688,True,3.2,0.8426818352570082,1.0,False,False
T5_d2121_b1_t83,T5,main,2121,1,T5/day_2121/block_1,83,11097,11240,11096,11240,144,16.474990844726562,True,2.88,0.7903258959163156,2.0,False,False
T5_d2121_b1_t84,T5,main,2121,1,T5/day_2121/block_1,84,11241,11366,11240,11366,126,78.17141723632812,True,2.52,0.173830887624202,4.0,False,False
T5_d2121_b1_t85,T5,main,2121,1,T5/day_2121/block_1,85,11367,11451,11366,11451,85,63.252140045166016,True,1.7,0.42383824762019023,3.0,False,False
T5_d2121_b1_t86,T5,main,2121,1,T5/day_2121/block_1,86,11452,11592,11451,11592,141,21.790449142456055,True,2.82,0.6386353441149798,1.0,False,False
T5_d2121_b1_t87,T5,main,2121,1,T5/day_2121/block_1,87,11593,11771,11592,11771,179,33.36279296875,True,3.58,0.7320403755079316,2.0,False,False
T5_d2121_b1_t88,T5,main,2121,1,T5/day_2121/block_1,88,11772,11962,11771,11962,191,43.98058319091797,True,3.82,0.596947420019887,3.0,False,False
T5_d2121_b2_t0,T5,main,2121,2,T5/day_2121/block_2,0,139,221,138,221,83,17.074039459228516,True,1.66,0.9042102217759358,1.0,False,False
T5_d2121_b2_t1,T5,main,2121,2,T5/day_2121/block_2,1,222,329,221,329,108,22.825000762939453,True,2.16,0.8707102984390029,2.0,False,False
T5_d2121_b2_t2,T5,main,2121,2,T5/day_2121/block_2,2,330,411,329,411,82,45.698829650878906,True,1.64,0.6440204031786685,2.0,False,False
T5_d2121_b2_t3,T5,main,2121,2,T5/day_2121/block_2,3,412,501,411,501,90,13.660076141357422,True,1.8,0.8804967113755765,1.0,False,False
T5_d2121_b2_t4,T5,main,2121,2,T5/day_2121/block_2,4,502,580,501,580,79,10.675115585327148,True,1.58,0.8709176609724304,1.0,False,False
T5_d2121_b2_t5,T5,main,2121,2,T5/day_2121/block_2,5,581,702,580,702,122,23.841567993164062,True,2.44,0.7335198969767199,1.0,False,False
T5_d2121_b2_t6,T5,main,2121,2,T5/day_2121/block_2,6,703,769,702,769,67,37.5827751159668,True,1.34,0.7757958290866764,1.0,False,False
T5_d2121_b2_t7,T5,main,2121,2,T5/day_2121/block_2,7,770,871,769,871,102,36.64478302001953,True,2.04,0.7178997829180337,1.0,False,False
T5_d2121_b2_t8,T5,main,2121,2,T5/day_2121/block_2,8,872,945,871,945,74,25.273090362548828,True,1.48,0.8499218711080306,2.0,False,False
T5_d2121_b2_t9,T5,main,2121,2,T5/day_2121/block_2,9,946,1034,945,1034,89,18.48990249633789,True,1.78,0.8828566720775074,1.0,False,False
T5_d2121_b2_t10,T5,main,2121,2,T5/day_2121/block_2,10,1035,1105,1034,1105,71,13.408403396606445,True,1.42,0.8465952585410365,1.0,False,False
T5_d2121_b2_t11,T5,main,2121,2,T5/day_2121/block_2,11,1106,1193,1105,1193,88,68.95944213867188,True,1.76,0.431249670441469,2.0,False,False
T5_d2121_b2_t12,T5,main,2121,2,T5/day_2121/block_2,12,1194,1283,1193,1283,90,26.143733978271484,True,1.8,0.8760626872577048,2.0,False,False
T5_d2121_b2_t13,T5,main,2121,2,T5/day_2121/block_2,13,1284,1341,1283,1341,58,60.521331787109375,True,1.16,0.5539314698078903,1.0,False,False
T5_d2121_b2_t14,T5,main,2121,2,T5/day_2121/block_2,14,1342,1488,1341,1488,147,27.157899856567383,True,2.94,0.6838383441004823,4.0,False,False
T5_d2121_b2_t15,T5,main,2121,2,T5/day_2121/block_2,15,1489,1582,1488,1582,94,65.42288970947266,True,1.88,0.48059146981132855,2.0,False,False
T5_d2121_b2_t16,T5,main,2121,2,T5/day_2121/block_2,16,1583,1691,1582,1691,109,21.160816192626953,True,2.18,0.8569112777576643,1.0,False,False
T5_d2121_b2_t17,T5,main,2121,2,T5/day_2121/block_2,17,1692,1779,1691,1779,88,14.935327529907227,True,1.76,0.8905508831534665,2.0,False,False
T5_d2121_b2_t18,T5,main,2121,2,T5/day_2121/block_2,18,1780,1854,1779,1854,75,42.74787521362305,True,1.5,0.6369292472918021,0.0,False,False
T5_d2121_b2_t19,T5,main,2121,2,T5/day_2121/block_2,19,1855,1917,1854,1917,63,28.192285537719727,True,1.26,0.7412191675593527,0.0,False,False
T5_d2121_b2_t20,T5,main,2121,2,T5/day_2121/block_2,20,1918,2034,1917,2034,117,17.196434020996094,True,2.34,0.7948843556760901,1.0,False,False
T5_d2121_b2_t21,T5,main,2121,2,T5/day_2121/block_2,21,2035,2108,2034,2108,74,53.438228607177734,True,1.48,0.7743815121883609,1.0,False,False
T5_d2121_b2_t22,T5,main,2121,2,T5/day_2121/block_2,22,2109,2256,2108,2256,148,59.65765380859375,True,2.96,0.24312050123739257,3.0,False,False
T5_d2121_b2_t23,T5,main,2121,2,T5/day_2121/block_2,23,2257,2391,2256,2391,135,20.275785446166992,True,2.7,0.8543814114844588,3.0,False,False
T5_d2121_b2_t24,T5,main,2121,2,T5/day_2121/block_2,24,2392,2528,2391,2528,137,35.9193000793457,True,2.74,0.6851936087638484,2.0,False,False
T5_d2121_b2_t25,T5,main,2121,2,T5/day_2121/block_2,25,2529,2596,2528,2596,68,14.406245231628418,True,1.36,0.8610896929602275,0.0,False,False
T5_d2121_b2_t26,T5,main,2121,2,T5/day_2121/block_2,26,2597,2672,2596,2672,76,14.258428573608398,True,1.52,0.8533231193055019,1.0,False,False
T5_d2121_b2_t27,T5,main,2121,2,T5/day_2121/block_2,27,2673,2751,2672,2751,79,29.067903518676758,True,1.58,0.7620898985482294,2.0,False,False
T5_d2121_b2_t28,T5,main,2121,2,T5/day_2121/block_2,28,2752,2845,2751,2845,94,28.12403106689453,True,1.88,0.8672696803698646,1.0,False,False
T5_d2121_b2_t29,T5,main,2121,2,T5/day_2121/block_2,29,2846,2958,2845,2958,113,73.71949768066406,True,2.26,0.3841591972700191,2.0,False,False
T5_d2121_b2_t30,T5,main,2121,2,T5/day_2121/block_2,30,2959,3072,2958,3072,114,38.81031036376953,True,2.28,0.49532603362013006,3.0,False,False
T5_d2121_b2_t31,T5,main,2121,2,T5/day_2121/block_2,31,3073,3118,3072,3118,46,76.70668029785156,True,0.92,0.48062642597095573,2.0,False,False
T5_d2121_b2_t32,T5,main,2121,2,T5/day_2121/block_2,32,3119,3260,3118,3260,142,40.678001403808594,True,2.84,0.6389820269128286,2.0,False,False
T5_d2121_b2_t33,T5,main,2121,2,T5/day_2121/block_2,33,3261,3395,3260,3395,135,23.462236404418945,True,2.7,0.9192493848603581,2.0,False,False
T5_d2121_b2_t34,T5,main,2121,2,T5/day_2121/block_2,34,3396,3552,3395,3552,157,27.220794677734375,True,3.14,0.7556623822590893,4.0,False,False
T5_d2121_b2_t35,T5,main,2121,2,T5/day_2121/block_2,35,3553,3626,3552,3626,74,40.09033203125,True,1.48,0.695248033356412,1.0,False,False
T5_d2121_b2_t36,T5,main,2121,2,T5/day_2121/block_2,36,3627,3728,3626,3728,102,22.348201751708984,True,2.04,0.8235695274589047,1.0,False,False
T5_d2121_b2_t37,T5,main,2121,2,T5/day_2121/block_2,37,3729,3866,3728,3866,138,57.29536437988281,True,2.76,0.4362069782209691,3.0,False,False
T5_d2121_b2_t38,T5,main,2121,2,T5/day_2121/block_2,38,3867,3915,3866,3915,49,24.82623863220215,True,0.98,0.7595442004059315,2.0,False,False
T5_d2121_b2_t39,T5,main,2121,2,T5/day_2121/block_2,39,3916,4043,3915,4043,128,42.281349182128906,True,2.56,0.5704354055355443,3.0,False,False
T5_d2121_b2_t40,T5,main,2121,2,T5/day_2121/block_2,40,4044,4176,4043,4176,133,24.262439727783203,True,2.66,0.8097446383318196,3.0,False,False
T5_d2121_b2_t41,T5,main,2121,2,T5/day_2121/block_2,41,4177,4285,4176,4285,109,53.6944694519043,True,2.18,0.5669051361375176,1.0,False,False
T5_d2121_b2_t42,T5,main,2121,2,T5/day_2121/block_2,42,4286,4399,4285,4399,114,51.88651657104492,True,2.28,0.5714310159454159,2.0,False,False
T5_d2121_b2_t43,T5,main,2121,2,T5/day_2121/block_2,43,4400,4530,4399,4530,131,16.446754455566406,True,2.62,0.7720003848337703,1.0,False,False
T5_d2121_b2_t44,T5,main,2121,2,T5/day_2121/block_2,44,4531,4679,4530,4679,149,24.663726806640625,True,2.98,0.593864530703176,2.0,False,False
T5_d2121_b2_t45,T5,main,2121,2,T5/day_2121/block_2,45,4680,4719,4679,4719,40,104.17967987060547,True,0.8,0.17112631336524733,2.0,False,False
T5_d2121_b2_t46,T5,main,2121,2,T5/day_2121/block_2,46,4720,4854,4719,4854,135,35.68709182739258,True,2.7,0.6659266414751911,2.0,False,False
T5_d2121_b2_t47,T5,main,2121,2,T5/day_2121/block_2,47,4855,5206,4854,5206,352,102.58380126953125,True,7.04,0.5134898573493843,5.0,False,False
T5_d2121_b2_t48,T5,main,2121,2,T5/day_2121/block_2,48,5207,5295,5206,5295,89,63.13429641723633,True,1.78,0.5634226028242812,1.0,False,False
T5_d2121_b2_t49,T5,main,2121,2,T5/day_2121/block_2,49,5296,5353,5295,5353,58,42.44673538208008,True,1.16,0.7088541445911376,0.0,False,False
T5_d2121_b2_t50,T5,main,2121,2,T5/day_2121/block_2,50,5354,5479,5353,5479,126,15.394237518310547,True,2.52,0.8857135231989081,1.0,False,False
T5_d2121_b2_t51,T5,main,2121,2,T5/day_2121/block_2,51,5480,5578,5479,5578,99,29.656423568725586,True,1.98,0.7962932349042334,0.0,False,False
T5_d2121_b2_t52,T5,main,2121,2,T5/day_2121/block_2,52,5579,5677,5578,5677,99,22.675649642944336,True,1.98,0.9076975057559676,0.0,False,False
T5_d2121_b2_t53,T5,main,2121,2,T5/day_2121/block_2,53,5678,5799,5677,5799,122,29.76628875732422,True,2.44,0.8494067436219351,2.0,False,False
T5_d2121_b2_t54,T5,main,2121,2,T5/day_2121/block_2,54,5800,5876,5799,5876,77,18.193445205688477,True,1.54,0.936205756123225,0.0,False,False
T5_d2121_b2_t55,T5,main,2121,2,T5/day_2121/block_2,55,5877,5981,5876,5981,105,20.36884307861328,True,2.1,0.833765267819735,1.0,False,False
T5_d2121_b2_t56,T5,main,2121,2,T5/day_2121/block_2,56,5982,6168,5981,6168,187,37.627342224121094,True,3.74,0.6618836213224104,1.0,False,False
T5_d2121_b2_t57,T5,main,2121,2,T5/day_2121/block_2,57,6169,6249,6168,6249,81,16.108484268188477,True,1.62,0.9081532533741999,1.0,False,False
T5_d2121_b2_t58,T5,main,2121,2,T5/day_2121/block_2,58,6250,6349,6249,6349,100,28.780014038085938,True,2.0,0.8725428752860036,0.0,False,False
T5_d2121_b2_t59,T5,main,2121,2,T5/day_2121/block_2,59,6350,6415,6349,6415,66,29.12481689453125,True,1.32,0.43401913876948206,1.0,False,False
T5_d2121_b2_t60,T5,main,2121,2,T5/day_2121/block_2,60,6416,6607,6415,6607,192,67.3433609008789,True,3.84,0.20734419666841536,6.0,False,False
T5_d2121_b2_t61,T5,main,2121,2,T5/day_2121/block_2,61,6608,6825,6607,6825,218,53.1113395690918,True,4.36,0.6033702709697077,3.0,False,False
T5_d2121_b2_t62,T5,main,2121,2,T5/day_2121/block_2,62,6826,6970,6825,6970,145,84.9993667602539,True,2.9,0.29932452329767717,3.0,False,False
T5_d2121_b2_t63,T5,main,2121,2,T5/day_2121/block_2,63,6971,7470,6970,7470,500,137.37158203125,False,10.0,0.7242525569085986,5.0,False,False
T5_d2121_b2_t64,T5,main,2121,2,T5/day_2121/block_2,64,7471,7570,7470,7570,100,19.809181213378906,True,2.0,0.9684247339145482,3.0,False,False
T5_d2121_b2_t65,T5,main,2121,2,T5/day_2121/block_2,65,7571,7663,7570,7663,93,21.159210205078125,True,1.86,0.8583238303646793,0.0,False,False
T5_d2121_b2_t66,T5,main,2121,2,T5/day_2121/block_2,66,7664,7837,7663,7837,174,17.25248146057129,True,3.48,0.7713749465209443,2.0,False,False
T5_d2121_b2_t67,T5,main,2121,2,T5/day_2121/block_2,67,7838,7939,7837,7939,102,42.31461715698242,True,2.04,0.6083181604881682,1.0,False,False
T5_d2121_b2_t68,T5,main,2121,2,T5/day_2121/block_2,68,7940,8004,7939,8004,65,21.82481575012207,True,1.3,0.7575646962463124,2.0,False,False
T5_d2121_b2_t69,T5,main,2121,2,T5/day_2121/block_2,69,8005,8097,8004,8097,93,22.351871490478516,True,1.86,0.8378639373038123,2.0,False,False
T5_d2121_b2_t70,T5,main,2121,2,T5/day_2121/block_2,70,8098,8184,8097,8184,87,9.056347846984863,True,1.74,0.9154850709852504,0.0,False,False
T5_d2121_b2_t71,T5,main,2121,2,T5/day_2121/block_2,71,8185,8280,8184,8280,96,42.86151885986328,True,1.92,0.35092604399359506,2.0,False,False
T5_d2121_b2_t72,T5,main,2121,2,T5/day_2121/block_2,72,8281,8388,8280,8388,108,26.342880249023438,True,2.16,0.840937193604462,1.0,False,False
T5_d2121_b2_t73,T5,main,2121,2,T5/day_2121/block_2,73,8389,8501,8388,8501,113,62.906578063964844,True,2.26,0.3668590364461886,2.0,False,False
T5_d2121_b2_t74,T5,main,2121,2,T5/day_2121/block_2,74,8502,8603,8501,8603,102,48.92991638183594,True,2.04,0.6594808214279388,2.0,False,False
T5_d2121_b2_t75,T5,main,2121,2,T5/day_2121/block_2,75,8604,8672,8603,8672,69,28.65522575378418,True,1.38,0.6735102544161795,2.0,False,False
T5_d2121_b2_t76,T5,main,2121,2,T5/day_2121/block_2,76,8673,8785,8672,8785,113,35.082496643066406,True,2.26,0.8081548739369931,3.0,False,False
T5_d2121_b2_t77,T5,main,2121,2,T5/day_2121/block_2,77,8786,8868,8785,8868,83,30.06205940246582,True,1.66,0.907442386543367,0.0,False,False
T5_d2121_b2_t78,T5,main,2121,2,T5/day_2121/block_2,78,8869,9067,8868,9067,199,26.625097274780273,True,3.98,0.808387266265075,1.0,False,False
T5_d2121_b2_t79,T5,main,2121,2,T5/day_2121/block_2,79,9068,9238,9067,9238,171,28.455596923828125,True,3.42,0.7360512585633022,2.0,False,False
T5_d2121_b2_t80,T5,main,2121,2,T5/day_2121/block_2,80,9239,9311,9238,9311,73,16.24107551574707,True,1.46,0.8594352837880985,0.0,False,False
T5_d2121_b2_t81,T5,main,2121,2,T5/day_2121/block_2,81,9312,9473,9311,9473,162,30.3525390625,True,3.24,0.733779209292487,3.0,False,False
T5_d2121_b2_t82,T5,main,2121,2,T5/day_2121/block_2,82,9474,9638,9473,9638,165,41.00961685180664,True,3.3,0.7197979529982752,3.0,False,False
T5_d2121_b2_t83,T5,main,2121,2,T5/day_2121/block_2,83,9639,9736,9638,9736,98,48.065643310546875,True,1.96,0.6951642402293288,2.0,False,False
T5_d2121_b2_t84,T5,main,2121,2,T5/day_2121/block_2,84,9737,9930,9736,9930,194,32.207340240478516,True,3.88,0.6738482801452695,4.0,False,False
T5_d2121_b2_t85,T5,main,2121,2,T5/day_2121/block_2,85,9931,10057,9930,10057,127,39.864444732666016,True,2.54,0.4529740972269783,2.0,False,False
T5_d2121_b2_t86,T5,main,2121,2,T5/day_2121/block_2,86,10058,10164,10057,10164,107,32.71608352661133,True,2.14,0.7099027214811001,2.0,False,False
T5_d2121_b2_t87,T5,main,2121,2,T5/day_2121/block_2,87,10165,10323,10164,10323,159,22.123912811279297,True,3.18,0.8485351668724961,2.0,False,False
T5_d2121_b2_t88,T5,main,2121,2,T5/day_2121/block_2,88,10324,10451,10323,10451,128,25.552921295166016,True,2.56,0.8342828008244314,2.0,False,False
T5_d2121_b2_t89,T5,main,2121,2,T5/day_2121/block_2,89,10452,10524,10451,10524,73,26.71546745300293,True,1.46,0.7795222390726302,2.0,False,False
T5_d2121_b2_t90,T5,main,2121,2,T5/day_2121/block_2,90,10525,10651,10524,10651,127,81.35833740234375,True,2.54,0.23248602535020463,3.0,False,False
T5_d2121_b2_t91,T5,main,2121,2,T5/day_2121/block_2,91,10652,10745,10651,10745,94,26.70136260986328,True,1.88,0.8244131572935709,2.0,False,False
T5_d2121_b2_t92,T5,main,2121,2,T5/day_2121/block_2,92,10746,10800,10745,10800,55,39.34097671508789,True,1.1,0.6628911152512206,0.0,False,False
T5_d2121_b2_t93,T5,main,2121,2,T5/day_2121/block_2,93,10801,10907,10800,10907,107,33.53398513793945,True,2.14,0.6821435506185085,4.0,False,False
T5_d2121_b2_t94,T5,main,2121,2,T5/day_2121/block_2,94,10908,11025,10907,11025,118,55.93476104736328,True,2.36,0.7375968059428901,2.0,False,False
T5_d2121_b2_t95,T5,main,2121,2,T5/day_2121/block_2,95,11026,11213,11025,11213,188,25.587432861328125,True,3.76,0.7560802140624876,2.0,False,False
T5_d2121_b2_t96,T5,main,2121,2,T5/day_2121/block_2,96,11214,11333,11213,11333,120,39.5828742980957,True,2.4,0.5031250345365705,2.0,False,False
T5_d2121_b2_t97,T5,main,2121,2,T5/day_2121/block_2,97,11334,11424,11333,11424,91,27.565176010131836,True,1.82,0.8327803763543312,0.0,False,False
T5_d2121_b2_t98,T5,main,2121,2,T5/day_2121/block_2,98,11425,11600,11424,11600,176,36.87697219848633,True,3.52,0.701429650371045,2.0,False,False
T5_d2121_b2_t99,T5,main,2121,2,T5/day_2121/block_2,99,11601,11766,11600,11766,166,18.747652053833008,True,3.32,0.881431455021761,0.0,False,False
T5_d2121_b2_t100,T5,main,2121,2,T5/day_2121/block_2,100,11767,11901,11766,11901,135,37.93342590332031,True,2.7,0.4852902981563674,3.0,False,False
T5_d2121_b2_t101,T5,main,2121,2,T5/day_2121/block_2,101,11902,11987,11901,11987,86,26.8199520111084,True,1.72,0.6005355992434895,1.0,False,False
T5_d2126_b1_t0,T5,main,2126,1,T5/day_2126/block_1,0,308,443,307,443,136,51.44152069091797,True,2.72,0.6450391089528902,1.0,False,False
T5_d2126_b1_t1,T5,main,2126,1,T5/day_2126/block_1,1,444,715,443,715,272,56.65810775756836,True,5.44,0.34958596563673683,12.0,False,False
T5_d2126_b1_t2,T5,main,2126,1,T5/day_2126/block_1,2,716,879,715,879,164,43.01894760131836,True,3.28,0.6623597781852112,5.0,False,False
T5_d2126_b1_t3,T5,main,2126,1,T5/day_2126/block_1,3,880,1019,879,1019,140,28.266815185546875,True,2.8,0.8456771384422478,0.0,False,False
T5_d2126_b1_t4,T5,main,2126,1,T5/day_2126/block_1,4,1020,1090,1019,1090,71,58.74580383300781,True,1.42,0.17374736613726605,2.0,False,False
T5_d2126_b1_t5,T5,main,2126,1,T5/day_2126/block_1,5,1091,1247,1090,1247,157,74.149658203125,True,3.14,0.4160080673490093,6.0,False,False
T5_d2126_b1_t6,T5,main,2126,1,T5/day_2126/block_1,6,1248,1367,1247,1367,120,28.943737030029297,True,2.4,0.7748614358987655,2.0,False,False
T5_d2126_b1_t7,T5,main,2126,1,T5/day_2126/block_1,7,1368,1449,1367,1449,82,59.677818298339844,True,1.64,0.6297303904191902,2.0,False,False
T5_d2126_b1_t8,T5,main,2126,1,T5/day_2126/block_1,8,1450,1630,1449,1630,181,29.328489303588867,True,3.62,0.6927939171787003,4.0,False,False
T5_d2126_b1_t9,T5,main,2126,1,T5/day_2126/block_1,9,1631,1715,1630,1715,85,17.9036865234375,True,1.7,0.8448852124976169,2.0,False,False
T5_d2126_b1_t10,T5,main,2126,1,T5/day_2126/block_1,10,1716,1883,1715,1883,168,38.11316680908203,True,3.36,0.5141850735494774,5.0,False,False
T5_d2126_b1_t11,T5,main,2126,1,T5/day_2126/block_1,11,1884,1974,1883,1974,91,44.11876678466797,True,1.82,0.5138227342289684,1.0,False,False
T5_d2126_b1_t12,T5,main,2126,1,T5/day_2126/block_1,12,1975,2085,1974,2085,111,32.7183723449707,True,2.22,0.7836702140940525,1.0,False,False
T5_d2126_b1_t13,T5,main,2126,1,T5/day_2126/block_1,13,2086,2203,2085,2203,118,27.92121124267578,True,2.36,0.7043540778692517,1.0,False,False
T5_d2126_b1_t14,T5,main,2126,1,T5/day_2126/block_1,14,2204,2456,2203,2456,253,39.03998565673828,True,5.06,0.6777554490855656,2.0,False,False
T5_d2126_b1_t15,T5,main,2126,1,T5/day_2126/block_1,15,2457,2544,2456,2544,88,14.878839492797852,True,1.76,0.8859392871567651,0.0,False,False
T5_d2126_b1_t16,T5,main,2126,1,T5/day_2126/block_1,16,2545,2668,2544,2668,124,44.18244171142578,True,2.48,0.6739033167032421,3.0,False,False
T5_d2126_b1_t17,T5,main,2126,1,T5/day_2126/block_1,17,2669,2752,2668,2752,84,34.13114929199219,True,1.68,0.7530988698523519,1.0,False,False
T5_d2126_b1_t18,T5,main,2126,1,T5/day_2126/block_1,18,2753,2895,2752,2895,143,66.73905944824219,True,2.86,0.46436781913626296,3.0,False,False
T5_d2126_b1_t19,T5,main,2126,1,T5/day_2126/block_1,19,2896,3026,2895,3026,131,55.923797607421875,True,2.62,0.32051624510157767,4.0,False,False
T5_d2126_b1_t20,T5,main,2126,1,T5/day_2126/block_1,20,3027,3134,3026,3134,108,24.39893913269043,True,2.16,0.8106610278869109,0.0,False,False
T5_d2126_b1_t21,T5,main,2126,1,T5/day_2126/block_1,21,3135,3278,3134,3278,144,25.383373260498047,True,2.88,0.6943680350780154,4.0,False,False
T5_d2126_b1_t22,T5,main,2126,1,T5/day_2126/block_1,22,3279,3463,3278,3463,185,29.970304489135742,True,3.7,0.7632480944968618,2.0,False,False
T5_d2126_b1_t23,T5,main,2126,1,T5/day_2126/block_1,23,3464,3650,3463,3650,187,31.564952850341797,True,3.74,0.568758344597223,3.0,False,False
T5_d2126_b1_t24,T5,main,2126,1,T5/day_2126/block_1,24,3651,3745,3650,3745,95,22.255531311035156,True,1.9,0.683266709997554,2.0,False,False
T5_d2126_b1_t25,T5,main,2126,1,T5/day_2126/block_1,25,3746,3898,3745,3898,153,48.15412521362305,True,3.06,0.5759203485534619,1.0,False,False
T5_d2126_b1_t26,T5,main,2126,1,T5/day_2126/block_1,26,3899,3993,3898,3993,95,29.026493072509766,True,1.9,0.8356839239807953,3.0,False,False
T5_d2126_b1_t27,T5,main,2126,1,T5/day_2126/block_1,27,3994,4113,3993,4113,120,21.562498092651367,True,2.4,0.7813043038418386,1.0,False,False
T5_d2126_b1_t28,T5,main,2126,1,T5/day_2126/block_1,28,4114,4221,4113,4221,108,24.671371459960938,True,2.16,0.8349930550026025,1.0,False,False
T5_d2126_b1_t29,T5,main,2126,1,T5/day_2126/block_1,29,4222,4343,4221,4343,122,51.68718719482422,True,2.44,0.6876802540489054,2.0,False,False
T5_d2126_b1_t30,T5,main,2126,1,T5/day_2126/block_1,30,4344,4491,4343,4491,148,59.056854248046875,True,2.96,0.4935819583670224,4.0,False,False
T5_d2126_b1_t31,T5,main,2126,1,T5/day_2126/block_1,31,4492,4607,4491,4607,116,19.429410934448242,True,2.32,0.6647326632688592,0.0,False,False
T5_d2126_b1_t32,T5,main,2126,1,T5/day_2126/block_1,32,4608,4697,4607,4697,90,33.698604583740234,True,1.8,0.8528508518216212,0.0,False,False
T5_d2126_b1_t33,T5,main,2126,1,T5/day_2126/block_1,33,4698,4806,4697,4806,109,25.793081283569336,True,2.18,0.7770044540792204,2.0,False,False
T5_d2126_b1_t34,T5,main,2126,1,T5/day_2126/block_1,34,4807,4879,4806,4879,73,70.6014175415039,True,1.46,0.3403463091031667,2.0,False,False
T5_d2126_b1_t35,T5,main,2126,1,T5/day_2126/block_1,35,4880,4976,4879,4976,97,55.01939392089844,True,1.94,0.4462737302306986,2.0,False,False
T5_d2126_b1_t36,T5,main,2126,1,T5/day_2126/block_1,36,4977,5156,4976,5156,180,47.84215545654297,True,3.6,0.605537147854617,4.0,False,False
T5_d2126_b1_t37,T5,main,2126,1,T5/day_2126/block_1,37,5157,5261,5156,5261,105,30.40738296508789,True,2.1,0.5780307832877473,1.0,False,False
T5_d2126_b1_t38,T5,main,2126,1,T5/day_2126/block_1,38,5262,5413,5261,5413,152,41.50697326660156,True,3.04,0.7230112999516946,4.0,False,False
T5_d2126_b1_t39,T5,main,2126,1,T5/day_2126/block_1,39,5414,5512,5413,5512,99,34.0423698425293,True,1.98,0.73911602147808,1.0,False,False
T5_d2126_b1_t40,T5,main,2126,1,T5/day_2126/block_1,40,5513,5632,5512,5632,120,41.90785598754883,True,2.4,0.6379112109551734,4.0,False,False
T5_d2126_b1_t41,T5,main,2126,1,T5/day_2126/block_1,41,5633,5823,5632,5823,191,41.89415740966797,True,3.82,0.6692316009200302,1.0,False,False
T5_d2126_b1_t42,T5,main,2126,1,T5/day_2126/block_1,42,5824,5941,5823,5941,118,30.05068588256836,True,2.36,0.7771290330677572,3.0,False,False
T5_d2126_b1_t43,T5,main,2126,1,T5/day_2126/block_1,43,5942,6046,5941,6046,105,42.95521926879883,True,2.1,0.7393185643970938,1.0,False,False
T5_d2126_b1_t44,T5,main,2126,1,T5/day_2126/block_1,44,6047,6166,6046,6166,120,47.03546142578125,True,2.4,0.5683226736484741,1.0,False,False
T5_d2126_b1_t45,T5,main,2126,1,T5/day_2126/block_1,45,6167,6350,6166,6350,184,32.25593948364258,True,3.68,0.6887848551085668,2.0,False,False
T5_d2126_b1_t46,T5,main,2126,1,T5/day_2126/block_1,46,6351,6431,6350,6431,81,18.744159698486328,True,1.62,0.8658431830237125,1.0,False,False
T5_d2126_b1_t47,T5,main,2126,1,T5/day_2126/block_1,47,6432,6506,6431,6506,75,19.939302444458008,True,1.5,0.8340721362684101,2.0,False,False
T5_d2126_b1_t48,T5,main,2126,1,T5/day_2126/block_1,48,6507,6603,6506,6603,97,10.784955024719238,True,1.94,0.9337254198665986,1.0,False,False
T5_d2126_b1_t49,T5,main,2126,1,T5/day_2126/block_1,49,6604,6689,6603,6689,86,28.268024444580078,True,1.72,0.7622392830400339,1.0,False,False
T5_d2126_b1_t50,T5,main,2126,1,T5/day_2126/block_1,50,6690,6731,6689,6731,42,60.539920806884766,True,0.84,0.7168753505607406,0.0,False,False
T5_d2126_b1_t51,T5,main,2126,1,T5/day_2126/block_1,51,6732,6837,6731,6837,106,34.023284912109375,True,2.12,0.8032715121013564,0.0,False,False
T5_d2126_b1_t52,T5,main,2126,1,T5/day_2126/block_1,52,6838,7090,6837,7090,253,62.999088287353516,True,5.06,0.37009885817647753,4.0,False,False
T5_d2126_b1_t53,T5,main,2126,1,T5/day_2126/block_1,53,7091,7244,7090,7244,154,26.463890075683594,True,3.08,0.7710214987055569,1.0,False,False
T5_d2126_b1_t54,T5,main,2126,1,T5/day_2126/block_1,54,7245,7399,7244,7399,155,42.072479248046875,True,3.1,0.4459215182000657,3.0,False,False
T5_d2126_b1_t55,T5,main,2126,1,T5/day_2126/block_1,55,7400,7516,7399,7516,117,16.26909828186035,True,2.34,0.8412891212754444,1.0,False,False
T5_d2126_b1_t56,T5,main,2126,1,T5/day_2126/block_1,56,7517,7614,7516,7614,98,24.688209533691406,True,1.96,0.8878105168790469,1.0,False,False
T5_d2126_b1_t57,T5,main,2126,1,T5/day_2126/block_1,57,7615,7686,7614,7686,72,37.23854064941406,True,1.44,0.7944264317130181,0.0,False,False
T5_d2126_b1_t58,T5,main,2126,1,T5/day_2126/block_1,58,7687,7822,7686,7822,136,45.79824447631836,True,2.72,0.5502667666612551,3.0,False,False
T5_d2126_b1_t59,T5,main,2126,1,T5/day_2126/block_1,59,7823,7925,7822,7925,103,25.729656219482422,True,2.06,0.7864698402907582,2.0,False,False
T5_d2126_b1_t60,T5,main,2126,1,T5/day_2126/block_1,60,7926,8014,7925,8014,89,10.992300987243652,True,1.78,0.895863271973481,0.0,False,False
T5_d2126_b1_t61,T5,main,2126,1,T5/day_2126/block_1,61,8015,8151,8014,8151,137,14.103668212890625,True,2.74,0.8967951188867767,1.0,False,False
T5_d2126_b1_t62,T5,main,2126,1,T5/day_2126/block_1,62,8152,8237,8151,8237,86,23.690624237060547,True,1.72,0.6794988279074445,1.0,False,False
T5_d2126_b1_t63,T5,main,2126,1,T5/day_2126/block_1,63,8238,8352,8237,8352,115,20.32822036743164,True,2.3,0.7373797275611023,1.0,False,False
T5_d2126_b1_t64,T5,main,2126,1,T5/day_2126/block_1,64,8353,8455,8352,8455,103,20.259130477905273,True,2.06,0.8928100526573101,3.0,False,False
T5_d2126_b1_t65,T5,main,2126,1,T5/day_2126/block_1,65,8456,8561,8455,8561,106,31.008472442626953,True,2.12,0.7682660378751656,0.0,False,False
T5_d2126_b1_t66,T5,main,2126,1,T5/day_2126/block_1,66,8562,8681,8561,8681,120,20.377531051635742,True,2.4,0.7703448275827847,2.0,False,False
T5_d2126_b1_t67,T5,main,2126,1,T5/day_2126/block_1,67,8682,8778,8681,8778,97,27.72798728942871,True,1.94,0.7834774109371285,2.0,False,False
T5_d2126_b1_t68,T5,main,2126,1,T5/day_2126/block_1,68,8779,8937,8778,8937,159,32.529624938964844,True,3.18,0.6974821287058528,4.0,False,False
T5_d2126_b1_t69,T5,main,2126,1,T5/day_2126/block_1,69,8938,9049,8937,9049,112,14.818286895751953,True,2.24,0.8913448884647218,1.0,False,False
T5_d2126_b1_t70,T5,main,2126,1,T5/day_2126/block_1,70,9050,9206,9049,9206,157,21.77100372314453,True,3.14,0.8261244204761432,1.0,False,False
T5_d2126_b1_t71,T5,main,2126,1,T5/day_2126/block_1,71,9207,9323,9206,9323,117,22.339862823486328,True,2.34,0.8799945650206094,0.0,False,False
T5_d2126_b1_t72,T5,main,2126,1,T5/day_2126/block_1,72,9324,9489,9323,9489,166,33.76095199584961,True,3.32,0.7535805539612116,1.0,False,False
T5_d2126_b1_t73,T5,main,2126,1,T5/day_2126/block_1,73,9490,9807,9489,9807,318,50.92325973510742,True,6.36,0.39064195085744874,7.0,False,False
T5_d2126_b1_t74,T5,main,2126,1,T5/day_2126/block_1,74,9808,9893,9807,9893,86,12.63032341003418,True,1.72,0.8101876785828661,1.0,False,False
T5_d2126_b1_t75,T5,main,2126,1,T5/day_2126/block_1,75,9894,10015,9893,10015,122,33.63671875,True,2.44,0.7603359630523477,3.0,False,False
T5_d2126_b1_t76,T5,main,2126,1,T5/day_2126/block_1,76,10016,10087,10015,10087,72,21.772159576416016,True,1.44,0.8381455245504218,1.0,False,False
T5_d2126_b1_t77,T5,main,2126,1,T5/day_2126/block_1,77,10088,10228,10087,10228,141,37.215389251708984,True,2.82,0.5319925868845914,3.0,False,False
T5_d2126_b1_t78,T5,main,2126,1,T5/day_2126/block_1,78,10229,10338,10228,10338,110,11.877878189086914,True,2.2,0.8590228035437564,1.0,False,False
T5_d2126_b1_t79,T5,main,2126,1,T5/day_2126/block_1,79,10339,10384,10338,10384,46,57.92839813232422,True,0.92,0.5390583728473338,1.0,False,False
T5_d2126_b1_t80,T5,main,2126,1,T5/day_2126/block_1,80,10385,10433,10384,10433,49,73.42453002929688,True,0.98,0.3783936180334763,2.0,False,False
T5_d2126_b1_t81,T5,main,2126,1,T5/day_2126/block_1,81,10434,10505,10433,10505,72,14.445058822631836,True,1.44,0.8083565806721479,1.0,False,False
T5_d2126_b1_t82,T5,main,2126,1,T5/day_2126/block_1,82,10506,10579,10505,10579,74,30.950653076171875,True,1.48,0.7837413721516681,1.0,False,False
T5_d2126_b1_t83,T5,main,2126,1,T5/day_2126/block_1,83,10580,10709,10579,10709,130,80.33979797363281,True,2.6,0.33247754272991764,3.0,False,False
T5_d2126_b1_t84,T5,main,2126,1,T5/day_2126/block_1,84,10710,10791,10709,10791,82,24.49258804321289,True,1.64,0.794807637395931,1.0,False,False
T5_d2126_b1_t85,T5,main,2126,1,T5/day_2126/block_1,85,10792,10862,10791,10862,71,28.179786682128906,True,1.42,0.8383504581186969,1.0,False,False
T5_d2126_b1_t86,T5,main,2126,1,T5/day_2126/block_1,86,10863,10973,10862,10973,111,19.158336639404297,True,2.22,0.793892011789442,2.0,False,False
T5_d2126_b1_t87,T5,main,2126,1,T5/day_2126/block_1,87,10974,11053,10973,11053,80,20.392749786376953,True,1.6,0.8641941558148678,1.0,False,False
T5_d2126_b1_t88,T5,main,2126,1,T5/day_2126/block_1,88,11054,11117,11053,11117,64,27.606077194213867,True,1.28,0.7074103814619243,1.0,False,False
T5_d2126_b1_t89,T5,main,2126,1,T5/day_2126/block_1,89,11118,11212,11117,11212,95,22.0778865814209,True,1.9,0.866032656483924,1.0,False,False
T5_d2126_b1_t90,T5,main,2126,1,T5/day_2126/block_1,90,11213,11395,11212,11395,183,53.23603057861328,True,3.66,0.41438060362758905,4.0,False,False
T5_d2126_b1_t91,T5,main,2126,1,T5/day_2126/block_1,91,11396,11511,11395,11511,116,11.740036964416504,True,2.32,0.9236469130229041,2.0,False,False
T5_d2126_b1_t92,T5,main,2126,1,T5/day_2126/block_1,92,11512,11625,11511,11625,114,26.53070068359375,True,2.28,0.8116909715864842,0.0,False,False
T5_d2126_b1_t93,T5,main,2126,1,T5/day_2126/block_1,93,11626,11789,11625,11789,164,22.323137283325195,True,3.28,0.8711975256853305,0.0,False,False
T5_d2126_b1_t94,T5,main,2126,1,T5/day_2126/block_1,94,11790,11929,11789,11929,140,30.115955352783203,True,2.8,0.7349493630803203,4.0,False,False
T5_d2126_b2_t0,T5,main,2126,2,T5/day_2126/block_2,0,89,176,88,176,88,55.201171875,True,1.76,0.5413623067843617,1.0,False,False
T5_d2126_b2_t1,T5,main,2126,2,T5/day_2126/block_2,1,177,253,176,253,77,51.51681900024414,True,1.54,0.47741216388391133,2.0,False,False
T5_d2126_b2_t2,T5,main,2126,2,T5/day_2126/block_2,2,254,374,253,374,121,27.68857192993164,True,2.42,0.7410603956518628,2.0,False,False
T5_d2126_b2_t3,T5,main,2126,2,T5/day_2126/block_2,3,375,461,374,461,87,34.450382232666016,True,1.74,0.7037929858856276,1.0,False,False
T5_d2126_b2_t4,T5,main,2126,2,T5/day_2126/block_2,4,462,549,461,549,88,14.584056854248047,True,1.76,0.8832269909976458,1.0,False,False
T5_d2126_b2_t5,T5,main,2126,2,T5/day_2126/block_2,5,550,735,549,735,186,40.69384765625,True,3.72,0.6443806110341207,4.0,False,False
T5_d2126_b2_t6,T5,main,2126,2,T5/day_2126/block_2,6,736,845,735,845,110,14.068367004394531,True,2.2,0.8756305289078294,2.0,False,False
T5_d2126_b2_t7,T5,main,2126,2,T5/day_2126/block_2,7,846,990,845,990,145,37.25627136230469,True,2.9,0.613762276514826,3.0,False,False
T5_d2126_b2_t8,T5,main,2126,2,T5/day_2126/block_2,8,991,1173,990,1173,183,32.596988677978516,True,3.66,0.7517411569413325,2.0,False,False
T5_d2126_b2_t9,T5,main,2126,2,T5/day_2126/block_2,9,1174,1278,1173,1278,105,16.1312198638916,True,2.1,0.8842748693740424,1.0,False,False
T5_d2126_b2_t10,T5,main,2126,2,T5/day_2126/block_2,10,1279,1518,1278,1518,240,46.93675231933594,True,4.8,0.4984073934208356,8.0,False,False
T5_d2126_b2_t11,T5,main,2126,2,T5/day_2126/block_2,11,1519,1616,1518,1616,98,52.469810485839844,True,1.96,0.4390377369978695,2.0,False,False
T5_d2126_b2_t12,T5,main,2126,2,T5/day_2126/block_2,12,1617,1759,1616,1759,143,34.69593048095703,True,2.86,0.731929877328913,1.0,False,False
T5_d2126_b2_t13,T5,main,2126,2,T5/day_2126/block_2,13,1760,1865,1759,1865,106,29.731796264648438,True,2.12,0.8066660407598679,1.0,False,False
T5_d2126_b2_t14,T5,main,2126,2,T5/day_2126/block_2,14,1866,1939,1865,1939,74,16.668621063232422,True,1.48,0.858894151051365,0.0,False,False
T5_d2126_b2_t15,T5,main,2126,2,T5/day_2126/block_2,15,1940,2007,1939,2007,68,57.58003234863281,True,1.36,0.7458279027523239,2.0,False,False
T5_d2126_b2_t16,T5,main,2126,2,T5/day_2126/block_2,16,2008,2241,2007,2241,234,66.73735046386719,True,4.68,0.2016200135394598,5.0,False,False
T5_d2126_b2_t17,T5,main,2126,2,T5/day_2126/block_2,17,2242,2361,2241,2361,120,12.196025848388672,True,2.4,0.9332242919964187,1.0,False,False
T5_d2126_b2_t18,T5,main,2126,2,T5/day_2126/block_2,18,2362,2513,2361,2513,152,19.913654327392578,True,3.04,0.8150131605854121,3.0,False,False
T5_d2126_b2_t19,T5,main,2126,2,T5/day_2126/block_2,19,2514,2641,2513,2641,128,26.38549041748047,True,2.56,0.8054060127204538,2.0,False,False
T5_d2126_b2_t20,T5,main,2126,2,T5/day_2126/block_2,20,2642,2720,2641,2720,79,24.12494468688965,True,1.58,0.7614046454404301,0.0,False,False
T5_d2126_b2_t21,T5,main,2126,2,T5/day_2126/block_2,21,2721,2794,2720,2794,74,59.9469108581543,True,1.48,0.6815004747967678,2.0,False,False
T5_d2126_b2_t22,T5,main,2126,2,T5/day_2126/block_2,22,2795,2852,2794,2852,58,30.846561431884766,True,1.16,0.8136857397508206,1.0,False,False
T5_d2126_b2_t23,T5,main,2126,2,T5/day_2126/block_2,23,2853,2942,2852,2942,90,41.924861907958984,True,1.8,0.49084684944578044,4.0,False,False
T5_d2126_b2_t24,T5,main,2126,2,T5/day_2126/block_2,24,2943,3091,2942,3091,149,33.43686294555664,True,2.98,0.6047059820396846,4.0,False,False
T5_d2126_b2_t25,T5,main,2126,2,T5/day_2126/block_2,25,3092,3308,3091,3308,217,33.013999938964844,True,4.34,0.7089064366016484,2.0,False,False
T5_d2126_b2_t26,T5,main,2126,2,T5/day_2126/block_2,26,3309,3520,3308,3520,212,29.569957733154297,True,4.24,0.6744332877035341,2.0,False,False
T5_d2126_b2_t27,T5,main,2126,2,T5/day_2126/block_2,27,3521,3630,3520,3630,110,36.738712310791016,True,2.2,0.7147668806621548,1.0,False,False
T5_d2126_b2_t28,T5,main,2126,2,T5/day_2126/block_2,28,3631,3809,3630,3809,179,48.12297821044922,True,3.58,0.5688279108181813,2.0,False,False
T5_d2126_b2_t29,T5,main,2126,2,T5/day_2126/block_2,29,3810,4020,3809,4020,211,26.453907012939453,True,4.22,0.7442649937927502,3.0,False,False
T5_d2126_b2_t30,T5,main,2126,2,T5/day_2126/block_2,30,4021,4202,4020,4202,182,24.25543975830078,True,3.64,0.7126515171588828,1.0,False,False
T5_d2126_b2_t31,T5,main,2126,2,T5/day_2126/block_2,31,4203,4287,4202,4287,85,15.424413681030273,True,1.7,0.9181722315087588,1.0,False,False
T5_d2126_b2_t32,T5,main,2126,2,T5/day_2126/block_2,32,4288,4618,4287,4618,331,47.54474639892578,True,6.62,0.32453420411612743,5.0,False,False
T5_d2126_b2_t33,T5,main,2126,2,T5/day_2126/block_2,33,4619,4700,4618,4700,82,36.83836364746094,True,1.64,0.45878817225849755,2.0,False,False
T5_d2126_b2_t34,T5,main,2126,2,T5/day_2126/block_2,34,4701,4934,4700,4934,234,68.62724304199219,True,4.68,0.17216641452787185,5.0,False,False
T5_d2126_b2_t35,T5,main,2126,2,T5/day_2126/block_2,35,4935,5063,4934,5063,129,36.80573272705078,True,2.58,0.7849279489454469,1.0,False,False
T5_d2126_b2_t36,T5,main,2126,2,T5/day_2126/block_2,36,5064,5196,5063,5196,133,23.240657806396484,True,2.66,0.9023336626732908,2.0,False,False
T5_d2126_b2_t37,T5,main,2126,2,T5/day_2126/block_2,37,5197,5349,5196,5349,153,50.317901611328125,True,3.06,0.38810636258285647,2.0,False,False
T5_d2126_b2_t38,T5,main,2126,2,T5/day_2126/block_2,38,5350,5751,5349,5751,402,52.67500305175781,True,8.04,0.4116730140512746,9.0,False,False
T5_d2126_b2_t39,T5,main,2126,2,T5/day_2126/block_2,39,5752,5908,5751,5908,157,20.24738311767578,True,3.14,0.7580036267043808,4.0,False,False
T5_d2126_b2_t40,T5,main,2126,2,T5/day_2126/block_2,40,5909,6102,5908,6102,194,70.25100708007812,True,3.88,0.3634416747603419,3.0,False,False
T5_d2126_b2_t41,T5,main,2126,2,T5/day_2126/block_2,41,6103,6239,6102,6239,137,34.39225387573242,True,2.74,0.7353018766557754,2.0,False,False
T5_d2126_b2_t42,T5,main,2126,2,T5/day_2126/block_2,42,6240,6335,6239,6335,96,13.97165298461914,True,1.92,0.8770278645435281,0.0,False,False
T5_d2126_b2_t43,T5,main,2126,2,T5/day_2126/block_2,43,6336,6482,6335,6482,147,37.750640869140625,True,2.94,0.4633357527007284,3.0,False,False
T5_d2126_b2_t44,T5,main,2126,2,T5/day_2126/block_2,44,6483,6660,6482,6660,178,46.021175384521484,True,3.56,0.4180516796897977,6.0,False,False
T5_d2126_b2_t45,T5,main,2126,2,T5/day_2126/block_2,45,6661,6786,6660,6786,126,26.92626953125,True,2.52,0.8178285231597106,2.0,False,False
T5_d2126_b2_t46,T5,main,2126,2,T5/day_2126/block_2,46,6787,7006,6786,7006,220,39.32920837402344,True,4.4,0.6339692572263222,5.0,False,False
T5_d2126_b2_t47,T5,main,2126,2,T5/day_2126/block_2,47,7007,7098,7006,7098,92,28.625736236572266,True,1.84,0.785752472064114,1.0,False,False
T5_d2126_b2_t48,T5,main,2126,2,T5/day_2126/block_2,48,7099,7227,7098,7227,129,27.328550338745117,True,2.58,0.7809739835277901,1.0,False,False
T5_d2126_b2_t49,T5,main,2126,2,T5/day_2126/block_2,49,7228,7421,7227,7421,194,41.629478454589844,True,3.88,0.7793391502521803,3.0,False,False
T5_d2126_b2_t50,T5,main,2126,2,T5/day_2126/block_2,50,7422,7559,7421,7559,138,32.34422302246094,True,2.76,0.5555579672491122,1.0,False,False
T5_d2126_b2_t51,T5,main,2126,2,T5/day_2126/block_2,51,7560,7920,7559,7920,361,74.29497528076172,True,7.22,0.37092831783067026,8.0,False,False
T5_d2126_b2_t52,T5,main,2126,2,T5/day_2126/block_2,52,7921,8031,7920,8031,111,69.52417755126953,True,2.22,0.4190031588696892,3.0,False,False
T5_d2126_b2_t53,T5,main,2126,2,T5/day_2126/block_2,53,8032,8213,8031,8213,182,21.845678329467773,True,3.64,0.6325344672949923,4.0,False,False
T5_d2126_b2_t54,T5,main,2126,2,T5/day_2126/block_2,54,8214,8388,8213,8388,175,79.47821044921875,True,3.5,0.032076050620167426,2.0,False,False
T5_d2126_b2_t55,T5,main,2126,2,T5/day_2126/block_2,55,8389,8766,8388,8766,378,80.92071533203125,True,7.56,0.08715452729442145,6.0,False,False
T5_d2126_b2_t56,T5,main,2126,2,T5/day_2126/block_2,56,8767,8951,8766,8951,185,33.89610290527344,True,3.7,0.6077820088599529,1.0,False,False
T5_d2126_b2_t57,T5,main,2126,2,T5/day_2126/block_2,57,8952,9039,8951,9039,88,58.89303970336914,True,1.76,0.5214217019948713,0.0,False,False
T5_d2126_b2_t58,T5,main,2126,2,T5/day_2126/block_2,58,9040,9219,9039,9219,180,34.238059997558594,True,3.6,0.509795625575466,1.0,False,False
T5_d2126_b2_t59,T5,main,2126,2,T5/day_2126/block_2,59,9220,9310,9219,9310,91,23.64524269104004,True,1.82,0.8532405904412934,0.0,False,False
T5_d2126_b2_t60,T5,main,2126,2,T5/day_2126/block_2,60,9311,9421,9310,9421,111,25.590303421020508,True,2.22,0.6087384798477604,3.0,False,False
T5_d2126_b2_t61,T5,main,2126,2,T5/day_2126/block_2,61,9422,9881,9421,9881,460,54.69259262084961,True,9.2,0.3204583821887062,9.0,False,False
T5_d2126_b2_t62,T5,main,2126,2,T5/day_2126/block_2,62,9882,10086,9881,10086,205,38.78582000732422,True,4.1,0.686193105870745,2.0,False,False
T5_d2126_b2_t63,T5,main,2126,2,T5/day_2126/block_2,63,10087,10151,10086,10151,65,76.9634780883789,True,1.3,0.4261834704931737,1.0,False,False
T5_d2126_b2_t64,T5,main,2126,2,T5/day_2126/block_2,64,10152,10516,10151,10516,365,61.62169647216797,True,7.3,0.4686597451257776,8.0,False,False
T5_d2126_b2_t65,T5,main,2126,2,T5/day_2126/block_2,65,10517,10726,10516,10726,210,83.0250473022461,True,4.2,0.18566531714241702,4.0,False,False
T5_d2126_b2_t66,T5,main,2126,2,T5/day_2126/block_2,66,10727,10929,10726,10929,203,70.47278594970703,True,4.06,0.43281041075957716,4.0,False,False
T5_d2126_b2_t67,T5,main,2126,2,T5/day_2126/block_2,67,10930,11034,10929,11034,105,68.17210388183594,True,2.1,0.44078149574665226,1.0,False,False
T5_d2126_b2_t68,T5,main,2126,2,T5/day_2126/block_2,68,11035,11093,11034,11093,59,48.80692672729492,True,1.18,0.36828996350762927,2.0,False,False
T5_d2126_b2_t69,T5,main,2126,2,T5/day_2126/block_2,69,11094,11593,11093,11593,500,71.184326171875,False,10.0,0.39752035168366806,13.0,False,False
T5_d2126_b3_t0,T5,main,2126,3,T5/day_2126/block_3,0,155,336,154,336,182,32.60640335083008,True,3.64,0.5643105428791063,5.0,False,False
T5_d2126_b3_t1,T5,main,2126,3,T5/day_2126/block_3,1,337,429,336,429,93,38.952003479003906,True,1.86,0.7159865252834555,2.0,False,False
T5_d2126_b3_t2,T5,main,2126,3,T5/day_2126/block_3,2,430,550,429,550,121,20.256723403930664,True,2.42,0.8509241884568592,1.0,False,False
T5_d2126_b3_t3,T5,main,2126,3,T5/day_2126/block_3,3,551,719,550,719,169,25.124723434448242,True,3.38,0.7918048309985065,2.0,False,False
T5_d2126_b3_t4,T5,main,2126,3,T5/day_2126/block_3,4,720,1009,719,1009,290,54.60395812988281,True,5.8,0.35373753046723566,7.0,False,False
T5_d2126_b3_t5,T5,main,2126,3,T5/day_2126/block_3,5,1010,1148,1009,1148,139,29.69076156616211,True,2.78,0.7379334999495776,4.0,False,False
T5_d2126_b3_t6,T5,main,2126,3,T5/day_2126/block_3,6,1149,1268,1148,1268,120,11.168142318725586,True,2.4,0.926679402159795,0.0,False,False
T5_d2126_b3_t7,T5,main,2126,3,T5/day_2126/block_3,7,1269,1365,1268,1365,97,22.68142318725586,True,1.94,0.8220070619450549,0.0,False,False
T5_d2126_b3_t8,T5,main,2126,3,T5/day_2126/block_3,8,1366,1479,1365,1479,114,11.798934936523438,True,2.28,0.9530038725219776,1.0,False,False
T5_d2126_b3_t9,T5,main,2126,3,T5/day_2126/block_3,9,1480,1581,1479,1581,102,24.076650619506836,True,2.04,0.8526633459938552,0.0,False,False
T5_d2126_b3_t10,T5,main,2126,3,T5/day_2126/block_3,10,1582,1645,1581,1645,64,24.01468276977539,True,1.28,0.8333134382810116,0.0,False,False
T5_d2126_b3_t11,T5,main,2126,3,T5/day_2126/block_3,11,1646,1750,1645,1750,105,53.29359817504883,True,2.1,0.48014735461671215,2.0,False,False
T5_d2126_b3_t12,T5,main,2126,3,T5/day_2126/block_3,12,1751,1843,1750,1843,93,21.97593116760254,True,1.86,0.7851849326374694,1.0,False,False
T5_d2126_b3_t13,T5,main,2126,3,T5/day_2126/block_3,13,1844,2006,1843,2006,163,38.208900451660156,True,3.26,0.5731956040459947,2.0,False,False
T5_d2126_b3_t14,T5,main,2126,3,T5/day_2126/block_3,14,2007,2085,2006,2085,79,42.460025787353516,True,1.58,0.699169763832574,1.0,False,False
T5_d2126_b3_t15,T5,main,2126,3,T5/day_2126/block_3,15,2086,2172,2085,2172,87,13.857246398925781,True,1.74,0.7872543497619559,2.0,False,False
T5_d2126_b3_t16,T5,main,2126,3,T5/day_2126/block_3,16,2173,2297,2172,2297,125,18.65567970275879,True,2.5,0.8561503768936443,1.0,False,False
T5_d2126_b3_t17,T5,main,2126,3,T5/day_2126/block_3,17,2298,2421,2297,2421,124,21.24533462524414,True,2.48,0.8630257052815259,0.0,False,False
T5_d2126_b3_t18,T5,main,2126,3,T5/day_2126/block_3,18,2422,2556,2421,2556,135,27.384672164916992,True,2.7,0.8623113697202672,2.0,False,False
T5_d2126_b3_t19,T5,main,2126,3,T5/day_2126/block_3,19,2557,2732,2556,2732,176,49.6220703125,True,3.52,0.49454435469734714,5.0,False,False
T5_d2126_b3_t20,T5,main,2126,3,T5/day_2126/block_3,20,2733,2800,2732,2800,68,60.262760162353516,True,1.36,0.6640126455282678,2.0,False,False
T5_d2126_b3_t21,T5,main,2126,3,T5/day_2126/block_3,21,2801,2874,2800,2874,74,40.116973876953125,True,1.48,0.6851133693112968,1.0,False,False
T5_d2126_b3_t22,T5,main,2126,3,T5/day_2126/block_3,22,2875,3047,2874,3047,173,82.71602630615234,True,3.46,0.2936479451500275,3.0,False,False
T5_d2126_b3_t23,T5,main,2126,3,T5/day_2126/block_3,23,3048,3190,3047,3190,143,37.82949447631836,True,2.86,0.7445173130421125,1.0,False,False
T5_d2126_b3_t24,T5,main,2126,3,T5/day_2126/block_3,24,3191,3341,3190,3341,151,29.374467849731445,True,3.02,0.8362344715951299,1.0,False,False
T5_d2126_b3_t25,T5,main,2126,3,T5/day_2126/block_3,25,3342,3400,3341,3400,59,65.05912017822266,True,1.18,0.6474488715708115,1.0,False,False
T5_d2126_b3_t26,T5,main,2126,3,T5/day_2126/block_3,26,3401,3527,3400,3527,127,15.233402252197266,True,2.54,0.8520442652963343,1.0,False,False
T5_d2126_b3_t27,T5,main,2126,3,T5/day_2126/block_3,27,3528,3602,3527,3602,75,48.84242248535156,True,1.5,0.788293259126041,0.0,False,False
T5_d2126_b3_t28,T5,main,2126,3,T5/day_2126/block_3,28,3603,3682,3602,3682,80,22.818359375,True,1.6,0.8431843770289182,0.0,False,False
T5_d2126_b3_t29,T5,main,2126,3,T5/day_2126/block_3,29,3683,3845,3682,3845,163,27.36806297302246,True,3.26,0.7726451404626408,2.0,False,False
T5_d2126_b3_t30,T5,main,2126,3,T5/day_2126/block_3,30,3846,3981,3845,3981,136,43.05077362060547,True,2.72,0.641491099040902,2.0,False,False
T5_d2126_b3_t31,T5,main,2126,3,T5/day_2126/block_3,31,3982,4164,3981,4164,183,32.95286178588867,True,3.66,0.4936101103393255,3.0,False,False
T5_d2126_b3_t32,T5,main,2126,3,T5/day_2126/block_3,32,4165,4223,4164,4223,59,66.51280212402344,True,1.18,0.20934291079261416,1.0,False,False
T5_d2126_b3_t33,T5,main,2126,3,T5/day_2126/block_3,33,4224,4332,4223,4332,109,15.217683792114258,True,2.18,0.8616572581936162,2.0,False,False
T5_d2126_b3_t34,T5,main,2126,3,T5/day_2126/block_3,34,4333,4428,4332,4428,96,38.88364791870117,True,1.92,0.7611688062588428,3.0,False,False
T5_d2126_b3_t35,T5,main,2126,3,T5/day_2126/block_3,35,4429,4535,4428,4535,107,32.30678939819336,True,2.14,0.8130801175246217,2.0,False,False
T5_d2126_b3_t36,T5,main,2126,3,T5/day_2126/block_3,36,4536,4723,4535,4723,188,29.33356475830078,True,3.76,0.7335490740673157,2.0,False,False
T5_d2126_b3_t37,T5,main,2126,3,T5/day_2126/block_3,37,4724,4822,4723,4822,99,53.596439361572266,True,1.98,0.6431518442122836,4.0,False,False
T5_d2126_b3_t38,T5,main,2126,3,T5/day_2126/block_3,38,4823,4969,4822,4969,147,37.094032287597656,True,2.94,0.7784842864024526,2.0,False,False
T5_d2126_b3_t39,T5,main,2126,3,T5/day_2126/block_3,39,4970,5196,4969,5196,227,26.2921085357666,True,4.54,0.6935762234762602,3.0,False,False
T5_d2126_b3_t40,T5,main,2126,3,T5/day_2126/block_3,40,5197,5293,5196,5293,97,23.20914649963379,True,1.94,0.8750503339568034,0.0,False,False
T5_d2126_b3_t41,T5,main,2126,3,T5/day_2126/block_3,41,5294,5441,5293,5441,148,60.08377456665039,True,2.96,0.4972554490123537,1.0,False,False
T5_d2126_b3_t42,T5,main,2126,3,T5/day_2126/block_3,42,5442,5664,5441,5664,223,49.7672004699707,True,4.46,0.3125385629126641,7.0,False,False
T5_d2126_b3_t43,T5,main,2126,3,T5/day_2126/block_3,43,5665,5797,5664,5797,133,30.452539443969727,True,2.66,0.829276453988098,1.0,False,False
T5_d2126_b3_t44,T5,main,2126,3,T5/day_2126/block_3,44,5798,6004,5797,6004,207,38.45063781738281,True,4.14,0.6130541778252202,1.0,False,False
T5_d2126_b3_t45,T5,main,2126,3,T5/day_2126/block_3,45,6005,6112,6004,6112,108,19.08974838256836,True,2.16,0.8958577235060889,0.0,False,False
T5_d2126_b3_t46,T5,main,2126,3,T5/day_2126/block_3,46,6113,6165,6112,6165,53,19.328861236572266,True,1.06,0.6790361531546997,2.0,False,False
T5_d2126_b3_t47,T5,main,2126,3,T5/day_2126/block_3,47,6166,6304,6165,6304,139,24.66397476196289,True,2.78,0.6571701567751042,1.0,False,False
T5_d2126_b3_t48,T5,main,2126,3,T5/day_2126/block_3,48,6305,6468,6304,6468,164,32.62387466430664,True,3.28,0.6053817998611642,2.0,False,False
T5_d2126_b3_t49,T5,main,2126,3,T5/day_2126/block_3,49,6469,6550,6468,6550,82,22.574831008911133,True,1.64,0.66339998768071,1.0,False,False
T5_d2126_b3_t50,T5,main,2126,3,T5/day_2126/block_3,50,6551,6644,6550,6644,94,31.988170623779297,True,1.88,0.7442713985659531,1.0,False,False
T5_d2126_b3_t51,T5,main,2126,3,T5/day_2126/block_3,51,6645,6837,6644,6837,193,39.5966796875,True,3.86,0.6557340408017984,3.0,False,False
T5_d2126_b3_t52,T5,main,2126,3,T5/day_2126/block_3,52,6838,6984,6837,6984,147,33.17544174194336,True,2.94,0.7307989898069077,3.0,False,False
T5_d2126_b3_t53,T5,main,2126,3,T5/day_2126/block_3,53,6985,7283,6984,7283,299,51.43877410888672,True,5.98,0.4353245621379469,7.0,False,False
T5_d2126_b3_t54,T5,main,2126,3,T5/day_2126/block_3,54,7284,7446,7283,7446,163,51.02565002441406,True,3.26,0.46771541186295323,4.0,False,False
T5_d2126_b3_t55,T5,main,2126,3,T5/day_2126/block_3,55,7447,7693,7446,7693,247,37.04950714111328,True,4.94,0.616507972273129,4.0,False,False
T5_d2126_b3_t56,T5,main,2126,3,T5/day_2126/block_3,56,7694,7992,7693,7992,299,55.79423141479492,True,5.98,0.34042508559632817,11.0,False,False
T5_d2126_b3_t57,T5,main,2126,3,T5/day_2126/block_3,57,7993,8493,7992,8493,501,151.9609832763672,False,10.02,0.30088922573016064,3.0,False,False
T5_d2126_b3_t58,T5,main,2126,3,T5/day_2126/block_3,58,8494,9002,8493,9002,509,133.46951293945312,False,10.18,0.36911710989313434,7.0,False,False
T5_d2126_b3_t59,T5,main,2126,3,T5/day_2126/block_3,59,9003,9151,9002,9151,149,83.47671508789062,True,2.98,0.2014590147959607,3.0,False,False
T5_d2126_b3_t60,T5,main,2126,3,T5/day_2126/block_3,60,9152,9259,9151,9259,108,22.978862762451172,True,2.16,0.7211521221023192,2.0,False,False
T5_d2126_b3_t61,T5,main,2126,3,T5/day_2126/block_3,61,9260,9402,9259,9402,143,16.688167572021484,True,2.86,0.9255599570840937,1.0,False,False
T5_d2126_b3_t62,T5,main,2126,3,T5/day_2126/block_3,62,9403,9730,9402,9730,328,50.37602996826172,True,6.56,0.45518180857879864,7.0,False,False
T5_d2126_b3_t63,T5,main,2126,3,T5/day_2126/block_3,63,9731,9836,9730,9836,106,35.26163101196289,True,2.12,0.7597725634983025,1.0,False,False
T5_d2126_b3_t64,T5,main,2126,3,T5/day_2126/block_3,64,9837,10034,9836,10034,198,63.989810943603516,True,3.96,0.13765273515069798,5.0,False,False
T5_d2126_b3_t65,T5,main,2126,3,T5/day_2126/block_3,65,10035,10197,10034,10197,163,27.67046546936035,True,3.26,0.8077110419930271,0.0,False,False
T5_d2126_b3_t66,T5,main,2126,3,T5/day_2126/block_3,66,10198,10396,10197,10396,199,26.863876342773438,True,3.98,0.8149497190616621,2.0,False,False
T5_d2126_b3_t67,T5,main,2126,3,T5/day_2126/block_3,67,10397,10504,10396,10504,108,15.939519882202148,True,2.16,0.9285314709846918,1.0,False,False
T5_d2126_b3_t68,T5,main,2126,3,T5/day_2126/block_3,68,10505,10569,10504,10569,65,45.629722595214844,True,1.3,0.6075714897560281,2.0,False,False
T5_d2126_b3_t69,T5,main,2126,3,T5/day_2126/block_3,69,10570,10652,10569,10652,83,16.3289794921875,True,1.66,0.8737759081425129,0.0,False,False
T5_d2126_b3_t70,T5,main,2126,3,T5/day_2126/block_3,70,10653,10884,10652,10884,232,37.23031997680664,True,4.64,0.6551576254870297,1.0,False,False
T5_d2126_b3_t71,T5,main,2126,3,T5/day_2126/block_3,71,10885,11020,10884,11020,136,22.890710830688477,True,2.72,0.8819972071726876,0.0,False,False
T5_d2126_b3_t72,T5,main,2126,3,T5/day_2126/block_3,72,11021,11123,11020,11123,103,23.507122039794922,True,2.06,0.6912002725929564,4.0,False,False
T5_d2126_b3_t73,T5,main,2126,3,T5/day_2126/block_3,73,11124,11201,11123,11201,78,39.80339813232422,True,1.56,0.650611040323374,0.0,False,False
T5_d2126_b3_t74,T5,main,2126,3,T5/day_2126/block_3,74,11202,11258,11201,11258,57,71.45916748046875,True,1.14,0.22855555691612353,1.0,False,False
T5_d2126_b3_t75,T5,main,2126,3,T5/day_2126/block_3,75,11259,11363,11258,11363,105,69.56158447265625,True,2.1,0.5149980936616158,2.0,False,False
T5_d2126_b3_t76,T5,main,2126,3,T5/day_2126/block_3,76,11364,11449,11363,11449,86,20.534666061401367,True,1.72,0.7520211392207533,1.0,False,False
T5_d2126_b3_t77,T5,main,2126,3,T5/day_2126/block_3,77,11450,11545,11449,11545,96,26.257659912109375,True,1.92,0.8074000641889559,0.0,False,False
T5_d2126_b3_t78,T5,main,2126,3,T5/day_2126/block_3,78,11546,11637,11545,11637,92,13.869949340820312,True,1.84,0.76845330557766,1.0,False,False
T5_d2126_b3_t79,T5,main,2126,3,T5/day_2126/block_3,79,11638,11887,11637,11887,250,37.369842529296875,True,5.0,0.6276315967245218,7.0,False,False
T5_d2128_b1_t0,T5,main,2128,1,T5/day_2128/block_1,0,255,388,254,388,134,19.39913558959961,True,2.68,0.8300022715457438,1.0,False,False
T5_d2128_b1_t1,T5,main,2128,1,T5/day_2128/block_1,1,389,889,388,889,501,71.70661163330078,False,10.02,0.31366494524777744,8.0,False,False
T5_d2128_b1_t2,T5,main,2128,1,T5/day_2128/block_1,2,890,1390,889,1390,501,157.8612060546875,False,10.02,,2.0,False,False
T5_d2128_b1_t3,T5,main,2128,1,T5/day_2128/block_1,3,1391,1687,1390,1687,297,79.3055419921875,True,5.94,0.5180950814791864,5.0,False,False
T5_d2128_b1_t4,T5,main,2128,1,T5/day_2128/block_1,4,1688,1848,1687,1848,161,27.235092163085938,True,3.22,0.643144939245988,3.0,False,False
T5_d2128_b1_t5,T5,main,2128,1,T5/day_2128/block_1,5,1849,1893,1848,1893,45,46.168251037597656,True,0.9,0.5646668638396994,0.0,False,False
T5_d2128_b1_t6,T5,main,2128,1,T5/day_2128/block_1,6,1894,2163,1893,2163,270,60.189884185791016,True,5.4,0.5073428878190661,6.0,False,False
T5_d2128_b1_t7,T5,main,2128,1,T5/day_2128/block_1,7,2164,2316,2163,2316,153,34.54239273071289,True,3.06,0.7269561476129506,1.0,False,False
T5_d2128_b1_t8,T5,main,2128,1,T5/day_2128/block_1,8,2317,2434,2316,2434,118,13.504962921142578,True,2.36,0.9116226147089822,0.0,False,False
T5_d2128_b1_t9,T5,main,2128,1,T5/day_2128/block_1,9,2435,2533,2434,2533,99,11.579421997070312,True,1.98,0.8295024281109659,0.0,False,False
T5_d2128_b1_t10,T5,main,2128,1,T5/day_2128/block_1,10,2534,2836,2533,2836,303,98.90115356445312,True,6.06,0.05826130414250849,9.0,False,False
T5_d2128_b1_t11,T5,main,2128,1,T5/day_2128/block_1,11,2837,3090,2836,3090,254,42.93500518798828,True,5.08,0.5522311919208649,3.0,False,False
T5_d2128_b1_t12,T5,main,2128,1,T5/day_2128/block_1,12,3091,3202,3090,3202,112,78.0623779296875,True,2.24,0.08737713718463341,1.0,False,False
T5_d2128_b1_t13,T5,main,2128,1,T5/day_2128/block_1,13,3203,3370,3202,3370,168,17.369586944580078,True,3.36,0.7658355534689119,1.0,False,False
T5_d2128_b1_t14,T5,main,2128,1,T5/day_2128/block_1,14,3371,3503,3370,3503,133,43.36474609375,True,2.66,0.739172804481144,0.0,False,False
T5_d2128_b1_t15,T5,main,2128,1,T5/day_2128/block_1,15,3504,3837,3503,3837,334,82.58287811279297,True,6.68,0.2926657605879926,12.0,False,False
T5_d2128_b1_t16,T5,main,2128,1,T5/day_2128/block_1,16,3838,3964,3837,3964,127,22.632997512817383,True,2.54,0.7227872994392188,0.0,False,False
T5_d2128_b1_t17,T5,main,2128,1,T5/day_2128/block_1,17,3965,4153,3964,4153,189,39.415245056152344,True,3.78,0.6571401826578117,3.0,False,False
T5_d2128_b1_t18,T5,main,2128,1,T5/day_2128/block_1,18,4154,4405,4153,4405,252,89.21751403808594,True,5.04,0.22085281310404725,6.0,False,False
T5_d2128_b1_t19,T5,main,2128,1,T5/day_2128/block_1,19,4406,4510,4405,4510,105,95.19480895996094,True,2.1,0.09614968890559061,4.0,False,False
T5_d2128_b1_t20,T5,main,2128,1,T5/day_2128/block_1,20,4511,4660,4510,4660,150,21.82699203491211,True,3.0,0.8363942453813851,0.0,False,False
T5_d2128_b1_t21,T5,main,2128,1,T5/day_2128/block_1,21,4661,5045,4660,5045,385,56.184391021728516,True,7.7,0.3494938239786614,10.0,False,False
T5_d2128_b1_t22,T5,main,2128,1,T5/day_2128/block_1,22,5046,5182,5045,5182,137,45.02568054199219,True,2.74,0.7357176645700371,0.0,False,False
T5_d2128_b1_t23,T5,main,2128,1,T5/day_2128/block_1,23,5183,5407,5182,5407,225,51.5012321472168,True,4.5,0.49353425985243243,4.0,False,False
T5_d2128_b1_t24,T5,main,2128,1,T5/day_2128/block_1,24,5408,5657,5407,5657,250,34.67201232910156,True,5.0,0.4414994012142224,6.0,False,False
T5_d2128_b1_t25,T5,main,2128,1,T5/day_2128/block_1,25,5658,5845,5657,5845,188,64.447021484375,True,3.76,0.08343800381738406,8.0,False,False
T5_d2128_b1_t26,T5,main,2128,1,T5/day_2128/block_1,26,5846,6145,5845,6145,300,47.28981399536133,True,6.0,0.5363591796022987,7.0,False,False
T5_d2128_b1_t27,T5,main,2128,1,T5/day_2128/block_1,27,6146,6646,6145,6646,501,124.44744110107422,False,10.02,0.29894038324908406,10.0,False,False
T5_d2128_b1_t28,T5,main,2128,1,T5/day_2128/block_1,28,6647,7153,6646,7153,507,79.80360412597656,False,10.14,0.6770632201164922,9.0,False,False
T5_d2128_b1_t29,T5,main,2128,1,T5/day_2128/block_1,29,7154,7454,7153,7454,301,56.205772399902344,True,6.02,0.571767717269908,9.0,False,False
T5_d2128_b1_t30,T5,main,2128,1,T5/day_2128/block_1,30,7455,7741,7454,7741,287,27.18263816833496,True,5.74,0.6617181139333987,3.0,False,False
T5_d2128_b1_t31,T5,main,2128,1,T5/day_2128/block_1,31,7742,7838,7741,7838,97,25.573354721069336,True,1.94,0.827963436046149,1.0,False,False
T5_d2128_b1_t32,T5,main,2128,1,T5/day_2128/block_1,32,7839,8051,7838,8051,213,75.78700256347656,True,4.26,0.14761933627063192,3.0,False,False
T5_d2128_b1_t33,T5,main,2128,1,T5/day_2128/block_1,33,8052,8311,8051,8311,260,51.195518493652344,True,5.2,0.4775309165251044,5.0,False,False
T5_d2128_b1_t34,T5,main,2128,1,T5/day_2128/block_1,34,8312,8478,8311,8478,167,49.41920852661133,True,3.34,0.597632385407808,1.0,False,False
T5_d2128_b1_t35,T5,main,2128,1,T5/day_2128/block_1,35,8479,8748,8478,8748,270,52.920249938964844,True,5.4,0.42771732424233744,4.0,False,False
T5_d2128_b1_t36,T5,main,2128,1,T5/day_2128/block_1,36,8749,9028,8748,9028,280,48.5567626953125,True,5.6,0.4848362249589766,9.0,False,False
T5_d2128_b1_t37,T5,main,2128,1,T5/day_2128/block_1,37,9029,9529,9028,9529,501,111.01982116699219,False,10.02,0.3177726430322988,8.0,False,False
T5_d2128_b1_t38,T5,main,2128,1,T5/day_2128/block_1,38,9530,9982,9529,9982,453,106.80081176757812,True,9.06,0.6499732062001216,6.0,False,False
T5_d2128_b1_t39,T5,main,2128,1,T5/day_2128/block_1,39,9983,10136,9982,10136,154,21.45201873779297,True,3.08,0.7874107658006471,0.0,False,False
T5_d2128_b1_t40,T5,main,2128,1,T5/day_2128/block_1,40,10137,10281,10136,10281,145,18.78702735900879,True,2.9,0.8744361329625009,1.0,False,False
T5_d2128_b1_t41,T5,main,2128,1,T5/day_2128/block_1,41,10282,10456,10281,10456,175,38.67164993286133,True,3.5,0.6530042732682666,7.0,False,False
T5_d2128_b1_t42,T5,main,2128,1,T5/day_2128/block_1,42,10457,10702,10456,10702,246,31.19695472717285,True,4.92,0.565115475735433,3.0,False,False
T5_d2128_b1_t43,T5,main,2128,1,T5/day_2128/block_1,43,10703,10829,10702,10829,127,26.346284866333008,True,2.54,0.8968405592178486,1.0,False,False
T5_d2128_b1_t44,T5,main,2128,1,T5/day_2128/block_1,44,10830,11196,10829,11196,367,45.020896911621094,True,7.34,0.5322668600727587,7.0,False,False
T5_d2128_b1_t45,T5,main,2128,1,T5/day_2128/block_1,45,11197,11345,11196,11345,149,49.30779266357422,True,2.98,0.4882546212521318,3.0,False,False
T5_d2128_b1_t46,T5,main,2128,1,T5/day_2128/block_1,46,11346,11607,11345,11607,262,44.518043518066406,True,5.24,0.3183543329151631,3.0,False,False
T5_d2128_b1_t47,T5,main,2128,1,T5/day_2128/block_1,47,11608,11717,11607,11717,110,57.367637634277344,True,2.2,0.5366950163434622,1.0,False,False
T5_d2128_b1_t48,T5,main,2128,1,T5/day_2128/block_1,48,11718,11848,11717,11848,131,16.088380813598633,True,2.62,0.7755792332442504,1.0,False,False
T5_d2128_b2_t0,T5,main,2128,2,T5/day_2128/block_2,0,98,598,97,598,501,150.5574188232422,False,10.02,0.33382603418233625,6.0,False,False
T5_d2128_b2_t1,T5,main,2128,2,T5/day_2128/block_2,1,599,744,598,744,146,23.630632400512695,True,2.92,0.8841549919661882,2.0,False,False
T5_d2128_b2_t2,T5,main,2128,2,T5/day_2128/block_2,2,745,890,744,890,146,56.693565368652344,True,2.92,0.3715880668853885,3.0,False,False
T5_d2128_b2_t3,T5,main,2128,2,T5/day_2128/block_2,3,891,964,890,964,74,18.71446990966797,True,1.48,0.8582644965355671,0.0,False,False
T5_d2128_b2_t4,T5,main,2128,2,T5/day_2128/block_2,4,965,1074,964,1074,110,34.044647216796875,True,2.2,0.7388980329429011,0.0,False,False
T5_d2128_b2_t5,T5,main,2128,2,T5/day_2128/block_2,5,1075,1173,1074,1173,99,27.55452537536621,True,1.98,0.6488392033794215,3.0,False,False
T5_d2128_b2_t6,T5,main,2128,2,T5/day_2128/block_2,6,1174,1263,1173,1263,90,35.538795471191406,True,1.8,0.6848676516328611,2.0,False,False
T5_d2128_b2_t7,T5,main,2128,2,T5/day_2128/block_2,7,1264,1342,1263,1342,79,16.04257583618164,True,1.58,0.8083834875406964,1.0,False,False
T5_d2128_b2_t8,T5,main,2128,2,T5/day_2128/block_2,8,1343,1462,1342,1462,120,31.194530487060547,True,2.4,0.7397407971745626,1.0,False,False
T5_d2128_b2_t9,T5,main,2128,2,T5/day_2128/block_2,9,1463,1626,1462,1626,164,80.48514556884766,True,3.28,0.21122956801799345,4.0,False,False
T5_d2128_b2_t10,T5,main,2128,2,T5/day_2128/block_2,10,1627,1714,1626,1714,88,26.34026336669922,True,1.76,0.8492523159465901,1.0,False,False
T5_d2128_b2_t11,T5,main,2128,2,T5/day_2128/block_2,11,1715,1799,1714,1799,85,15.818122863769531,True,1.7,0.8882056279858354,1.0,False,False
T5_d2128_b2_t12,T5,main,2128,2,T5/day_2128/block_2,12,1800,1964,1799,1964,165,46.769020080566406,True,3.3,0.4597555196161236,4.0,False,False
T5_d2128_b2_t13,T5,main,2128,2,T5/day_2128/block_2,13,1965,2022,1964,2022,58,22.278465270996094,True,1.16,0.7736481320554143,1.0,False,False
T5_d2128_b2_t14,T5,main,2128,2,T5/day_2128/block_2,14,2023,2119,2022,2119,97,48.16061782836914,True,1.94,0.3387688766307776,2.0,False,False
T5_d2128_b2_t15,T5,main,2128,2,T5/day_2128/block_2,15,2120,2297,2119,2297,178,40.08104705810547,True,3.56,0.6190149026443271,2.0,False,False
T5_d2128_b2_t16,T5,main,2128,2,T5/day_2128/block_2,16,2298,2395,2297,2395,98,16.50775909423828,True,1.96,0.865469095213899,0.0,False,False
T5_d2128_b2_t17,T5,main,2128,2,T5/day_2128/block_2,17,2396,2471,2395,2471,76,25.236133575439453,True,1.52,0.7552344518550734,1.0,False,False
T5_d2128_b2_t18,T5,main,2128,2,T5/day_2128/block_2,18,2472,2552,2471,2552,81,70.39216613769531,True,1.62,0.34718574677141284,2.0,False,False
T5_d2128_b2_t19,T5,main,2128,2,T5/day_2128/block_2,19,2553,2928,2552,2928,376,53.82417297363281,True,7.52,0.45494050425506327,8.0,False,False
T5_d2128_b2_t20,T5,main,2128,2,T5/day_2128/block_2,20,2929,3147,2928,3147,219,35.66529083251953,True,4.38,0.6181755581535446,6.0,False,False
T5_d2128_b2_t21,T5,main,2128,2,T5/day_2128/block_2,21,3148,3234,3147,3234,87,56.73663330078125,True,1.74,0.4641653173231733,2.0,False,False
T5_d2128_b2_t22,T5,main,2128,2,T5/day_2128/block_2,22,3235,3420,3234,3420,186,34.873477935791016,True,3.72,0.6279989640250174,2.0,False,False
T5_d2128_b2_t23,T5,main,2128,2,T5/day_2128/block_2,23,3421,3585,3420,3585,165,19.96793556213379,True,3.3,0.8064282428980027,1.0,False,False
T5_d2128_b2_t24,T5,main,2128,2,T5/day_2128/block_2,24,3586,3803,3585,3803,218,33.01691436767578,True,4.36,0.6631637809979058,2.0,False,False
T5_d2128_b2_t25,T5,main,2128,2,T5/day_2128/block_2,25,3804,3941,3803,3941,138,24.90976333618164,True,2.76,0.8120589164007284,0.0,False,False
T5_d2128_b2_t26,T5,main,2128,2,T5/day_2128/block_2,26,3942,4065,3941,4065,124,46.62117385864258,True,2.48,0.7446821053956186,1.0,False,False
T5_d2128_b2_t27,T5,main,2128,2,T5/day_2128/block_2,27,4066,4169,4065,4169,104,48.53706741333008,True,2.08,0.31614903895517144,2.0,False,False
T5_d2128_b2_t28,T5,main,2128,2,T5/day_2128/block_2,28,4170,4281,4169,4281,112,39.76112365722656,True,2.24,0.7502015783422412,2.0,False,False
T5_d2128_b2_t29,T5,main,2128,2,T5/day_2128/block_2,29,4282,4348,4281,4348,67,20.853391647338867,True,1.34,0.6737116827603868,1.0,False,False
T5_d2128_b2_t30,T5,main,2128,2,T5/day_2128/block_2,30,4349,4451,4348,4451,103,66.17971801757812,True,2.06,0.4990503895664234,1.0,False,False
T5_d2128_b2_t31,T5,main,2128,2,T5/day_2128/block_2,31,4452,4545,4451,4545,94,34.98406219482422,True,1.88,0.7495248997364912,0.0,False,False
T5_d2128_b2_t32,T5,main,2128,2,T5/day_2128/block_2,32,4546,4633,4545,4633,88,25.952369689941406,True,1.76,0.6433173962447768,2.0,False,False
T5_d2128_b2_t33,T5,main,2128,2,T5/day_2128/block_2,33,4634,4778,4633,4778,145,50.89606475830078,True,2.9,0.70930807066577,3.0,False,False
T5_d2128_b2_t34,T5,main,2128,2,T5/day_2128/block_2,34,4779,4888,4778,4888,110,21.669511795043945,True,2.2,0.8359023083098551,1.0,False,False
T5_d2128_b2_t35,T5,main,2128,2,T5/day_2128/block_2,35,4889,4965,4888,4965,77,17.770902633666992,True,1.54,0.816811533187641,1.0,False,False
T5_d2128_b2_t36,T5,main,2128,2,T5/day_2128/block_2,36,4966,5150,4965,5150,185,32.98058319091797,True,3.7,0.7849967204775169,4.0,False,False
T5_d2128_b2_t37,T5,main,2128,2,T5/day_2128/block_2,37,5151,5289,5150,5289,139,29.982248306274414,True,2.78,0.8404000386086554,1.0,False,False
T5_d2128_b2_t38,T5,main,2128,2,T5/day_2128/block_2,38,5290,5428,5289,5428,139,31.91338348388672,True,2.78,0.7510230216082019,2.0,False,False
T5_d2128_b2_t39,T5,main,2128,2,T5/day_2128/block_2,39,5429,5550,5428,5550,122,13.257251739501953,True,2.44,0.8942450641288153,0.0,False,False
T5_d2128_b2_t40,T5,main,2128,2,T5/day_2128/block_2,40,5551,5722,5550,5722,172,32.303104400634766,True,3.44,0.7351682577846487,1.0,False,False
T5_d2128_b2_t41,T5,main,2128,2,T5/day_2128/block_2,41,5723,5858,5722,5858,136,25.918424606323242,True,2.72,0.833737373653915,1.0,False,False
T5_d2128_b2_t42,T5,main,2128,2,T5/day_2128/block_2,42,5859,6001,5858,6001,143,37.63855743408203,True,2.86,0.6747406271159837,1.0,False,False
T5_d2128_b2_t43,T5,main,2128,2,T5/day_2128/block_2,43,6002,6149,6001,6149,148,35.62318420410156,True,2.96,0.47182675303576826,1.0,False,False
T5_d2128_b2_t44,T5,main,2128,2,T5/day_2128/block_2,44,6150,6225,6149,6225,76,99.39708709716797,True,1.52,0.24881930831543436,1.0,False,False
T5_d2128_b2_t45,T5,main,2128,2,T5/day_2128/block_2,45,6226,6343,6225,6343,118,47.23407745361328,True,2.36,0.6562777067800758,1.0,False,False
T5_d2128_b2_t46,T5,main,2128,2,T5/day_2128/block_2,46,6344,6843,6343,6843,500,140.73513793945312,False,10.0,0.8951982035515141,4.0,False,False
T5_d2128_b2_t47,T5,main,2128,2,T5/day_2128/block_2,47,6844,7096,6843,7096,253,30.32834243774414,True,5.06,0.8088511804836237,1.0,False,False
T5_d2128_b2_t48,T5,main,2128,2,T5/day_2128/block_2,48,7097,7219,7096,7219,123,42.25705337524414,True,2.46,0.5892417455488576,2.0,False,False
T5_d2128_b2_t49,T5,main,2128,2,T5/day_2128/block_2,49,7220,7287,7219,7287,68,26.85604476928711,True,1.36,0.3297782790733182,2.0,False,False
T5_d2128_b2_t50,T5,main,2128,2,T5/day_2128/block_2,50,7288,7418,7287,7418,131,8.318748474121094,True,2.62,0.751937261057635,2.0,False,False
T5_d2128_b2_t51,T5,main,2128,2,T5/day_2128/block_2,51,7419,7642,7418,7642,224,38.20207977294922,True,4.48,0.5513221376542743,4.0,False,False
T5_d2128_b2_t52,T5,main,2128,2,T5/day_2128/block_2,52,7643,7819,7642,7819,177,22.56463623046875,True,3.54,0.7947857684534615,1.0,False,False
T5_d2128_b2_t53,T5,main,2128,2,T5/day_2128/block_2,53,7820,8042,7819,8042,223,23.856042861938477,True,4.46,0.756234058536273,1.0,False,False
T5_d2128_b2_t54,T5,main,2128,2,T5/day_2128/block_2,54,8043,8107,8042,8107,65,33.913726806640625,True,1.3,0.7433074477612749,1.0,False,False
T5_d2128_b2_t55,T5,main,2128,2,T5/day_2128/block_2,55,8108,8211,8107,8211,104,40.16543197631836,True,2.08,0.7144549816054733,1.0,False,False
T5_d2128_b2_t56,T5,main,2128,2,T5/day_2128/block_2,56,8212,8330,8211,8330,119,24.334470748901367,True,2.38,0.8036117812282512,1.0,False,False
T5_d2128_b2_t57,T5,main,2128,2,T5/day_2128/block_2,57,8331,8473,8330,8473,143,22.052974700927734,True,2.86,0.6469395135166928,1.0,False,False
T5_d2128_b2_t58,T5,main,2128,2,T5/day_2128/block_2,58,8474,8616,8473,8616,143,44.549659729003906,True,2.86,0.5923970740192543,4.0,False,False
T5_d2128_b2_t59,T5,main,2128,2,T5/day_2128/block_2,59,8617,8735,8616,8735,119,39.54496383666992,True,2.38,0.6608722938743236,1.0,False,False
T5_d2128_b2_t60,T5,main,2128,2,T5/day_2128/block_2,60,8736,8852,8735,8852,117,61.002647399902344,True,2.34,0.424603503060202,3.0,False,False
T5_d2128_b2_t61,T5,main,2128,2,T5/day_2128/block_2,61,8853,8975,8852,8975,123,44.193443298339844,True,2.46,0.6053320592059458,4.0,False,False
T5_d2128_b2_t62,T5,main,2128,2,T5/day_2128/block_2,62,8976,9095,8975,9095,120,25.675880432128906,True,2.4,0.8044121693513899,1.0,False,False
T5_d2128_b2_t63,T5,main,2128,2,T5/day_2128/block_2,63,9096,9154,9095,9154,59,89.08659362792969,True,1.18,0.2340393805018929,3.0,False,False
T5_d2128_b2_t64,T5,main,2128,2,T5/day_2128/block_2,64,9155,9238,9154,9238,84,19.33206558227539,True,1.68,0.6107442104022999,2.0,False,False
T5_d2128_b2_t65,T5,main,2128,2,T5/day_2128/block_2,65,9239,9354,9238,9354,116,18.644351959228516,True,2.32,0.7630291013376167,2.0,False,False
T5_d2128_b2_t66,T5,main,2128,2,T5/day_2128/block_2,66,9355,9449,9354,9449,95,25.59316635131836,True,1.9,0.8615120948256947,1.0,False,False
T5_d2128_b2_t67,T5,main,2128,2,T5/day_2128/block_2,67,9450,9513,9449,9513,64,56.11507034301758,True,1.28,0.664447876073574,1.0,False,False
T5_d2128_b2_t68,T5,main,2128,2,T5/day_2128/block_2,68,9514,9590,9513,9590,77,28.001121520996094,True,1.54,0.782717827124157,2.0,False,False
T5_d2128_b2_t69,T5,main,2128,2,T5/day_2128/block_2,69,9591,9809,9590,9809,219,50.564762115478516,True,4.38,0.7031739371833332,2.0,False,False
T5_d2128_b2_t70,T5,main,2128,2,T5/day_2128/block_2,70,9810,10071,9809,10071,262,61.48190689086914,True,5.24,0.4965242174688647,5.0,False,False
T5_d2128_b2_t71,T5,main,2128,2,T5/day_2128/block_2,71,10072,10209,10071,10209,138,42.55998992919922,True,2.76,0.6693670299501102,2.0,False,False
T5_d2128_b2_t72,T5,main,2128,2,T5/day_2128/block_2,72,10210,10355,10209,10355,146,18.872804641723633,True,2.92,0.8617150592973748,1.0,False,False
T5_d2128_b2_t73,T5,main,2128,2,T5/day_2128/block_2,73,10356,10454,10355,10454,99,33.21144485473633,True,1.98,0.6045907517168968,0.0,False,False
T5_d2128_b2_t74,T5,main,2128,2,T5/day_2128/block_2,74,10455,10724,10454,10724,270,30.841018676757812,True,5.4,0.5986294753157496,4.0,False,False
T5_d2128_b2_t75,T5,main,2128,2,T5/day_2128/block_2,75,10725,11004,10724,11004,280,42.93105697631836,True,5.6,0.5239877382216548,5.0,False,False
T5_d2128_b2_t76,T5,main,2128,2,T5/day_2128/block_2,76,11005,11135,11004,11135,131,26.405942916870117,True,2.62,0.8276395524737061,0.0,False,False
T5_d2128_b2_t77,T5,main,2128,2,T5/day_2128/block_2,77,11136,11201,11135,11201,66,25.970584869384766,True,1.32,0.7157670522738143,0.0,False,False
T5_d2128_b2_t78,T5,main,2128,2,T5/day_2128/block_2,78,11202,11328,11201,11328,127,45.99687957763672,True,2.54,0.3608417986190682,1.0,False,False
T5_d2128_b2_t79,T5,main,2128,2,T5/day_2128/block_2,79,11329,11509,11328,11509,181,50.84344482421875,True,3.62,0.561339968856145,3.0,False,False
T5_d2128_b2_t80,T5,main,2128,2,T5/day_2128/block_2,80,11510,11611,11509,11611,102,32.76483154296875,True,2.04,0.8225689601077629,0.0,False,False
T5_d2128_b2_t81,T5,main,2128,2,T5/day_2128/block_2,81,11612,11728,11611,11728,117,32.662925720214844,True,2.34,0.6894442719296986,1.0,False,False
T5_d2128_b2_t82,T5,main,2128,2,T5/day_2128/block_2,82,11729,11849,11728,11849,121,14.170564651489258,True,2.42,0.8666573045261579,1.0,False,False
T5_d2128_b3_t0,T5,main,2128,3,T5/day_2128/block_3,0,95,214,94,214,120,33.51769256591797,True,2.4,0.5572683826013616,5.0,False,False
T5_d2128_b3_t1,T5,main,2128,3,T5/day_2128/block_3,1,215,304,214,304,90,28.693065643310547,True,1.8,0.773070291839307,1.0,False,False
T5_d2128_b3_t2,T5,main,2128,3,T5/day_2128/block_3,2,305,452,304,452,148,40.63199996948242,True,2.96,0.4002406513593074,4.0,False,False
T5_d2128_b3_t3,T5,main,2128,3,T5/day_2128/block_3,3,453,609,452,609,157,21.827199935913086,True,3.14,0.7274756105395168,2.0,False,False
T5_d2128_b3_t4,T5,main,2128,3,T5/day_2128/block_3,4,610,759,609,759,150,37.62371063232422,True,3.0,0.5603232126743766,2.0,False,False
T5_d2128_b3_t5,T5,main,2128,3,T5/day_2128/block_3,5,760,943,759,943,184,72.23709106445312,True,3.68,0.4271372509960492,5.0,False,False
T5_d2128_b3_t6,T5,main,2128,3,T5/day_2128/block_3,6,944,1071,943,1071,128,35.33918762207031,True,2.56,0.751771864741465,0.0,False,False
T5_d2128_b3_t7,T5,main,2128,3,T5/day_2128/block_3,7,1072,1267,1071,1267,196,42.442928314208984,True,3.92,0.5683564338826484,5.0,False,False
T5_d2128_b3_t8,T5,main,2128,3,T5/day_2128/block_3,8,1268,1520,1267,1520,253,42.90200424194336,True,5.06,0.693846185304791,6.0,False,False
T5_d2128_b3_t9,T5,main,2128,3,T5/day_2128/block_3,9,1521,1698,1520,1698,178,41.69628143310547,True,3.56,0.6971661999260935,4.0,False,False
T5_d2128_b3_t10,T5,main,2128,3,T5/day_2128/block_3,10,1699,1886,1698,1886,188,66.43057250976562,True,3.76,0.19011189507460866,8.0,False,False
T5_d2128_b3_t11,T5,main,2128,3,T5/day_2128/block_3,11,1887,1976,1886,1976,90,64.09410095214844,True,1.8,0.3194244551120904,2.0,False,False
T5_d2128_b3_t12,T5,main,2128,3,T5/day_2128/block_3,12,1977,2476,1976,2476,500,150.27455139160156,False,10.0,0.6490207864916075,3.0,False,False
T5_d2128_b3_t13,T5,main,2128,3,T5/day_2128/block_3,13,2477,2601,2476,2601,125,90.47731018066406,True,2.5,0.5746791173985284,3.0,False,False
T5_d2128_b3_t14,T5,main,2128,3,T5/day_2128/block_3,14,2602,2706,2601,2706,105,11.495157241821289,True,2.1,0.8790126061715268,2.0,False,False
T5_d2128_b3_t15,T5,main,2128,3,T5/day_2128/block_3,15,2707,2828,2706,2828,122,26.571456909179688,True,2.44,0.6718282206450327,1.0,False,False
T5_d2128_b3_t16,T5,main,2128,3,T5/day_2128/block_3,16,2829,2897,2828,2897,69,16.55312728881836,True,1.38,0.7712046586641492,1.0,False,False
T5_d2128_b3_t17,T5,main,2128,3,T5/day_2128/block_3,17,2898,3127,2897,3127,230,64.65423583984375,True,4.6,0.44248468021088355,2.0,False,False
T5_d2128_b3_t18,T5,main,2128,3,T5/day_2128/block_3,18,3128,3321,3127,3321,194,66.9677734375,True,3.88,0.27330166876927825,4.0,False,False
T5_d2128_b3_t19,T5,main,2128,3,T5/day_2128/block_3,19,3322,3437,3321,3437,116,54.40686798095703,True,2.32,0.48669107660141186,2.0,False,False
T5_d2128_b3_t20,T5,main,2128,3,T5/day_2128/block_3,20,3438,3623,3437,3623,186,67.145751953125,True,3.72,0.3339810673983005,6.0,False,False
T5_d2128_b3_t21,T5,main,2128,3,T5/day_2128/block_3,21,3624,3743,3623,3743,120,42.85502624511719,True,2.4,0.5465400550796286,2.0,False,False
T5_d2128_b3_t22,T5,main,2128,3,T5/day_2128/block_3,22,3744,3948,3743,3948,205,69.86998748779297,True,4.1,0.1388338914275832,5.0,False,False
T5_d2128_b3_t23,T5,main,2128,3,T5/day_2128/block_3,23,3949,4159,3948,4159,211,28.5175724029541,True,4.22,0.49741605561248553,5.0,False,False
T5_d2128_b3_t24,T5,main,2128,3,T5/day_2128/block_3,24,4160,4242,4159,4242,83,21.857227325439453,True,1.66,0.7558863938068094,2.0,False,False
T5_d2128_b3_t25,T5,main,2128,3,T5/day_2128/block_3,25,4243,4375,4242,4375,133,34.039939880371094,True,2.66,0.7147987407715318,1.0,False,False
T5_d2128_b3_t26,T5,main,2128,3,T5/day_2128/block_3,26,4376,4461,4375,4461,86,32.488929748535156,True,1.72,0.8007872605758376,1.0,False,False
T5_d2128_b3_t27,T5,main,2128,3,T5/day_2128/block_3,27,4462,4626,4461,4626,165,43.73722839355469,True,3.3,0.6220718737346527,4.0,False,False
T5_d2128_b3_t28,T5,main,2128,3,T5/day_2128/block_3,28,4627,4729,4626,4729,103,81.2287368774414,True,2.06,0.07883290842555223,4.0,False,False
T5_d2128_b3_t29,T5,main,2128,3,T5/day_2128/block_3,29,4730,4952,4729,4952,223,46.687198638916016,True,4.46,0.5845389630076143,6.0,False,False
T5_d2128_b3_t30,T5,main,2128,3,T5/day_2128/block_3,30,4953,5453,4952,5453,501,146.63018798828125,False,10.02,0.3918856317652085,1.0,False,False
T5_d2128_b3_t31,T5,main,2128,3,T5/day_2128/block_3,31,5454,5669,5453,5669,216,59.26894760131836,True,4.32,0.47971671939182203,4.0,False,False
T5_d2128_b3_t32,T5,main,2128,3,T5/day_2128/block_3,32,5670,5759,5669,5759,90,73.76747131347656,True,1.8,0.21839840034834945,4.0,False,False
T5_d2128_b3_t33,T5,main,2128,3,T5/day_2128/block_3,33,5760,5854,5759,5854,95,18.19109344482422,True,1.9,0.840553544674116,1.0,False,False
T5_d2128_b3_t34,T5,main,2128,3,T5/day_2128/block_3,34,5855,5945,5854,5945,91,7.667130470275879,True,1.82,0.9301314643090154,0.0,False,False
T5_d2128_b3_t35,T5,main,2128,3,T5/day_2128/block_3,35,5946,6446,5945,6446,501,157.65628051757812,False,10.02,0.4796829194760524,5.0,False,False
T5_d2128_b3_t36,T5,main,2128,3,T5/day_2128/block_3,36,6447,6527,6446,6527,81,44.8477897644043,True,1.62,0.6988257571889642,2.0,False,False
T5_d2128_b3_t37,T5,main,2128,3,T5/day_2128/block_3,37,6528,6646,6527,6646,119,48.352413177490234,True,2.38,0.5210025818835092,3.0,False,False
T5_d2128_b3_t38,T5,main,2128,3,T5/day_2128/block_3,38,6647,6884,6646,6884,238,33.815284729003906,True,4.76,0.5868148020922236,4.0,False,False
T5_d2128_b3_t39,T5,main,2128,3,T5/day_2128/block_3,39,6885,7059,6884,7059,175,43.76233673095703,True,3.5,0.6460624555505515,3.0,False,False
T5_d2128_b3_t40,T5,main,2128,3,T5/day_2128/block_3,40,7060,7139,7059,7139,80,55.28211975097656,True,1.6,0.4450106503370513,2.0,False,False
T5_d2128_b3_t41,T5,main,2128,3,T5/day_2128/block_3,41,7140,7290,7139,7290,151,23.652462005615234,True,3.02,0.876571121356754,0.0,False,False
T5_d2128_b3_t42,T5,main,2128,3,T5/day_2128/block_3,42,7291,7437,7290,7437,147,46.37470245361328,True,2.94,0.4405994725413818,2.0,False,False
T5_d2128_b3_t43,T5,main,2128,3,T5/day_2128/block_3,43,7438,7565,7437,7565,128,19.21609115600586,True,2.56,0.8151390238912805,2.0,False,False
T5_d2128_b3_t44,T5,main,2128,3,T5/day_2128/block_3,44,7566,7771,7565,7771,206,32.370792388916016,True,4.12,0.5870549044528237,2.0,False,False
T5_d2128_b3_t45,T5,main,2128,3,T5/day_2128/block_3,45,7772,8002,7771,8002,231,40.26846694946289,True,4.62,0.6060611534874953,4.0,False,False
T5_d2128_b3_t46,T5,main,2128,3,T5/day_2128/block_3,46,8003,8144,8002,8144,142,18.215078353881836,True,2.84,0.8949513569840584,1.0,False,False
T5_d2128_b3_t47,T5,main,2128,3,T5/day_2128/block_3,47,8145,8258,8144,8258,114,22.884265899658203,True,2.28,0.8667248197151812,1.0,False,False
T5_d2128_b3_t48,T5,main,2128,3,T5/day_2128/block_3,48,8259,8379,8258,8379,121,22.86574363708496,True,2.42,0.762865815023744,0.0,False,False
T5_d2128_b3_t49,T5,main,2128,3,T5/day_2128/block_3,49,8380,8745,8379,8745,366,58.101016998291016,True,7.32,0.36290714468685514,7.0,False,False
T5_d2128_b3_t50,T5,main,2128,3,T5/day_2128/block_3,50,8746,8858,8745,8858,113,20.641508102416992,True,2.26,0.8520937948927172,0.0,False,False
T5_d2128_b3_t51,T5,main,2128,3,T5/day_2128/block_3,51,8859,9359,8858,9359,501,143.14833068847656,False,10.02,0.26407240784398894,14.0,False,False
T5_d2128_b3_t52,T5,main,2128,3,T5/day_2128/block_3,52,9360,9642,9359,9642,283,77.32540893554688,True,5.66,0.4656830807352502,4.0,False,False
T5_d2128_b3_t53,T5,main,2128,3,T5/day_2128/block_3,53,9643,9740,9642,9740,98,35.70197677612305,True,1.96,0.6549797326340887,2.0,False,False
T5_d2128_b3_t54,T5,main,2128,3,T5/day_2128/block_3,54,9741,9854,9740,9854,114,30.723560333251953,True,2.28,0.6963212652999125,3.0,False,False
T5_d2128_b3_t55,T5,main,2128,3,T5/day_2128/block_3,55,9855,9944,9854,9944,90,35.34951400756836,True,1.8,0.7280111723889232,0.0,False,False
T5_d2128_b3_t56,T5,main,2128,3,T5/day_2128/block_3,56,9945,10059,9944,10059,115,16.838430404663086,True,2.3,0.8705346516358556,0.0,False,False
T5_d2128_b3_t57,T5,main,2128,3,T5/day_2128/block_3,57,10060,10136,10059,10136,77,22.94523048400879,True,1.54,0.7929409804946267,2.0,False,False
T5_d2128_b3_t58,T5,main,2128,3,T5/day_2128/block_3,58,10137,10242,10136,10242,106,54.024810791015625,True,2.12,0.25750108678805766,3.0,False,False
T5_d2128_b3_t59,T5,main,2128,3,T5/day_2128/block_3,59,10243,10317,10242,10317,75,17.82384490966797,True,1.5,0.9050592621411178,1.0,False,False
T5_d2128_b3_t60,T5,main,2128,3,T5/day_2128/block_3,60,10318,10401,10317,10401,84,33.99898147583008,True,1.68,0.795120395976831,0.0,False,False
T5_d2128_b3_t61,T5,main,2128,3,T5/day_2128/block_3,61,10402,10653,10401,10653,252,65.98737335205078,True,5.04,0.34589514547411304,5.0,False,False
T5_d2128_b3_t62,T5,main,2128,3,T5/day_2128/block_3,62,10654,10727,10653,10727,74,19.870534896850586,True,1.48,0.7156786991019441,2.0,False,False
T5_d2128_b3_t63,T5,main,2128,3,T5/day_2128/block_3,63,10728,10849,10727,10849,122,24.075889587402344,True,2.44,0.7607002713579711,2.0,False,False
T5_d2128_b3_t64,T5,main,2128,3,T5/day_2128/block_3,64,10850,11046,10849,11046,197,29.81383514404297,True,3.94,0.6278068629470057,4.0,False,False
T5_d2128_b3_t65,T5,main,2128,3,T5/day_2128/block_3,65,11047,11153,11046,11153,107,58.631263732910156,True,2.14,0.5500815334714818,2.0,False,False
T5_d2128_b3_t66,T5,main,2128,3,T5/day_2128/block_3,66,11154,11278,11153,11278,125,37.980220794677734,True,2.5,0.5060759019694419,3.0,False,False
T5_d2128_b3_t67,T5,main,2128,3,T5/day_2128/block_3,67,11279,11350,11278,11350,72,35.287513732910156,True,1.44,0.7004542102207648,0.0,False,False
T5_d2128_b3_t68,T5,main,2128,3,T5/day_2128/block_3,68,11351,11446,11350,11446,96,57.68434143066406,True,1.92,0.4542283349569034,1.0,False,False
T5_d2128_b3_t69,T5,main,2128,3,T5/day_2128/block_3,69,11447,11571,11446,11571,125,42.88491439819336,True,2.5,0.8075788814847429,4.0,False,False
T5_d2128_b3_t70,T5,main,2128,3,T5/day_2128/block_3,70,11572,11671,11571,11671,100,25.082962036132812,True,2.0,0.827135360869357,2.0,False,False
T5_d2128_b3_t71,T5,main,2128,3,T5/day_2128/block_3,71,11672,11751,11671,11751,80,44.715476989746094,True,1.6,0.6158348581243721,0.0,False,False
T5_d2128_b3_t72,T5,main,2128,3,T5/day_2128/block_3,72,11752,11818,11751,11818,67,35.81772232055664,True,1.34,0.7182124163765262,1.0,False,False
T5_d2128_b4_t0,T5,main,2128,4,T5/day_2128/block_4,0,106,220,105,220,115,35.43402099609375,True,2.3,0.7693301775754668,0.0,False,False
T5_d2128_b4_t1,T5,main,2128,4,T5/day_2128/block_4,1,221,292,220,292,72,42.963478088378906,True,1.44,0.7648919587184674,1.0,False,False
T5_d2128_b4_t2,T5,main,2128,4,T5/day_2128/block_4,2,293,374,292,374,82,20.004941940307617,True,1.64,0.8416250947118836,2.0,False,False
T5_d2128_b4_t3,T5,main,2128,4,T5/day_2128/block_4,3,375,492,374,492,118,64.80946350097656,True,2.36,0.2992660537586359,4.0,False,False
T5_d2128_b4_t4,T5,main,2128,4,T5/day_2128/block_4,4,493,595,492,595,103,26.342605590820312,True,2.06,0.8363420115166397,0.0,False,False
T5_d2128_b4_t5,T5,main,2128,4,T5/day_2128/block_4,5,596,728,595,728,133,28.98771858215332,True,2.66,0.6984672624777322,2.0,False,False
T5_d2128_b4_t6,T5,main,2128,4,T5/day_2128/block_4,6,729,818,728,818,90,22.985071182250977,True,1.8,0.8691718832587227,0.0,False,False
T5_d2128_b4_t7,T5,main,2128,4,T5/day_2128/block_4,7,819,935,818,935,117,30.128732681274414,True,2.34,0.8147002117511889,0.0,False,False
T5_d2128_b4_t8,T5,main,2128,4,T5/day_2128/block_4,8,936,1031,935,1031,96,42.75991439819336,True,1.92,0.7312305668888504,1.0,False,False
T5_d2128_b4_t9,T5,main,2128,4,T5/day_2128/block_4,9,1032,1110,1031,1110,79,76.21849060058594,True,1.58,0.2849472204905815,3.0,False,False
T5_d2128_b4_t10,T5,main,2128,4,T5/day_2128/block_4,10,1111,1327,1110,1327,217,45.68806838989258,True,4.34,0.5500622415204384,6.0,False,False
T5_d2128_b4_t11,T5,main,2128,4,T5/day_2128/block_4,11,1328,1410,1327,1410,83,26.805749893188477,True,1.66,0.755890854684372,1.0,False,False
T5_d2128_b4_t12,T5,main,2128,4,T5/day_2128/block_4,12,1411,1499,1410,1499,89,8.711925506591797,True,1.78,0.7343349666376265,1.0,False,False
T5_d2128_b4_t13,T5,main,2128,4,T5/day_2128/block_4,13,1500,1562,1499,1562,63,57.64783477783203,True,1.26,0.4449402964330997,2.0,False,False
T5_d2128_b4_t14,T5,main,2128,4,T5/day_2128/block_4,14,1563,1638,1562,1638,76,43.83277893066406,True,1.52,0.6096468593083496,0.0,False,False
T5_d2128_b4_t15,T5,main,2128,4,T5/day_2128/block_4,15,1639,1793,1638,1793,155,21.187347412109375,True,3.1,0.7886114371074066,2.0,False,False
T5_d2128_b4_t16,T5,main,2128,4,T5/day_2128/block_4,16,1794,1937,1793,1937,144,21.395252227783203,True,2.88,0.8115003762081663,2.0,False,False
T5_d2128_b4_t17,T5,main,2128,4,T5/day_2128/block_4,17,1938,2013,1937,2013,76,30.57797622680664,True,1.52,0.9067177281918883,1.0,False,False
T5_d2128_b4_t18,T5,main,2128,4,T5/day_2128/block_4,18,2014,2113,2013,2113,100,14.255426406860352,True,2.0,0.8948650165958041,2.0,False,False
T5_d2128_b4_t19,T5,main,2128,4,T5/day_2128/block_4,19,2114,2221,2113,2221,108,52.2578010559082,True,2.16,0.4668540492422038,2.0,False,False
T5_d2128_b4_t20,T5,main,2128,4,T5/day_2128/block_4,20,2222,2346,2221,2346,125,47.93732452392578,True,2.5,0.6039208612761064,1.0,False,False
T5_d2128_b4_t21,T5,main,2128,4,T5/day_2128/block_4,21,2347,2485,2346,2485,139,91.9083480834961,True,2.78,0.16008039393532902,5.0,False,False
T5_d2128_b4_t22,T5,main,2128,4,T5/day_2128/block_4,22,2486,2696,2485,2696,211,22.803434371948242,True,4.22,0.7847817895149498,2.0,False,False
T5_d2128_b4_t23,T5,main,2128,4,T5/day_2128/block_4,23,2697,2900,2696,2900,204,39.67454528808594,True,4.08,0.697482300016969,3.0,False,False
T5_d2128_b4_t24,T5,main,2128,4,T5/day_2128/block_4,24,2901,3035,2900,3035,135,20.862756729125977,True,2.7,0.8415582358774277,1.0,False,False
T5_d2128_b4_t25,T5,main,2128,4,T5/day_2128/block_4,25,3036,3141,3035,3141,106,21.889122009277344,True,2.12,0.8844137351983805,0.0,False,False
T5_d2128_b4_t26,T5,main,2128,4,T5/day_2128/block_4,26,3142,3257,3141,3257,116,48.30083084106445,True,2.32,0.629671950012618,2.0,False,False
T5_d2128_b4_t27,T5,main,2128,4,T5/day_2128/block_4,27,3258,3375,3257,3375,118,64.06341552734375,True,2.36,0.40013878653375884,3.0,False,False
T5_d2128_b4_t28,T5,main,2128,4,T5/day_2128/block_4,28,3376,3563,3375,3563,188,66.65161895751953,True,3.76,0.44297317345202064,7.0,False,False
T5_d2128_b4_t29,T5,main,2128,4,T5/day_2128/block_4,29,3564,3687,3563,3687,124,38.66857147216797,True,2.48,0.5996319576180581,2.0,False,False
T5_d2128_b4_t30,T5,main,2128,4,T5/day_2128/block_4,30,3688,3815,3687,3815,128,17.97481918334961,True,2.56,0.8567503570856247,0.0,False,False
T5_d2128_b4_t31,T5,main,2128,4,T5/day_2128/block_4,31,3816,3898,3815,3898,83,23.255029678344727,True,1.66,0.7676616984629272,2.0,False,False
T5_d2128_b4_t32,T5,main,2128,4,T5/day_2128/block_4,32,3899,3961,3898,3961,63,82.7933120727539,True,1.26,0.21822535076032176,2.0,False,False
T5_d2128_b4_t33,T5,main,2128,4,T5/day_2128/block_4,33,3962,4091,3961,4091,130,21.551877975463867,True,2.6,0.7942034196897366,0.0,False,False
T5_d2128_b4_t34,T5,main,2128,4,T5/day_2128/block_4,34,4092,4216,4091,4216,125,26.90411949157715,True,2.5,0.837837773849917,0.0,False,False
T5_d2128_b4_t35,T5,main,2128,4,T5/day_2128/block_4,35,4217,4320,4216,4320,104,21.49996566772461,True,2.08,0.8720594267958358,1.0,False,False
T5_d2128_b4_t36,T5,main,2128,4,T5/day_2128/block_4,36,4321,4445,4320,4445,125,67.29811096191406,True,2.5,0.43811809079226444,4.0,False,False
T5_d2128_b4_t37,T5,main,2128,4,T5/day_2128/block_4,37,4446,4596,4445,4596,151,41.253421783447266,True,3.02,0.6712667801788831,1.0,False,False
T5_d2128_b4_t38,T5,main,2128,4,T5/day_2128/block_4,38,4597,4684,4596,4684,88,31.74976921081543,True,1.76,0.7380385202598694,0.0,False,False
T5_d2128_b4_t39,T5,main,2128,4,T5/day_2128/block_4,39,4685,4787,4684,4787,103,22.99294662475586,True,2.06,0.6187491064193543,3.0,False,False
T5_d2128_b4_t40,T5,main,2128,4,T5/day_2128/block_4,40,4788,4858,4787,4858,71,31.88188934326172,True,1.42,0.7893105837903842,2.0,False,False
T5_d2128_b4_t41,T5,main,2128,4,T5/day_2128/block_4,41,4859,4911,4858,4911,53,51.20343780517578,True,1.06,0.4890482506525147,2.0,False,False
T5_d2128_b4_t42,T5,main,2128,4,T5/day_2128/block_4,42,4912,4975,4911,4975,64,72.92752075195312,True,1.28,0.4631901464588119,2.0,False,False
T5_d2128_b4_t43,T5,main,2128,4,T5/day_2128/block_4,43,4976,5032,4975,5032,57,46.262638092041016,True,1.14,0.7365565770336033,1.0,False,False
T5_d2128_b4_t44,T5,main,2128,4,T5/day_2128/block_4,44,5033,5094,5032,5094,62,39.406646728515625,True,1.24,0.7889248300043054,1.0,False,False
T5_d2128_b4_t45,T5,main,2128,4,T5/day_2128/block_4,45,5095,5178,5094,5178,84,26.006820678710938,True,1.68,0.8584800588445716,0.0,False,False
T5_d2128_b4_t46,T5,main,2128,4,T5/day_2128/block_4,46,5179,5262,5178,5262,84,51.31175994873047,True,1.68,0.4477971383161859,2.0,False,False
T5_d2128_b4_t47,T5,main,2128,4,T5/day_2128/block_4,47,5263,5364,5262,5364,102,100.18354797363281,True,2.04,0.07543364118269226,2.0,False,False
T5_d2128_b4_t48,T5,main,2128,4,T5/day_2128/block_4,48,5365,5489,5364,5489,125,35.417293548583984,True,2.5,0.6850772091238637,3.0,False,False
T5_d2128_b4_t49,T5,main,2128,4,T5/day_2128/block_4,49,5490,5576,5489,5576,87,48.09294128417969,True,1.74,0.35039649771461295,2.0,False,False
T5_d2128_b4_t50,T5,main,2128,4,T5/day_2128/block_4,50,5577,5679,5576,5679,103,29.467004776000977,True,2.06,0.5327387731644417,2.0,False,False
T5_d2128_b4_t51,T5,main,2128,4,T5/day_2128/block_4,51,5680,5798,5679,5798,119,20.477354049682617,True,2.38,0.8483660791496517,2.0,False,False
T5_d2128_b4_t52,T5,main,2128,4,T5/day_2128/block_4,52,5799,5965,5798,5965,167,20.57085609436035,True,3.34,0.840639765111985,2.0,False,False
T5_d2128_b4_t53,T5,main,2128,4,T5/day_2128/block_4,53,5966,6130,5965,6130,165,16.945234298706055,True,3.3,0.8459741209565035,2.0,False,False
T5_d2128_b4_t54,T5,main,2128,4,T5/day_2128/block_4,54,6131,6230,6130,6230,100,10.761554718017578,True,2.0,0.8875647491304555,1.0,False,False
T5_d2128_b4_t55,T5,main,2128,4,T5/day_2128/block_4,55,6231,6299,6230,6299,69,43.35405731201172,True,1.38,0.6936706082831794,1.0,False,False
T5_d2128_b4_t56,T5,main,2128,4,T5/day_2128/block_4,56,6300,6389,6299,6389,90,30.932514190673828,True,1.8,0.7734309981589373,0.0,False,False
T5_d2128_b4_t57,T5,main,2128,4,T5/day_2128/block_4,57,6390,6530,6389,6530,141,94.35042572021484,True,2.82,0.15742169303325657,2.0,False,False
T5_d2128_b4_t58,T5,main,2128,4,T5/day_2128/block_4,58,6531,6663,6530,6663,133,31.27994155883789,True,2.66,0.8223520394261514,2.0,False,False
T5_d2128_b4_t59,T5,main,2128,4,T5/day_2128/block_4,59,6664,6783,6663,6783,120,34.75886917114258,True,2.4,0.6021469507367296,2.0,False,False
T5_d2128_b4_t60,T5,main,2128,4,T5/day_2128/block_4,60,6784,6891,6783,6891,108,69.56707000732422,True,2.16,0.5552840427763323,3.0,False,False
T5_d2128_b4_t61,T5,main,2128,4,T5/day_2128/block_4,61,6892,6958,6891,6958,67,46.035213470458984,True,1.34,0.7058917152141161,0.0,False,False
T5_d2128_b4_t62,T5,main,2128,4,T5/day_2128/block_4,62,6959,7032,6958,7032,74,40.79668426513672,True,1.48,0.6365043927092308,2.0,False,False
T5_d2128_b4_t63,T5,main,2128,4,T5/day_2128/block_4,63,7033,7123,7032,7123,91,19.271728515625,True,1.82,0.8930965281999802,0.0,False,False
T5_d2128_b4_t64,T5,main,2128,4,T5/day_2128/block_4,64,7124,7203,7123,7203,80,32.94469451904297,True,1.6,0.7695038996668963,0.0,False,False
T5_d2128_b4_t65,T5,main,2128,4,T5/day_2128/block_4,65,7204,7404,7203,7404,201,42.102943420410156,True,4.02,0.6111997392311066,1.0,False,False
T5_d2128_b4_t66,T5,main,2128,4,T5/day_2128/block_4,66,7405,7503,7404,7503,99,21.913713455200195,True,1.98,0.8786674900989189,0.0,False,False
T5_d2128_b4_t67,T5,main,2128,4,T5/day_2128/block_4,67,7504,7584,7503,7584,81,24.028366088867188,True,1.62,0.7900471054868405,1.0,False,False
T5_d2128_b4_t68,T5,main,2128,4,T5/day_2128/block_4,68,7585,7690,7584,7690,106,33.3240852355957,True,2.12,0.6873903673913558,2.0,False,False
T5_d2128_b4_t69,T5,main,2128,4,T5/day_2128/block_4,69,7691,7814,7690,7814,124,20.877216339111328,True,2.48,0.866482478393617,0.0,False,False
T5_d2128_b4_t70,T5,main,2128,4,T5/day_2128/block_4,70,7815,7980,7814,7980,166,31.56954002380371,True,3.32,0.6598580495893825,2.0,False,False
T5_d2128_b4_t71,T5,main,2128,4,T5/day_2128/block_4,71,7981,8026,7980,8026,46,35.45498275756836,True,0.92,0.6599411657491926,0.0,False,False
T5_d2128_b4_t72,T5,main,2128,4,T5/day_2128/block_4,72,8027,8251,8026,8251,225,30.695253372192383,True,4.5,0.7379375760420228,2.0,False,False
T5_d2128_b4_t73,T5,main,2128,4,T5/day_2128/block_4,73,8252,8406,8251,8406,155,17.97757911682129,True,3.1,0.8251723907516206,0.0,False,False
T5_d2128_b4_t74,T5,main,2128,4,T5/day_2128/block_4,74,8407,8623,8406,8623,217,36.218082427978516,True,4.34,0.6305253352021016,3.0,False,False
T5_d2128_b4_t75,T5,main,2128,4,T5/day_2128/block_4,75,8624,8964,8623,8964,341,49.64513397216797,True,6.82,0.35532771536526847,6.0,False,False
T5_d2128_b4_t76,T5,main,2128,4,T5/day_2128/block_4,76,8965,9299,8964,9299,335,42.96175003051758,True,6.7,0.5523766766357252,4.0,False,False
T5_d2128_b4_t77,T5,main,2128,4,T5/day_2128/block_4,77,9300,9413,9299,9413,114,39.64274597167969,True,2.28,0.6916275913941388,2.0,False,False
T5_d2128_b4_t78,T5,main,2128,4,T5/day_2128/block_4,78,9414,9495,9413,9495,82,17.606679916381836,True,1.64,0.8758492306936653,0.0,False,False
T5_d2128_b4_t79,T5,main,2128,4,T5/day_2128/block_4,79,9496,9563,9495,9563,68,36.00535202026367,True,1.36,0.5552136241342394,2.0,False,False
T5_d2128_b4_t80,T5,main,2128,4,T5/day_2128/block_4,80,9564,9611,9563,9611,48,29.50078582763672,True,0.96,0.7962445582849654,0.0,False,False
T5_d2128_b4_t81,T5,main,2128,4,T5/day_2128/block_4,81,9612,9896,9611,9896,285,44.197994232177734,True,5.7,0.4410495123942927,5.0,False,False
T5_d2128_b4_t82,T5,main,2128,4,T5/day_2128/block_4,82,9897,10079,9896,10079,183,36.88572692871094,True,3.66,0.7103660930664,2.0,False,False
T5_d2128_b4_t83,T5,main,2128,4,T5/day_2128/block_4,83,10080,10347,10079,10347,268,74.72511291503906,True,5.36,0.2123666934144375,6.0,False,False
T5_d2128_b4_t84,T5,main,2128,4,T5/day_2128/block_4,84,10348,10462,10347,10462,115,44.2320556640625,True,2.3,0.5739270363199045,3.0,False,False
T5_d2128_b4_t85,T5,main,2128,4,T5/day_2128/block_4,85,10463,10589,10462,10589,127,32.762046813964844,True,2.54,0.7823965991247113,0.0,False,False
T5_d2128_b4_t86,T5,main,2128,4,T5/day_2128/block_4,86,10590,10742,10589,10742,153,18.11089324951172,True,3.06,0.900424649118842,0.0,False,False
T5_d2128_b4_t87,T5,main,2128,4,T5/day_2128/block_4,87,10743,11111,10742,11111,369,53.836631774902344,True,7.38,0.4206770212336132,10.0,False,False
T5_d2128_b4_t88,T5,main,2128,4,T5/day_2128/block_4,88,11112,11293,11111,11293,182,36.737464904785156,True,3.64,0.6725410714294253,3.0,False,False
T5_d2128_b4_t89,T5,main,2128,4,T5/day_2128/block_4,89,11294,11377,11293,11377,84,49.269317626953125,True,1.68,0.6613093717857498,1.0,False,False
T5_d2128_b4_t90,T5,main,2128,4,T5/day_2128/block_4,90,11378,11491,11377,11491,114,19.538772583007812,True,2.28,0.8330000950501891,3.0,False,False
T5_d2128_b4_t91,T5,main,2128,4,T5/day_2128/block_4,91,11492,11608,11491,11608,117,18.24630355834961,True,2.34,0.695636071559356,1.0,False,False
T5_d2128_b4_t92,T5,main,2128,4,T5/day_2128/block_4,92,11609,11827,11608,11827,219,37.764671325683594,True,4.38,0.5250047977718721,4.0,False,False
T5_d2128_b4_t93,T5,main,2128,4,T5/day_2128/block_4,93,11828,11891,11827,11891,64,57.944740295410156,True,1.28,0.601734287503749,1.0,False,False
T5_d2133_b1_t0,T5,main,2133,1,T5/day_2133/block_1,0,502,1002,501,1002,501,147.75396728515625,False,10.02,0.8782639637134408,9.0,False,False
T5_d2133_b1_t1,T5,main,2133,1,T5/day_2133/block_1,1,1003,1250,1002,1250,248,53.16380310058594,True,4.96,0.8382616809413315,2.0,False,False
T5_d2133_b1_t2,T5,main,2133,1,T5/day_2133/block_1,2,1251,1751,1250,1751,501,80.13428497314453,False,10.02,0.4804335165500893,7.0,False,False
T5_d2133_b1_t3,T5,main,2133,1,T5/day_2133/block_1,3,1752,2252,1751,2252,501,126.5351333618164,False,10.02,0.45848833235600533,5.0,False,False
T5_d2133_b1_t4,T5,main,2133,1,T5/day_2133/block_1,4,2253,2753,2252,2753,501,122.16608428955078,False,10.02,0.3099208590256773,11.0,False,False
T5_d2133_b1_t5,T5,main,2133,1,T5/day_2133/block_1,5,2754,3254,2753,3254,501,129.86541748046875,False,10.02,0.6376077279832009,7.0,False,False
T5_d2133_b1_t6,T5,main,2133,1,T5/day_2133/block_1,6,3255,3755,3254,3755,501,112.45829772949219,False,10.02,0.2585853351645678,16.0,False,False
T5_d2133_b1_t7,T5,main,2133,1,T5/day_2133/block_1,7,3756,4256,3755,4256,501,114.7577896118164,False,10.02,0.13817130182667528,11.0,False,False
T5_d2133_b1_t8,T5,main,2133,1,T5/day_2133/block_1,8,4257,4757,4256,4757,501,100.04525756835938,False,10.02,0.4481653386963978,13.0,False,False
T5_d2133_b1_t9,T5,main,2133,1,T5/day_2133/block_1,9,4758,5216,4757,5216,459,82.9763412475586,True,9.18,0.4616634773160874,10.0,False,False
T5_d2133_b1_t10,T5,main,2133,1,T5/day_2133/block_1,10,5217,5717,5216,5717,501,73.01274871826172,False,10.02,0.44321968995896865,16.0,False,False
T5_d2133_b1_t11,T5,main,2133,1,T5/day_2133/block_1,11,5718,6218,5717,6218,501,86.4803695678711,False,10.02,0.1557408610343254,12.0,False,False
T5_d2133_b1_t12,T5,main,2133,1,T5/day_2133/block_1,12,6219,6719,6218,6719,501,114.6705322265625,False,10.02,0.12997782132444513,8.0,False,False
T5_d2133_b1_t13,T5,main,2133,1,T5/day_2133/block_1,13,6720,7220,6719,7220,501,108.21732330322266,False,10.02,0.49027694836298896,12.0,False,False
T5_d2133_b1_t14,T5,main,2133,1,T5/day_2133/block_1,14,7221,7721,7220,7721,501,103.2728271484375,False,10.02,0.32559418209345525,13.0,False,False
T5_d2133_b1_t15,T5,main,2133,1,T5/day_2133/block_1,15,7722,8222,7721,8222,501,85.63679504394531,False,10.02,0.4929352796506051,11.0,False,False
T5_d2133_b1_t16,T5,main,2133,1,T5/day_2133/block_1,16,8223,8697,8222,8697,475,53.94707107543945,True,9.5,0.4258002799496864,8.0,False,False
T5_d2133_b1_t17,T5,main,2133,1,T5/day_2133/block_1,17,8698,9024,8697,9024,327,61.087928771972656,True,6.54,0.3694569769510841,9.0,False,False
T5_d2133_b1_t18,T5,main,2133,1,T5/day_2133/block_1,18,9025,9525,9024,9525,501,80.64598083496094,False,10.02,0.44145570985958943,10.0,False,False
T5_d2133_b1_t19,T5,main,2133,1,T5/day_2133/block_1,19,9526,10026,9525,10026,501,96.76754760742188,False,10.02,0.4130730213717128,16.0,False,False
T5_d2133_b1_t20,T5,main,2133,1,T5/day_2133/block_1,20,10027,10297,10026,10297,271,51.64967346191406,True,5.42,0.40894936122054587,8.0,False,False
T5_d2133_b1_t21,T5,main,2133,1,T5/day_2133/block_1,21,10298,10798,10297,10798,501,128.0206298828125,False,10.02,0.30474941894233903,14.0,False,False
T5_d2133_b1_t22,T5,main,2133,1,T5/day_2133/block_1,22,10799,11299,10798,11299,501,128.7358856201172,False,10.02,,7.0,False,False
T5_d2133_b1_t23,T5,main,2133,1,T5/day_2133/block_1,23,11300,11799,11299,11799,500,114.49555969238281,False,10.0,0.24840080573945048,8.0,False,False
T5_d2133_b2_t0,T5,main,2133,2,T5/day_2133/block_2,0,500,1000,499,1000,501,65.36266326904297,False,10.02,0.730198450836914,11.0,False,False
T5_d2133_b2_t1,T5,main,2133,2,T5/day_2133/block_2,1,1001,1500,1000,1500,500,85.923583984375,False,10.0,0.10339994529687763,12.0,False,False
T5_d2133_b2_t2,T5,main,2133,2,T5/day_2133/block_2,2,1501,2010,1500,2010,510,91.67402648925781,False,10.2,0.09136286089878502,12.0,False,False
T5_d2133_b2_t3,T5,main,2133,2,T5/day_2133/block_2,3,2011,2351,2010,2351,341,106.87896728515625,True,6.82,0.32785016006968265,3.0,False,False
T5_d2133_b2_t4,T5,main,2133,2,T5/day_2133/block_2,4,2352,2851,2351,2851,500,69.99891662597656,False,10.0,0.3918902742254902,7.0,False,False
T5_d2133_b2_t5,T5,main,2133,2,T5/day_2133/block_2,5,2852,3219,2851,3219,368,49.99045181274414,True,7.36,0.43952077869961625,9.0,False,False
T5_d2133_b2_t6,T5,main,2133,2,T5/day_2133/block_2,6,3220,3571,3219,3571,352,46.76420974731445,True,7.04,0.6038051824768733,6.0,False,False
T5_d2133_b2_t7,T5,main,2133,2,T5/day_2133/block_2,7,3572,4071,3571,4071,500,58.9803581237793,False,10.0,0.5914042417076253,14.0,False,False
T5_d2133_b2_t8,T5,main,2133,2,T5/day_2133/block_2,8,4072,4571,4071,4571,500,144.2266845703125,False,10.0,0.3008856964254599,10.0,False,False
T5_d2133_b2_t9,T5,main,2133,2,T5/day_2133/block_2,9,4572,4924,4571,4924,353,71.66024780273438,True,7.06,0.7002228794955939,6.0,False,False
T5_d2133_b2_t10,T5,main,2133,2,T5/day_2133/block_2,10,4925,5216,4924,5216,292,67.85162353515625,True,5.84,0.3434487735117219,7.0,False,False
T5_d2133_b2_t11,T5,main,2133,2,T5/day_2133/block_2,11,5217,5450,5216,5450,234,35.341487884521484,True,4.68,0.7425234273953378,1.0,False,False
T5_d2133_b2_t12,T5,main,2133,2,T5/day_2133/block_2,12,5451,5950,5450,5950,500,95.02249145507812,False,10.0,0.36616885176616454,17.0,False,False
T5_d2133_b2_t13,T5,main,2133,2,T5/day_2133/block_2,13,5951,6241,5950,6241,291,56.72580337524414,True,5.82,0.4774021026270401,10.0,False,False
T5_d2133_b2_t14,T5,main,2133,2,T5/day_2133/block_2,14,6242,6741,6241,6741,500,58.034183502197266,False,10.0,0.5989519502501945,13.0,False,False
T5_d2133_b2_t15,T5,main,2133,2,T5/day_2133/block_2,15,6742,7037,6741,7037,296,53.92634582519531,True,5.92,0.47570604994921745,8.0,False,False
T5_d2133_b2_t16,T5,main,2133,2,T5/day_2133/block_2,16,7038,7144,7037,7144,107,46.285858154296875,True,2.14,0.6634809418910986,1.0,False,False
T5_d2133_b2_t17,T5,main,2133,2,T5/day_2133/block_2,17,7145,7359,7144,7359,215,30.037738800048828,True,4.3,0.7363069926337398,1.0,False,False
T5_d2133_b2_t18,T5,main,2133,2,T5/day_2133/block_2,18,7360,7506,7359,7506,147,36.00135040283203,True,2.94,0.778885785265919,2.0,False,False
T5_d2133_b2_t19,T5,main,2133,2,T5/day_2133/block_2,19,7507,7620,7506,7620,114,40.29542922973633,True,2.28,0.5956195025643664,4.0,False,False
T5_d2133_b2_t20,T5,main,2133,2,T5/day_2133/block_2,20,7621,7971,7620,7971,351,67.2384033203125,True,7.02,0.2591656741373958,9.0,False,False
T5_d2133_b2_t21,T5,main,2133,2,T5/day_2133/block_2,21,7972,8130,7971,8130,159,45.550506591796875,True,3.18,0.7192461112523558,0.0,False,False
T5_d2133_b2_t22,T5,main,2133,2,T5/day_2133/block_2,22,8131,8409,8130,8409,279,26.724849700927734,True,5.58,0.7613076376679405,3.0,False,False
T5_d2133_b2_t23,T5,main,2133,2,T5/day_2133/block_2,23,8410,8900,8409,8900,491,64.34538269042969,True,9.82,0.36919983636678827,11.0,False,False
T5_d2133_b2_t24,T5,main,2133,2,T5/day_2133/block_2,24,8901,8981,8900,8981,81,31.617565155029297,True,1.62,0.741502750478116,1.0,False,False
T5_d2133_b2_t25,T5,main,2133,2,T5/day_2133/block_2,25,8982,9118,8981,9118,137,64.03617095947266,True,2.74,0.3679858083631674,4.0,False,False
T5_d2133_b2_t26,T5,main,2133,2,T5/day_2133/block_2,26,9119,9484,9118,9484,366,60.35729217529297,True,7.32,0.5805630480061353,4.0,False,False
T5_d2133_b2_t27,T5,main,2133,2,T5/day_2133/block_2,27,9485,9999,9484,9999,515,60.20071029663086,False,10.3,0.4055798611393205,7.0,False,False
T5_d2133_b2_t28,T5,main,2133,2,T5/day_2133/block_2,28,10000,10499,9999,10499,500,62.05317687988281,False,10.0,0.4450020889937611,15.0,False,False
T5_d2133_b2_t29,T5,main,2133,2,T5/day_2133/block_2,29,10500,10699,10499,10699,200,73.8437271118164,True,4.0,0.46101569461276576,5.0,False,False
T5_d2133_b2_t30,T5,main,2133,2,T5/day_2133/block_2,30,10700,11200,10699,11200,501,100.95697021484375,False,10.02,0.30191924929286257,14.0,False,False
T5_d2133_b2_t31,T5,main,2133,2,T5/day_2133/block_2,31,11201,11700,11200,11700,500,76.38482666015625,False,10.0,0.6407631825030438,9.0,False,False
T5_d2133_b2_t32,T5,main,2133,2,T5/day_2133/block_2,32,11701,11998,11700,11998,298,89.85802459716797,True,5.96,0.08832837862559968,8.0,False,False
T5_d2133_b3_t0,T5,main,2133,3,T5/day_2133/block_3,0,500,723,499,723,224,25.998367309570312,True,4.48,0.7121792698586653,5.0,False,False
T5_d2133_b3_t1,T5,main,2133,3,T5/day_2133/block_3,1,724,859,723,859,136,20.179973602294922,True,2.72,0.8280832766871147,0.0,False,False
T5_d2133_b3_t2,T5,main,2133,3,T5/day_2133/block_3,2,860,980,859,980,121,29.129173278808594,True,2.42,0.792469036315746,1.0,False,False
T5_d2133_b3_t3,T5,main,2133,3,T5/day_2133/block_3,3,981,1150,980,1150,170,45.42140197753906,True,3.4,0.48564118148276453,3.0,False,False
T5_d2133_b3_t4,T5,main,2133,3,T5/day_2133/block_3,4,1151,1651,1150,1651,501,100.65330505371094,False,10.02,0.43873629736246855,2.0,False,False
T5_d2133_b3_t5,T5,main,2133,3,T5/day_2133/block_3,5,1652,1911,1651,1911,260,39.34764862060547,True,5.2,0.7187144624814419,7.0,False,False
T5_d2133_b3_t6,T5,main,2133,3,T5/day_2133/block_3,6,1912,1988,1911,1988,77,36.523414611816406,True,1.54,0.6928923256404702,2.0,False,False
T5_d2133_b3_t7,T5,main,2133,3,T5/day_2133/block_3,7,1989,2223,1988,2223,235,27.64975357055664,True,4.7,0.8197822272715641,0.0,False,False
T5_d2133_b3_t8,T5,main,2133,3,T5/day_2133/block_3,8,2224,2356,2223,2356,133,63.133766174316406,True,2.66,0.4187196054803247,3.0,False,False
T5_d2133_b3_t9,T5,main,2133,3,T5/day_2133/block_3,9,2357,2615,2356,2615,259,49.56197738647461,True,5.18,0.492551759803734,6.0,False,False
T5_d2133_b3_t10,T5,main,2133,3,T5/day_2133/block_3,10,2616,2887,2615,2887,272,47.56753921508789,True,5.44,0.5304060136330531,3.0,False,False
T5_d2133_b3_t11,T5,main,2133,3,T5/day_2133/block_3,11,2888,2975,2887,2975,88,32.49323272705078,True,1.76,0.7096954119408863,1.0,False,False
T5_d2133_b3_t12,T5,main,2133,3,T5/day_2133/block_3,12,2976,3204,2975,3204,229,41.537635803222656,True,4.58,0.5368180082039172,4.0,False,False
T5_d2133_b3_t13,T5,main,2133,3,T5/day_2133/block_3,13,3205,3362,3204,3362,158,63.21866226196289,True,3.16,0.5272369090385506,8.0,False,False
T5_d2133_b3_t14,T5,main,2133,3,T5/day_2133/block_3,14,3363,3590,3362,3590,228,39.29297637939453,True,4.56,0.7214431268063636,2.0,False,False
T5_d2133_b3_t15,T5,main,2133,3,T5/day_2133/block_3,15,3591,3855,3590,3855,265,48.173343658447266,True,5.3,0.525563687677483,4.0,False,False
T5_d2133_b3_t16,T5,main,2133,3,T5/day_2133/block_3,16,3856,4263,3855,4263,408,54.3139533996582,True,8.16,0.41135386696965204,10.0,False,False
T5_d2133_b3_t17,T5,main,2133,3,T5/day_2133/block_3,17,4264,4764,4263,4764,501,62.66578674316406,False,10.02,0.42334097689077227,6.0,False,False
T5_d2133_b3_t18,T5,main,2133,3,T5/day_2133/block_3,18,4765,4883,4764,4883,119,34.24721908569336,True,2.38,0.7919497280103837,2.0,False,False
T5_d2133_b3_t19,T5,main,2133,3,T5/day_2133/block_3,19,4884,5384,4883,5384,501,75.56167602539062,False,10.02,0.4104978962102447,16.0,False,False
T5_d2133_b3_t20,T5,main,2133,3,T5/day_2133/block_3,20,5385,5884,5384,5884,500,130.22406005859375,False,10.0,0.22313705068861459,7.0,False,False
T5_d2133_b3_t21,T5,main,2133,3,T5/day_2133/block_3,21,5885,6068,5884,6068,184,69.55642700195312,True,3.68,0.3614429274135141,4.0,False,False
T5_d2133_b3_t22,T5,main,2133,3,T5/day_2133/block_3,22,6069,6163,6068,6163,95,27.04313850402832,True,1.9,0.7472707983544633,2.0,False,False
T5_d2133_b3_t23,T5,main,2133,3,T5/day_2133/block_3,23,6164,6332,6163,6332,169,49.30535888671875,True,3.38,0.568019177139622,1.0,False,False
T5_d2133_b3_t24,T5,main,2133,3,T5/day_2133/block_3,24,6333,6556,6332,6556,224,66.27725219726562,True,4.48,0.3810002889326177,5.0,False,False
T5_d2133_b3_t25,T5,main,2133,3,T5/day_2133/block_3,25,6557,6651,6556,6651,95,57.34599685668945,True,1.9,0.4455134952695559,2.0,False,False
T5_d2133_b3_t26,T5,main,2133,3,T5/day_2133/block_3,26,6652,7151,6651,7151,500,79.42760467529297,False,10.0,0.26609083457565214,9.0,False,False
T5_d2133_b3_t27,T5,main,2133,3,T5/day_2133/block_3,27,7152,7651,7151,7651,500,46.48683547973633,False,10.0,0.5795256568535888,5.0,False,False
T5_d2133_b3_t28,T5,main,2133,3,T5/day_2133/block_3,28,7652,7803,7651,7803,152,43.938743591308594,True,3.04,0.6290798035069441,1.0,False,False
T5_d2133_b3_t29,T5,main,2133,3,T5/day_2133/block_3,29,7804,8303,7803,8303,500,74.23884582519531,False,10.0,0.3102424845044923,16.0,False,False
T5_d2133_b3_t30,T5,main,2133,3,T5/day_2133/block_3,30,8304,8533,8303,8533,230,37.149017333984375,True,4.6,0.7220267825734059,4.0,False,False
T5_d2133_b3_t31,T5,main,2133,3,T5/day_2133/block_3,31,8534,9034,8533,9034,501,109.7884750366211,False,10.02,0.5460005646988187,12.0,False,False
T5_d2133_b3_t32,T5,main,2133,3,T5/day_2133/block_3,32,9035,9388,9034,9388,354,42.61180114746094,True,7.08,0.6013837653932861,5.0,False,False
T5_d2133_b3_t33,T5,main,2133,3,T5/day_2133/block_3,33,9389,9533,9388,9533,145,48.437408447265625,True,2.9,0.46379198516301967,5.0,False,False
T5_d2133_b3_t34,T5,main,2133,3,T5/day_2133/block_3,34,9534,9720,9533,9720,187,65.21786499023438,True,3.74,0.3696323505885896,4.0,False,False
T5_d2133_b3_t35,T5,main,2133,3,T5/day_2133/block_3,35,9721,10069,9720,10069,349,51.49782180786133,True,6.98,0.5118615208625301,8.0,False,False
T5_d2133_b3_t36,T5,main,2133,3,T5/day_2133/block_3,36,10070,10261,10069,10261,192,42.167869567871094,True,3.84,0.6781817601103713,4.0,False,False
T5_d2133_b3_t37,T5,main,2133,3,T5/day_2133/block_3,37,10262,10364,10261,10364,103,26.0855655670166,True,2.06,0.6468756813849326,1.0,False,False
T5_d2133_b3_t38,T5,main,2133,3,T5/day_2133/block_3,38,10365,10818,10364,10818,454,38.82231521606445,True,9.08,0.644651965505174,4.0,False,False
T5_d2133_b3_t39,T5,main,2133,3,T5/day_2133/block_3,39,10819,11045,10818,11045,227,21.200984954833984,True,4.54,0.8097552330571179,1.0,False,False
T5_d2133_b3_t40,T5,main,2133,3,T5/day_2133/block_3,40,11046,11545,11045,11545,500,63.0457763671875,False,10.0,0.6011878855405832,8.0,False,False
T5_d2133_b3_t41,T5,main,2133,3,T5/day_2133/block_3,41,11546,11785,11545,11785,240,41.389739990234375,True,4.8,0.49204558012215927,3.0,False,False
T5_d2133_b3_t42,T5,main,2133,3,T5/day_2133/block_3,42,11786,11884,11785,11884,99,70.30121612548828,True,1.98,0.24339366728069098,1.0,False,False
T5_d2133_b4_t0,T5,main,2133,4,T5/day_2133/block_4,0,401,568,400,568,168,12.614301681518555,True,3.36,0.907145852351511,1.0,False,False
T5_d2133_b4_t1,T5,main,2133,4,T5/day_2133/block_4,1,569,813,568,813,245,24.303579330444336,True,4.9,0.8551369044463825,1.0,False,False
T5_d2133_b4_t2,T5,main,2133,4,T5/day_2133/block_4,2,814,1042,813,1042,229,46.498470306396484,True,4.58,0.5687150362452347,5.0,False,False
T5_d2133_b4_t3,T5,main,2133,4,T5/day_2133/block_4,3,1043,1159,1042,1159,117,47.4278678894043,True,2.34,0.5304088796799,4.0,False,False
T5_d2133_b4_t4,T5,main,2133,4,T5/day_2133/block_4,4,1160,1361,1159,1361,202,33.9036865234375,True,4.04,0.8219820299980114,2.0,False,False
T5_d2133_b4_t5,T5,main,2133,4,T5/day_2133/block_4,5,1362,1508,1361,1508,147,48.48934555053711,True,2.94,0.6355907096864004,3.0,False,False
T5_d2133_b4_t6,T5,main,2133,4,T5/day_2133/block_4,6,1509,1817,1508,1817,309,42.73674392700195,True,6.18,0.548704232711418,5.0,False,False
T5_d2133_b4_t7,T5,main,2133,4,T5/day_2133/block_4,7,1818,1987,1817,1987,170,19.576255798339844,True,3.4,0.8301306453493189,0.0,False,False
T5_d2133_b4_t8,T5,main,2133,4,T5/day_2133/block_4,8,1988,2265,1987,2265,278,61.03959274291992,True,5.56,0.4233107278731729,6.0,False,False
T5_d2133_b4_t9,T5,main,2133,4,T5/day_2133/block_4,9,2266,2766,2265,2766,501,72.2857437133789,False,10.02,0.38159029397946836,11.0,False,False
T5_d2133_b4_t10,T5,main,2133,4,T5/day_2133/block_4,10,2767,2871,2766,2871,105,47.43378448486328,True,2.1,0.48911984341345544,2.0,False,False
T5_d2133_b4_t11,T5,main,2133,4,T5/day_2133/block_4,11,2872,3120,2871,3120,249,47.818389892578125,True,4.98,0.577375915754208,7.0,False,False
T5_d2133_b4_t12,T5,main,2133,4,T5/day_2133/block_4,12,3121,3621,3120,3621,501,142.56825256347656,False,10.02,0.5043910425729762,3.0,False,False
T5_d2133_b4_t13,T5,main,2133,4,T5/day_2133/block_4,13,3622,3785,3621,3785,164,71.26014709472656,True,3.28,0.3839214463563279,4.0,False,False
T5_d2133_b4_t14,T5,main,2133,4,T5/day_2133/block_4,14,3786,4285,3785,4285,500,70.61109924316406,False,10.0,0.7397003273438489,16.0,False,False
T5_d2133_b4_t15,T5,main,2133,4,T5/day_2133/block_4,15,4286,4460,4285,4460,175,58.285030364990234,True,3.5,0.4506216831658533,2.0,False,False
T5_d2133_b4_t16,T5,main,2133,4,T5/day_2133/block_4,16,4461,4939,4460,4939,479,67.39602661132812,True,9.58,0.3149521546245183,11.0,False,False
T5_d2133_b4_t17,T5,main,2133,4,T5/day_2133/block_4,17,4940,5088,4939,5088,149,18.37026023864746,True,2.98,0.8105708683037393,1.0,False,False
T5_d2133_b4_t18,T5,main,2133,4,T5/day_2133/block_4,18,5089,5208,5088,5208,120,23.95384407043457,True,2.4,0.849433305996341,0.0,False,False
T5_d2133_b4_t19,T5,main,2133,4,T5/day_2133/block_4,19,5209,5355,5208,5355,147,37.41120147705078,True,2.94,0.678772277314526,2.0,False,False
T5_d2133_b4_t20,T5,main,2133,4,T5/day_2133/block_4,20,5356,5652,5355,5652,297,37.907779693603516,True,5.94,0.6590218846347203,7.0,False,False
T5_d2133_b4_t21,T5,main,2133,4,T5/day_2133/block_4,21,5653,5898,5652,5898,246,32.48014450073242,True,4.92,0.8045165255465847,2.0,False,False
T5_d2133_b4_t22,T5,main,2133,4,T5/day_2133/block_4,22,5899,6269,5898,6269,371,53.59292984008789,True,7.42,0.5068998578538254,6.0,False,False
T5_d2133_b4_t23,T5,main,2133,4,T5/day_2133/block_4,23,6270,6394,6269,6394,125,25.36021614074707,True,2.5,0.8591302935248548,0.0,False,False
T5_d2133_b4_t24,T5,main,2133,4,T5/day_2133/block_4,24,6395,6517,6394,6517,123,26.19853401184082,True,2.46,0.774418893291482,1.0,False,False
T5_d2133_b4_t25,T5,main,2133,4,T5/day_2133/block_4,25,6518,7017,6517,7017,500,56.53853988647461,False,10.0,0.36595234640690677,17.0,False,False
T5_d2133_b4_t26,T5,main,2133,4,T5/day_2133/block_4,26,7018,7246,7017,7246,229,55.35845947265625,True,4.58,0.40779236844542427,8.0,False,False
T5_d2133_b4_t27,T5,main,2133,4,T5/day_2133/block_4,27,7247,7413,7246,7413,167,35.1455078125,True,3.34,0.7773274328803382,3.0,False,False
T5_d2133_b4_t28,T5,main,2133,4,T5/day_2133/block_4,28,7414,7452,7413,7452,39,85.7086410522461,True,0.78,0.4705219577732224,1.0,False,False
T5_d2133_b4_t29,T5,main,2133,4,T5/day_2133/block_4,29,7453,7952,7452,7952,500,73.71180725097656,False,10.0,0.40703804063799587,14.0,False,False
T5_d2133_b4_t30,T5,main,2133,4,T5/day_2133/block_4,30,7953,8453,7952,8453,501,97.10088348388672,False,10.02,0.16477512046370918,16.0,False,False
T5_d2133_b4_t31,T5,main,2133,4,T5/day_2133/block_4,31,8454,8595,8453,8595,142,31.117870330810547,True,2.84,0.801507034807322,2.0,False,False
T5_d2133_b4_t32,T5,main,2133,4,T5/day_2133/block_4,32,8596,9096,8595,9096,501,146.655517578125,False,10.02,0.6010011875487494,8.0,False,False
T5_d2133_b4_t33,T5,main,2133,4,T5/day_2133/block_4,33,9097,9334,9096,9334,238,70.92206573486328,True,4.76,0.30763615410463996,6.0,False,False
T5_d2133_b4_t34,T5,main,2133,4,T5/day_2133/block_4,34,9335,9578,9334,9578,244,63.61188507080078,True,4.88,0.4005830502084181,4.0,False,False
T5_d2133_b4_t35,T5,main,2133,4,T5/day_2133/block_4,35,9579,9728,9578,9728,150,62.79297637939453,True,3.0,0.40462753279143526,3.0,False,False
T5_d2133_b4_t36,T5,main,2133,4,T5/day_2133/block_4,36,9729,9890,9728,9890,162,34.44520950317383,True,3.24,0.5379268784682735,1.0,False,False
T5_d2133_b4_t37,T5,main,2133,4,T5/day_2133/block_4,37,9891,10018,9890,10018,128,34.739192962646484,True,2.56,0.6503310302561518,2.0,False,False
T5_d2133_b4_t38,T5,main,2133,4,T5/day_2133/block_4,38,10019,10124,10018,10124,106,30.506685256958008,True,2.12,0.7284744051283593,2.0,False,False
T5_d2133_b4_t39,T5,main,2133,4,T5/day_2133/block_4,39,10125,10628,10124,10628,504,88.70916748046875,False,10.08,0.11146573423572526,19.0,False,False
T5_d2133_b4_t40,T5,main,2133,4,T5/day_2133/block_4,40,10629,10870,10628,10870,242,36.65525817871094,True,4.84,0.6547095709625953,5.0,False,False
T5_d2133_b4_t41,T5,main,2133,4,T5/day_2133/block_4,41,10871,11103,10870,11103,233,30.22920799255371,True,4.66,0.7441969461475104,3.0,False,False
T5_d2133_b4_t42,T5,main,2133,4,T5/day_2133/block_4,42,11104,11604,11103,11604,501,68.90961456298828,False,10.02,0.37883237795176755,12.0,False,False
T5_d2133_b4_t43,T5,main,2133,4,T5/day_2133/block_4,43,11605,11720,11604,11720,116,48.852325439453125,True,2.32,0.587255170380499,2.0,False,False
T5_d2133_b4_t44,T5,main,2133,4,T5/day_2133/block_4,44,11721,11809,11720,11809,89,16.67735481262207,True,1.78,0.7568253770337089,1.0,False,False
T5_d2135_b1_t0,T5,main,2135,1,T5/day_2135/block_1,0,496,995,495,995,500,119.12590789794922,False,10.0,0.8148657893668722,8.0,False,False
T5_d2135_b1_t1,T5,main,2135,1,T5/day_2135/block_1,1,996,1495,995,1495,500,95.97319793701172,False,10.0,0.3255110746508454,10.0,False,False
T5_d2135_b1_t2,T5,main,2135,1,T5/day_2135/block_1,2,1496,1996,1495,1996,501,105.93798065185547,False,10.02,0.2000140492286116,7.0,False,False
T5_d2135_b1_t3,T5,main,2135,1,T5/day_2135/block_1,3,1997,2496,1996,2496,500,126.52589416503906,False,10.0,0.10936315785137414,14.0,False,False
T5_d2135_b1_t4,T5,main,2135,1,T5/day_2135/block_1,4,2497,2996,2496,2996,500,99.93488311767578,False,10.0,0.5948617019310054,17.0,False,False
T5_d2135_b1_t5,T5,main,2135,1,T5/day_2135/block_1,5,2997,3497,2996,3497,501,83.30612182617188,False,10.02,0.3747300614392488,11.0,False,False
T5_d2135_b1_t6,T5,main,2135,1,T5/day_2135/block_1,6,3498,3997,3497,3997,500,85.69404602050781,False,10.0,0.4437585849149933,10.0,False,False
T5_d2135_b1_t7,T5,main,2135,1,T5/day_2135/block_1,7,3998,4497,3997,4497,500,117.26719665527344,False,10.0,0.46187475297513236,5.0,False,False
T5_d2135_b1_t8,T5,main,2135,1,T5/day_2135/block_1,8,4498,4997,4497,4997,500,70.47686767578125,False,10.0,0.6521362929737676,13.0,False,False
T5_d2135_b1_t9,T5,main,2135,1,T5/day_2135/block_1,9,4998,5497,4997,5497,500,83.63186645507812,False,10.0,0.07323459715570263,15.0,False,False
T5_d2135_b1_t10,T5,main,2135,1,T5/day_2135/block_1,10,5498,5998,5497,5998,501,85.80880737304688,False,10.02,0.16810042251640936,16.0,False,False
T5_d2135_b1_t11,T5,main,2135,1,T5/day_2135/block_1,11,5999,6498,5998,6498,500,101.55492401123047,False,10.0,0.08242493454427846,13.0,False,False
T5_d2135_b1_t12,T5,main,2135,1,T5/day_2135/block_1,12,6499,6998,6498,6998,500,86.19227600097656,False,10.0,0.24927102499197965,21.0,False,False
T5_d2135_b1_t13,T5,main,2135,1,T5/day_2135/block_1,13,6999,7104,6998,7104,106,79.70442199707031,True,2.12,0.46629868129130136,5.0,False,False
T5_d2135_b1_t14,T5,main,2135,1,T5/day_2135/block_1,14,7105,7605,7104,7605,501,76.4578857421875,False,10.02,0.4026708059882264,13.0,False,False
T5_d2135_b1_t15,T5,main,2135,1,T5/day_2135/block_1,15,7606,8106,7605,8106,501,54.4567985534668,False,10.02,0.31899488829508543,10.0,False,False
T5_d2135_b1_t16,T5,main,2135,1,T5/day_2135/block_1,16,8107,8606,8106,8606,500,83.91091918945312,False,10.0,0.20423650227243206,12.0,False,False
T5_d2135_b1_t17,T5,main,2135,1,T5/day_2135/block_1,17,8607,9107,8606,9107,501,110.39864349365234,False,10.02,0.2189438012575182,13.0,False,False
T5_d2135_b1_t18,T5,main,2135,1,T5/day_2135/block_1,18,9108,9607,9107,9607,500,105.80921173095703,False,10.0,0.13037613647607957,14.0,False,False
T5_d2135_b1_t19,T5,main,2135,1,T5/day_2135/block_1,19,9608,10108,9607,10108,501,98.13543701171875,False,10.02,0.0997774445376888,6.0,False,False
T5_d2135_b1_t20,T5,main,2135,1,T5/day_2135/block_1,20,10109,10610,10108,10610,502,33.965850830078125,False,10.04,0.49922886787616,8.0,False,False
T5_d2135_b1_t21,T5,main,2135,1,T5/day_2135/block_1,21,10611,10919,10610,10919,309,66.73738861083984,True,6.18,0.22160950903857032,7.0,False,False
T5_d2135_b1_t22,T5,main,2135,1,T5/day_2135/block_1,22,10920,11401,10919,11401,482,78.4553451538086,True,9.64,0.1849754969494644,16.0,False,False
T5_d2135_b1_t23,T5,main,2135,1,T5/day_2135/block_1,23,11402,11901,11401,11901,500,85.42010498046875,False,10.0,0.42725230357447075,16.0,False,False
T5_d2135_b2_t0,T5,main,2135,2,T5/day_2135/block_2,0,500,999,499,999,500,120.72840881347656,False,10.0,0.31902618372416847,9.0,False,False
T5_d2135_b2_t1,T5,main,2135,2,T5/day_2135/block_2,1,1000,1499,999,1499,500,85.11790466308594,False,10.0,0.36080385582769925,9.0,False,False
T5_d2135_b2_t2,T5,main,2135,2,T5/day_2135/block_2,2,1500,2000,1499,2000,501,56.7111701965332,False,10.02,0.368711745681108,13.0,False,False
T5_d2135_b2_t3,T5,main,2135,2,T5/day_2135/block_2,3,2001,2390,2000,2390,390,49.387054443359375,True,7.8,0.42464180454188577,6.0,False,False
T5_d2135_b2_t4,T5,main,2135,2,T5/day_2135/block_2,4,2391,2648,2390,2648,258,46.083091735839844,True,5.16,0.6265716902286951,3.0,False,False
T5_d2135_b2_t5,T5,main,2135,2,T5/day_2135/block_2,5,2649,2840,2648,2840,192,46.51393127441406,True,3.84,0.44668451536179365,1.0,False,False
T5_d2135_b2_t6,T5,main,2135,2,T5/day_2135/block_2,6,2841,3040,2840,3040,200,40.58435821533203,True,4.0,0.6270163585910966,2.0,False,False
T5_d2135_b2_t7,T5,main,2135,2,T5/day_2135/block_2,7,3041,3240,3040,3240,200,59.93702697753906,True,4.0,0.26430551840367394,9.0,False,False
T5_d2135_b2_t8,T5,main,2135,2,T5/day_2135/block_2,8,3241,3368,3240,3368,128,23.454029083251953,True,2.56,0.8708624304328921,1.0,False,False
T5_d2135_b2_t9,T5,main,2135,2,T5/day_2135/block_2,9,3369,3728,3368,3728,360,40.47297286987305,True,7.2,0.5562867697154279,5.0,False,False
T5_d2135_b2_t10,T5,main,2135,2,T5/day_2135/block_2,10,3729,4009,3728,4009,281,28.846858978271484,True,5.62,0.7684769477208377,0.0,False,False
T5_d2135_b2_t11,T5,main,2135,2,T5/day_2135/block_2,11,4010,4510,4009,4510,501,123.38104248046875,False,10.02,0.08702439108795511,8.0,False,False
T5_d2135_b2_t12,T5,main,2135,2,T5/day_2135/block_2,12,4511,5011,4510,5011,501,74.385986328125,False,10.02,0.2845727822305328,9.0,False,False
T5_d2135_b2_t13,T5,main,2135,2,T5/day_2135/block_2,13,5012,5369,5011,5369,358,93.67996215820312,True,7.16,0.09105970665949281,3.0,False,False
T5_d2135_b2_t14,T5,main,2135,2,T5/day_2135/block_2,14,5370,5870,5369,5870,501,62.787269592285156,False,10.02,0.4144874421466144,4.0,False,False
T5_d2135_b2_t15,T5,main,2135,2,T5/day_2135/block_2,15,5871,6371,5870,6371,501,50.477901458740234,False,10.02,0.4613775812767392,10.0,False,False
T5_d2135_b2_t16,T5,main,2135,2,T5/day_2135/block_2,16,6372,6747,6371,6747,376,70.564208984375,True,7.52,0.2943039161694199,9.0,False,False
T5_d2135_b2_t17,T5,main,2135,2,T5/day_2135/block_2,17,6748,7248,6747,7248,501,102.03692626953125,False,10.02,0.03906468569304823,15.0,False,False
T5_d2135_b2_t18,T5,main,2135,2,T5/day_2135/block_2,18,7249,7456,7248,7456,208,23.35995101928711,True,4.16,0.8114834174597408,0.0,False,False
T5_d2135_b2_t19,T5,main,2135,2,T5/day_2135/block_2,19,7457,7957,7456,7957,501,68.79901123046875,False,10.02,0.24057659868337217,10.0,False,False
T5_d2135_b2_t20,T5,main,2135,2,T5/day_2135/block_2,20,7958,8457,7957,8457,500,101.83320617675781,False,10.0,0.6292838838299117,9.0,False,False
T5_d2135_b2_t21,T5,main,2135,2,T5/day_2135/block_2,21,8458,8958,8457,8958,501,60.459163665771484,False,10.02,0.24372462776743747,10.0,False,False
T5_d2135_b2_t22,T5,main,2135,2,T5/day_2135/block_2,22,8959,9458,8958,9458,500,81.52517700195312,False,10.0,0.1512113198904817,15.0,False,False
T5_d2135_b2_t23,T5,main,2135,2,T5/day_2135/block_2,23,9459,9959,9458,9959,501,103.11363983154297,False,10.02,0.19658272546728542,10.0,False,False
T5_d2135_b2_t24,T5,main,2135,2,T5/day_2135/block_2,24,9960,10460,9959,10460,501,84.05186462402344,False,10.02,0.37452307670520424,9.0,False,False
T5_d2135_b2_t25,T5,main,2135,2,T5/day_2135/block_2,25,10461,10960,10460,10960,500,65.29086303710938,False,10.0,0.3723452085095095,16.0,False,False
T5_d2135_b2_t26,T5,main,2135,2,T5/day_2135/block_2,26,10961,11461,10960,11461,501,74.73922729492188,False,10.02,0.23055141009701371,8.0,False,False
T5_d2135_b2_t27,T5,main,2135,2,T5/day_2135/block_2,27,11462,11961,11461,11961,500,87.82943725585938,False,10.0,0.29699121610162865,16.0,False,False
T5_d2135_b3_t0,T5,main,2135,3,T5/day_2135/block_3,0,225,725,224,725,501,91.07470703125,False,10.02,0.16758120321848452,12.0,False,False
T5_d2135_b3_t1,T5,main,2135,3,T5/day_2135/block_3,1,726,1226,725,1226,501,103.75550842285156,False,10.02,0.7326402040235974,14.0,False,False
T5_d2135_b3_t2,T5,main,2135,3,T5/day_2135/block_3,2,1227,1727,1226,1727,501,115.80113983154297,False,10.02,0.4754323560352461,17.0,False,False
T5_d2135_b3_t3,T5,main,2135,3,T5/day_2135/block_3,3,1728,2228,1727,2228,501,98.06562042236328,False,10.02,0.5903142363910099,13.0,False,False
T5_d2135_b3_t4,T5,main,2135,3,T5/day_2135/block_3,4,2229,2639,2228,2639,411,46.875614166259766,True,8.22,0.45539932499471547,7.0,False,False
T5_d2135_b3_t5,T5,main,2135,3,T5/day_2135/block_3,5,2640,3140,2639,3140,501,49.45152282714844,False,10.02,0.5985171850801645,14.0,False,False
T5_d2135_b3_t6,T5,main,2135,3,T5/day_2135/block_3,6,3141,3338,3140,3338,198,40.87452697753906,True,3.96,0.6326341885569835,7.0,False,False
T5_d2135_b3_t7,T5,main,2135,3,T5/day_2135/block_3,7,3339,3532,3338,3532,194,61.5992431640625,True,3.88,0.3840069999738117,5.0,False,False
T5_d2135_b3_t8,T5,main,2135,3,T5/day_2135/block_3,8,3533,3770,3532,3770,238,33.38341522216797,True,4.76,0.6499440067651038,3.0,False,False
T5_d2135_b3_t9,T5,main,2135,3,T5/day_2135/block_3,9,3771,4270,3770,4270,500,101.63024139404297,False,10.0,0.14769593734601186,16.0,False,False
T5_d2135_b3_t10,T5,main,2135,3,T5/day_2135/block_3,10,4271,4771,4270,4771,501,98.07194519042969,False,10.02,0.2708666672775371,13.0,False,False
T5_d2135_b3_t11,T5,main,2135,3,T5/day_2135/block_3,11,4772,5271,4771,5271,500,121.96066284179688,False,10.0,0.7816319952155605,11.0,False,False
T5_d2135_b3_t12,T5,main,2135,3,T5/day_2135/block_3,12,5272,5771,5271,5771,500,64.49170684814453,False,10.0,0.4564109716299793,14.0,False,False
T5_d2135_b3_t13,T5,main,2135,3,T5/day_2135/block_3,13,5772,6272,5771,6272,501,105.15016174316406,False,10.02,0.3443352125466624,6.0,False,False
T5_d2135_b3_t14,T5,main,2135,3,T5/day_2135/block_3,14,6273,6480,6272,6480,208,73.68547821044922,True,4.16,0.24311050947662324,3.0,False,False
T5_d2135_b3_t15,T5,main,2135,3,T5/day_2135/block_3,15,6481,6980,6480,6980,500,99.5707778930664,False,10.0,0.4706900076850864,7.0,False,False
T5_d2135_b3_t16,T5,main,2135,3,T5/day_2135/block_3,16,6981,7481,6980,7481,501,108.32308197021484,False,10.02,0.6388401918599269,20.0,False,False
T5_d2135_b3_t17,T5,main,2135,3,T5/day_2135/block_3,17,7482,7766,7481,7766,285,78.69058990478516,True,5.7,0.06636907407918743,8.0,False,False
T5_d2135_b3_t18,T5,main,2135,3,T5/day_2135/block_3,18,7767,8267,7766,8267,501,79.77521514892578,False,10.02,0.7918043971277505,13.0,False,False
T5_d2135_b3_t19,T5,main,2135,3,T5/day_2135/block_3,19,8268,8768,8267,8768,501,119.05387115478516,False,10.02,0.8490629440174241,14.0,False,False
T5_d2135_b3_t20,T5,main,2135,3,T5/day_2135/block_3,20,8769,9268,8768,9268,500,122.57612609863281,False,10.0,0.5345525438890097,9.0,False,False
T5_d2135_b3_t21,T5,main,2135,3,T5/day_2135/block_3,21,9269,9493,9268,9493,225,39.048702239990234,True,4.5,0.664334861100481,3.0,False,False
T5_d2135_b3_t22,T5,main,2135,3,T5/day_2135/block_3,22,9494,9993,9493,9993,500,126.38388061523438,False,10.0,0.11157642317859301,13.0,False,False
T5_d2135_b3_t23,T5,main,2135,3,T5/day_2135/block_3,23,9994,10208,9993,10208,215,62.888038635253906,True,4.3,0.6211596366150157,5.0,False,False
T5_d2135_b3_t24,T5,main,2135,3,T5/day_2135/block_3,24,10209,10709,10208,10709,501,104.50299835205078,False,10.02,0.4469760752444758,12.0,False,False
T5_d2135_b3_t25,T5,main,2135,3,T5/day_2135/block_3,25,10710,11209,10709,11209,500,94.54740142822266,False,10.0,0.19364051103167743,13.0,False,False
T5_d2135_b3_t26,T5,main,2135,3,T5/day_2135/block_3,26,11210,11710,11209,11710,501,81.87118530273438,False,10.02,0.13470931282958543,16.0,False,False
T5_d2135_b4_t0,T5,main,2135,4,T5/day_2135/block_4,0,495,995,494,995,501,115.59970092773438,False,10.02,0.1851474773497769,13.0,False,False
T5_d2135_b4_t1,T5,main,2135,4,T5/day_2135/block_4,1,996,1442,995,1442,447,82.1921157836914,True,8.94,0.35536557101709276,9.0,False,False
T5_d2135_b4_t2,T5,main,2135,4,T5/day_2135/block_4,2,1443,1942,1442,1942,500,96.14110565185547,False,10.0,0.007750011612303207,17.0,False,False
T5_d2135_b4_t3,T5,main,2135,4,T5/day_2135/block_4,3,1943,2261,1942,2261,319,46.843421936035156,True,6.38,0.4095564560237175,7.0,False,False
T5_d2135_b4_t4,T5,main,2135,4,T5/day_2135/block_4,4,2262,2581,2261,2581,320,60.44261932373047,True,6.4,0.3335612552657761,9.0,False,False
T5_d2135_b4_t5,T5,main,2135,4,T5/day_2135/block_4,5,2582,2985,2581,2985,404,85.69307708740234,True,8.08,0.1150755469690751,10.0,False,False
T5_d2135_b4_t6,T5,main,2135,4,T5/day_2135/block_4,6,2986,3116,2985,3116,131,24.407289505004883,True,2.62,0.7582989347457066,0.0,False,False
T5_d2135_b4_t7,T5,main,2135,4,T5/day_2135/block_4,7,3117,3614,3116,3614,498,87.13522338867188,True,9.96,0.3340894350905251,7.0,False,False
T5_d2135_b4_t8,T5,main,2135,4,T5/day_2135/block_4,8,3615,4115,3614,4115,501,73.62996673583984,False,10.02,0.43026126333764636,8.0,False,False
T5_d2135_b4_t9,T5,main,2135,4,T5/day_2135/block_4,9,4116,4265,4115,4265,150,50.70447540283203,True,3.0,0.3557098557970201,1.0,False,False
T5_d2135_b4_t10,T5,main,2135,4,T5/day_2135/block_4,10,4266,4382,4265,4382,117,68.26708221435547,True,2.34,0.10752852651513031,5.0,False,False
T5_d2135_b4_t11,T5,main,2135,4,T5/day_2135/block_4,11,4383,4882,4382,4882,500,71.14514923095703,False,10.0,0.5017202190753304,12.0,False,False
T5_d2135_b4_t12,T5,main,2135,4,T5/day_2135/block_4,12,4883,5383,4882,5383,501,115.21127319335938,False,10.02,0.6641445281909777,10.0,False,False
T5_d2135_b4_t13,T5,main,2135,4,T5/day_2135/block_4,13,5384,5883,5383,5883,500,85.90786743164062,False,10.0,0.48047921640336283,12.0,False,False
T5_d2135_b4_t14,T5,main,2135,4,T5/day_2135/block_4,14,5884,6384,5883,6384,501,111.18234252929688,False,10.02,0.2432207916395922,13.0,False,False
T5_d2135_b4_t15,T5,main,2135,4,T5/day_2135/block_4,15,6385,6885,6384,6885,501,38.27239990234375,False,10.02,0.6288021904445726,3.0,False,False
T5_d2135_b4_t16,T5,main,2135,4,T5/day_2135/block_4,16,6886,7152,6885,7152,267,67.18387603759766,True,5.34,0.2561585929992395,7.0,False,False
T5_d2135_b4_t17,T5,main,2135,4,T5/day_2135/block_4,17,7153,7362,7152,7362,210,37.029319763183594,True,4.2,0.42161251764209173,3.0,False,False
T5_d2135_b4_t18,T5,main,2135,4,T5/day_2135/block_4,18,7363,7484,7362,7484,122,27.300460815429688,True,2.44,0.7600847755331834,2.0,False,False
T5_d2135_b4_t19,T5,main,2135,4,T5/day_2135/block_4,19,7485,7861,7484,7861,377,50.66600036621094,True,7.54,0.5150059509108483,9.0,False,False
T5_d2135_b4_t20,T5,main,2135,4,T5/day_2135/block_4,20,7862,8038,7861,8038,177,47.81459426879883,True,3.54,0.4267743227657155,1.0,False,False
T5_d2135_b4_t21,T5,main,2135,4,T5/day_2135/block_4,21,8039,8562,8038,8562,524,67.7651596069336,False,10.48,0.3500404379213395,13.0,False,False
T5_d2135_b4_t22,T5,main,2135,4,T5/day_2135/block_4,22,8563,8965,8562,8965,403,55.07766342163086,True,8.06,0.3597384552576595,7.0,False,False
T5_d2135_b4_t23,T5,main,2135,4,T5/day_2135/block_4,23,8966,9059,8965,9059,94,62.89027404785156,True,1.88,0.41497846678569167,3.0,False,False
T5_d2135_b4_t24,T5,main,2135,4,T5/day_2135/block_4,24,9060,9322,9059,9322,263,56.08880615234375,True,5.26,0.4435043385696364,6.0,False,False
T5_d2135_b4_t25,T5,main,2135,4,T5/day_2135/block_4,25,9323,9443,9322,9443,121,54.82981872558594,True,2.42,0.5671875418183459,2.0,False,False
T5_d2135_b4_t26,T5,main,2135,4,T5/day_2135/block_4,26,9444,9602,9443,9602,159,10.644186019897461,True,3.18,0.9047074234388114,1.0,False,False
T5_d2135_b4_t27,T5,main,2135,4,T5/day_2135/block_4,27,9603,9955,9602,9955,353,35.742950439453125,True,7.06,0.7302678085461317,5.0,False,False
T5_d2135_b4_t28,T5,main,2135,4,T5/day_2135/block_4,28,9956,10167,9955,10167,212,43.22279357910156,True,4.24,0.5435383997256127,4.0,False,False
T5_d2135_b4_t29,T5,main,2135,4,T5/day_2135/block_4,29,10168,10668,10167,10668,501,75.99980163574219,False,10.02,0.3968747313129706,9.0,False,False
T5_d2135_b4_t30,T5,main,2135,4,T5/day_2135/block_4,30,10669,10871,10668,10871,203,36.37966537475586,True,4.06,0.715113049866725,5.0,False,False
T5_d2135_b4_t31,T5,main,2135,4,T5/day_2135/block_4,31,10872,11372,10871,11372,501,63.5074348449707,False,10.02,0.2939936440028836,11.0,False,False
T5_d2135_b4_t32,T5,main,2135,4,T5/day_2135/block_4,32,11373,11619,11372,11619,247,54.72602844238281,True,4.94,0.44613778445067703,5.0,False,False
T5_d2149_b1_t0,T5,main,2149,1,T5/day_2149/block_1,0,88,302,87,302,215,56.468631744384766,True,4.3,0.3653877538797396,3.0,False,False
T5_d2149_b1_t1,T5,main,2149,1,T5/day_2149/block_1,1,303,367,302,367,65,58.64555740356445,True,1.3,0.5746268877406198,1.0,False,False
T5_d2149_b1_t2,T5,main,2149,1,T5/day_2149/block_1,2,368,868,367,868,501,110.30371856689453,False,10.02,0.28991918429390623,9.0,False,False
T5_d2149_b1_t3,T5,main,2149,1,T5/day_2149/block_1,3,869,1368,868,1368,500,128.10635375976562,False,10.0,0.46594896002583414,6.0,False,False
T5_d2149_b1_t4,T5,main,2149,1,T5/day_2149/block_1,4,1369,1613,1368,1613,245,42.69378662109375,True,4.9,0.703363567634081,3.0,False,False
T5_d2149_b1_t5,T5,main,2149,1,T5/day_2149/block_1,5,1614,1907,1613,1907,294,95.31214904785156,True,5.88,0.020395071011184807,8.0,False,False
T5_d2149_b1_t6,T5,main,2149,1,T5/day_2149/block_1,6,1908,2408,1907,2408,501,124.76408386230469,False,10.02,0.09470306622492666,5.0,False,False
T5_d2149_b1_t7,T5,main,2149,1,T5/day_2149/block_1,7,2409,2808,2408,2808,400,139.2197265625,True,8.0,0.29357264018321944,5.0,False,False
T5_d2149_b1_t8,T5,main,2149,1,T5/day_2149/block_1,8,2809,3022,2808,3022,214,77.38861083984375,True,4.28,0.15925659248069562,4.0,False,False
T5_d2149_b1_t9,T5,main,2149,1,T5/day_2149/block_1,9,3023,3081,3022,3081,59,61.84748458862305,True,1.18,0.4868147126007895,1.0,False,False
T5_d2149_b1_t10,T5,main,2149,1,T5/day_2149/block_1,10,3082,3182,3081,3182,101,27.515316009521484,True,2.02,0.592488786892543,3.0,False,False
T5_d2149_b1_t11,T5,main,2149,1,T5/day_2149/block_1,11,3183,3315,3182,3315,133,18.484909057617188,True,2.66,0.8798799064780852,0.0,False,False
T5_d2149_b1_t12,T5,main,2149,1,T5/day_2149/block_1,12,3316,3488,3315,3488,173,41.174842834472656,True,3.46,0.6640016732401418,3.0,False,False
T5_d2149_b1_t13,T5,main,2149,1,T5/day_2149/block_1,13,3489,3536,3488,3536,48,75.258544921875,True,0.96,0.47262756508021336,1.0,False,False
T5_d2149_b1_t14,T5,main,2149,1,T5/day_2149/block_1,14,3537,3718,3536,3718,182,37.69285583496094,True,3.64,0.5642260801907023,5.0,False,False
T5_d2149_b1_t15,T5,main,2149,1,T5/day_2149/block_1,15,3719,3851,3718,3851,133,27.0563907623291,True,2.66,0.7234176240748202,2.0,False,False
T5_d2149_b1_t16,T5,main,2149,1,T5/day_2149/block_1,16,3852,3977,3851,3977,126,17.354141235351562,True,2.52,0.8449968616717406,0.0,False,False
T5_d2149_b1_t17,T5,main,2149,1,T5/day_2149/block_1,17,3978,4176,3977,4176,199,24.569915771484375,True,3.98,0.7686362930776851,4.0,False,False
T5_d2149_b1_t18,T5,main,2149,1,T5/day_2149/block_1,18,4177,4377,4176,4377,201,51.048343658447266,True,4.02,0.3754510497433611,1.0,False,False
T5_d2149_b1_t19,T5,main,2149,1,T5/day_2149/block_1,19,4378,4467,4377,4467,90,36.08448791503906,True,1.8,0.6752244851610211,0.0,False,False
T5_d2149_b1_t20,T5,main,2149,1,T5/day_2149/block_1,20,4468,4722,4467,4722,255,59.09159469604492,True,5.1,0.351932290797957,7.0,False,False
T5_d2149_b1_t21,T5,main,2149,1,T5/day_2149/block_1,21,4723,4884,4722,4884,162,76.74708557128906,True,3.24,0.2441362317956887,5.0,False,False
T5_d2149_b1_t22,T5,main,2149,1,T5/day_2149/block_1,22,4885,5001,4884,5001,117,20.874692916870117,True,2.34,0.8491315753386024,0.0,False,False
T5_d2149_b1_t23,T5,main,2149,1,T5/day_2149/block_1,23,5002,5501,5001,5501,500,150.10183715820312,False,10.0,0.631251309434495,10.0,False,False
T5_d2149_b1_t24,T5,main,2149,1,T5/day_2149/block_1,24,5502,5571,5501,5571,70,106.26720428466797,True,1.4,0.21782467380909268,2.0,False,False
T5_d2149_b1_t25,T5,main,2149,1,T5/day_2149/block_1,25,5572,5746,5571,5746,175,57.445980072021484,True,3.5,0.3570988310155264,3.0,False,False
T5_d2149_b1_t26,T5,main,2149,1,T5/day_2149/block_1,26,5747,5957,5746,5957,211,40.02170944213867,True,4.22,0.6262800983389313,4.0,False,False
T5_d2149_b1_t27,T5,main,2149,1,T5/day_2149/block_1,27,5958,6214,5957,6214,257,30.550016403198242,True,5.14,0.6430838640518922,4.0,False,False
T5_d2149_b1_t28,T5,main,2149,1,T5/day_2149/block_1,28,6215,6416,6214,6416,202,39.96138381958008,True,4.04,0.5995233754790219,4.0,False,False
T5_d2149_b1_t29,T5,main,2149,1,T5/day_2149/block_1,29,6417,6687,6416,6687,271,41.04494094848633,True,5.42,0.5715208070395493,2.0,False,False
T5_d2149_b1_t30,T5,main,2149,1,T5/day_2149/block_1,30,6688,6793,6687,6793,106,24.614032745361328,True,2.12,0.8629467955009572,0.0,False,False
T5_d2149_b1_t31,T5,main,2149,1,T5/day_2149/block_1,31,6794,7050,6793,7050,257,65.63006591796875,True,5.14,0.22366920418385494,4.0,False,False
T5_d2149_b1_t32,T5,main,2149,1,T5/day_2149/block_1,32,7051,7550,7050,7550,500,121.0753173828125,False,10.0,0.7410715583705689,10.0,False,False
T5_d2149_b1_t33,T5,main,2149,1,T5/day_2149/block_1,33,7551,7790,7550,7790,240,67.19009399414062,True,4.8,0.5667100478208583,4.0,False,False
T5_d2149_b1_t34,T5,main,2149,1,T5/day_2149/block_1,34,7791,7944,7790,7944,154,73.45858764648438,True,3.08,0.25344891676102765,5.0,False,False
T5_d2149_b1_t35,T5,main,2149,1,T5/day_2149/block_1,35,7945,8116,7944,8116,172,23.04467010498047,True,3.44,0.706724309427961,4.0,False,False
T5_d2149_b1_t36,T5,main,2149,1,T5/day_2149/block_1,36,8117,8564,8116,8564,448,42.89256286621094,True,8.96,0.39149486532665223,10.0,False,False
T5_d2149_b1_t37,T5,main,2149,1,T5/day_2149/block_1,37,8565,8673,8564,8673,109,63.44778823852539,True,2.18,0.299073838674336,1.0,False,False
T5_d2149_b1_t38,T5,main,2149,1,T5/day_2149/block_1,38,8674,8742,8673,8742,69,47.15118408203125,True,1.38,0.6947923640305195,2.0,False,False
T5_d2149_b1_t39,T5,main,2149,1,T5/day_2149/block_1,39,8743,8905,8742,8905,163,16.853187561035156,True,3.26,0.8572904422380122,1.0,False,False
T5_d2149_b1_t40,T5,main,2149,1,T5/day_2149/block_1,40,8906,9255,8905,9255,350,87.2813949584961,True,7.0,0.0568458782167237,12.0,False,False
T5_d2149_b1_t41,T5,main,2149,1,T5/day_2149/block_1,41,9256,9447,9255,9447,192,87.8558349609375,True,3.84,0.6517300072128844,0.0,False,False
T5_d2149_b1_t42,T5,main,2149,1,T5/day_2149/block_1,42,9448,9539,9447,9539,92,73.73567199707031,True,1.84,0.4063746860909108,2.0,False,False
T5_d2149_b1_t43,T5,main,2149,1,T5/day_2149/block_1,43,9540,9867,9539,9867,328,50.25018310546875,True,6.56,0.31699305274001127,8.0,False,False
T5_d2149_b1_t44,T5,main,2149,1,T5/day_2149/block_1,44,9868,10001,9867,10001,134,18.876388549804688,True,2.68,0.8299698362907189,1.0,False,False
T5_d2149_b1_t45,T5,main,2149,1,T5/day_2149/block_1,45,10002,10145,10001,10145,144,24.377197265625,True,2.88,0.6453778890651113,2.0,False,False
T5_d2149_b1_t46,T5,main,2149,1,T5/day_2149/block_1,46,10146,10186,10145,10186,41,24.19060516357422,True,0.82,0.5930889145279923,0.0,False,False
T5_d2149_b1_t47,T5,main,2149,1,T5/day_2149/block_1,47,10187,10313,10186,10313,127,9.046028137207031,True,2.54,0.9119119002629725,0.0,False,False
T5_d2149_b1_t48,T5,main,2149,1,T5/day_2149/block_1,48,10314,10538,10313,10538,225,39.7034912109375,True,4.5,0.7167542559600669,5.0,False,False
T5_d2149_b1_t49,T5,main,2149,1,T5/day_2149/block_1,49,10539,10698,10538,10698,160,20.533403396606445,True,3.2,0.8280297364062577,1.0,False,False
T5_d2149_b1_t50,T5,main,2149,1,T5/day_2149/block_1,50,10699,11027,10698,11027,329,29.77125358581543,True,6.58,0.5173365729941992,6.0,False,False
T5_d2149_b1_t51,T5,main,2149,1,T5/day_2149/block_1,51,11028,11096,11027,11096,69,31.973779678344727,True,1.38,0.6969404979391578,0.0,False,False
T5_d2149_b1_t52,T5,main,2149,1,T5/day_2149/block_1,52,11097,11203,11096,11203,107,31.979095458984375,True,2.14,0.5313378529773983,1.0,False,False
T5_d2149_b1_t53,T5,main,2149,1,T5/day_2149/block_1,53,11204,11271,11203,11271,68,31.36491584777832,True,1.36,0.752113831255286,1.0,False,False
T5_d2149_b1_t54,T5,main,2149,1,T5/day_2149/block_1,54,11272,11372,11271,11372,101,46.75173568725586,True,2.02,0.6414475575319228,2.0,False,False
T5_d2149_b1_t55,T5,main,2149,1,T5/day_2149/block_1,55,11373,11539,11372,11539,167,80.26283264160156,True,3.34,0.07596591029795838,5.0,False,False
T5_d2149_b1_t56,T5,main,2149,1,T5/day_2149/block_1,56,11540,11697,11539,11697,158,38.393280029296875,True,3.16,0.6750879742065534,4.0,False,False
T5_d2149_b1_t57,T5,main,2149,1,T5/day_2149/block_1,57,11698,11868,11697,11868,171,37.055274963378906,True,3.42,0.4827006112725705,2.0,False,False
T5_d2149_b2_t0,T5,main,2149,2,T5/day_2149/block_2,0,370,569,369,569,200,38.815643310546875,True,4.0,0.5432879218046434,3.0,False,False
T5_d2149_b2_t1,T5,main,2149,2,T5/day_2149/block_2,1,570,709,569,709,140,54.33921813964844,True,2.8,0.38839133572111745,2.0,False,False
T5_d2149_b2_t2,T5,main,2149,2,T5/day_2149/block_2,2,710,868,709,868,159,33.076114654541016,True,3.18,0.6968054710503471,2.0,False,False
T5_d2149_b2_t3,T5,main,2149,2,T5/day_2149/block_2,3,869,1144,868,1144,276,36.010215759277344,True,5.52,0.595178351939301,3.0,False,False
T5_d2149_b2_t4,T5,main,2149,2,T5/day_2149/block_2,4,1145,1384,1144,1384,240,34.43958282470703,True,4.8,0.5734850051573566,2.0,False,False
T5_d2149_b2_t5,T5,main,2149,2,T5/day_2149/block_2,5,1385,1558,1384,1558,174,32.35504150390625,True,3.48,0.6996995980564579,2.0,False,False
T5_d2149_b2_t6,T5,main,2149,2,T5/day_2149/block_2,6,1559,2019,1558,2019,461,65.14865112304688,True,9.22,0.39067315201712577,10.0,False,False
T5_d2149_b2_t7,T5,main,2149,2,T5/day_2149/block_2,7,2020,2165,2019,2165,146,21.07424545288086,True,2.92,0.8412939790846203,0.0,False,False
T5_d2149_b2_t8,T5,main,2149,2,T5/day_2149/block_2,8,2166,2384,2165,2384,219,39.68705749511719,True,4.38,0.7986615349903897,1.0,False,False
T5_d2149_b2_t9,T5,main,2149,2,T5/day_2149/block_2,9,2385,2770,2384,2770,386,76.2781753540039,True,7.72,0.3623423059579064,6.0,False,False
T5_d2149_b2_t10,T5,main,2149,2,T5/day_2149/block_2,10,2771,3271,2770,3271,501,141.8842315673828,False,10.02,0.8883422421407735,3.0,False,False
T5_d2149_b2_t11,T5,main,2149,2,T5/day_2149/block_2,11,3272,3460,3271,3460,189,62.11604690551758,True,3.78,0.3327084058393057,6.0,False,False
T5_d2149_b2_t12,T5,main,2149,2,T5/day_2149/block_2,12,3461,3684,3460,3684,224,40.374473571777344,True,4.48,0.5763562055282867,2.0,False,False
T5_d2149_b2_t13,T5,main,2149,2,T5/day_2149/block_2,13,3685,3810,3684,3810,126,51.96080780029297,True,2.52,0.5803806460880989,3.0,False,False
T5_d2149_b2_t14,T5,main,2149,2,T5/day_2149/block_2,14,3811,3979,3810,3979,169,14.319501876831055,True,3.38,0.8498475951496495,0.0,False,False
T5_d2149_b2_t15,T5,main,2149,2,T5/day_2149/block_2,15,3980,4183,3979,4183,204,24.78036880493164,True,4.08,0.8550914800594147,1.0,False,False
T5_d2149_b2_t16,T5,main,2149,2,T5/day_2149/block_2,16,4184,4283,4183,4283,100,48.355751037597656,True,2.0,0.3906913378728344,2.0,False,False
T5_d2149_b2_t17,T5,main,2149,2,T5/day_2149/block_2,17,4284,4384,4283,4384,101,17.879453659057617,True,2.02,0.8702507962318919,0.0,False,False
T5_d2149_b2_t18,T5,main,2149,2,T5/day_2149/block_2,18,4385,4631,4384,4631,247,84.67155456542969,True,4.94,0.25497852443585795,8.0,False,False
T5_d2149_b2_t19,T5,main,2149,2,T5/day_2149/block_2,19,4632,4713,4631,4713,82,19.426284790039062,True,1.64,0.8319562279430495,1.0,False,False
T5_d2149_b2_t20,T5,main,2149,2,T5/day_2149/block_2,20,4714,4839,4713,4839,126,31.45655059814453,True,2.52,0.6718706208042516,1.0,False,False
T5_d2149_b2_t21,T5,main,2149,2,T5/day_2149/block_2,21,4840,4996,4839,4996,157,27.095481872558594,True,3.14,0.6496085171257148,1.0,False,False
T5_d2149_b2_t22,T5,main,2149,2,T5/day_2149/block_2,22,4997,5219,4996,5219,223,40.979164123535156,True,4.46,0.32327503970163723,3.0,False,False
T5_d2149_b2_t23,T5,main,2149,2,T5/day_2149/block_2,23,5220,5300,5219,5300,81,40.14246368408203,True,1.62,0.7243205869197523,1.0,False,False
T5_d2149_b2_t24,T5,main,2149,2,T5/day_2149/block_2,24,5301,5340,5300,5340,40,26.73733901977539,True,0.8,0.4538602478976997,0.0,False,False
T5_d2149_b2_t25,T5,main,2149,2,T5/day_2149/block_2,25,5341,5486,5340,5486,146,11.89267349243164,True,2.92,0.8883359601488925,0.0,False,False
T5_d2149_b2_t26,T5,main,2149,2,T5/day_2149/block_2,26,5487,5877,5486,5877,391,38.84688186645508,True,7.82,0.5919012458026719,7.0,False,False
T5_d2149_b2_t27,T5,main,2149,2,T5/day_2149/block_2,27,5878,6065,5877,6065,188,18.170351028442383,True,3.76,0.8356409232694519,3.0,False,False
T5_d2149_b2_t28,T5,main,2149,2,T5/day_2149/block_2,28,6066,6535,6065,6535,470,58.56012725830078,True,9.4,0.28416550723948425,7.0,False,False
T5_d2149_b2_t29,T5,main,2149,2,T5/day_2149/block_2,29,6536,6844,6535,6844,309,26.819503784179688,True,6.18,0.6240988749661814,3.0,False,False
T5_d2149_b2_t30,T5,main,2149,2,T5/day_2149/block_2,30,6845,6982,6844,6982,138,41.32525634765625,True,2.76,0.47606859952667835,4.0,False,False
T5_d2149_b2_t31,T5,main,2149,2,T5/day_2149/block_2,31,6983,7332,6982,7332,350,29.5316162109375,True,7.0,0.453231930030025,7.0,False,False
T5_d2149_b2_t32,T5,main,2149,2,T5/day_2149/block_2,32,7333,7490,7332,7490,158,20.079111099243164,True,3.16,0.8629496715402288,0.0,False,False
T5_d2149_b2_t33,T5,main,2149,2,T5/day_2149/block_2,33,7491,7709,7490,7709,219,33.789852142333984,True,4.38,0.6988503428480565,1.0,False,False
T5_d2149_b2_t34,T5,main,2149,2,T5/day_2149/block_2,34,7710,7855,7709,7855,146,54.02655029296875,True,2.92,0.2378833921977296,2.0,False,False
T5_d2149_b2_t35,T5,main,2149,2,T5/day_2149/block_2,35,7856,8298,7855,8298,443,34.039825439453125,True,8.86,0.5741804129745105,7.0,False,False
T5_d2149_b2_t36,T5,main,2149,2,T5/day_2149/block_2,36,8299,8484,8298,8484,186,41.35704803466797,True,3.72,0.27261416190975507,4.0,False,False
T5_d2149_b2_t37,T5,main,2149,2,T5/day_2149/block_2,37,8485,8645,8484,8645,161,16.79865074157715,True,3.22,0.7718670205922753,1.0,False,False
T5_d2149_b2_t38,T5,main,2149,2,T5/day_2149/block_2,38,8646,9015,8645,9015,370,82.10701751708984,True,7.4,0.09802780494992736,10.0,False,False
T5_d2149_b2_t39,T5,main,2149,2,T5/day_2149/block_2,39,9016,9254,9015,9254,239,69.4947738647461,True,4.78,0.10833674756764915,3.0,False,False
T5_d2149_b2_t40,T5,main,2149,2,T5/day_2149/block_2,40,9255,9734,9254,9734,480,54.725128173828125,True,9.6,0.31843385427656684,9.0,False,False
T5_d2149_b2_t41,T5,main,2149,2,T5/day_2149/block_2,41,9735,10117,9734,10117,383,29.13091468811035,True,7.66,0.6199926901905574,3.0,False,False
T5_d2149_b2_t42,T5,main,2149,2,T5/day_2149/block_2,42,10118,10618,10117,10618,501,72.94696807861328,False,10.02,0.28528257813633456,12.0,False,False
T5_d2149_b2_t43,T5,main,2149,2,T5/day_2149/block_2,43,10619,10889,10618,10889,271,64.3901138305664,True,5.42,0.33151254685609544,5.0,False,False
T5_d2149_b2_t44,T5,main,2149,2,T5/day_2149/block_2,44,10890,10960,10889,10960,71,33.00864791870117,True,1.42,0.7152463560957659,0.0,False,False
T5_d2149_b2_t45,T5,main,2149,2,T5/day_2149/block_2,45,10961,11234,10960,11234,274,31.28885269165039,True,5.48,0.4745272706425483,5.0,False,False
T5_d2149_b2_t46,T5,main,2149,2,T5/day_2149/block_2,46,11235,11470,11234,11470,236,31.968469619750977,True,4.72,0.5560343311119053,1.0,False,False
T5_d2149_b2_t47,T5,main,2149,2,T5/day_2149/block_2,47,11471,11688,11470,11688,218,54.70130157470703,True,4.36,0.3815382970614954,3.0,False,False
T5_d2149_b3_t0,T5,main,2149,3,T5/day_2149/block_3,0,495,791,494,791,297,84.80720520019531,True,5.94,0.2840522891319551,7.0,False,False
T5_d2149_b3_t1,T5,main,2149,3,T5/day_2149/block_3,1,792,962,791,962,171,24.567005157470703,True,3.42,0.8225256261869007,3.0,False,False
T5_d2149_b3_t2,T5,main,2149,3,T5/day_2149/block_3,2,963,1284,962,1284,322,40.35124588012695,True,6.44,0.5153592216529267,5.0,False,False
T5_d2149_b3_t3,T5,main,2149,3,T5/day_2149/block_3,3,1285,1381,1284,1381,97,56.6422119140625,True,1.94,0.36446402669903705,3.0,False,False
T5_d2149_b3_t4,T5,main,2149,3,T5/day_2149/block_3,4,1382,1459,1381,1459,78,42.280357360839844,True,1.56,0.6344007299330796,0.0,False,False
T5_d2149_b3_t5,T5,main,2149,3,T5/day_2149/block_3,5,1460,1800,1459,1800,341,40.3670654296875,True,6.82,0.5441588742083132,8.0,False,False
T5_d2149_b3_t6,T5,main,2149,3,T5/day_2149/block_3,6,1801,2173,1800,2173,373,27.876140594482422,True,7.46,0.7858353584898643,4.0,False,False
T5_d2149_b3_t7,T5,main,2149,3,T5/day_2149/block_3,7,2174,2422,2173,2422,249,65.52339935302734,True,4.98,0.39900833917985123,5.0,False,False
T5_d2149_b3_t8,T5,main,2149,3,T5/day_2149/block_3,8,2423,2724,2422,2724,302,49.9398193359375,True,6.04,0.37889928264499895,7.0,False,False
T5_d2149_b3_t9,T5,main,2149,3,T5/day_2149/block_3,9,2725,3025,2724,3025,301,29.761898040771484,True,6.02,0.7303929910793073,3.0,False,False
T5_d2149_b3_t10,T5,main,2149,3,T5/day_2149/block_3,10,3026,3105,3025,3105,80,16.980388641357422,True,1.6,0.8307165645030079,0.0,False,False
T5_d2149_b3_t11,T5,main,2149,3,T5/day_2149/block_3,11,3106,3271,3105,3271,166,40.72289276123047,True,3.32,0.5676287275676295,3.0,False,False
T5_d2149_b3_t12,T5,main,2149,3,T5/day_2149/block_3,12,3272,3352,3271,3352,81,18.87872886657715,True,1.62,0.7873190484829345,0.0,False,False
T5_d2149_b3_t13,T5,main,2149,3,T5/day_2149/block_3,13,3353,3562,3352,3562,210,35.06258010864258,True,4.2,0.5362281669595751,3.0,False,False
T5_d2149_b3_t14,T5,main,2149,3,T5/day_2149/block_3,14,3563,3666,3562,3666,104,34.48400115966797,True,2.08,0.6726626015900511,1.0,False,False
T5_d2149_b3_t15,T5,main,2149,3,T5/day_2149/block_3,15,3667,3764,3666,3764,98,16.375293731689453,True,1.96,0.8730924733588178,0.0,False,False
T5_d2149_b3_t16,T5,main,2149,3,T5/day_2149/block_3,16,3765,3871,3764,3871,107,21.975921630859375,True,2.14,0.8672302065674795,0.0,False,False
T5_d2149_b3_t17,T5,main,2149,3,T5/day_2149/block_3,17,3872,4044,3871,4044,173,34.18214416503906,True,3.46,0.8107578009381117,1.0,False,False
T5_d2149_b3_t18,T5,main,2149,3,T5/day_2149/block_3,18,4045,4314,4044,4314,270,42.41179656982422,True,5.4,0.3545200542087276,6.0,False,False
T5_d2149_b3_t19,T5,main,2149,3,T5/day_2149/block_3,19,4315,4521,4314,4521,207,37.37574005126953,True,4.14,0.6100878618121407,3.0,False,False
T5_d2149_b3_t20,T5,main,2149,3,T5/day_2149/block_3,20,4522,4656,4521,4656,135,26.11368751525879,True,2.7,0.7056753734089453,1.0,False,False
T5_d2149_b3_t21,T5,main,2149,3,T5/day_2149/block_3,21,4657,4818,4656,4818,162,17.859336853027344,True,3.24,0.6275157294311965,2.0,False,False
T5_d2149_b3_t22,T5,main,2149,3,T5/day_2149/block_3,22,4819,5001,4818,5001,183,38.1962890625,True,3.66,0.680751209250392,1.0,False,False
T5_d2149_b3_t23,T5,main,2149,3,T5/day_2149/block_3,23,5002,5322,5001,5322,321,47.29163360595703,True,6.42,0.5548465687346008,5.0,False,False
T5_d2149_b3_t24,T5,main,2149,3,T5/day_2149/block_3,24,5323,5656,5322,5656,334,30.938209533691406,True,6.68,0.4546959469640879,5.0,False,False
T5_d2149_b3_t25,T5,main,2149,3,T5/day_2149/block_3,25,5657,5839,5656,5839,183,73.94341278076172,True,3.66,0.16646285034967906,4.0,False,False
T5_d2149_b3_t26,T5,main,2149,3,T5/day_2149/block_3,26,5840,5967,5839,5967,128,62.62932586669922,True,2.56,0.3147315592763768,3.0,False,False
T5_d2149_b3_t27,T5,main,2149,3,T5/day_2149/block_3,27,5968,6176,5967,6176,209,55.774635314941406,True,4.18,0.15585421581518002,4.0,False,False
T5_d2149_b3_t28,T5,main,2149,3,T5/day_2149/block_3,28,6177,6677,6176,6677,501,116.03507232666016,False,10.02,0.6861790994187121,8.0,False,False
T5_d2149_b3_t29,T5,main,2149,3,T5/day_2149/block_3,29,6678,7065,6677,7065,388,37.27363586425781,True,7.76,0.5213432673570935,8.0,False,False
T5_d2149_b3_t30,T5,main,2149,3,T5/day_2149/block_3,30,7066,7322,7065,7322,257,18.677654266357422,True,5.14,0.7311947614380815,2.0,False,False
T5_d2149_b3_t31,T5,main,2149,3,T5/day_2149/block_3,31,7323,7694,7322,7694,372,39.158199310302734,True,7.44,0.5329886404279931,7.0,False,False
T5_d2149_b3_t32,T5,main,2149,3,T5/day_2149/block_3,32,7695,7879,7694,7879,185,36.93305969238281,True,3.7,0.6162030413405655,4.0,False,False
T5_d2149_b3_t33,T5,main,2149,3,T5/day_2149/block_3,33,7880,8223,7879,8223,344,55.263832092285156,True,6.88,0.4336717800398483,7.0,False,False
T5_d2149_b3_t34,T5,main,2149,3,T5/day_2149/block_3,34,8224,8447,8223,8447,224,46.49915313720703,True,4.48,0.5412799537856173,7.0,False,False
T5_d2149_b3_t35,T5,main,2149,3,T5/day_2149/block_3,35,8448,8556,8447,8556,109,21.692825317382812,True,2.18,0.76662418917866,1.0,False,False
T5_d2149_b3_t36,T5,main,2149,3,T5/day_2149/block_3,36,8557,8685,8556,8685,129,17.29787826538086,True,2.58,0.8822137050848802,0.0,False,False
T5_d2149_b3_t37,T5,main,2149,3,T5/day_2149/block_3,37,8686,9186,8685,9186,501,162.60145568847656,False,10.02,,2.0,False,False
T5_d2149_b3_t38,T5,main,2149,3,T5/day_2149/block_3,38,9187,9686,9186,9686,500,127.36895751953125,False,10.0,0.4695853463095965,2.0,False,False
T5_d2149_b3_t39,T5,main,2149,3,T5/day_2149/block_3,39,9687,10187,9686,10187,501,154.54446411132812,False,10.02,0.7832306480687817,2.0,False,False
T5_d2149_b3_t40,T5,main,2149,3,T5/day_2149/block_3,40,10188,10404,10187,10404,217,35.20856857299805,True,4.34,0.603905214734881,2.0,False,False
T5_d2149_b3_t41,T5,main,2149,3,T5/day_2149/block_3,41,10405,10562,10404,10562,158,36.716575622558594,True,3.16,0.7559736373878421,1.0,False,False
T5_d2149_b3_t42,T5,main,2149,3,T5/day_2149/block_3,42,10563,10863,10562,10863,301,45.11408615112305,True,6.02,0.4152649515044088,4.0,False,False
T5_d2149_b3_t43,T5,main,2149,3,T5/day_2149/block_3,43,10864,10964,10863,10964,101,31.099151611328125,True,2.02,0.6519966779348751,1.0,False,False
T5_d2149_b3_t44,T5,main,2149,3,T5/day_2149/block_3,44,10965,11042,10964,11042,78,41.34124755859375,True,1.56,0.6880962970265629,1.0,False,False
T5_d2149_b3_t45,T5,main,2149,3,T5/day_2149/block_3,45,11043,11140,11042,11140,98,26.889541625976562,True,1.96,0.6971849889630707,2.0,False,False
T5_d2149_b3_t46,T5,main,2149,3,T5/day_2149/block_3,46,11141,11245,11140,11245,105,81.05293273925781,True,2.1,0.018427246985433934,2.0,False,False
T5_d2149_b3_t47,T5,main,2149,3,T5/day_2149/block_3,47,11246,11746,11245,11746,501,144.71363830566406,False,10.02,0.4096028757241939,3.0,False,False
T5_d2149_b4_t0,T5,main,2149,4,T5/day_2149/block_4,0,179,320,178,320,142,33.30630874633789,True,2.84,0.7499180982277779,2.0,False,False
T5_d2149_b4_t1,T5,main,2149,4,T5/day_2149/block_4,1,321,820,320,820,500,131.28854370117188,False,10.0,0.5233626001265841,4.0,False,False
T5_d2149_b4_t2,T5,main,2149,4,T5/day_2149/block_4,2,821,1150,820,1150,330,29.3614501953125,True,6.6,0.6645624846372943,4.0,False,False
T5_d2149_b4_t3,T5,main,2149,4,T5/day_2149/block_4,3,1151,1480,1150,1480,330,26.420177459716797,True,6.6,0.7183190706972994,4.0,False,False
T5_d2149_b4_t4,T5,main,2149,4,T5/day_2149/block_4,4,1481,1644,1480,1644,164,24.255657196044922,True,3.28,0.6972861742618505,3.0,False,False
T5_d2149_b4_t5,T5,main,2149,4,T5/day_2149/block_4,5,1645,1769,1644,1769,125,34.89801025390625,True,2.5,0.6859625491252533,1.0,False,False
T5_d2149_b4_t6,T5,main,2149,4,T5/day_2149/block_4,6,1770,1848,1769,1848,79,35.95808792114258,True,1.58,0.7229735019472744,0.0,False,False
T5_d2149_b4_t7,T5,main,2149,4,T5/day_2149/block_4,7,1849,2034,1848,2034,186,36.67558288574219,True,3.72,0.45462099825755936,2.0,False,False
T5_d2149_b4_t8,T5,main,2149,4,T5/day_2149/block_4,8,2035,2219,2034,2219,185,54.68256759643555,True,3.7,0.4200245207757606,2.0,False,False
T5_d2149_b4_t9,T5,main,2149,4,T5/day_2149/block_4,9,2220,2719,2219,2719,500,108.84408569335938,False,10.0,0.44186614474103136,15.0,False,False
T5_d2149_b4_t10,T5,main,2149,4,T5/day_2149/block_4,10,2720,2851,2719,2851,132,26.910755157470703,True,2.64,0.8627365215394236,1.0,False,False
T5_d2149_b4_t11,T5,main,2149,4,T5/day_2149/block_4,11,2852,2967,2851,2967,116,32.83395004272461,True,2.32,0.570667862846217,2.0,False,False
T5_d2149_b4_t12,T5,main,2149,4,T5/day_2149/block_4,12,2968,3154,2967,3154,187,26.73383331298828,True,3.74,0.7519558142583574,1.0,False,False
T5_d2149_b4_t13,T5,main,2149,4,T5/day_2149/block_4,13,3155,3654,3154,3654,500,52.988555908203125,False,10.0,0.45989179858893314,3.0,False,False
T5_d2149_b4_t14,T5,main,2149,4,T5/day_2149/block_4,14,3655,3749,3654,3749,95,57.570526123046875,True,1.9,0.4980366049186704,3.0,False,False
T5_d2149_b4_t15,T5,main,2149,4,T5/day_2149/block_4,15,3750,3941,3749,3941,192,31.358055114746094,True,3.84,0.7567222466785801,1.0,False,False
T5_d2149_b4_t16,T5,main,2149,4,T5/day_2149/block_4,16,3942,4130,3941,4130,189,32.911773681640625,True,3.78,0.6385423873321425,3.0,False,False
T5_d2149_b4_t17,T5,main,2149,4,T5/day_2149/block_4,17,4131,4372,4130,4372,242,14.454872131347656,True,4.84,0.8945414529392344,2.0,False,False
T5_d2149_b4_t18,T5,main,2149,4,T5/day_2149/block_4,18,4373,4559,4372,4559,187,12.179893493652344,True,3.74,0.8521355116630664,2.0,False,False
T5_d2149_b4_t19,T5,main,2149,4,T5/day_2149/block_4,19,4560,4663,4559,4663,104,20.761137008666992,True,2.08,0.8567131322192985,2.0,False,False
T5_d2149_b4_t20,T5,main,2149,4,T5/day_2149/block_4,20,4664,4820,4663,4820,157,61.78421401977539,True,3.14,0.5694491065189891,2.0,False,False
T5_d2149_b4_t21,T5,main,2149,4,T5/day_2149/block_4,21,4821,5007,4820,5007,187,44.97860336303711,True,3.74,0.6374840750369734,1.0,False,False
T5_d2149_b4_t22,T5,main,2149,4,T5/day_2149/block_4,22,5008,5243,5007,5243,236,30.938426971435547,True,4.72,0.7630847161776383,2.0,False,False
T5_d2149_b4_t23,T5,main,2149,4,T5/day_2149/block_4,23,5244,5685,5243,5685,442,62.26678466796875,True,8.84,0.3331788540700961,8.0,False,False
T5_d2149_b4_t24,T5,main,2149,4,T5/day_2149/block_4,24,5686,5867,5685,5867,182,20.85776138305664,True,3.64,0.8049577908502976,2.0,False,False
T5_d2149_b4_t25,T5,main,2149,4,T5/day_2149/block_4,25,5868,5993,5867,5993,126,32.8031005859375,True,2.52,0.7632519413130979,1.0,False,False
T5_d2149_b4_t26,T5,main,2149,4,T5/day_2149/block_4,26,5994,6153,5993,6153,160,26.595436096191406,True,3.2,0.7777597450878012,0.0,False,False
T5_d2149_b4_t27,T5,main,2149,4,T5/day_2149/block_4,27,6154,6316,6153,6316,163,23.539714813232422,True,3.26,0.8140129974210126,1.0,False,False
T5_d2149_b4_t28,T5,main,2149,4,T5/day_2149/block_4,28,6317,6552,6316,6552,236,48.858333587646484,True,4.72,0.47792702667410103,4.0,False,False
T5_d2149_b4_t29,T5,main,2149,4,T5/day_2149/block_4,29,6553,6885,6552,6885,333,77.07913970947266,True,6.66,0.3014921141487855,4.0,False,False
T5_d2149_b4_t30,T5,main,2149,4,T5/day_2149/block_4,30,6886,7073,6885,7073,188,23.002323150634766,True,3.76,0.7019972523672031,3.0,False,False
T5_d2149_b4_t31,T5,main,2149,4,T5/day_2149/block_4,31,7074,7180,7073,7180,107,44.99332046508789,True,2.14,0.5841467689725245,2.0,False,False
T5_d2149_b4_t32,T5,main,2149,4,T5/day_2149/block_4,32,7181,7265,7180,7265,85,29.936338424682617,True,1.7,0.8460917093566483,1.0,False,False
T5_d2149_b4_t33,T5,main,2149,4,T5/day_2149/block_4,33,7266,7616,7265,7616,351,52.78973388671875,True,7.02,0.3409554428454238,6.0,False,False
T5_d2149_b4_t34,T5,main,2149,4,T5/day_2149/block_4,34,7617,7735,7616,7735,119,12.361296653747559,True,2.38,0.8600005162542957,1.0,False,False
T5_d2149_b4_t35,T5,main,2149,4,T5/day_2149/block_4,35,7736,7879,7735,7879,144,28.10967254638672,True,2.88,0.7507100881647364,2.0,False,False
T5_d2149_b4_t36,T5,main,2149,4,T5/day_2149/block_4,36,7880,8170,7879,8170,291,27.43942642211914,True,5.82,0.774915747735442,2.0,False,False
T5_d2149_b4_t37,T5,main,2149,4,T5/day_2149/block_4,37,8171,8414,8170,8414,244,50.61992645263672,True,4.88,0.6601174114352849,3.0,False,False
T5_d2149_b4_t38,T5,main,2149,4,T5/day_2149/block_4,38,8415,8856,8414,8856,442,50.29913330078125,True,8.84,0.48610085072038445,7.0,False,False
T5_d2149_b4_t39,T5,main,2149,4,T5/day_2149/block_4,39,8857,9139,8856,9139,283,47.26923370361328,True,5.66,0.5223732002412413,5.0,False,False
T5_d2149_b4_t40,T5,main,2149,4,T5/day_2149/block_4,40,9140,9311,9139,9311,172,81.0172348022461,True,3.44,0.2072785367066595,3.0,False,False
T5_d2149_b4_t41,T5,main,2149,4,T5/day_2149/block_4,41,9312,9448,9311,9448,137,52.66942596435547,True,2.74,0.5438514352647151,5.0,False,False
T5_d2149_b4_t42,T5,main,2149,4,T5/day_2149/block_4,42,9449,9696,9448,9696,248,35.90302276611328,True,4.96,0.7821262178134188,3.0,False,False
T5_d2149_b4_t43,T5,main,2149,4,T5/day_2149/block_4,43,9697,9937,9696,9937,241,28.270023345947266,True,4.82,0.6642597836878518,3.0,False,False
T5_d2149_b4_t44,T5,main,2149,4,T5/day_2149/block_4,44,9938,10089,9937,10089,152,16.966976165771484,True,3.04,0.883184888176659,1.0,False,False
T5_d2149_b4_t45,T5,main,2149,4,T5/day_2149/block_4,45,10090,10194,10089,10194,105,66.94093322753906,True,2.1,0.3212144299724127,3.0,False,False
T5_d2149_b4_t46,T5,main,2149,4,T5/day_2149/block_4,46,10195,10356,10194,10356,162,48.94157791137695,True,3.24,0.5712431275361382,2.0,False,False
T5_d2149_b4_t47,T5,main,2149,4,T5/day_2149/block_4,47,10357,10450,10356,10450,94,23.15860366821289,True,1.88,0.796075390152868,0.0,False,False
T5_d2149_b4_t48,T5,main,2149,4,T5/day_2149/block_4,48,10451,10821,10450,10821,371,53.09168243408203,True,7.42,0.23555608231346484,9.0,False,False
T5_d2149_b4_t49,T5,main,2149,4,T5/day_2149/block_4,49,10822,10946,10821,10946,125,42.49464416503906,True,2.5,0.6261071472906626,1.0,False,False
T5_d2149_b4_t50,T5,main,2149,4,T5/day_2149/block_4,50,10947,11116,10946,11116,170,14.254843711853027,True,3.4,0.9306607657344127,0.0,False,False
T5_d2149_b4_t51,T5,main,2149,4,T5/day_2149/block_4,51,11117,11379,11116,11379,263,36.69938659667969,True,5.26,0.6940328514439237,4.0,False,False
T5_d2149_b4_t52,T5,main,2149,4,T5/day_2149/block_4,52,11380,11772,11379,11772,393,45.272586822509766,True,7.86,0.6037525712557366,6.0,False,False
T5_d2149_b4_t53,T5,main,2149,4,T5/day_2149/block_4,53,11773,11974,11772,11974,202,24.76845932006836,True,4.04,0.7965952363538976,2.0,False,False
